{
  "type": "FeatureCollection",
  "name": "Tortuna source water, exact runtime partition",
  "crs": {
    "type": "name",
    "properties": {
      "name": "EPSG:3006"
    }
  },
  "verticalCrs": "EPSG:5613",
  "coordinateOrder": [
    "easting",
    "northing",
    "heightRH2000"
  ],
  "canonicalSource": "geo_data/course-v2/tortuna/acquisition/water-epsg3006.geojson",
  "canonicalSourceSha256": "71160f84bc842d6e92a7d76f5513f37f70c9bb7f1e902fa7ae1cf8200571501d",
  "features": [
    {
      "type": "Feature",
      "id": "lm-water-661_59-2-part-1",
      "properties": {
        "sourceId": "water-breaks-lm-1m",
        "sourceFid": 2,
        "classification": 1,
        "heightRH2000": 25.8,
        "heightRangeRH2000": [
          25.8,
          25.8
        ],
        "clipBoundaryIsShore": false,
        "parentWaterId": "lm-water-661_59-2",
        "sourceItemId": "661_59",
        "compatibilityPiece": 1,
        "compatibilityPieceCount": 1,
        "artificialCutEdgesAreShore": false,
        "artificialCutEdgesEpsg3006": [],
        "bathymetry": null,
        "reviewStatus": "source-topology-and-level-verified",
        "geometryUse": "unchanged-source-water-union-runtime-partition"
      },
      "geometry": {
        "type": "Polygon",
        "coordinates": [
          [
            [
              595635.01,
              6613640.64,
              25.8
            ],
            [
              595624.13,
              6613644.05,
              25.8
            ],
            [
              595610.38,
              6613645.11,
              25.8
            ],
            [
              595607.51,
              6613645.89,
              25.8
            ],
            [
              595604.37,
              6613650.35,
              25.8
            ],
            [
              595603.86,
              6613655.79,
              25.8
            ],
            [
              595611.43,
              6613669.0,
              25.8
            ],
            [
              595615.61,
              6613673.1,
              25.8
            ],
            [
              595639.6,
              6613670.02,
              25.8
            ],
            [
              595642.96,
              6613668.39,
              25.8
            ],
            [
              595645.46,
              6613660.08,
              25.8
            ],
            [
              595644.97,
              6613650.56,
              25.8
            ],
            [
              595643.86,
              6613646.53,
              25.8
            ],
            [
              595638.56,
              6613641.23,
              25.8
            ],
            [
              595635.01,
              6613640.64,
              25.8
            ]
          ]
        ]
      }
    },
    {
      "type": "Feature",
      "id": "lm-water-661_59-8-part-1",
      "properties": {
        "sourceId": "water-breaks-lm-1m",
        "sourceFid": 8,
        "classification": 1,
        "heightRH2000": 21.43,
        "heightRangeRH2000": [
          21.43,
          21.43
        ],
        "clipBoundaryIsShore": false,
        "parentWaterId": "lm-water-661_59-8",
        "sourceItemId": "661_59",
        "compatibilityPiece": 1,
        "compatibilityPieceCount": 1,
        "artificialCutEdgesAreShore": false,
        "artificialCutEdgesEpsg3006": [],
        "bathymetry": null,
        "reviewStatus": "source-topology-and-level-verified",
        "geometryUse": "unchanged-source-water-union-runtime-partition"
      },
      "geometry": {
        "type": "Polygon",
        "coordinates": [
          [
            [
              596264.41,
              6616348.1,
              21.43
            ],
            [
              596272.99,
              6616339.49,
              21.43
            ],
            [
              596273.03,
              6616337.24,
              21.43
            ],
            [
              596268.11,
              6616338.09,
              21.43
            ],
            [
              596254.78,
              6616344.6,
              21.43
            ],
            [
              596252.58,
              6616346.26,
              21.43
            ],
            [
              596252.5,
              6616348.47,
              21.43
            ],
            [
              596255.62,
              6616349.87,
              21.43
            ],
            [
              596262.18,
              6616349.12,
              21.43
            ],
            [
              596264.41,
              6616348.1,
              21.43
            ]
          ]
        ]
      }
    },
    {
      "type": "Feature",
      "id": "lm-water-661_59-9-part-1",
      "properties": {
        "sourceId": "water-breaks-lm-1m",
        "sourceFid": 9,
        "classification": 1,
        "heightRH2000": 21.54,
        "heightRangeRH2000": [
          21.54,
          21.54
        ],
        "clipBoundaryIsShore": false,
        "parentWaterId": "lm-water-661_59-9",
        "sourceItemId": "661_59",
        "compatibilityPiece": 1,
        "compatibilityPieceCount": 1,
        "artificialCutEdgesAreShore": false,
        "artificialCutEdgesEpsg3006": [],
        "bathymetry": null,
        "reviewStatus": "source-topology-and-level-verified",
        "geometryUse": "unchanged-source-water-union-runtime-partition"
      },
      "geometry": {
        "type": "Polygon",
        "coordinates": [
          [
            [
              596216.62,
              6616437.55,
              21.54
            ],
            [
              596216.18,
              6616443.61,
              21.54
            ],
            [
              596223.51,
              6616451.47,
              21.54
            ],
            [
              596227.85,
              6616453.1,
              21.54
            ],
            [
              596225.14,
              6616445.06,
              21.54
            ],
            [
              596221.51,
              6616439.13,
              21.54
            ],
            [
              596219.42,
              6616437.1,
              21.54
            ],
            [
              596216.62,
              6616437.55,
              21.54
            ]
          ]
        ]
      }
    },
    {
      "type": "Feature",
      "id": "lm-water-661_59-10-part-1",
      "properties": {
        "sourceId": "water-breaks-lm-1m",
        "sourceFid": 10,
        "classification": 1,
        "heightRH2000": 21.38,
        "heightRangeRH2000": [
          21.38,
          21.38
        ],
        "clipBoundaryIsShore": false,
        "parentWaterId": "lm-water-661_59-10",
        "sourceItemId": "661_59",
        "compatibilityPiece": 1,
        "compatibilityPieceCount": 1,
        "artificialCutEdgesAreShore": false,
        "artificialCutEdgesEpsg3006": [],
        "bathymetry": null,
        "reviewStatus": "source-topology-and-level-verified",
        "geometryUse": "unchanged-source-water-union-runtime-partition"
      },
      "geometry": {
        "type": "Polygon",
        "coordinates": [
          [
            [
              596173.64,
              6616575.93,
              21.38
            ],
            [
              596173.7,
              6616572.7,
              21.38
            ],
            [
              596170.99,
              6616571.93,
              21.38
            ],
            [
              596168.63,
              6616573.66,
              21.38
            ],
            [
              596161.11,
              6616586.53,
              21.38
            ],
            [
              596161.25,
              6616592.48,
              21.38
            ],
            [
              596164.02,
              6616593.23,
              21.38
            ],
            [
              596165.52,
              6616591.85,
              21.38
            ],
            [
              596173.64,
              6616575.93,
              21.38
            ]
          ]
        ]
      }
    },
    {
      "type": "Feature",
      "id": "lm-water-661_59-11-part-1",
      "properties": {
        "sourceId": "water-breaks-lm-1m",
        "sourceFid": 11,
        "classification": 1,
        "heightRH2000": 21.47,
        "heightRangeRH2000": [
          21.47,
          21.47
        ],
        "clipBoundaryIsShore": false,
        "parentWaterId": "lm-water-661_59-11",
        "sourceItemId": "661_59",
        "compatibilityPiece": 1,
        "compatibilityPieceCount": 1,
        "artificialCutEdgesAreShore": false,
        "artificialCutEdgesEpsg3006": [],
        "bathymetry": null,
        "reviewStatus": "source-topology-and-level-verified",
        "geometryUse": "unchanged-source-water-union-runtime-partition"
      },
      "geometry": {
        "type": "Polygon",
        "coordinates": [
          [
            [
              596052.28,
              6616699.29,
              21.47
            ],
            [
              596063.45,
              6616687.0,
              21.47
            ],
            [
              596067.78,
              6616683.2,
              21.47
            ],
            [
              596067.54,
              6616681.7,
              21.47
            ],
            [
              596062.04,
              6616681.81,
              21.47
            ],
            [
              596057.51,
              6616687.54,
              21.47
            ],
            [
              596045.92,
              6616695.59,
              21.47
            ],
            [
              596042.02,
              6616700.66,
              21.47
            ],
            [
              596041.98,
              6616702.92,
              21.47
            ],
            [
              596051.97,
              6616699.55,
              21.47
            ],
            [
              596052.28,
              6616699.29,
              21.47
            ]
          ]
        ]
      }
    },
    {
      "type": "Feature",
      "id": "lm-water-661_59-12-part-1",
      "properties": {
        "sourceId": "water-breaks-lm-1m",
        "sourceFid": 12,
        "classification": 1,
        "heightRH2000": 21.5,
        "heightRangeRH2000": [
          21.5,
          21.5
        ],
        "clipBoundaryIsShore": false,
        "parentWaterId": "lm-water-661_59-12",
        "sourceItemId": "661_59",
        "compatibilityPiece": 1,
        "compatibilityPieceCount": 1,
        "artificialCutEdgesAreShore": false,
        "artificialCutEdgesEpsg3006": [],
        "bathymetry": null,
        "reviewStatus": "source-topology-and-level-verified",
        "geometryUse": "unchanged-source-water-union-runtime-partition"
      },
      "geometry": {
        "type": "Polygon",
        "coordinates": [
          [
            [
              596017.12,
              6616725.37,
              21.5
            ],
            [
              596017.99,
              6616724.49,
              21.5
            ],
            [
              596017.54,
              6616721.7,
              21.5
            ],
            [
              596014.39,
              6616720.29,
              21.5
            ],
            [
              596011.16,
              6616719.84,
              21.5
            ],
            [
              596006.74,
              6616721.67,
              21.5
            ],
            [
              595998.93,
              6616723.69,
              21.5
            ],
            [
              595996.98,
              6616725.68,
              21.5
            ],
            [
              595997.48,
              6616728.46,
              21.5
            ],
            [
              595997.83,
              6616728.62,
              21.5
            ],
            [
              596003.24,
              6616727.71,
              21.5
            ],
            [
              596009.09,
              6616728.69,
              21.5
            ],
            [
              596017.12,
              6616725.37,
              21.5
            ]
          ]
        ]
      }
    },
    {
      "type": "Feature",
      "id": "lm-water-661_59-13-part-1",
      "properties": {
        "sourceId": "water-breaks-lm-1m",
        "sourceFid": 13,
        "classification": 1,
        "heightRH2000": 21.49,
        "heightRangeRH2000": [
          21.49,
          21.49
        ],
        "clipBoundaryIsShore": false,
        "parentWaterId": "lm-water-661_59-13",
        "sourceItemId": "661_59",
        "compatibilityPiece": 1,
        "compatibilityPieceCount": 1,
        "artificialCutEdgesAreShore": false,
        "artificialCutEdgesEpsg3006": [],
        "bathymetry": null,
        "reviewStatus": "source-topology-and-level-verified",
        "geometryUse": "unchanged-source-water-union-runtime-partition"
      },
      "geometry": {
        "type": "Polygon",
        "coordinates": [
          [
            [
              595973.03,
              6616732.24,
              21.49
            ],
            [
              595968.62,
              6616733.65,
              21.49
            ],
            [
              595961.48,
              6616741.14,
              21.49
            ],
            [
              595961.31,
              6616747.46,
              21.49
            ],
            [
              595964.02,
              6616748.23,
              21.49
            ],
            [
              595964.16,
              6616748.1,
              21.49
            ],
            [
              595967.31,
              6616741.2,
              21.49
            ],
            [
              595970.79,
              6616738.17,
              21.49
            ],
            [
              595973.03,
              6616732.24,
              21.49
            ]
          ]
        ]
      }
    },
    {
      "type": "Feature",
      "id": "lm-water-661_59-14-part-1",
      "properties": {
        "sourceId": "water-breaks-lm-1m",
        "sourceFid": 14,
        "classification": 1,
        "heightRH2000": 21.37,
        "heightRangeRH2000": [
          21.37,
          21.37
        ],
        "clipBoundaryIsShore": false,
        "parentWaterId": "lm-water-661_59-14",
        "sourceItemId": "661_59",
        "compatibilityPiece": 1,
        "compatibilityPieceCount": 1,
        "artificialCutEdgesAreShore": false,
        "artificialCutEdgesEpsg3006": [],
        "bathymetry": null,
        "reviewStatus": "source-topology-and-level-verified",
        "geometryUse": "unchanged-source-water-union-runtime-partition"
      },
      "geometry": {
        "type": "Polygon",
        "coordinates": [
          [
            [
              595960.48,
              6616759.86,
              21.37
            ],
            [
              595958.83,
              6616757.65,
              21.37
            ],
            [
              595956.62,
              6616757.57,
              21.37
            ],
            [
              595956.17,
              6616763.62,
              21.37
            ],
            [
              595957.24,
              6616766.87,
              21.37
            ],
            [
              595964.64,
              6616782.89,
              21.37
            ],
            [
              595967.94,
              6616787.0,
              21.37
            ],
            [
              595974.53,
              6616800.3,
              21.37
            ],
            [
              595976.18,
              6616802.51,
              21.37
            ],
            [
              595978.4,
              6616802.58,
              21.37
            ],
            [
              595978.84,
              6616796.54,
              21.37
            ],
            [
              595973.94,
              6616786.5,
              21.37
            ],
            [
              595967.09,
              6616778.15,
              21.37
            ],
            [
              595960.48,
              6616759.86,
              21.37
            ]
          ]
        ]
      }
    },
    {
      "type": "Feature",
      "id": "lm-water-661_59-16-part-1",
      "properties": {
        "sourceId": "water-breaks-lm-1m",
        "sourceFid": 16,
        "classification": 1,
        "heightRH2000": 21.37,
        "heightRangeRH2000": [
          21.37,
          21.37
        ],
        "clipBoundaryIsShore": false,
        "parentWaterId": "lm-water-661_59-16",
        "sourceItemId": "661_59",
        "compatibilityPiece": 1,
        "compatibilityPieceCount": 1,
        "artificialCutEdgesAreShore": false,
        "artificialCutEdgesEpsg3006": [],
        "bathymetry": null,
        "reviewStatus": "source-topology-and-level-verified",
        "geometryUse": "unchanged-source-water-union-runtime-partition"
      },
      "geometry": {
        "type": "Polygon",
        "coordinates": [
          [
            [
              595978.45,
              6616892.63,
              21.37
            ],
            [
              595983.27,
              6616884.59,
              21.37
            ],
            [
              595984.38,
              6616880.75,
              21.37
            ],
            [
              595989.86,
              6616857.6,
              21.37
            ],
            [
              595990.45,
              6616854.46,
              21.37
            ],
            [
              595990.05,
              6616829.89,
              21.37
            ],
            [
              595989.57,
              6616824.71,
              21.37
            ],
            [
              595983.83,
              6616812.65,
              21.37
            ],
            [
              595981.62,
              6616812.57,
              21.37
            ],
            [
              595980.78,
              6616815.19,
              21.37
            ],
            [
              595984.51,
              6616830.36,
              21.37
            ],
            [
              595984.51,
              6616854.8,
              21.37
            ],
            [
              595977.98,
              6616883.1,
              21.37
            ],
            [
              595975.74,
              6616890.05,
              21.37
            ],
            [
              595976.31,
              6616892.44,
              21.37
            ],
            [
              595978.45,
              6616892.63,
              21.37
            ]
          ]
        ]
      }
    },
    {
      "type": "Feature",
      "id": "lm-water-661_59-17-part-1",
      "properties": {
        "sourceId": "water-breaks-lm-1m",
        "sourceFid": 17,
        "classification": 1,
        "heightRH2000": 21.38,
        "heightRangeRH2000": [
          21.38,
          21.38
        ],
        "clipBoundaryIsShore": false,
        "parentWaterId": "lm-water-661_59-17",
        "sourceItemId": "661_59",
        "compatibilityPiece": 1,
        "compatibilityPieceCount": 1,
        "artificialCutEdgesAreShore": false,
        "artificialCutEdgesEpsg3006": [],
        "bathymetry": null,
        "reviewStatus": "source-topology-and-level-verified",
        "geometryUse": "unchanged-source-water-union-runtime-partition"
      },
      "geometry": {
        "type": "Polygon",
        "coordinates": [
          [
            [
              595958.57,
              6616934.05,
              21.38
            ],
            [
              595966.99,
              6616917.06,
              21.38
            ],
            [
              595971.03,
              6616912.09,
              21.38
            ],
            [
              595973.58,
              6616907.29,
              21.38
            ],
            [
              595973.7,
              6616902.7,
              21.38
            ],
            [
              595970.99,
              6616901.93,
              21.38
            ],
            [
              595968.63,
              6616903.66,
              21.38
            ],
            [
              595963.03,
              6616913.11,
              21.38
            ],
            [
              595953.03,
              6616933.1,
              21.38
            ],
            [
              595942.6862499998,
              6616947.5,
              21.38
            ],
            [
              595949.2063358778,
              6616947.5,
              21.38
            ],
            [
              595958.57,
              6616934.05,
              21.38
            ]
          ]
        ]
      }
    },
    {
      "type": "Feature",
      "id": "lm-water-661_59-29-part-1",
      "properties": {
        "sourceId": "water-breaks-lm-1m",
        "sourceFid": 29,
        "classification": 1,
        "heightRH2000": 30.63,
        "heightRangeRH2000": [
          30.63,
          30.63
        ],
        "clipBoundaryIsShore": false,
        "parentWaterId": "lm-water-661_59-29",
        "sourceItemId": "661_59",
        "compatibilityPiece": 1,
        "compatibilityPieceCount": 1,
        "artificialCutEdgesAreShore": false,
        "artificialCutEdgesEpsg3006": [],
        "bathymetry": null,
        "reviewStatus": "source-topology-and-level-verified",
        "geometryUse": "unchanged-source-water-union-runtime-partition"
      },
      "geometry": {
        "type": "Polygon",
        "coordinates": [
          [
            [
              597412.82,
              6614153.24,
              30.63
            ],
            [
              597413.83,
              6614141.55,
              30.63
            ],
            [
              597408.98,
              6614136.51,
              30.63
            ],
            [
              597401.99,
              6614133.1,
              30.63
            ],
            [
              597396.36,
              6614128.48,
              30.63
            ],
            [
              597391.57,
              6614125.72,
              30.63
            ],
            [
              597378.95,
              6614121.5,
              30.63
            ],
            [
              597370.0,
              6614119.63,
              30.63
            ],
            [
              597364.55,
              6614121.12,
              30.63
            ],
            [
              597363.42,
              6614126.58,
              30.63
            ],
            [
              597364.43,
              6614130.19,
              30.63
            ],
            [
              597367.45,
              6614132.59,
              30.63
            ],
            [
              597371.65,
              6614143.08,
              30.63
            ],
            [
              597389.72,
              6614150.47,
              30.63
            ],
            [
              597394.46,
              6614156.39,
              30.63
            ],
            [
              597394.65,
              6614156.56,
              30.63
            ],
            [
              597395.03,
              6614157.11,
              30.63
            ],
            [
              597398.52,
              6614161.47,
              30.63
            ],
            [
              597404.8,
              6614165.53,
              30.63
            ],
            [
              597405.97,
              6614166.13,
              30.63
            ],
            [
              597406.28,
              6614166.49,
              30.63
            ],
            [
              597410.51,
              6614169.22,
              30.63
            ],
            [
              597434.52,
              6614205.32,
              30.63
            ],
            [
              597446.61,
              6614218.12,
              30.63
            ],
            [
              597460.51,
              6614224.93,
              30.63
            ],
            [
              597470.01,
              6614225.58,
              30.63
            ],
            [
              597477.41,
              6614223.84,
              30.63
            ],
            [
              597477.0,
              6614218.18,
              30.63
            ],
            [
              597471.56,
              6614209.35,
              30.63
            ],
            [
              597466.27,
              6614203.08,
              30.63
            ],
            [
              597459.06,
              6614196.58,
              30.63
            ],
            [
              597458.4,
              6614196.15,
              30.63
            ],
            [
              597457.75,
              6614195.74,
              30.63
            ],
            [
              597451.23,
              6614192.29,
              30.63
            ],
            [
              597450.29,
              6614191.04,
              30.63
            ],
            [
              597446.52,
              6614188.67,
              30.63
            ],
            [
              597442.08,
              6614183.16,
              30.63
            ],
            [
              597434.51,
              6614168.86,
              30.63
            ],
            [
              597429.63,
              6614161.7,
              30.63
            ],
            [
              597424.1,
              6614153.83,
              30.63
            ],
            [
              597423.55,
              6614152.72,
              30.63
            ],
            [
              597421.01,
              6614151.89,
              30.63
            ],
            [
              597412.82,
              6614153.24,
              30.63
            ]
          ]
        ]
      }
    },
    {
      "type": "Feature",
      "id": "lm-water-661_59-30-part-1",
      "properties": {
        "sourceId": "water-breaks-lm-1m",
        "sourceFid": 30,
        "classification": 1,
        "heightRH2000": 30.11,
        "heightRangeRH2000": [
          30.11,
          30.11
        ],
        "clipBoundaryIsShore": false,
        "parentWaterId": "lm-water-661_59-30",
        "sourceItemId": "661_59",
        "compatibilityPiece": 1,
        "compatibilityPieceCount": 1,
        "artificialCutEdgesAreShore": false,
        "artificialCutEdgesEpsg3006": [],
        "bathymetry": null,
        "reviewStatus": "source-topology-and-level-verified",
        "geometryUse": "unchanged-source-water-union-runtime-partition"
      },
      "geometry": {
        "type": "Polygon",
        "coordinates": [
          [
            [
              597496.3,
              6614543.4,
              30.11
            ],
            [
              597500.0,
              6614535.81,
              30.11
            ],
            [
              597500.59,
              6614534.6,
              30.11
            ],
            [
              597505.94,
              6614527.22,
              30.11
            ],
            [
              597511.48,
              6614519.48,
              30.11
            ],
            [
              597520.64,
              6614506.73,
              30.11
            ],
            [
              597524.44,
              6614499.66,
              30.11
            ],
            [
              597528.13,
              6614494.26,
              30.11
            ],
            [
              597532.57,
              6614488.23,
              30.11
            ],
            [
              597532.44,
              6614486.48,
              30.11
            ],
            [
              597553.35,
              6614464.3,
              30.11
            ],
            [
              597556.74,
              6614457.71,
              30.11
            ],
            [
              597557.67,
              6614455.84,
              30.11
            ],
            [
              597559.57,
              6614447.44,
              30.11
            ],
            [
              597558.55,
              6614441.98,
              30.11
            ],
            [
              597558.42,
              6614440.1,
              30.11
            ],
            [
              597557.43,
              6614436.47,
              30.11
            ],
            [
              597558.18,
              6614433.65,
              30.11
            ],
            [
              597558.74,
              6614426.18,
              30.11
            ],
            [
              597560.46,
              6614421.41,
              30.11
            ],
            [
              597560.48,
              6614400.65,
              30.11
            ],
            [
              597559.98,
              6614398.6,
              30.11
            ],
            [
              597559.68,
              6614388.56,
              30.11
            ],
            [
              597558.56,
              6614372.14,
              30.11
            ],
            [
              597553.8,
              6614352.67,
              30.11
            ],
            [
              597551.57,
              6614352.52,
              30.11
            ],
            [
              597547.22,
              6614360.19,
              30.11
            ],
            [
              597547.29,
              6614362.73,
              30.11
            ],
            [
              597549.51,
              6614375.33,
              30.11
            ],
            [
              597549.51,
              6614394.83,
              30.11
            ],
            [
              597545.42,
              6614409.55,
              30.11
            ],
            [
              597545.06,
              6614411.97,
              30.11
            ],
            [
              597544.01,
              6614429.16,
              30.11
            ],
            [
              597535.72,
              6614453.78,
              30.11
            ],
            [
              597535.87,
              6614458.66,
              30.11
            ],
            [
              597537.06,
              6614465.1,
              30.11
            ],
            [
              597534.46,
              6614469.64,
              30.11
            ],
            [
              597533.19,
              6614471.25,
              30.11
            ],
            [
              597532.97,
              6614473.09,
              30.11
            ],
            [
              597522.02,
              6614481.73,
              30.11
            ],
            [
              597520.73,
              6614485.1,
              30.11
            ],
            [
              597523.16,
              6614497.27,
              30.11
            ],
            [
              597516.01,
              6614496.89,
              30.11
            ],
            [
              597501.98,
              6614510.58,
              30.11
            ],
            [
              597501.2,
              6614511.6,
              30.11
            ],
            [
              597500.0,
              6614514.06,
              30.11
            ],
            [
              597498.03,
              6614518.1,
              30.11
            ],
            [
              597491.46,
              6614526.12,
              30.11
            ],
            [
              597487.65,
              6614544.66,
              30.11
            ],
            [
              597488.13,
              6614546.15,
              30.11
            ],
            [
              597489.97,
              6614547.4,
              30.11
            ],
            [
              597491.91,
              6614547.07,
              30.11
            ],
            [
              597494.44,
              6614545.58,
              30.11
            ],
            [
              597496.3,
              6614543.4,
              30.11
            ]
          ]
        ]
      }
    },
    {
      "type": "Feature",
      "id": "lm-water-661_59-31-part-1",
      "properties": {
        "sourceId": "water-breaks-lm-1m",
        "sourceFid": 31,
        "classification": 1,
        "heightRH2000": 27.3,
        "heightRangeRH2000": [
          27.3,
          27.3
        ],
        "clipBoundaryIsShore": false,
        "parentWaterId": "lm-water-661_59-31",
        "sourceItemId": "661_59",
        "compatibilityPiece": 1,
        "compatibilityPieceCount": 1,
        "artificialCutEdgesAreShore": false,
        "artificialCutEdgesEpsg3006": [],
        "bathymetry": null,
        "reviewStatus": "source-topology-and-level-verified",
        "geometryUse": "unchanged-source-water-union-runtime-partition"
      },
      "geometry": {
        "type": "Polygon",
        "coordinates": [
          [
            [
              597500.0,
              6615002.84,
              27.3
            ],
            [
              597496.44,
              6615006.1,
              27.3
            ],
            [
              597486.11,
              6615026.53,
              27.3
            ],
            [
              597485.04,
              6615034.6,
              27.3
            ],
            [
              597486.12,
              6615038.62,
              27.3
            ],
            [
              597491.07,
              6615043.61,
              27.3
            ],
            [
              597497.39,
              6615043.77,
              27.3
            ],
            [
              597496.0,
              6615025.82,
              27.3
            ],
            [
              597500.0,
              6615016.95,
              27.3
            ],
            [
              597503.58,
              6615009.02,
              27.3
            ],
            [
              597503.7,
              6615002.7,
              27.3
            ],
            [
              597500.99,
              6615001.93,
              27.3
            ],
            [
              597500.0,
              6615002.84,
              27.3
            ]
          ]
        ]
      }
    },
    {
      "type": "Feature",
      "id": "lm-water-661_59-32-part-1",
      "properties": {
        "sourceId": "water-breaks-lm-1m",
        "sourceFid": 32,
        "classification": 1,
        "heightRH2000": 19.71,
        "heightRangeRH2000": [
          19.71,
          19.71
        ],
        "clipBoundaryIsShore": false,
        "parentWaterId": "lm-water-661_59-32",
        "sourceItemId": "661_59",
        "compatibilityPiece": 1,
        "compatibilityPieceCount": 1,
        "artificialCutEdgesAreShore": false,
        "artificialCutEdgesEpsg3006": [],
        "bathymetry": null,
        "reviewStatus": "source-topology-and-level-verified",
        "geometryUse": "unchanged-source-water-union-runtime-partition"
      },
      "geometry": {
        "type": "Polygon",
        "coordinates": [
          [
            [
              596993.32,
              6615284.2,
              19.71
            ],
            [
              597002.57,
              6615284.11,
              19.71
            ],
            [
              597017.06,
              6615284.9,
              19.71
            ],
            [
              597025.17,
              6615285.54,
              19.71
            ],
            [
              597032.36,
              6615283.86,
              19.71
            ],
            [
              597032.49,
              6615281.68,
              19.71
            ],
            [
              597021.76,
              6615279.87,
              19.71
            ],
            [
              597018.07,
              6615279.58,
              19.71
            ],
            [
              596987.94,
              6615279.61,
              19.71
            ],
            [
              596986.93,
              6615279.77,
              19.71
            ],
            [
              596978.73,
              6615280.9,
              19.71
            ],
            [
              596964.88,
              6615279.66,
              19.71
            ],
            [
              596957.33,
              6615281.63,
              19.71
            ],
            [
              596957.33,
              6615283.53,
              19.71
            ],
            [
              596959.9,
              6615284.62,
              19.71
            ],
            [
              596959.95,
              6615284.62,
              19.71
            ],
            [
              596970.65,
              6615285.58,
              19.71
            ],
            [
              596984.18,
              6615285.58,
              19.71
            ],
            [
              596987.72,
              6615285.09,
              19.71
            ],
            [
              596993.32,
              6615284.2,
              19.71
            ]
          ]
        ]
      }
    },
    {
      "type": "Feature",
      "id": "lm-water-661_59-33-part-1",
      "properties": {
        "sourceId": "water-breaks-lm-1m",
        "sourceFid": 33,
        "classification": 1,
        "heightRH2000": 19.85,
        "heightRangeRH2000": [
          19.85,
          19.85
        ],
        "clipBoundaryIsShore": false,
        "parentWaterId": "lm-water-661_59-33",
        "sourceItemId": "661_59",
        "compatibilityPiece": 1,
        "compatibilityPieceCount": 1,
        "artificialCutEdgesAreShore": false,
        "artificialCutEdgesEpsg3006": [],
        "bathymetry": null,
        "reviewStatus": "source-topology-and-level-verified",
        "geometryUse": "unchanged-source-water-union-runtime-partition"
      },
      "geometry": {
        "type": "Polygon",
        "coordinates": [
          [
            [
              596894.09,
              6615318.18,
              19.85
            ],
            [
              596899.09,
              6615314.57,
              19.85
            ],
            [
              596900.36,
              6615313.3,
              19.85
            ],
            [
              596901.54,
              6615311.98,
              19.85
            ],
            [
              596914.03,
              6615298.62,
              19.85
            ],
            [
              596915.9,
              6615297.22,
              19.85
            ],
            [
              596917.99,
              6615294.49,
              19.85
            ],
            [
              596918.03,
              6615292.24,
              19.85
            ],
            [
              596915.92,
              6615291.97,
              19.85
            ],
            [
              596908.59,
              6615298.57,
              19.85
            ],
            [
              596895.92,
              6615310.59,
              19.85
            ],
            [
              596892.02,
              6615315.66,
              19.85
            ],
            [
              596891.98,
              6615317.92,
              19.85
            ],
            [
              596894.09,
              6615318.18,
              19.85
            ]
          ]
        ]
      }
    },
    {
      "type": "Feature",
      "id": "lm-water-661_59-34-part-1",
      "properties": {
        "sourceId": "water-breaks-lm-1m",
        "sourceFid": 34,
        "classification": 1,
        "heightRH2000": 19.4,
        "heightRangeRH2000": [
          19.4,
          19.4
        ],
        "clipBoundaryIsShore": false,
        "parentWaterId": "lm-water-661_59-34",
        "sourceItemId": "661_59",
        "compatibilityPiece": 1,
        "compatibilityPieceCount": 1,
        "artificialCutEdgesAreShore": false,
        "artificialCutEdgesEpsg3006": [],
        "bathymetry": null,
        "reviewStatus": "source-topology-and-level-verified",
        "geometryUse": "unchanged-source-water-union-runtime-partition"
      },
      "geometry": {
        "type": "Polygon",
        "coordinates": [
          [
            [
              597308.11,
              6615361.0,
              19.4
            ],
            [
              597303.98,
              6615356.51,
              19.4
            ],
            [
              597282.17,
              6615347.06,
              19.4
            ],
            [
              597281.9,
              6615349.16,
              19.4
            ],
            [
              597286.03,
              6615353.65,
              19.4
            ],
            [
              597303.04,
              6615362.05,
              19.4
            ],
            [
              597307.85,
              6615363.1,
              19.4
            ],
            [
              597308.11,
              6615361.0,
              19.4
            ]
          ]
        ]
      }
    },
    {
      "type": "Feature",
      "id": "lm-water-661_59-35-part-1",
      "properties": {
        "sourceId": "water-breaks-lm-1m",
        "sourceFid": 35,
        "classification": 1,
        "heightRH2000": 19.12,
        "heightRangeRH2000": [
          19.12,
          19.12
        ],
        "clipBoundaryIsShore": false,
        "parentWaterId": "lm-water-661_59-35",
        "sourceItemId": "661_59",
        "compatibilityPiece": 1,
        "compatibilityPieceCount": 1,
        "artificialCutEdgesAreShore": false,
        "artificialCutEdgesEpsg3006": [],
        "bathymetry": null,
        "reviewStatus": "source-topology-and-level-verified",
        "geometryUse": "unchanged-source-water-union-runtime-partition"
      },
      "geometry": {
        "type": "Polygon",
        "coordinates": [
          [
            [
              597364.55,
              6615383.8,
              19.12
            ],
            [
              597357.28,
              6615381.84,
              19.12
            ],
            [
              597354.71,
              6615380.99,
              19.12
            ],
            [
              597352.6,
              6615381.32,
              19.12
            ],
            [
              597351.86,
              6615384.09,
              19.12
            ],
            [
              597355.09,
              6615387.62,
              19.12
            ],
            [
              597363.35,
              6615389.55,
              19.12
            ],
            [
              597371.62,
              6615392.68,
              19.12
            ],
            [
              597376.94,
              6615398.18,
              19.12
            ],
            [
              597378.95,
              6615401.76,
              19.12
            ],
            [
              597379.92,
              6615399.49,
              19.12
            ],
            [
              597379.25,
              6615394.32,
              19.12
            ],
            [
              597376.39,
              6615389.96,
              19.12
            ],
            [
              597371.6,
              6615386.37,
              19.12
            ],
            [
              597364.55,
              6615383.8,
              19.12
            ]
          ]
        ]
      }
    },
    {
      "type": "Feature",
      "id": "lm-water-661_59-36-part-1",
      "properties": {
        "sourceId": "water-breaks-lm-1m",
        "sourceFid": 36,
        "classification": 1,
        "heightRH2000": 19.91,
        "heightRangeRH2000": [
          19.91,
          19.91
        ],
        "clipBoundaryIsShore": false,
        "parentWaterId": "lm-water-661_59-36",
        "sourceItemId": "661_59",
        "compatibilityPiece": 1,
        "compatibilityPieceCount": 1,
        "artificialCutEdgesAreShore": false,
        "artificialCutEdgesEpsg3006": [],
        "bathymetry": null,
        "reviewStatus": "source-topology-and-level-verified",
        "geometryUse": "unchanged-source-water-union-runtime-partition"
      },
      "geometry": {
        "type": "Polygon",
        "coordinates": [
          [
            [
              596870.02,
              6615437.98,
              19.91
            ],
            [
              596870.08,
              6615423.66,
              19.91
            ],
            [
              596868.46,
              6615417.4,
              19.91
            ],
            [
              596866.56,
              6615417.4,
              19.91
            ],
            [
              596865.38,
              6615420.17,
              19.91
            ],
            [
              596865.58,
              6615444.24,
              19.91
            ],
            [
              596865.89,
              6615446.59,
              19.91
            ],
            [
              596866.23,
              6615447.43,
              19.91
            ],
            [
              596868.41,
              6615447.56,
              19.91
            ],
            [
              596870.02,
              6615437.98,
              19.91
            ]
          ]
        ]
      }
    },
    {
      "type": "Feature",
      "id": "lm-water-661_59-37-part-1",
      "properties": {
        "sourceId": "water-breaks-lm-1m",
        "sourceFid": 37,
        "classification": 1,
        "heightRH2000": 19.91,
        "heightRangeRH2000": [
          19.91,
          19.91
        ],
        "clipBoundaryIsShore": false,
        "parentWaterId": "lm-water-661_59-37",
        "sourceItemId": "661_59",
        "compatibilityPiece": 1,
        "compatibilityPieceCount": 1,
        "artificialCutEdgesAreShore": false,
        "artificialCutEdgesEpsg3006": [],
        "bathymetry": null,
        "reviewStatus": "source-topology-and-level-verified",
        "geometryUse": "unchanged-source-water-union-runtime-partition"
      },
      "geometry": {
        "type": "Polygon",
        "coordinates": [
          [
            [
              596873.41,
              6615482.56,
              19.91
            ],
            [
              596874.85,
              6615477.29,
              19.91
            ],
            [
              596874.74,
              6615475.24,
              19.91
            ],
            [
              596872.79,
              6615464.21,
              19.91
            ],
            [
              596872.54,
              6615462.4,
              19.91
            ],
            [
              596871.56,
              6615462.4,
              19.91
            ],
            [
              596870.19,
              6615465.61,
              19.91
            ],
            [
              596869.55,
              6615474.54,
              19.91
            ],
            [
              596869.76,
              6615476.17,
              19.91
            ],
            [
              596871.23,
              6615482.43,
              19.91
            ],
            [
              596873.41,
              6615482.56,
              19.91
            ]
          ]
        ]
      }
    },
    {
      "type": "Feature",
      "id": "lm-water-661_59-38-part-1",
      "properties": {
        "sourceId": "water-breaks-lm-1m",
        "sourceFid": 38,
        "classification": 1,
        "heightRH2000": 18.76,
        "heightRangeRH2000": [
          18.76,
          18.76
        ],
        "clipBoundaryIsShore": false,
        "parentWaterId": "lm-water-661_59-38",
        "sourceItemId": "661_59",
        "compatibilityPiece": 1,
        "compatibilityPieceCount": 1,
        "artificialCutEdgesAreShore": false,
        "artificialCutEdgesEpsg3006": [],
        "bathymetry": null,
        "reviewStatus": "source-topology-and-level-verified",
        "geometryUse": "unchanged-source-water-union-runtime-partition"
      },
      "geometry": {
        "type": "Polygon",
        "coordinates": [
          [
            [
              597483.2,
              6615496.08,
              18.76
            ],
            [
              597478.94,
              6615486.5,
              18.76
            ],
            [
              597466.03,
              6615468.06,
              18.76
            ],
            [
              597463.24,
              6615464.45,
              18.76
            ],
            [
              597461.91,
              6615462.18,
              18.76
            ],
            [
              597452.09,
              6615448.15,
              18.76
            ],
            [
              597448.06,
              6615435.56,
              18.76
            ],
            [
              597447.44,
              6615434.18,
              18.76
            ],
            [
              597447.29,
              6615433.16,
              18.76
            ],
            [
              597446.03,
              6615429.23,
              18.76
            ],
            [
              597444.11,
              6615417.64,
              18.76
            ],
            [
              597438.15,
              6615407.26,
              18.76
            ],
            [
              597431.06,
              6615401.24,
              18.76
            ],
            [
              597427.07,
              6615400.12,
              18.76
            ],
            [
              597419.21,
              6615399.77,
              18.76
            ],
            [
              597398.72,
              6615409.77,
              18.76
            ],
            [
              597393.86,
              6615407.54,
              18.76
            ],
            [
              597391.59,
              6615407.5,
              18.76
            ],
            [
              597389.25,
              6615415.06,
              18.76
            ],
            [
              597389.83,
              6615415.73,
              18.76
            ],
            [
              597387.58,
              6615420.78,
              18.76
            ],
            [
              597387.38,
              6615421.09,
              18.76
            ],
            [
              597381.82,
              6615439.07,
              18.76
            ],
            [
              597385.01,
              6615444.11,
              18.76
            ],
            [
              597385.11,
              6615444.26,
              18.76
            ],
            [
              597391.77,
              6615451.91,
              18.76
            ],
            [
              597397.41,
              6615459.14,
              18.76
            ],
            [
              597405.04,
              6615468.65,
              18.76
            ],
            [
              597405.52,
              6615469.17,
              18.76
            ],
            [
              597409.94,
              6615472.74,
              18.76
            ],
            [
              597414.02,
              6615473.67,
              18.76
            ],
            [
              597417.42,
              6615475.48,
              18.76
            ],
            [
              597423.03,
              6615477.11,
              18.76
            ],
            [
              597428.69,
              6615482.19,
              18.76
            ],
            [
              597431.28,
              6615484.11,
              18.76
            ],
            [
              597433.22,
              6615486.24,
              18.76
            ],
            [
              597433.5,
              6615486.49,
              18.76
            ],
            [
              597433.6,
              6615486.67,
              18.76
            ],
            [
              597436.73,
              6615490.11,
              18.76
            ],
            [
              597438.64,
              6615494.96,
              18.76
            ],
            [
              597442.92,
              6615502.01,
              18.76
            ],
            [
              597444.9,
              6615512.38,
              18.76
            ],
            [
              597455.45,
              6615532.49,
              18.76
            ],
            [
              597464.7,
              6615546.11,
              18.76
            ],
            [
              597477.13,
              6615567.13,
              18.76
            ],
            [
              597489.47,
              6615578.74,
              18.76
            ],
            [
              597492.11,
              6615580.39,
              18.76
            ],
            [
              597498.04,
              6615582.1,
              18.76
            ],
            [
              597500.0,
              6615582.73,
              18.76
            ],
            [
              597504.98,
              6615584.34,
              18.76
            ],
            [
              597507.37,
              6615583.78,
              18.76
            ],
            [
              597507.56,
              6615581.63,
              18.76
            ],
            [
              597500.0,
              6615576.29,
              18.76
            ],
            [
              597499.5,
              6615575.94,
              18.76
            ],
            [
              597498.71,
              6615574.78,
              18.76
            ],
            [
              597496.29,
              6615573.5,
              18.76
            ],
            [
              597486.16,
              6615564.78,
              18.76
            ],
            [
              597483.29,
              6615559.09,
              18.76
            ],
            [
              597482.09,
              6615558.15,
              18.76
            ],
            [
              597476.02,
              6615539.44,
              18.76
            ],
            [
              597483.09,
              6615509.47,
              18.76
            ],
            [
              597483.2,
              6615496.08,
              18.76
            ]
          ]
        ]
      }
    },
    {
      "type": "Feature",
      "id": "lm-water-661_59-39-part-1",
      "properties": {
        "sourceId": "water-breaks-lm-1m",
        "sourceFid": 39,
        "classification": 1,
        "heightRH2000": 20.0,
        "heightRangeRH2000": [
          20.0,
          20.0
        ],
        "clipBoundaryIsShore": false,
        "parentWaterId": "lm-water-661_59-39",
        "sourceItemId": "661_59",
        "compatibilityPiece": 1,
        "compatibilityPieceCount": 1,
        "artificialCutEdgesAreShore": false,
        "artificialCutEdgesEpsg3006": [],
        "bathymetry": null,
        "reviewStatus": "source-topology-and-level-verified",
        "geometryUse": "unchanged-source-water-union-runtime-partition"
      },
      "geometry": {
        "type": "Polygon",
        "coordinates": [
          [
            [
              596862.85,
              6615562.22,
              20.0
            ],
            [
              596860.92,
              6615561.97,
              20.0
            ],
            [
              596853.7,
              6615567.63,
              20.0
            ],
            [
              596852.53,
              6615567.52,
              20.0
            ],
            [
              596849.17,
              6615572.3,
              20.0
            ],
            [
              596850.52,
              6615574.17,
              20.0
            ],
            [
              596853.06,
              6615576.12,
              20.0
            ],
            [
              596858.11,
              6615568.94,
              20.0
            ],
            [
              596862.85,
              6615562.22,
              20.0
            ]
          ]
        ]
      }
    },
    {
      "type": "Feature",
      "id": "lm-water-661_59-40-part-1",
      "properties": {
        "sourceId": "water-breaks-lm-1m",
        "sourceFid": 40,
        "classification": 1,
        "heightRH2000": 20.2,
        "heightRangeRH2000": [
          20.2,
          20.2
        ],
        "clipBoundaryIsShore": false,
        "parentWaterId": "lm-water-661_59-40",
        "sourceItemId": "661_59",
        "compatibilityPiece": 1,
        "compatibilityPieceCount": 1,
        "artificialCutEdgesAreShore": false,
        "artificialCutEdgesEpsg3006": [],
        "bathymetry": null,
        "reviewStatus": "source-topology-and-level-verified",
        "geometryUse": "unchanged-source-water-union-runtime-partition"
      },
      "geometry": {
        "type": "Polygon",
        "coordinates": [
          [
            [
              596562.33,
              6615586.63,
              20.2
            ],
            [
              596562.33,
              6615588.53,
              20.2
            ],
            [
              596565.54,
              6615589.9,
              20.2
            ],
            [
              596575.01,
              6615590.58,
              20.2
            ],
            [
              596582.36,
              6615588.86,
              20.2
            ],
            [
              596582.49,
              6615586.68,
              20.2
            ],
            [
              596580.58,
              6615586.16,
              20.2
            ],
            [
              596571.67,
              6615585.16,
              20.2
            ],
            [
              596562.33,
              6615586.63,
              20.2
            ]
          ]
        ]
      }
    },
    {
      "type": "Feature",
      "id": "lm-water-661_59-41-part-1",
      "properties": {
        "sourceId": "water-breaks-lm-1m",
        "sourceFid": 41,
        "classification": 1,
        "heightRH2000": 20.19,
        "heightRangeRH2000": [
          20.19,
          20.19
        ],
        "clipBoundaryIsShore": false,
        "parentWaterId": "lm-water-661_59-41",
        "sourceItemId": "661_59",
        "compatibilityPiece": 1,
        "compatibilityPieceCount": 1,
        "artificialCutEdgesAreShore": false,
        "artificialCutEdgesEpsg3006": [],
        "bathymetry": null,
        "reviewStatus": "source-topology-and-level-verified",
        "geometryUse": "unchanged-source-water-union-runtime-partition"
      },
      "geometry": {
        "type": "Polygon",
        "coordinates": [
          [
            [
              596591.62,
              6615588.49,
              20.19
            ],
            [
              596591.79,
              6615592.99,
              20.19
            ],
            [
              596600.01,
              6615595.53,
              20.19
            ],
            [
              596607.38,
              6615593.85,
              20.19
            ],
            [
              596607.53,
              6615591.67,
              20.19
            ],
            [
              596602.14,
              6615590.81,
              20.19
            ],
            [
              596591.62,
              6615588.49,
              20.19
            ]
          ]
        ]
      }
    },
    {
      "type": "Feature",
      "id": "lm-water-661_59-42-part-1",
      "properties": {
        "sourceId": "water-breaks-lm-1m",
        "sourceFid": 42,
        "classification": 1,
        "heightRH2000": 20.19,
        "heightRangeRH2000": [
          20.19,
          20.19
        ],
        "clipBoundaryIsShore": false,
        "parentWaterId": "lm-water-661_59-42",
        "sourceItemId": "661_59",
        "compatibilityPiece": 1,
        "compatibilityPieceCount": 1,
        "artificialCutEdgesAreShore": false,
        "artificialCutEdgesEpsg3006": [],
        "bathymetry": null,
        "reviewStatus": "source-topology-and-level-verified",
        "geometryUse": "unchanged-source-water-union-runtime-partition"
      },
      "geometry": {
        "type": "Polygon",
        "coordinates": [
          [
            [
              596657.36,
              6615598.86,
              20.19
            ],
            [
              596657.49,
              6615596.68,
              20.19
            ],
            [
              596653.98,
              6615596.09,
              20.19
            ],
            [
              596628.91,
              6615594.62,
              20.19
            ],
            [
              596625.01,
              6615594.63,
              20.19
            ],
            [
              596617.33,
              6615596.63,
              20.19
            ],
            [
              596617.33,
              6615598.53,
              20.19
            ],
            [
              596617.88,
              6615598.76,
              20.19
            ],
            [
              596623.82,
              6615599.71,
              20.19
            ],
            [
              596636.22,
              6615600.44,
              20.19
            ],
            [
              596654.49,
              6615600.02,
              20.19
            ],
            [
              596657.36,
              6615598.86,
              20.19
            ]
          ]
        ]
      }
    },
    {
      "type": "Feature",
      "id": "lm-water-661_59-43-part-1",
      "properties": {
        "sourceId": "water-breaks-lm-1m",
        "sourceFid": 43,
        "classification": 1,
        "heightRH2000": 20.09,
        "heightRangeRH2000": [
          20.09,
          20.09
        ],
        "clipBoundaryIsShore": false,
        "parentWaterId": "lm-water-661_59-43",
        "sourceItemId": "661_59",
        "compatibilityPiece": 1,
        "compatibilityPieceCount": 1,
        "artificialCutEdgesAreShore": false,
        "artificialCutEdgesEpsg3006": [],
        "bathymetry": null,
        "reviewStatus": "source-topology-and-level-verified",
        "geometryUse": "unchanged-source-water-union-runtime-partition"
      },
      "geometry": {
        "type": "Polygon",
        "coordinates": [
          [
            [
              596822.5,
              6615627.08,
              20.09
            ],
            [
              596822.51,
              6615626.69,
              20.09
            ],
            [
              596816.47,
              6615626.25,
              20.09
            ],
            [
              596810.25,
              6615628.05,
              20.09
            ],
            [
              596807.93,
              6615628.92,
              20.09
            ],
            [
              596806.28,
              6615629.21,
              20.09
            ],
            [
              596805.01,
              6615629.58,
              20.09
            ],
            [
              596804.66,
              6615629.49,
              20.09
            ],
            [
              596801.37,
              6615630.07,
              20.09
            ],
            [
              596792.59,
              6615628.73,
              20.09
            ],
            [
              596784.43,
              6615626.59,
              20.09
            ],
            [
              596781.0,
              6615625.54,
              20.09
            ],
            [
              596777.64,
              6615626.31,
              20.09
            ],
            [
              596777.49,
              6615628.5,
              20.09
            ],
            [
              596780.49,
              6615629.88,
              20.09
            ],
            [
              596800.51,
              6615634.93,
              20.09
            ],
            [
              596804.49,
              6615634.98,
              20.09
            ],
            [
              596809.35,
              6615634.13,
              20.09
            ],
            [
              596816.93,
              6615631.31,
              20.09
            ],
            [
              596822.5,
              6615627.08,
              20.09
            ]
          ]
        ]
      }
    },
    {
      "type": "Feature",
      "id": "lm-water-661_59-44-part-1",
      "properties": {
        "sourceId": "water-breaks-lm-1m",
        "sourceFid": 44,
        "classification": 1,
        "heightRH2000": 20.29,
        "heightRangeRH2000": [
          20.29,
          20.29
        ],
        "clipBoundaryIsShore": false,
        "parentWaterId": "lm-water-661_59-44",
        "sourceItemId": "661_59",
        "compatibilityPiece": 1,
        "compatibilityPieceCount": 1,
        "artificialCutEdgesAreShore": false,
        "artificialCutEdgesEpsg3006": [],
        "bathymetry": null,
        "reviewStatus": "source-topology-and-level-verified",
        "geometryUse": "unchanged-source-water-union-runtime-partition"
      },
      "geometry": {
        "type": "Polygon",
        "coordinates": [
          [
            [
              596486.64,
              6615705.86,
              20.29
            ],
            [
              596487.99,
              6615704.49,
              20.29
            ],
            [
              596488.03,
              6615702.24,
              20.29
            ],
            [
              596483.09,
              6615703.07,
              20.29
            ],
            [
              596470.39,
              6615705.13,
              20.29
            ],
            [
              596467.62,
              6615706.28,
              20.29
            ],
            [
              596467.52,
              6615708.47,
              20.29
            ],
            [
              596474.95,
              6615710.51,
              20.29
            ],
            [
              596476.79,
              6615710.03,
              20.29
            ],
            [
              596486.64,
              6615705.86,
              20.29
            ]
          ]
        ]
      }
    },
    {
      "type": "Feature",
      "id": "lm-water-661_59-45-part-1",
      "properties": {
        "sourceId": "water-breaks-lm-1m",
        "sourceFid": 45,
        "classification": 1,
        "heightRH2000": 27.16,
        "heightRangeRH2000": [
          27.16,
          27.16
        ],
        "clipBoundaryIsShore": false,
        "parentWaterId": "lm-water-661_59-45",
        "sourceItemId": "661_59",
        "compatibilityPiece": 1,
        "compatibilityPieceCount": 1,
        "artificialCutEdgesAreShore": false,
        "artificialCutEdgesEpsg3006": [],
        "bathymetry": null,
        "reviewStatus": "source-topology-and-level-verified",
        "geometryUse": "unchanged-source-water-union-runtime-partition"
      },
      "geometry": {
        "type": "Polygon",
        "coordinates": [
          [
            [
              597118.04,
              6615717.05,
              27.16
            ],
            [
              597129.49,
              6615719.96,
              27.16
            ],
            [
              597132.39,
              6615718.85,
              27.16
            ],
            [
              597132.56,
              6615716.63,
              27.16
            ],
            [
              597120.26,
              6615704.72,
              27.16
            ],
            [
              597104.42,
              6615697.04,
              27.16
            ],
            [
              597101.62,
              6615697.55,
              27.16
            ],
            [
              597101.18,
              6615703.61,
              27.16
            ],
            [
              597105.52,
              6615709.17,
              27.16
            ],
            [
              597118.04,
              6615717.05,
              27.16
            ]
          ]
        ]
      }
    },
    {
      "type": "Feature",
      "id": "lm-water-661_59-46-part-1",
      "properties": {
        "sourceId": "water-breaks-lm-1m",
        "sourceFid": 46,
        "classification": 1,
        "heightRH2000": 20.34,
        "heightRangeRH2000": [
          20.34,
          20.34
        ],
        "clipBoundaryIsShore": false,
        "parentWaterId": "lm-water-661_59-46",
        "sourceItemId": "661_59",
        "compatibilityPiece": 1,
        "compatibilityPieceCount": 1,
        "artificialCutEdgesAreShore": false,
        "artificialCutEdgesEpsg3006": [],
        "bathymetry": null,
        "reviewStatus": "source-topology-and-level-verified",
        "geometryUse": "unchanged-source-water-union-runtime-partition"
      },
      "geometry": {
        "type": "Polygon",
        "coordinates": [
          [
            [
              596396.1,
              6615766.73,
              20.34
            ],
            [
              596401.28,
              6615761.45,
              20.34
            ],
            [
              596415.82,
              6615747.13,
              20.34
            ],
            [
              596422.52,
              6615737.64,
              20.34
            ],
            [
              596423.62,
              6615737.22,
              20.34
            ],
            [
              596431.16,
              6615725.49,
              20.34
            ],
            [
              596436.02,
              6615723.45,
              20.34
            ],
            [
              596446.93,
              6615717.16,
              20.34
            ],
            [
              596457.41,
              6615713.89,
              20.34
            ],
            [
              596457.5,
              6615711.68,
              20.34
            ],
            [
              596450.0,
              6615709.63,
              20.34
            ],
            [
              596441.46,
              6615711.19,
              20.34
            ],
            [
              596428.07,
              6615723.0,
              20.34
            ],
            [
              596424.2,
              6615724.21,
              20.34
            ],
            [
              596417.57,
              6615731.24,
              20.34
            ],
            [
              596417.58,
              6615733.68,
              20.34
            ],
            [
              596413.03,
              6615743.1,
              20.34
            ],
            [
              596403.59,
              6615753.57,
              20.34
            ],
            [
              596395.92,
              6615760.59,
              20.34
            ],
            [
              596392.02,
              6615765.66,
              20.34
            ],
            [
              596391.98,
              6615767.92,
              20.34
            ],
            [
              596394.09,
              6615768.18,
              20.34
            ],
            [
              596396.1,
              6615766.73,
              20.34
            ]
          ]
        ]
      }
    },
    {
      "type": "Feature",
      "id": "lm-water-661_59-47-part-1",
      "properties": {
        "sourceId": "water-breaks-lm-1m",
        "sourceFid": 47,
        "classification": 1,
        "heightRH2000": 21.66,
        "heightRangeRH2000": [
          21.66,
          21.66
        ],
        "clipBoundaryIsShore": false,
        "parentWaterId": "lm-water-661_59-47",
        "sourceItemId": "661_59",
        "compatibilityPiece": 1,
        "compatibilityPieceCount": 1,
        "artificialCutEdgesAreShore": false,
        "artificialCutEdgesEpsg3006": [],
        "bathymetry": null,
        "reviewStatus": "source-topology-and-level-verified",
        "geometryUse": "unchanged-source-water-union-runtime-partition"
      },
      "geometry": {
        "type": "Polygon",
        "coordinates": [
          [
            [
              597489.03,
              6615773.23,
              21.66
            ],
            [
              597497.99,
              6615768.42,
              21.66
            ],
            [
              597498.7,
              6615762.7,
              21.66
            ],
            [
              597495.98,
              6615761.93,
              21.66
            ],
            [
              597486.67,
              6615767.09,
              21.66
            ],
            [
              597486.25,
              6615772.48,
              21.66
            ],
            [
              597489.03,
              6615773.23,
              21.66
            ]
          ]
        ]
      }
    },
    {
      "type": "Feature",
      "id": "lm-water-661_59-48-part-1",
      "properties": {
        "sourceId": "water-breaks-lm-1m",
        "sourceFid": 48,
        "classification": 1,
        "heightRH2000": 26.58,
        "heightRangeRH2000": [
          26.58,
          26.58
        ],
        "clipBoundaryIsShore": false,
        "parentWaterId": "lm-water-661_59-48",
        "sourceItemId": "661_59",
        "compatibilityPiece": 1,
        "compatibilityPieceCount": 1,
        "artificialCutEdgesAreShore": false,
        "artificialCutEdgesEpsg3006": [],
        "bathymetry": null,
        "reviewStatus": "source-topology-and-level-verified",
        "geometryUse": "unchanged-source-water-union-runtime-partition"
      },
      "geometry": {
        "type": "Polygon",
        "coordinates": [
          [
            [
              597148.49,
              6615778.55,
              26.58
            ],
            [
              597136.29,
              6615781.49,
              26.58
            ],
            [
              597129.88,
              6615782.42,
              26.58
            ],
            [
              597125.92,
              6615785.59,
              26.58
            ],
            [
              597121.98,
              6615790.68,
              26.58
            ],
            [
              597121.82,
              6615794.07,
              26.58
            ],
            [
              597126.03,
              6615798.65,
              26.58
            ],
            [
              597136.07,
              6615803.66,
              26.58
            ],
            [
              597143.55,
              6615803.91,
              26.58
            ],
            [
              597187.48,
              6615783.89,
              26.58
            ],
            [
              597188.18,
              6615781.08,
              26.58
            ],
            [
              597185.38,
              6615777.21,
              26.58
            ],
            [
              597183.38,
              6615775.95,
              26.58
            ],
            [
              597176.31,
              6615769.23,
              26.58
            ],
            [
              597175.08,
              6615766.24,
              26.58
            ],
            [
              597172.09,
              6615763.15,
              26.58
            ],
            [
              597168.92,
              6615751.51,
              26.58
            ],
            [
              597164.42,
              6615747.1,
              26.58
            ],
            [
              597162.17,
              6615747.06,
              26.58
            ],
            [
              597162.62,
              6615751.36,
              26.58
            ],
            [
              597157.45,
              6615772.53,
              26.58
            ],
            [
              597151.15,
              6615776.2,
              26.58
            ],
            [
              597148.49,
              6615778.55,
              26.58
            ]
          ]
        ]
      }
    },
    {
      "type": "Feature",
      "id": "lm-water-661_59-49-part-1",
      "properties": {
        "sourceId": "water-breaks-lm-1m",
        "sourceFid": 49,
        "classification": 1,
        "heightRH2000": 24.23,
        "heightRangeRH2000": [
          24.23,
          24.23
        ],
        "clipBoundaryIsShore": false,
        "parentWaterId": "lm-water-661_59-49",
        "sourceItemId": "661_59",
        "compatibilityPiece": 1,
        "compatibilityPieceCount": 1,
        "artificialCutEdgesAreShore": false,
        "artificialCutEdgesEpsg3006": [],
        "bathymetry": null,
        "reviewStatus": "source-topology-and-level-verified",
        "geometryUse": "unchanged-source-water-union-runtime-partition"
      },
      "geometry": {
        "type": "Polygon",
        "coordinates": [
          [
            [
              597327.54,
              6615791.7,
              24.23
            ],
            [
              597324.9,
              6615790.85,
              24.23
            ],
            [
              597309.62,
              6615794.58,
              24.23
            ],
            [
              597286.26,
              6615794.63,
              24.23
            ],
            [
              597284.24,
              6615794.77,
              24.23
            ],
            [
              597276.06,
              6615796.49,
              24.23
            ],
            [
              597260.39,
              6615800.13,
              24.23
            ],
            [
              597257.59,
              6615801.29,
              24.23
            ],
            [
              597257.44,
              6615803.52,
              24.23
            ],
            [
              597266.05,
              6615808.67,
              24.23
            ],
            [
              597289.01,
              6615813.28,
              24.23
            ],
            [
              597313.56,
              6615808.98,
              24.23
            ],
            [
              597327.99,
              6615794.49,
              24.23
            ],
            [
              597327.54,
              6615791.7,
              24.23
            ]
          ]
        ]
      }
    },
    {
      "type": "Feature",
      "id": "lm-water-661_59-50-part-1",
      "properties": {
        "sourceId": "water-breaks-lm-1m",
        "sourceFid": 50,
        "classification": 1,
        "heightRH2000": 21.38,
        "heightRangeRH2000": [
          21.38,
          21.38
        ],
        "clipBoundaryIsShore": false,
        "parentWaterId": "lm-water-661_59-50",
        "sourceItemId": "661_59",
        "compatibilityPiece": 1,
        "compatibilityPieceCount": 1,
        "artificialCutEdgesAreShore": false,
        "artificialCutEdgesEpsg3006": [],
        "bathymetry": null,
        "reviewStatus": "source-topology-and-level-verified",
        "geometryUse": "unchanged-source-water-union-runtime-partition"
      },
      "geometry": {
        "type": "Polygon",
        "coordinates": [
          [
            [
              596297.02,
              6616115.66,
              21.38
            ],
            [
              596297.48,
              6616118.46,
              21.38
            ],
            [
              596303.54,
              6616118.9,
              21.38
            ],
            [
              596306.65,
              6616115.86,
              21.38
            ],
            [
              596310.61,
              6616110.16,
              21.38
            ],
            [
              596320.12,
              6616093.69,
              21.38
            ],
            [
              596325.7,
              6616072.74,
              21.38
            ],
            [
              596326.67,
              6616052.23,
              21.38
            ],
            [
              596327.75,
              6616046.7,
              21.38
            ],
            [
              596329.33,
              6616043.82,
              21.38
            ],
            [
              596321.04,
              6616019.16,
              21.38
            ],
            [
              596320.81,
              6616013.09,
              21.38
            ],
            [
              596319.65,
              6616009.74,
              21.38
            ],
            [
              596317.37,
              6615982.97,
              21.38
            ],
            [
              596313.81,
              6615972.68,
              21.38
            ],
            [
              596311.61,
              6615972.58,
              21.38
            ],
            [
              596310.53,
              6615976.54,
              21.38
            ],
            [
              596310.91,
              6615979.5,
              21.38
            ],
            [
              596309.57,
              6615987.48,
              21.38
            ],
            [
              596310.7,
              6615994.94,
              21.38
            ],
            [
              596310.92,
              6616006.32,
              21.38
            ],
            [
              596312.58,
              6616013.69,
              21.38
            ],
            [
              596311.16,
              6616019.04,
              21.38
            ],
            [
              596311.29,
              6616025.77,
              21.38
            ],
            [
              596310.43,
              6616043.33,
              21.38
            ],
            [
              596311.85,
              6616048.33,
              21.38
            ],
            [
              596312.81,
              6616049.08,
              21.38
            ],
            [
              596317.08,
              6616049.98,
              21.38
            ],
            [
              596319.18,
              6616052.49,
              21.38
            ],
            [
              596318.28,
              6616065.05,
              21.38
            ],
            [
              596315.34,
              6616075.8,
              21.38
            ],
            [
              596310.57,
              6616090.05,
              21.38
            ],
            [
              596304.81,
              6616101.24,
              21.38
            ],
            [
              596302.98,
              6616108.1,
              21.38
            ],
            [
              596297.02,
              6616115.66,
              21.38
            ]
          ]
        ]
      }
    },
    {
      "type": "Feature",
      "id": "lm-water-661_59-51-part-1",
      "properties": {
        "sourceId": "water-breaks-lm-1m",
        "sourceFid": 51,
        "classification": 1,
        "heightRH2000": 21.39,
        "heightRangeRH2000": [
          21.39,
          21.39
        ],
        "clipBoundaryIsShore": false,
        "parentWaterId": "lm-water-661_59-51",
        "sourceItemId": "661_59",
        "compatibilityPiece": 1,
        "compatibilityPieceCount": 1,
        "artificialCutEdgesAreShore": false,
        "artificialCutEdgesEpsg3006": [],
        "bathymetry": null,
        "reviewStatus": "source-topology-and-level-verified",
        "geometryUse": "unchanged-source-water-union-runtime-partition"
      },
      "geometry": {
        "type": "Polygon",
        "coordinates": [
          [
            [
              596259.02,
              6616188.23,
              21.39
            ],
            [
              596260.84,
              6616186.56,
              21.39
            ],
            [
              596266.25,
              6616176.79,
              21.39
            ],
            [
              596270.27,
              6616170.54,
              21.39
            ],
            [
              596271.99,
              6616167.06,
              21.39
            ],
            [
              596274.32,
              6616164.22,
              21.39
            ],
            [
              596274.5,
              6616163.95,
              21.39
            ],
            [
              596279.26,
              6616157.65,
              21.39
            ],
            [
              596281.99,
              6616152.06,
              21.39
            ],
            [
              596289.78,
              6616143.16,
              21.39
            ],
            [
              596291.97,
              6616139.4,
              21.39
            ],
            [
              596292.76,
              6616138.04,
              21.39
            ],
            [
              596292.54,
              6616136.7,
              21.39
            ],
            [
              596286.47,
              6616136.25,
              21.39
            ],
            [
              596280.92,
              6616140.59,
              21.39
            ],
            [
              596270.52,
              6616155.95,
              21.39
            ],
            [
              596266.4,
              6616161.11,
              21.39
            ],
            [
              596256.43,
              6616181.14,
              21.39
            ],
            [
              596256.31,
              6616187.46,
              21.39
            ],
            [
              596259.02,
              6616188.23,
              21.39
            ]
          ]
        ]
      }
    },
    {
      "type": "Feature",
      "id": "lm-water-661_59-52-part-1",
      "properties": {
        "sourceId": "water-breaks-lm-1m",
        "sourceFid": 52,
        "classification": 1,
        "heightRH2000": 21.39,
        "heightRangeRH2000": [
          21.39,
          21.39
        ],
        "clipBoundaryIsShore": false,
        "parentWaterId": "lm-water-661_59-52",
        "sourceItemId": "661_59",
        "compatibilityPiece": 1,
        "compatibilityPieceCount": 1,
        "artificialCutEdgesAreShore": false,
        "artificialCutEdgesEpsg3006": [],
        "bathymetry": null,
        "reviewStatus": "source-topology-and-level-verified",
        "geometryUse": "unchanged-source-water-union-runtime-partition"
      },
      "geometry": {
        "type": "Polygon",
        "coordinates": [
          [
            [
              596287.98,
              6616313.1,
              21.39
            ],
            [
              596281.97,
              6616325.67,
              21.39
            ],
            [
              596282.48,
              6616328.46,
              21.39
            ],
            [
              596285.1,
              6616329.29,
              21.39
            ],
            [
              596290.36,
              6616325.32,
              21.39
            ],
            [
              596298.23,
              6616309.76,
              21.39
            ],
            [
              596298.68,
              6616308.59,
              21.39
            ],
            [
              596303.09,
              6616284.47,
              21.39
            ],
            [
              596298.37,
              6616262.07,
              21.39
            ],
            [
              596287.17,
              6616257.06,
              21.39
            ],
            [
              596288.58,
              6616261.46,
              21.39
            ],
            [
              596292.92,
              6616267.02,
              21.39
            ],
            [
              596293.98,
              6616270.91,
              21.39
            ],
            [
              596294.51,
              6616289.86,
              21.39
            ],
            [
              596287.98,
              6616313.1,
              21.39
            ]
          ]
        ]
      }
    },
    {
      "type": "Feature",
      "id": "lm-water-661_59-57-part-1",
      "properties": {
        "sourceId": "water-breaks-lm-1m",
        "sourceFid": 57,
        "classification": 1,
        "heightRH2000": 29.4,
        "heightRangeRH2000": [
          29.4,
          29.4
        ],
        "clipBoundaryIsShore": false,
        "parentWaterId": "lm-water-661_59-57",
        "sourceItemId": "661_59",
        "compatibilityPiece": 1,
        "compatibilityPieceCount": 1,
        "artificialCutEdgesAreShore": false,
        "artificialCutEdgesEpsg3006": [],
        "bathymetry": null,
        "reviewStatus": "source-topology-and-level-verified",
        "geometryUse": "unchanged-source-water-union-runtime-partition"
      },
      "geometry": {
        "type": "Polygon",
        "coordinates": [
          [
            [
              598125.75,
              6613438.24,
              29.4
            ],
            [
              598129.03,
              6613439.06,
              29.4
            ],
            [
              598128.85,
              6613443.93,
              29.4
            ],
            [
              598127.11,
              6613448.57,
              29.4
            ],
            [
              598124.5,
              6613453.17,
              29.4
            ],
            [
              598123.3,
              6613457.31,
              29.4
            ],
            [
              598125.03,
              6613457.55,
              29.4
            ],
            [
              598128.38,
              6613456.28,
              29.4
            ],
            [
              598132.06,
              6613455.72,
              29.4
            ],
            [
              598141.06,
              6613452.58,
              29.4
            ],
            [
              598141.89,
              6613449.13,
              29.4
            ],
            [
              598140.28,
              6613440.88,
              29.4
            ],
            [
              598140.11,
              6613438.86,
              29.4
            ],
            [
              598133.35,
              6613432.09,
              29.4
            ],
            [
              598129.99,
              6613430.8,
              29.4
            ],
            [
              598121.41,
              6613432.64,
              29.4
            ],
            [
              598117.46,
              6613428.77,
              29.4
            ],
            [
              598117.54,
              6613421.7,
              29.4
            ],
            [
              598114.92,
              6613420.88,
              29.4
            ],
            [
              598112.09,
              6613421.87,
              29.4
            ],
            [
              598112.06,
              6613422.1,
              29.4
            ],
            [
              598117.33,
              6613435.32,
              29.4
            ],
            [
              598120.23,
              6613442.51,
              29.4
            ],
            [
              598118.18,
              6613444.79,
              29.4
            ],
            [
              598118.08,
              6613447.72,
              29.4
            ],
            [
              598118.26,
              6613448.22,
              29.4
            ],
            [
              598121.89,
              6613448.37,
              29.4
            ],
            [
              598124.24,
              6613446.02,
              29.4
            ],
            [
              598124.05,
              6613441.84,
              29.4
            ],
            [
              598125.75,
              6613438.24,
              29.4
            ]
          ]
        ]
      }
    },
    {
      "type": "Feature",
      "id": "lm-water-661_59-58-part-1",
      "properties": {
        "sourceId": "water-breaks-lm-1m",
        "sourceFid": 58,
        "classification": 1,
        "heightRH2000": 29.67,
        "heightRangeRH2000": [
          29.67,
          29.67
        ],
        "clipBoundaryIsShore": false,
        "parentWaterId": "lm-water-661_59-58",
        "sourceItemId": "661_59",
        "compatibilityPiece": 1,
        "compatibilityPieceCount": 1,
        "artificialCutEdgesAreShore": false,
        "artificialCutEdgesEpsg3006": [],
        "bathymetry": null,
        "reviewStatus": "source-topology-and-level-verified",
        "geometryUse": "unchanged-source-water-union-runtime-partition"
      },
      "geometry": {
        "type": "Polygon",
        "coordinates": [
          [
            [
              598884.51,
              6614065.08,
              29.67
            ],
            [
              598886.72,
              6614073.01,
              29.67
            ],
            [
              598893.55,
              6614073.91,
              29.67
            ],
            [
              598902.99,
              6614068.42,
              29.67
            ],
            [
              598904.84,
              6614064.56,
              29.67
            ],
            [
              598903.29,
              6614057.15,
              29.67
            ],
            [
              598895.01,
              6614054.68,
              29.67
            ],
            [
              598886.72,
              6614057.15,
              29.67
            ],
            [
              598884.51,
              6614065.08,
              29.67
            ]
          ]
        ]
      }
    },
    {
      "type": "Feature",
      "id": "lm-water-661_59-59-part-1",
      "properties": {
        "sourceId": "water-breaks-lm-1m",
        "sourceFid": 59,
        "classification": 1,
        "heightRH2000": 20.78,
        "heightRangeRH2000": [
          20.78,
          20.78
        ],
        "clipBoundaryIsShore": false,
        "parentWaterId": "lm-water-661_59-59",
        "sourceItemId": "661_59",
        "compatibilityPiece": 1,
        "compatibilityPieceCount": 1,
        "artificialCutEdgesAreShore": false,
        "artificialCutEdgesEpsg3006": [],
        "bathymetry": null,
        "reviewStatus": "source-topology-and-level-verified",
        "geometryUse": "unchanged-source-water-union-runtime-partition"
      },
      "geometry": {
        "type": "Polygon",
        "coordinates": [
          [
            [
              597620.72,
              6615413.37,
              20.78
            ],
            [
              597620.98,
              6615413.25,
              20.78
            ],
            [
              597627.32,
              6615411.71,
              20.78
            ],
            [
              597633.36,
              6615408.62,
              20.78
            ],
            [
              597638.51,
              6615403.27,
              20.78
            ],
            [
              597638.58,
              6615402.84,
              20.78
            ],
            [
              597638.84,
              6615396.54,
              20.78
            ],
            [
              597633.94,
              6615386.5,
              20.78
            ],
            [
              597629.42,
              6615382.09,
              20.78
            ],
            [
              597626.6,
              6615382.51,
              20.78
            ],
            [
              597622.98,
              6615398.1,
              20.78
            ],
            [
              597617.51,
              6615407.54,
              20.78
            ],
            [
              597612.58,
              6615411.26,
              20.78
            ],
            [
              597612.5,
              6615413.47,
              20.78
            ],
            [
              597620.72,
              6615413.37,
              20.78
            ]
          ]
        ]
      }
    },
    {
      "type": "Feature",
      "id": "lm-water-661_59-60-part-1",
      "properties": {
        "sourceId": "water-breaks-lm-1m",
        "sourceFid": 60,
        "classification": 1,
        "heightRH2000": 20.81,
        "heightRangeRH2000": [
          20.81,
          20.81
        ],
        "clipBoundaryIsShore": false,
        "parentWaterId": "lm-water-661_59-60",
        "sourceItemId": "661_59",
        "compatibilityPiece": 1,
        "compatibilityPieceCount": 1,
        "artificialCutEdgesAreShore": false,
        "artificialCutEdgesEpsg3006": [],
        "bathymetry": null,
        "reviewStatus": "source-topology-and-level-verified",
        "geometryUse": "unchanged-source-water-union-runtime-partition"
      },
      "geometry": {
        "type": "Polygon",
        "coordinates": [
          [
            [
              597596.74,
              6615449.99,
              20.81
            ],
            [
              597599.7,
              6615447.81,
              20.81
            ],
            [
              597604.51,
              6615441.68,
              20.81
            ],
            [
              597604.63,
              6615439.76,
              20.81
            ],
            [
              597601.09,
              6615429.84,
              20.81
            ],
            [
              597601.07,
              6615429.82,
              20.81
            ],
            [
              597601.04,
              6615429.71,
              20.81
            ],
            [
              597598.33,
              6615422.11,
              20.81
            ],
            [
              597591.46,
              6615421.29,
              20.81
            ],
            [
              597586.11,
              6615426.49,
              20.81
            ],
            [
              597581.43,
              6615436.14,
              20.81
            ],
            [
              597581.2,
              6615443.21,
              20.81
            ],
            [
              597581.43,
              6615443.86,
              20.81
            ],
            [
              597586.07,
              6615448.61,
              20.81
            ],
            [
              597590.51,
              6615449.93,
              20.81
            ],
            [
              597596.74,
              6615449.99,
              20.81
            ]
          ]
        ]
      }
    },
    {
      "type": "Feature",
      "id": "lm-water-661_59-61-part-1",
      "properties": {
        "sourceId": "water-breaks-lm-1m",
        "sourceFid": 61,
        "classification": 1,
        "heightRH2000": 18.75,
        "heightRangeRH2000": [
          18.75,
          18.75
        ],
        "clipBoundaryIsShore": false,
        "parentWaterId": "lm-water-661_59-61",
        "sourceItemId": "661_59",
        "compatibilityPiece": 1,
        "compatibilityPieceCount": 1,
        "artificialCutEdgesAreShore": false,
        "artificialCutEdgesEpsg3006": [],
        "bathymetry": null,
        "reviewStatus": "source-topology-and-level-verified",
        "geometryUse": "unchanged-source-water-union-runtime-partition"
      },
      "geometry": {
        "type": "Polygon",
        "coordinates": [
          [
            [
              597616.3,
              6615685.86,
              18.75
            ],
            [
              597622.4,
              6615672.23,
              18.75
            ],
            [
              597627.95,
              6615663.58,
              18.75
            ],
            [
              597627.92,
              6615662.0,
              18.75
            ],
            [
              597629.8,
              6615660.69,
              18.75
            ],
            [
              597630.74,
              6615659.24,
              18.75
            ],
            [
              597636.06,
              6615651.87,
              18.75
            ],
            [
              597643.58,
              6615634.02,
              18.75
            ],
            [
              597645.46,
              6615625.08,
              18.75
            ],
            [
              597643.9,
              6615616.54,
              18.75
            ],
            [
              597627.08,
              6615598.16,
              18.75
            ],
            [
              597622.45,
              6615588.78,
              18.75
            ],
            [
              597623.33,
              6615585.91,
              18.75
            ],
            [
              597622.86,
              6615579.95,
              18.75
            ],
            [
              597625.86,
              6615569.14,
              18.75
            ],
            [
              597627.99,
              6615562.42,
              18.75
            ],
            [
              597627.56,
              6615557.85,
              18.75
            ],
            [
              597623.25,
              6615555.58,
              18.75
            ],
            [
              597611.01,
              6615551.88,
              18.75
            ],
            [
              597600.0,
              6615557.85,
              18.75
            ],
            [
              597598.2,
              6615561.02,
              18.75
            ],
            [
              597600.26,
              6615568.33,
              18.75
            ],
            [
              597602.4,
              6615576.73,
              18.75
            ],
            [
              597603.58,
              6615583.98,
              18.75
            ],
            [
              597603.32,
              6615584.45,
              18.75
            ],
            [
              597603.51,
              6615585.05,
              18.75
            ],
            [
              597603.03,
              6615588.15,
              18.75
            ],
            [
              597598.13,
              6615593.05,
              18.75
            ],
            [
              597595.33,
              6615592.78,
              18.75
            ],
            [
              597592.62,
              6615593.91,
              18.75
            ],
            [
              597577.14,
              6615594.0,
              18.75
            ],
            [
              597574.73,
              6615594.58,
              18.75
            ],
            [
              597550.28,
              6615594.58,
              18.75
            ],
            [
              597541.99,
              6615593.05,
              18.75
            ],
            [
              597534.23,
              6615589.58,
              18.75
            ],
            [
              597521.52,
              6615585.86,
              18.75
            ],
            [
              597517.08,
              6615586.79,
              18.75
            ],
            [
              597515.76,
              6615590.1,
              18.75
            ],
            [
              597518.94,
              6615594.33,
              18.75
            ],
            [
              597531.39,
              6615598.07,
              18.75
            ],
            [
              597565.42,
              6615600.62,
              18.75
            ],
            [
              597589.04,
              6615601.08,
              18.75
            ],
            [
              597594.58,
              6615602.95,
              18.75
            ],
            [
              597603.14,
              6615603.65,
              18.75
            ],
            [
              597620.3,
              6615605.5,
              18.75
            ],
            [
              597627.65,
              6615607.22,
              18.75
            ],
            [
              597634.68,
              6615612.45,
              18.75
            ],
            [
              597635.81,
              6615614.84,
              18.75
            ],
            [
              597637.95,
              6615616.99,
              18.75
            ],
            [
              597638.44,
              6615620.42,
              18.75
            ],
            [
              597639.13,
              6615621.89,
              18.75
            ],
            [
              597638.7,
              6615622.3,
              18.75
            ],
            [
              597639.0,
              6615624.41,
              18.75
            ],
            [
              597637.5,
              6615627.57,
              18.75
            ],
            [
              597632.53,
              6615631.27,
              18.75
            ],
            [
              597632.58,
              6615638.68,
              18.75
            ],
            [
              597629.62,
              6615644.79,
              18.75
            ],
            [
              597620.38,
              6615654.08,
              18.75
            ],
            [
              597618.79,
              6615657.17,
              18.75
            ],
            [
              597612.98,
              6615673.1,
              18.75
            ],
            [
              597600.92,
              6615695.08,
              18.75
            ],
            [
              597598.67,
              6615701.41,
              18.75
            ],
            [
              597598.15,
              6615710.61,
              18.75
            ],
            [
              597598.45,
              6615719.42,
              18.75
            ],
            [
              597598.98,
              6615720.99,
              18.75
            ],
            [
              597600.02,
              6615743.62,
              18.75
            ],
            [
              597600.34,
              6615745.2,
              18.75
            ],
            [
              597601.71,
              6615748.03,
              18.75
            ],
            [
              597605.01,
              6615749.31,
              18.75
            ],
            [
              597607.39,
              6615748.77,
              18.75
            ],
            [
              597607.47,
              6615748.48,
              18.75
            ],
            [
              597606.76,
              6615746.32,
              18.75
            ],
            [
              597607.83,
              6615739.63,
              18.75
            ],
            [
              597607.43,
              6615731.47,
              18.75
            ],
            [
              597609.43,
              6615725.89,
              18.75
            ],
            [
              597609.95,
              6615719.75,
              18.75
            ],
            [
              597611.54,
              6615706.68,
              18.75
            ],
            [
              597614.35,
              6615694.84,
              18.75
            ],
            [
              597616.3,
              6615685.86,
              18.75
            ]
          ]
        ]
      }
    },
    {
      "type": "Feature",
      "id": "lm-water-661_59-63-part-1",
      "properties": {
        "sourceId": "water-breaks-lm-1m",
        "sourceFid": 63,
        "classification": 1,
        "heightRH2000": 16.34,
        "heightRangeRH2000": [
          16.34,
          16.34
        ],
        "clipBoundaryIsShore": false,
        "parentWaterId": "lm-water-661_59-63",
        "sourceItemId": "661_59",
        "compatibilityPiece": 1,
        "compatibilityPieceCount": 1,
        "artificialCutEdgesAreShore": false,
        "artificialCutEdgesEpsg3006": [],
        "bathymetry": null,
        "reviewStatus": "source-topology-and-level-verified",
        "geometryUse": "unchanged-source-water-union-runtime-partition"
      },
      "geometry": {
        "type": "Polygon",
        "coordinates": [
          [
            [
              599427.54,
              6615741.7,
              16.34
            ],
            [
              599421.47,
              6615741.25,
              16.34
            ],
            [
              599413.61,
              6615748.59,
              16.34
            ],
            [
              599411.98,
              6615752.92,
              16.34
            ],
            [
              599413.71,
              6615752.33,
              16.34
            ],
            [
              599414.26,
              6615751.82,
              16.34
            ],
            [
              599427.86,
              6615743.71,
              16.34
            ],
            [
              599427.54,
              6615741.7,
              16.34
            ]
          ]
        ]
      }
    },
    {
      "type": "Feature",
      "id": "lm-water-661_59-64-part-1",
      "properties": {
        "sourceId": "water-breaks-lm-1m",
        "sourceFid": 64,
        "classification": 1,
        "heightRH2000": 16.4,
        "heightRangeRH2000": [
          16.4,
          16.4
        ],
        "clipBoundaryIsShore": false,
        "parentWaterId": "lm-water-661_59-64",
        "sourceItemId": "661_59",
        "compatibilityPiece": 1,
        "compatibilityPieceCount": 1,
        "artificialCutEdgesAreShore": false,
        "artificialCutEdgesEpsg3006": [],
        "bathymetry": null,
        "reviewStatus": "source-topology-and-level-verified",
        "geometryUse": "unchanged-source-water-union-runtime-partition"
      },
      "geometry": {
        "type": "Polygon",
        "coordinates": [
          [
            [
              599378.52,
              6615786.39,
              16.4
            ],
            [
              599378.61,
              6615786.27,
              16.4
            ],
            [
              599382.99,
              6615779.49,
              16.4
            ],
            [
              599383.03,
              6615777.24,
              16.4
            ],
            [
              599380.92,
              6615776.97,
              16.4
            ],
            [
              599375.92,
              6615780.59,
              16.4
            ],
            [
              599368.04,
              6615793.11,
              16.4
            ],
            [
              599366.98,
              6615797.92,
              16.4
            ],
            [
              599369.09,
              6615798.18,
              16.4
            ],
            [
              599370.31,
              6615797.07,
              16.4
            ],
            [
              599378.52,
              6615786.39,
              16.4
            ]
          ]
        ]
      }
    },
    {
      "type": "Feature",
      "id": "lm-water-661_59-65-part-1",
      "properties": {
        "sourceId": "water-breaks-lm-1m",
        "sourceFid": 65,
        "classification": 1,
        "heightRH2000": 17.94,
        "heightRangeRH2000": [
          17.94,
          17.94
        ],
        "clipBoundaryIsShore": false,
        "parentWaterId": "lm-water-661_59-65",
        "sourceItemId": "661_59",
        "compatibilityPiece": 1,
        "compatibilityPieceCount": 1,
        "artificialCutEdgesAreShore": false,
        "artificialCutEdgesEpsg3006": [],
        "bathymetry": null,
        "reviewStatus": "source-topology-and-level-verified",
        "geometryUse": "unchanged-source-water-union-runtime-partition"
      },
      "geometry": {
        "type": "Polygon",
        "coordinates": [
          [
            [
              597695.7,
              6615819.22,
              17.94
            ],
            [
              597686.22,
              6615814.42,
              17.94
            ],
            [
              597685.11,
              6615819.58,
              17.94
            ],
            [
              597685.66,
              6615820.8,
              17.94
            ],
            [
              597692.29,
              6615824.16,
              17.94
            ],
            [
              597702.43,
              6615830.9,
              17.94
            ],
            [
              597707.44,
              6615832.64,
              17.94
            ],
            [
              597708.34,
              6615834.98,
              17.94
            ],
            [
              597708.55,
              6615835.13,
              17.94
            ],
            [
              597709.28,
              6615837.44,
              17.94
            ],
            [
              597711.2,
              6615842.48,
              17.94
            ],
            [
              597713.4,
              6615842.57,
              17.94
            ],
            [
              597714.83,
              6615835.97,
              17.94
            ],
            [
              597707.03,
              6615829.59,
              17.94
            ],
            [
              597695.7,
              6615819.22,
              17.94
            ]
          ]
        ]
      }
    },
    {
      "type": "Feature",
      "id": "lm-water-661_59-66-part-1",
      "properties": {
        "sourceId": "water-breaks-lm-1m",
        "sourceFid": 66,
        "classification": 1,
        "heightRH2000": 17.02,
        "heightRangeRH2000": [
          17.02,
          17.02
        ],
        "clipBoundaryIsShore": false,
        "parentWaterId": "lm-water-661_59-66",
        "sourceItemId": "661_59",
        "compatibilityPiece": 1,
        "compatibilityPieceCount": 1,
        "artificialCutEdgesAreShore": false,
        "artificialCutEdgesEpsg3006": [],
        "bathymetry": null,
        "reviewStatus": "source-topology-and-level-verified",
        "geometryUse": "unchanged-source-water-union-runtime-partition"
      },
      "geometry": {
        "type": "Polygon",
        "coordinates": [
          [
            [
              599100.0,
              6615864.63,
              17.02
            ],
            [
              599091.72,
              6615864.6,
              17.02
            ],
            [
              599085.3,
              6615865.8,
              17.02
            ],
            [
              599075.52,
              6615867.0,
              17.02
            ],
            [
              599073.63,
              6615868.6,
              17.02
            ],
            [
              599071.98,
              6615872.92,
              17.02
            ],
            [
              599085.36,
              6615870.58,
              17.02
            ],
            [
              599093.36,
              6615870.35,
              17.02
            ],
            [
              599101.41,
              6615868.84,
              17.02
            ],
            [
              599107.4,
              6615868.48,
              17.02
            ],
            [
              599107.49,
              6615866.68,
              17.02
            ],
            [
              599100.0,
              6615864.63,
              17.02
            ]
          ]
        ]
      }
    },
    {
      "type": "Feature",
      "id": "lm-water-661_59-67-part-1",
      "properties": {
        "sourceId": "water-breaks-lm-1m",
        "sourceFid": 67,
        "classification": 1,
        "heightRH2000": 17.54,
        "heightRangeRH2000": [
          17.54,
          17.54
        ],
        "clipBoundaryIsShore": false,
        "parentWaterId": "lm-water-661_59-67",
        "sourceItemId": "661_59",
        "compatibilityPiece": 1,
        "compatibilityPieceCount": 1,
        "artificialCutEdgesAreShore": false,
        "artificialCutEdgesEpsg3006": [],
        "bathymetry": null,
        "reviewStatus": "source-topology-and-level-verified",
        "geometryUse": "unchanged-source-water-union-runtime-partition"
      },
      "geometry": {
        "type": "Polygon",
        "coordinates": [
          [
            [
              598008.4,
              6615882.58,
              17.54
            ],
            [
              598009.92,
              6615875.56,
              17.54
            ],
            [
              598003.5,
              6615862.33,
              17.54
            ],
            [
              598001.57,
              6615862.37,
              17.54
            ],
            [
              598001.04,
              6615864.93,
              17.54
            ],
            [
              598001.65,
              6615865.67,
              17.54
            ],
            [
              598004.95,
              6615874.73,
              17.54
            ],
            [
              598007.23,
              6615882.54,
              17.54
            ],
            [
              598008.4,
              6615882.58,
              17.54
            ]
          ]
        ]
      }
    },
    {
      "type": "Feature",
      "id": "lm-water-661_59-68-part-1",
      "properties": {
        "sourceId": "water-breaks-lm-1m",
        "sourceFid": 68,
        "classification": 1,
        "heightRH2000": 16.79,
        "heightRangeRH2000": [
          16.79,
          16.79
        ],
        "clipBoundaryIsShore": false,
        "parentWaterId": "lm-water-661_59-68",
        "sourceItemId": "661_59",
        "compatibilityPiece": 1,
        "compatibilityPieceCount": 1,
        "artificialCutEdgesAreShore": false,
        "artificialCutEdgesEpsg3006": [],
        "bathymetry": null,
        "reviewStatus": "source-topology-and-level-verified",
        "geometryUse": "unchanged-source-water-union-runtime-partition"
      },
      "geometry": {
        "type": "Polygon",
        "coordinates": [
          [
            [
              599203.04,
              6615887.05,
              16.79
            ],
            [
              599207.85,
              6615888.1,
              16.79
            ],
            [
              599208.11,
              6615886.0,
              16.79
            ],
            [
              599203.98,
              6615881.51,
              16.79
            ],
            [
              599189.42,
              6615872.1,
              16.79
            ],
            [
              599186.62,
              6615872.55,
              16.79
            ],
            [
              599186.72,
              6615877.08,
              16.79
            ],
            [
              599196.21,
              6615883.28,
              16.79
            ],
            [
              599203.04,
              6615887.05,
              16.79
            ]
          ]
        ]
      }
    },
    {
      "type": "Feature",
      "id": "lm-water-661_59-69-part-1",
      "properties": {
        "sourceId": "water-breaks-lm-1m",
        "sourceFid": 69,
        "classification": 1,
        "heightRH2000": 17.0,
        "heightRangeRH2000": [
          17.0,
          17.0
        ],
        "clipBoundaryIsShore": false,
        "parentWaterId": "lm-water-661_59-69",
        "sourceItemId": "661_59",
        "compatibilityPiece": 1,
        "compatibilityPieceCount": 1,
        "artificialCutEdgesAreShore": false,
        "artificialCutEdgesEpsg3006": [],
        "bathymetry": null,
        "reviewStatus": "source-topology-and-level-verified",
        "geometryUse": "unchanged-source-water-union-runtime-partition"
      },
      "geometry": {
        "type": "Polygon",
        "coordinates": [
          [
            [
              599019.09,
              6615913.18,
              17.0
            ],
            [
              599023.79,
              6615909.79,
              17.0
            ],
            [
              599024.48,
              6615909.18,
              17.0
            ],
            [
              599034.09,
              6615899.57,
              17.0
            ],
            [
              599037.99,
              6615894.49,
              17.0
            ],
            [
              599038.03,
              6615892.24,
              17.0
            ],
            [
              599035.92,
              6615891.97,
              17.0
            ],
            [
              599030.92,
              6615895.59,
              17.0
            ],
            [
              599018.61,
              6615908.59,
              17.0
            ],
            [
              599016.98,
              6615912.92,
              17.0
            ],
            [
              599019.09,
              6615913.18,
              17.0
            ]
          ]
        ]
      }
    },
    {
      "type": "Feature",
      "id": "lm-water-661_59-70-part-1",
      "properties": {
        "sourceId": "water-breaks-lm-1m",
        "sourceFid": 70,
        "classification": 1,
        "heightRH2000": 17.92,
        "heightRangeRH2000": [
          17.92,
          17.92
        ],
        "clipBoundaryIsShore": false,
        "parentWaterId": "lm-water-661_59-70",
        "sourceItemId": "661_59",
        "compatibilityPiece": 1,
        "compatibilityPieceCount": 1,
        "artificialCutEdgesAreShore": false,
        "artificialCutEdgesEpsg3006": [],
        "bathymetry": null,
        "reviewStatus": "source-topology-and-level-verified",
        "geometryUse": "unchanged-source-water-union-runtime-partition"
      },
      "geometry": {
        "type": "Polygon",
        "coordinates": [
          [
            [
              597701.39,
              6615940.42,
              17.92
            ],
            [
              597701.72,
              6615927.69,
              17.92
            ],
            [
              597698.83,
              6615922.65,
              17.92
            ],
            [
              597696.62,
              6615922.57,
              17.92
            ],
            [
              597695.83,
              6615925.44,
              17.92
            ],
            [
              597695.44,
              6615940.39,
              17.92
            ],
            [
              597700.94,
              6615951.33,
              17.92
            ],
            [
              597701.91,
              6615952.96,
              17.92
            ],
            [
              597708.16,
              6615957.5,
              17.92
            ],
            [
              597710.59,
              6615958.73,
              17.92
            ],
            [
              597712.37,
              6615958.78,
              17.92
            ],
            [
              597712.56,
              6615956.63,
              17.92
            ],
            [
              597707.58,
              6615952.55,
              17.92
            ],
            [
              597706.02,
              6615949.17,
              17.92
            ],
            [
              597705.88,
              6615948.0,
              17.92
            ],
            [
              597701.39,
              6615940.42,
              17.92
            ]
          ]
        ]
      }
    },
    {
      "type": "Feature",
      "id": "lm-water-661_59-71-part-1",
      "properties": {
        "sourceId": "water-breaks-lm-1m",
        "sourceFid": 71,
        "classification": 1,
        "heightRH2000": 17.37,
        "heightRangeRH2000": [
          17.37,
          17.37
        ],
        "clipBoundaryIsShore": false,
        "parentWaterId": "lm-water-661_59-71",
        "sourceItemId": "661_59",
        "compatibilityPiece": 1,
        "compatibilityPieceCount": 1,
        "artificialCutEdgesAreShore": false,
        "artificialCutEdgesEpsg3006": [],
        "bathymetry": null,
        "reviewStatus": "source-topology-and-level-verified",
        "geometryUse": "unchanged-source-water-union-runtime-partition"
      },
      "geometry": {
        "type": "Polygon",
        "coordinates": [
          [
            [
              598116.71,
              6615956.45,
              17.37
            ],
            [
              598100.6,
              6615956.54,
              17.37
            ],
            [
              598086.33,
              6615952.47,
              17.37
            ],
            [
              598083.49,
              6615951.49,
              17.37
            ],
            [
              598077.65,
              6615951.38,
              17.37
            ],
            [
              598077.46,
              6615953.52,
              17.37
            ],
            [
              598083.04,
              6615957.05,
              17.37
            ],
            [
              598091.67,
              6615959.56,
              17.37
            ],
            [
              598096.62,
              6615960.53,
              17.37
            ],
            [
              598110.01,
              6615960.58,
              17.37
            ],
            [
              598117.37,
              6615958.85,
              17.37
            ],
            [
              598117.51,
              6615956.67,
              17.37
            ],
            [
              598116.71,
              6615956.45,
              17.37
            ]
          ]
        ]
      }
    },
    {
      "type": "Feature",
      "id": "lm-water-661_59-72-part-1",
      "properties": {
        "sourceId": "water-breaks-lm-1m",
        "sourceFid": 72,
        "classification": 1,
        "heightRH2000": 17.3,
        "heightRangeRH2000": [
          17.3,
          17.3
        ],
        "clipBoundaryIsShore": false,
        "parentWaterId": "lm-water-661_59-72",
        "sourceItemId": "661_59",
        "compatibilityPiece": 1,
        "compatibilityPieceCount": 1,
        "artificialCutEdgesAreShore": false,
        "artificialCutEdgesEpsg3006": [],
        "bathymetry": null,
        "reviewStatus": "source-topology-and-level-verified",
        "geometryUse": "unchanged-source-water-union-runtime-partition"
      },
      "geometry": {
        "type": "Polygon",
        "coordinates": [
          [
            [
              598210.07,
              6615980.8,
              17.3
            ],
            [
              598219.31,
              6615993.78,
              17.3
            ],
            [
              598224.26,
              6616006.75,
              17.3
            ],
            [
              598225.59,
              6616008.06,
              17.3
            ],
            [
              598228.39,
              6616007.61,
              17.3
            ],
            [
              598228.42,
              6616007.21,
              17.3
            ],
            [
              598220.52,
              6615989.1,
              17.3
            ],
            [
              598212.89,
              6615977.75,
              17.3
            ],
            [
              598208.09,
              6615973.05,
              17.3
            ],
            [
              598204.5,
              6615970.94,
              17.3
            ],
            [
              598202.26,
              6615967.72,
              17.3
            ],
            [
              598194.86,
              6615962.59,
              17.3
            ],
            [
              598186.64,
              6615960.09,
              17.3
            ],
            [
              598177.64,
              6615961.31,
              17.3
            ],
            [
              598177.58,
              6615962.04,
              17.3
            ],
            [
              598181.96,
              6615962.25,
              17.3
            ],
            [
              598193.06,
              6615967.27,
              17.3
            ],
            [
              598202.31,
              6615973.4,
              17.3
            ],
            [
              598210.07,
              6615980.8,
              17.3
            ]
          ]
        ]
      }
    },
    {
      "type": "Feature",
      "id": "lm-water-661_59-73-part-1",
      "properties": {
        "sourceId": "water-breaks-lm-1m",
        "sourceFid": 73,
        "classification": 1,
        "heightRH2000": 17.05,
        "heightRangeRH2000": [
          17.05,
          17.05
        ],
        "clipBoundaryIsShore": false,
        "parentWaterId": "lm-water-661_59-73",
        "sourceItemId": "661_59",
        "compatibilityPiece": 1,
        "compatibilityPieceCount": 1,
        "artificialCutEdgesAreShore": false,
        "artificialCutEdgesEpsg3006": [],
        "bathymetry": null,
        "reviewStatus": "source-topology-and-level-verified",
        "geometryUse": "unchanged-source-water-union-runtime-partition"
      },
      "geometry": {
        "type": "Polygon",
        "coordinates": [
          [
            [
              598637.53,
              6616001.65,
              17.05
            ],
            [
              598623.95,
              6615996.5,
              17.05
            ],
            [
              598617.65,
              6615996.38,
              17.05
            ],
            [
              598617.46,
              6615998.52,
              17.05
            ],
            [
              598620.62,
              6616000.52,
              17.05
            ],
            [
              598637.39,
              6616003.75,
              17.05
            ],
            [
              598637.53,
              6616001.65,
              17.05
            ]
          ]
        ]
      }
    },
    {
      "type": "Feature",
      "id": "lm-water-661_59-74-part-1",
      "properties": {
        "sourceId": "water-breaks-lm-1m",
        "sourceFid": 74,
        "classification": 1,
        "heightRH2000": 17.04,
        "heightRangeRH2000": [
          17.04,
          17.04
        ],
        "clipBoundaryIsShore": false,
        "parentWaterId": "lm-water-661_59-74",
        "sourceItemId": "661_59",
        "compatibilityPiece": 1,
        "compatibilityPieceCount": 1,
        "artificialCutEdgesAreShore": false,
        "artificialCutEdgesEpsg3006": [],
        "bathymetry": null,
        "reviewStatus": "source-topology-and-level-verified",
        "geometryUse": "unchanged-source-water-union-runtime-partition"
      },
      "geometry": {
        "type": "Polygon",
        "coordinates": [
          [
            [
              598656.41,
              6616001.36,
              17.04
            ],
            [
              598652.32,
              6616000.57,
              17.04
            ],
            [
              598647.64,
              6616001.31,
              17.04
            ],
            [
              598647.48,
              6616003.51,
              17.04
            ],
            [
              598658.04,
              6616007.1,
              17.04
            ],
            [
              598664.98,
              6616009.34,
              17.04
            ],
            [
              598667.37,
              6616008.78,
              17.04
            ],
            [
              598667.56,
              6616006.63,
              17.04
            ],
            [
              598657.45,
              6616001.68,
              17.04
            ],
            [
              598656.41,
              6616001.36,
              17.04
            ]
          ]
        ]
      }
    },
    {
      "type": "Feature",
      "id": "lm-water-661_59-75-part-1",
      "properties": {
        "sourceId": "water-breaks-lm-1m",
        "sourceFid": 75,
        "classification": 1,
        "heightRH2000": 16.95,
        "heightRangeRH2000": [
          16.95,
          16.95
        ],
        "clipBoundaryIsShore": false,
        "parentWaterId": "lm-water-661_59-75",
        "sourceItemId": "661_59",
        "compatibilityPiece": 1,
        "compatibilityPieceCount": 1,
        "artificialCutEdgesAreShore": false,
        "artificialCutEdgesEpsg3006": [],
        "bathymetry": null,
        "reviewStatus": "source-topology-and-level-verified",
        "geometryUse": "unchanged-source-water-union-runtime-partition"
      },
      "geometry": {
        "type": "Polygon",
        "coordinates": [
          [
            [
              598760.1,
              6616034.63,
              16.95
            ],
            [
              598744.01,
              6616034.6,
              16.95
            ],
            [
              598737.44,
              6616035.29,
              16.95
            ],
            [
              598734.13,
              6616034.59,
              16.95
            ],
            [
              598730.41,
              6616034.58,
              16.95
            ],
            [
              598722.01,
              6616033.03,
              16.95
            ],
            [
              598698.95,
              6616016.55,
              16.95
            ],
            [
              598694.51,
              6616015.23,
              16.95
            ],
            [
              598687.63,
              6616016.31,
              16.95
            ],
            [
              598687.59,
              6616016.86,
              16.95
            ],
            [
              598690.02,
              6616017.56,
              16.95
            ],
            [
              598698.94,
              6616022.44,
              16.95
            ],
            [
              598705.14,
              6616027.4,
              16.95
            ],
            [
              598710.75,
              6616031.45,
              16.95
            ],
            [
              598713.03,
              6616032.11,
              16.95
            ],
            [
              598718.32,
              6616036.39,
              16.95
            ],
            [
              598725.66,
              6616038.87,
              16.95
            ],
            [
              598733.5,
              6616040.53,
              16.95
            ],
            [
              598744.31,
              6616040.55,
              16.95
            ],
            [
              598753.98,
              6616039.54,
              16.95
            ],
            [
              598767.45,
              6616037.43,
              16.95
            ],
            [
              598767.5,
              6616036.67,
              16.95
            ],
            [
              598760.1,
              6616034.63,
              16.95
            ]
          ]
        ]
      }
    },
    {
      "type": "Feature",
      "id": "lm-water-661_59-76-part-1",
      "properties": {
        "sourceId": "water-breaks-lm-1m",
        "sourceFid": 76,
        "classification": 1,
        "heightRH2000": 17.13,
        "heightRangeRH2000": [
          17.13,
          17.13
        ],
        "clipBoundaryIsShore": false,
        "parentWaterId": "lm-water-661_59-76",
        "sourceItemId": "661_59",
        "compatibilityPiece": 1,
        "compatibilityPieceCount": 1,
        "artificialCutEdgesAreShore": false,
        "artificialCutEdgesEpsg3006": [],
        "bathymetry": null,
        "reviewStatus": "source-topology-and-level-verified",
        "geometryUse": "unchanged-source-water-union-runtime-partition"
      },
      "geometry": {
        "type": "Polygon",
        "coordinates": [
          [
            [
              598462.02,
              6616045.66,
              17.13
            ],
            [
              598461.98,
              6616047.92,
              17.13
            ],
            [
              598466.31,
              6616047.17,
              17.13
            ],
            [
              598468.77,
              6616045.87,
              17.13
            ],
            [
              598492.56,
              6616034.03,
              17.13
            ],
            [
              598519.52,
              6616023.39,
              17.13
            ],
            [
              598537.28,
              6616015.21,
              17.13
            ],
            [
              598537.99,
              6616014.49,
              17.13
            ],
            [
              598538.03,
              6616012.24,
              17.13
            ],
            [
              598533.1,
              6616013.07,
              17.13
            ],
            [
              598522.47,
              6616015.88,
              17.13
            ],
            [
              598520.42,
              6616016.67,
              17.13
            ],
            [
              598498.08,
              6616028.0,
              17.13
            ],
            [
              598486.43,
              6616031.16,
              17.13
            ],
            [
              598466.43,
              6616041.15,
              17.13
            ],
            [
              598462.02,
              6616045.66,
              17.13
            ]
          ]
        ]
      }
    },
    {
      "type": "Feature",
      "id": "lm-water-661_59-77-part-1",
      "properties": {
        "sourceId": "water-breaks-lm-1m",
        "sourceFid": 77,
        "classification": 1,
        "heightRH2000": 17.31,
        "heightRangeRH2000": [
          17.31,
          17.31
        ],
        "clipBoundaryIsShore": false,
        "parentWaterId": "lm-water-661_59-77",
        "sourceItemId": "661_59",
        "compatibilityPiece": 1,
        "compatibilityPieceCount": 1,
        "artificialCutEdgesAreShore": false,
        "artificialCutEdgesEpsg3006": [],
        "bathymetry": null,
        "reviewStatus": "source-topology-and-level-verified",
        "geometryUse": "unchanged-source-water-union-runtime-partition"
      },
      "geometry": {
        "type": "Polygon",
        "coordinates": [
          [
            [
              598252.08,
              6616053.16,
              17.31
            ],
            [
              598249.83,
              6616048.65,
              17.31
            ],
            [
              598247.26,
              6616045.08,
              17.31
            ],
            [
              598235.05,
              6616022.42,
              17.31
            ],
            [
              598232.96,
              6616017.62,
              17.31
            ],
            [
              598231.62,
              6616017.57,
              17.31
            ],
            [
              598231.17,
              6616023.62,
              17.31
            ],
            [
              598237.93,
              6616037.01,
              17.31
            ],
            [
              598238.63,
              6616039.57,
              17.31
            ],
            [
              598243.3,
              6616048.69,
              17.31
            ],
            [
              598257.67,
              6616066.82,
              17.31
            ],
            [
              598262.86,
              6616072.7,
              17.31
            ],
            [
              598263.39,
              6616072.61,
              17.31
            ],
            [
              598263.77,
              6616067.4,
              17.31
            ],
            [
              598260.34,
              6616063.24,
              17.31
            ],
            [
              598257.63,
              6616059.49,
              17.31
            ],
            [
              598252.08,
              6616053.16,
              17.31
            ]
          ]
        ]
      }
    },
    {
      "type": "Feature",
      "id": "lm-water-661_59-78-part-1",
      "properties": {
        "sourceId": "water-breaks-lm-1m",
        "sourceFid": 78,
        "classification": 1,
        "heightRH2000": 17.22,
        "heightRangeRH2000": [
          17.22,
          17.22
        ],
        "clipBoundaryIsShore": false,
        "parentWaterId": "lm-water-661_59-78",
        "sourceItemId": "661_59",
        "compatibilityPiece": 1,
        "compatibilityPieceCount": 1,
        "artificialCutEdgesAreShore": false,
        "artificialCutEdgesEpsg3006": [],
        "bathymetry": null,
        "reviewStatus": "source-topology-and-level-verified",
        "geometryUse": "unchanged-source-water-union-runtime-partition"
      },
      "geometry": {
        "type": "Polygon",
        "coordinates": [
          [
            [
              598411.98,
              6616092.92,
              17.22
            ],
            [
              598413.21,
              6616093.07,
              17.22
            ],
            [
              598421.37,
              6616086.25,
              17.22
            ],
            [
              598429.18,
              6616077.81,
              17.22
            ],
            [
              598440.81,
              6616066.65,
              17.22
            ],
            [
              598449.55,
              6616058.52,
              17.22
            ],
            [
              598450.5,
              6616057.74,
              17.22
            ],
            [
              598452.99,
              6616054.49,
              17.22
            ],
            [
              598453.03,
              6616052.24,
              17.22
            ],
            [
              598448.62,
              6616053.65,
              17.22
            ],
            [
              598419.19,
              6616082.39,
              17.22
            ],
            [
              598418.73,
              6616083.09,
              17.22
            ],
            [
              598417.4,
              6616084.14,
              17.22
            ],
            [
              598415.92,
              6616085.59,
              17.22
            ],
            [
              598412.02,
              6616090.66,
              17.22
            ],
            [
              598411.98,
              6616092.92,
              17.22
            ]
          ]
        ]
      }
    },
    {
      "type": "Feature",
      "id": "lm-water-661_59-79-part-1",
      "properties": {
        "sourceId": "water-breaks-lm-1m",
        "sourceFid": 79,
        "classification": 1,
        "heightRH2000": 17.24,
        "heightRangeRH2000": [
          17.24,
          17.24
        ],
        "clipBoundaryIsShore": false,
        "parentWaterId": "lm-water-661_59-79",
        "sourceItemId": "661_59",
        "compatibilityPiece": 1,
        "compatibilityPieceCount": 1,
        "artificialCutEdgesAreShore": false,
        "artificialCutEdgesEpsg3006": [],
        "bathymetry": null,
        "reviewStatus": "source-topology-and-level-verified",
        "geometryUse": "unchanged-source-water-union-runtime-partition"
      },
      "geometry": {
        "type": "Polygon",
        "coordinates": [
          [
            [
              598301.65,
              6616113.26,
              17.24
            ],
            [
              598303.32,
              6616113.62,
              17.24
            ],
            [
              598311.38,
              6616113.63,
              17.24
            ],
            [
              598312.39,
              6616113.82,
              17.24
            ],
            [
              598312.56,
              6616111.63,
              17.24
            ],
            [
              598307.08,
              6616107.79,
              17.24
            ],
            [
              598305.02,
              6616107.17,
              17.24
            ],
            [
              598294.86,
              6616101.52,
              17.24
            ],
            [
              598281.31,
              6616088.67,
              17.24
            ],
            [
              598277.97,
              6616084.62,
              17.24
            ],
            [
              598274.42,
              6616082.1,
              17.24
            ],
            [
              598272.17,
              6616082.06,
              17.24
            ],
            [
              598272.04,
              6616083.07,
              17.24
            ],
            [
              598278.94,
              6616090.87,
              17.24
            ],
            [
              598284.69,
              6616098.53,
              17.24
            ],
            [
              598284.98,
              6616101.9,
              17.24
            ],
            [
              598286.08,
              6616103.66,
              17.24
            ],
            [
              598291.03,
              6616108.65,
              17.24
            ],
            [
              598301.65,
              6616113.26,
              17.24
            ]
          ]
        ]
      }
    }
  ]
}
