{
  "type": "FeatureCollection",
  "crs": {
    "type": "name",
    "properties": {
      "name": "EPSG:3006"
    }
  },
  "features": [
    {
      "type": "Feature",
      "geometry": {
        "type": "Polygon",
        "coordinates": [
          [
            [
              687100.0,
              6370800.0
            ],
            [
              687100.0,
              6370727.175641407
            ],
            [
              687087.8695829065,
              6370732.527164243
            ],
            [
              687082.9422187746,
              6370800.0
            ],
            [
              687100.0,
              6370800.0
            ]
          ]
        ]
      },
      "properties": {
        "id": "cell-687000-6370700",
        "bounds": [
          687000,
          6370700,
          687100,
          6370800
        ],
        "areaMetres2": 1017.1633576483516,
        "priorCorridorAreaMetres2": 0.0,
        "extensionAreaMetres2": 1017.1633576483516,
        "reviewableAreaMetres2": 1017.1633576483516,
        "priorInspected": false,
        "selected": true,
        "status": "unreviewed",
        "inspected": false,
        "issueIds": [],
        "holes": [
          1
        ],
        "scene": "r5-001"
      }
    },
    {
      "type": "Feature",
      "geometry": {
        "type": "Polygon",
        "coordinates": [
          [
            [
              687100.0,
              6370900.0
            ],
            [
              687100.0,
              6370800.0
            ],
            [
              687082.9422187746,
              6370800.0
            ],
            [
              687076.1035647502,
              6370893.645074209
            ],
            [
              687077.9791465359,
              6370900.0
            ],
            [
              687100.0,
              6370900.0
            ]
          ]
        ]
      },
      "properties": {
        "id": "cell-687000-6370800",
        "bounds": [
          687000,
          6370800,
          687100,
          6370900
        ],
        "areaMetres2": 2063.480801648199,
        "priorCorridorAreaMetres2": 0.0,
        "extensionAreaMetres2": 2063.480801648199,
        "reviewableAreaMetres2": 2063.480801648199,
        "priorInspected": false,
        "selected": true,
        "status": "unreviewed",
        "inspected": false,
        "issueIds": [],
        "holes": [
          1
        ],
        "scene": "r5-002"
      }
    },
    {
      "type": "Feature",
      "geometry": {
        "type": "Polygon",
        "coordinates": [
          [
            [
              687100.0,
              6370900.0
            ],
            [
              687077.9791465359,
              6370900.0
            ],
            [
              687100.0,
              6370974.611990097
            ],
            [
              687100.0,
              6370900.0
            ]
          ]
        ]
      },
      "properties": {
        "id": "cell-687000-6370900",
        "bounds": [
          687000,
          6370900,
          687100,
          6371000
        ],
        "areaMetres2": 821.5098502968083,
        "priorCorridorAreaMetres2": 0.0,
        "extensionAreaMetres2": 821.5098502968083,
        "reviewableAreaMetres2": 821.5098502968083,
        "priorInspected": false,
        "selected": true,
        "status": "unreviewed",
        "inspected": false,
        "issueIds": [],
        "holes": [
          1
        ],
        "scene": "r5-003"
      }
    },
    {
      "type": "Feature",
      "geometry": {
        "type": "Polygon",
        "coordinates": [
          [
            [
              687200.0,
              6370700.0
            ],
            [
              687200.0,
              6370683.059080576
            ],
            [
              687161.5996371767,
              6370700.0
            ],
            [
              687200.0,
              6370700.0
            ]
          ]
        ]
      },
      "properties": {
        "id": "cell-687100-6370600",
        "bounds": [
          687100,
          6370600,
          687200,
          6370700
        ],
        "areaMetres2": 325.2687262285508,
        "priorCorridorAreaMetres2": 2.7504737225805886,
        "extensionAreaMetres2": 322.51825250597017,
        "reviewableAreaMetres2": 322.51825250597017,
        "priorInspected": true,
        "selected": true,
        "status": "unreviewed",
        "inspected": false,
        "issueIds": [],
        "holes": [
          1
        ],
        "priorCorridorStatus": "reviewed",
        "scene": "r5-004"
      }
    },
    {
      "type": "Feature",
      "geometry": {
        "type": "Polygon",
        "coordinates": [
          [
            [
              687100.0,
              6370800.0
            ],
            [
              687200.0,
              6370800.0
            ],
            [
              687200.0,
              6370700.0
            ],
            [
              687161.5996371767,
              6370700.0
            ],
            [
              687100.0,
              6370727.175641407
            ],
            [
              687100.0,
              6370800.0
            ]
          ]
        ]
      },
      "properties": {
        "id": "cell-687100-6370700",
        "bounds": [
          687100,
          6370700,
          687200,
          6370800
        ],
        "areaMetres2": 9162.995174634036,
        "priorCorridorAreaMetres2": 6213.344936440421,
        "extensionAreaMetres2": 2949.6502381936125,
        "reviewableAreaMetres2": 2949.650238193614,
        "priorInspected": true,
        "selected": true,
        "status": "unreviewed",
        "inspected": false,
        "issueIds": [],
        "holes": [
          1,
          2,
          9
        ],
        "priorCorridorStatus": "ambiguous",
        "scene": "r5-005"
      }
    },
    {
      "type": "Feature",
      "geometry": {
        "type": "Polygon",
        "coordinates": [
          [
            [
              687100.0,
              6370800.0
            ],
            [
              687100.0,
              6370900.0
            ],
            [
              687200.0,
              6370900.0
            ],
            [
              687200.0,
              6370800.0
            ],
            [
              687100.0,
              6370800.0
            ]
          ]
        ]
      },
      "properties": {
        "id": "cell-687100-6370800",
        "bounds": [
          687100,
          6370800,
          687200,
          6370900
        ],
        "areaMetres2": 10000.0,
        "priorCorridorAreaMetres2": 5260.92850144707,
        "extensionAreaMetres2": 4739.071498552931,
        "reviewableAreaMetres2": 4739.071498552931,
        "priorInspected": true,
        "selected": true,
        "status": "unreviewed",
        "inspected": false,
        "issueIds": [],
        "holes": [
          1,
          2,
          9
        ],
        "priorCorridorStatus": "ambiguous",
        "scene": "r5-006"
      }
    },
    {
      "type": "Feature",
      "geometry": {
        "type": "Polygon",
        "coordinates": [
          [
            [
              687200.0,
              6371000.0
            ],
            [
              687200.0,
              6370900.0
            ],
            [
              687100.0,
              6370900.0
            ],
            [
              687100.0,
              6370974.611990097
            ],
            [
              687107.4886064448,
              6370999.98520421
            ],
            [
              687107.6131945481,
              6371000.0
            ],
            [
              687200.0,
              6371000.0
            ]
          ]
        ]
      },
      "properties": {
        "id": "cell-687100-6370900",
        "bounds": [
          687100,
          6370900,
          687200,
          6371000
        ],
        "areaMetres2": 9904.88327109438,
        "priorCorridorAreaMetres2": 4861.568315804775,
        "extensionAreaMetres2": 5043.314955289608,
        "reviewableAreaMetres2": 5043.314955289608,
        "priorInspected": true,
        "selected": true,
        "status": "unreviewed",
        "inspected": false,
        "issueIds": [],
        "holes": [
          1,
          2,
          9
        ],
        "priorCorridorStatus": "ambiguous",
        "scene": "r5-007"
      }
    },
    {
      "type": "Feature",
      "geometry": {
        "type": "Polygon",
        "coordinates": [
          [
            [
              687200.0,
              6371000.0
            ],
            [
              687107.6131945481,
              6371000.0
            ],
            [
              687200.0,
              6371010.971639956
            ],
            [
              687200.0,
              6371000.0
            ]
          ]
        ]
      },
      "properties": {
        "id": "cell-687100-6371000",
        "bounds": [
          687100,
          6371000,
          687200,
          6371100
        ],
        "areaMetres2": 506.81738306791476,
        "priorCorridorAreaMetres2": 0.0,
        "extensionAreaMetres2": 506.81738306791476,
        "reviewableAreaMetres2": 506.81738306791476,
        "priorInspected": false,
        "selected": true,
        "status": "unreviewed",
        "inspected": false,
        "issueIds": [],
        "holes": [
          1,
          2
        ],
        "scene": "r5-008"
      }
    },
    {
      "type": "Feature",
      "geometry": {
        "type": "Polygon",
        "coordinates": [
          [
            [
              687200.0,
              6370700.0
            ],
            [
              687300.0,
              6370700.0
            ],
            [
              687300.0,
              6370619.636623975
            ],
            [
              687210.7378723581,
              6370678.321900585
            ],
            [
              687200.0,
              6370683.059080576
            ],
            [
              687200.0,
              6370700.0
            ]
          ]
        ]
      },
      "properties": {
        "id": "cell-687200-6370600",
        "bounds": [
          687200,
          6370600,
          687300,
          6370700
        ],
        "areaMetres2": 4761.562650212226,
        "priorCorridorAreaMetres2": 1939.3239031857197,
        "extensionAreaMetres2": 2822.2387470265044,
        "reviewableAreaMetres2": 2822.238747026506,
        "priorInspected": true,
        "selected": true,
        "status": "unreviewed",
        "inspected": false,
        "issueIds": [],
        "holes": [
          1,
          10,
          18
        ],
        "priorCorridorStatus": "reviewed",
        "scene": "r5-009"
      }
    },
    {
      "type": "Feature",
      "geometry": {
        "type": "Polygon",
        "coordinates": [
          [
            [
              687200.0,
              6370700.0
            ],
            [
              687200.0,
              6370800.0
            ],
            [
              687300.0,
              6370800.0
            ],
            [
              687300.0,
              6370700.0
            ],
            [
              687200.0,
              6370700.0
            ]
          ]
        ]
      },
      "properties": {
        "id": "cell-687200-6370700",
        "bounds": [
          687200,
          6370700,
          687300,
          6370800
        ],
        "areaMetres2": 10000.0,
        "priorCorridorAreaMetres2": 6890.786606189531,
        "extensionAreaMetres2": 3109.213393810467,
        "reviewableAreaMetres2": 3109.213393810467,
        "priorInspected": true,
        "selected": true,
        "status": "unreviewed",
        "inspected": false,
        "issueIds": [],
        "holes": [
          1,
          2,
          9,
          10,
          18
        ],
        "priorCorridorStatus": "ambiguous",
        "scene": "r5-010"
      }
    },
    {
      "type": "Feature",
      "geometry": {
        "type": "Polygon",
        "coordinates": [
          [
            [
              687200.0,
              6370800.0
            ],
            [
              687200.0,
              6370900.0
            ],
            [
              687300.0,
              6370900.0
            ],
            [
              687300.0,
              6370800.0
            ],
            [
              687200.0,
              6370800.0
            ]
          ]
        ]
      },
      "properties": {
        "id": "cell-687200-6370800",
        "bounds": [
          687200,
          6370800,
          687300,
          6370900
        ],
        "areaMetres2": 10000.0,
        "priorCorridorAreaMetres2": 8907.861837826922,
        "extensionAreaMetres2": 1092.1381621730761,
        "reviewableAreaMetres2": 1092.1381621730761,
        "priorInspected": true,
        "selected": true,
        "status": "unreviewed",
        "inspected": false,
        "issueIds": [],
        "holes": [
          1,
          2,
          9,
          10
        ],
        "priorCorridorStatus": "ambiguous",
        "scene": "r5-011"
      }
    },
    {
      "type": "Feature",
      "geometry": {
        "type": "Polygon",
        "coordinates": [
          [
            [
              687200.0,
              6370900.0
            ],
            [
              687200.0,
              6371000.0
            ],
            [
              687300.0,
              6371000.0
            ],
            [
              687300.0,
              6370900.0
            ],
            [
              687200.0,
              6370900.0
            ]
          ]
        ]
      },
      "properties": {
        "id": "cell-687200-6370900",
        "bounds": [
          687200,
          6370900,
          687300,
          6371000
        ],
        "areaMetres2": 10000.0,
        "priorCorridorAreaMetres2": 8197.350281702535,
        "extensionAreaMetres2": 1802.6497182974663,
        "reviewableAreaMetres2": 1802.6497182974654,
        "priorInspected": true,
        "selected": true,
        "status": "unreviewed",
        "inspected": false,
        "issueIds": [],
        "holes": [
          1,
          2,
          8,
          9
        ],
        "priorCorridorStatus": "ambiguous",
        "scene": "r5-012"
      }
    },
    {
      "type": "Feature",
      "geometry": {
        "type": "Polygon",
        "coordinates": [
          [
            [
              687300.0,
              6371100.0
            ],
            [
              687300.0,
              6371000.0
            ],
            [
              687200.0,
              6371000.0
            ],
            [
              687200.0,
              6371010.971639956
            ],
            [
              687215.8646438781,
              6371012.85568779
            ],
            [
              687238.7943775941,
              6371015.023978935
            ],
            [
              687262.6747169376,
              6371010.502166188
            ],
            [
              687263.7267108145,
              6371032.48031992
            ],
            [
              687268.2043563972,
              6371055.128735064
            ],
            [
              687268.1332512619,
              6371100.0
            ],
            [
              687300.0,
              6371100.0
            ]
          ]
        ]
      },
      "properties": {
        "id": "cell-687200-6371000",
        "bounds": [
          687200,
          6371000,
          687300,
          6371100
        ],
        "areaMetres2": 4213.338659590315,
        "priorCorridorAreaMetres2": 1536.2623099003604,
        "extensionAreaMetres2": 2677.0763496899535,
        "reviewableAreaMetres2": 2677.0763496899535,
        "priorInspected": true,
        "selected": true,
        "status": "unreviewed",
        "inspected": false,
        "issueIds": [],
        "holes": [
          1,
          2,
          8,
          9
        ],
        "priorCorridorStatus": "reviewed",
        "scene": "r5-013"
      }
    },
    {
      "type": "Feature",
      "geometry": {
        "type": "Polygon",
        "coordinates": [
          [
            [
              687300.0,
              6371200.0
            ],
            [
              687300.0,
              6371100.0
            ],
            [
              687268.1332512619,
              6371100.0
            ],
            [
              687268.0770394352,
              6371135.472765234
            ],
            [
              687265.1556121573,
              6371200.0
            ],
            [
              687300.0,
              6371200.0
            ]
          ]
        ]
      },
      "properties": {
        "id": "cell-687200-6371100",
        "bounds": [
          687200,
          6371100,
          687300,
          6371200
        ],
        "areaMetres2": 3285.5548739219694,
        "priorCorridorAreaMetres2": 0.0,
        "extensionAreaMetres2": 3285.5548739219694,
        "reviewableAreaMetres2": 3285.5548739219694,
        "priorInspected": false,
        "selected": true,
        "status": "unreviewed",
        "inspected": false,
        "issueIds": [],
        "holes": [
          2,
          6
        ],
        "scene": "r5-014"
      }
    },
    {
      "type": "Feature",
      "geometry": {
        "type": "Polygon",
        "coordinates": [
          [
            [
              687300.0,
              6371300.0
            ],
            [
              687300.0,
              6371200.0
            ],
            [
              687265.1556121573,
              6371200.0
            ],
            [
              687260.6281792239,
              6371300.0
            ],
            [
              687300.0,
              6371300.0
            ]
          ]
        ]
      },
      "properties": {
        "id": "cell-687200-6371200",
        "bounds": [
          687200,
          6371200,
          687300,
          6371300
        ],
        "areaMetres2": 3710.8104309416376,
        "priorCorridorAreaMetres2": 501.44462620178996,
        "extensionAreaMetres2": 3209.365804739848,
        "reviewableAreaMetres2": 3209.365804739848,
        "priorInspected": true,
        "selected": true,
        "status": "unreviewed",
        "inspected": false,
        "issueIds": [],
        "holes": [
          2,
          3,
          6
        ],
        "priorCorridorStatus": "reviewed",
        "scene": "r5-015"
      }
    },
    {
      "type": "Feature",
      "geometry": {
        "type": "Polygon",
        "coordinates": [
          [
            [
              687300.0,
              6371400.0
            ],
            [
              687300.0,
              6371300.0
            ],
            [
              687260.6281792239,
              6371300.0
            ],
            [
              687259.6555186163,
              6371321.483711008
            ],
            [
              687244.1762132297,
              6371400.0
            ],
            [
              687300.0,
              6371400.0
            ]
          ]
        ]
      },
      "properties": {
        "id": "cell-687200-6371300",
        "bounds": [
          687200,
          6371300,
          687300,
          6371400
        ],
        "areaMetres2": 4631.688766235009,
        "priorCorridorAreaMetres2": 1833.9871144230215,
        "extensionAreaMetres2": 2797.701651811988,
        "reviewableAreaMetres2": 2797.7016518119876,
        "priorInspected": true,
        "selected": true,
        "status": "unreviewed",
        "inspected": false,
        "issueIds": [],
        "holes": [
          3,
          6
        ],
        "priorCorridorStatus": "reviewed",
        "scene": "r5-016"
      }
    },
    {
      "type": "Feature",
      "geometry": {
        "type": "Polygon",
        "coordinates": [
          [
            [
              687300.0,
              6371500.0
            ],
            [
              687300.0,
              6371400.0
            ],
            [
              687244.1762132297,
              6371400.0
            ],
            [
              687230.0532235648,
              6371471.636595459
            ],
            [
              687233.7725121679,
              6371500.0
            ],
            [
              687300.0,
              6371500.0
            ]
          ]
        ]
      },
      "properties": {
        "id": "cell-687200-6371400",
        "bounds": [
          687200,
          6371400,
          687300,
          6371500
        ],
        "areaMetres2": 6436.070351249592,
        "priorCorridorAreaMetres2": 2575.9444910927227,
        "extensionAreaMetres2": 3860.1258601568684,
        "reviewableAreaMetres2": 3860.125860156869,
        "priorInspected": true,
        "selected": true,
        "status": "unreviewed",
        "inspected": false,
        "issueIds": [],
        "holes": [
          6
        ],
        "priorCorridorStatus": "ambiguous",
        "scene": "r5-017"
      }
    },
    {
      "type": "Feature",
      "geometry": {
        "type": "Polygon",
        "coordinates": [
          [
            [
              687300.0,
              6371600.0
            ],
            [
              687300.0,
              6371500.0
            ],
            [
              687233.7725121679,
              6371500.0
            ],
            [
              687246.885495829,
              6371600.0
            ],
            [
              687300.0,
              6371600.0
            ]
          ]
        ]
      },
      "properties": {
        "id": "cell-687200-6371500",
        "bounds": [
          687200,
          6371500,
          687300,
          6371600
        ],
        "areaMetres2": 5967.099600151414,
        "priorCorridorAreaMetres2": 1649.5409336527844,
        "extensionAreaMetres2": 4317.5586664986295,
        "reviewableAreaMetres2": 4317.5586664986295,
        "priorInspected": true,
        "selected": true,
        "status": "unreviewed",
        "inspected": false,
        "issueIds": [],
        "holes": [
          6
        ],
        "priorCorridorStatus": "ambiguous",
        "scene": "r5-018"
      }
    },
    {
      "type": "Feature",
      "geometry": {
        "type": "Polygon",
        "coordinates": [
          [
            [
              687300.0,
              6371700.0
            ],
            [
              687300.0,
              6371600.0
            ],
            [
              687246.885495829,
              6371600.0
            ],
            [
              687254.9820295323,
              6371661.744404726
            ],
            [
              687259.6112471714,
              6371700.0
            ],
            [
              687300.0,
              6371700.0
            ]
          ]
        ]
      },
      "properties": {
        "id": "cell-687200-6371600",
        "bounds": [
          687200,
          6371600,
          687300,
          6371700
        ],
        "areaMetres2": 4663.208135474587,
        "priorCorridorAreaMetres2": 94.40185672692421,
        "extensionAreaMetres2": 4568.806278747665,
        "reviewableAreaMetres2": 3663.208135474587,
        "priorInspected": false,
        "selected": true,
        "status": "unreviewed",
        "inspected": false,
        "issueIds": [],
        "holes": [
          5,
          6
        ],
        "priorCorridorStatus": "protected-evaluation",
        "scene": "r5-019"
      }
    },
    {
      "type": "Feature",
      "geometry": {
        "type": "Polygon",
        "coordinates": [
          [
            [
              687300.0,
              6371800.0
            ],
            [
              687300.0,
              6371700.0
            ],
            [
              687259.6112471714,
              6371700.0
            ],
            [
              687269.4696338641,
              6371781.469155434
            ],
            [
              687270.7772957231,
              6371800.0
            ],
            [
              687300.0,
              6371800.0
            ]
          ]
        ]
      },
      "properties": {
        "id": "cell-687200-6371700",
        "bounds": [
          687200,
          6371700,
          687300,
          6371800
        ],
        "areaMetres2": 3442.4977931570597,
        "priorCorridorAreaMetres2": 144.45553311054474,
        "extensionAreaMetres2": 3298.042260046515,
        "reviewableAreaMetres2": 1942.4977931570593,
        "priorInspected": false,
        "selected": true,
        "status": "unreviewed",
        "inspected": false,
        "issueIds": [],
        "holes": [
          5
        ],
        "priorCorridorStatus": "protected-evaluation",
        "scene": "r5-020"
      }
    },
    {
      "type": "Feature",
      "geometry": {
        "type": "Polygon",
        "coordinates": [
          [
            [
              687300.0,
              6371900.0
            ],
            [
              687300.0,
              6371800.0
            ],
            [
              687270.7772957231,
              6371800.0
            ],
            [
              687277.833972791,
              6371900.0
            ],
            [
              687300.0,
              6371900.0
            ]
          ]
        ]
      },
      "properties": {
        "id": "cell-687200-6371800",
        "bounds": [
          687200,
          6371800,
          687300,
          6371900
        ],
        "areaMetres2": 2569.43657429656,
        "priorCorridorAreaMetres2": 0.0,
        "extensionAreaMetres2": 2569.43657429656,
        "reviewableAreaMetres2": 2569.43657429656,
        "priorInspected": false,
        "selected": true,
        "status": "unreviewed",
        "inspected": false,
        "issueIds": [],
        "holes": [
          5
        ],
        "scene": "r5-021"
      }
    },
    {
      "type": "Feature",
      "geometry": {
        "type": "Polygon",
        "coordinates": [
          [
            [
              687300.0,
              6371900.0
            ],
            [
              687277.833972791,
              6371900.0
            ],
            [
              687280.227807799,
              6371933.922977983
            ],
            [
              687300.0,
              6371946.520554763
            ],
            [
              687300.0,
              6371900.0
            ]
          ]
        ]
      },
      "properties": {
        "id": "cell-687200-6371900",
        "bounds": [
          687200,
          6371900,
          687300,
          6372000
        ],
        "areaMetres2": 835.875501529453,
        "priorCorridorAreaMetres2": 0.0,
        "extensionAreaMetres2": 835.875501529453,
        "reviewableAreaMetres2": 835.875501529453,
        "priorInspected": false,
        "selected": true,
        "status": "unreviewed",
        "inspected": false,
        "issueIds": [],
        "holes": [
          5
        ],
        "scene": "r5-022"
      }
    },
    {
      "type": "Feature",
      "geometry": {
        "type": "Polygon",
        "coordinates": [
          [
            [
              687300.0,
              6370700.0
            ],
            [
              687400.0,
              6370700.0
            ],
            [
              687400.0,
              6370600.512312019
            ],
            [
              687315.0316966563,
              6370609.754053399
            ],
            [
              687300.0,
              6370619.636623975
            ],
            [
              687300.0,
              6370700.0
            ]
          ]
        ]
      },
      "properties": {
        "id": "cell-687300-6370600",
        "bounds": [
          687300,
          6370600,
          687400,
          6370700
        ],
        "areaMetres2": 9342.946301051057,
        "priorCorridorAreaMetres2": 6392.055775967905,
        "extensionAreaMetres2": 2950.8905250831526,
        "reviewableAreaMetres2": 2950.890525083153,
        "priorInspected": true,
        "selected": true,
        "status": "unreviewed",
        "inspected": false,
        "issueIds": [],
        "holes": [
          10,
          18
        ],
        "priorCorridorStatus": "ambiguous",
        "scene": "r5-023"
      }
    },
    {
      "type": "Feature",
      "geometry": {
        "type": "Polygon",
        "coordinates": [
          [
            [
              687300.0,
              6370700.0
            ],
            [
              687300.0,
              6370800.0
            ],
            [
              687400.0,
              6370800.0
            ],
            [
              687400.0,
              6370700.0
            ],
            [
              687300.0,
              6370700.0
            ]
          ]
        ]
      },
      "properties": {
        "id": "cell-687300-6370700",
        "bounds": [
          687300,
          6370700,
          687400,
          6370800
        ],
        "areaMetres2": 10000.0,
        "priorCorridorAreaMetres2": 9706.29227854724,
        "extensionAreaMetres2": 293.70772145275964,
        "reviewableAreaMetres2": 293.70772145275964,
        "priorInspected": true,
        "selected": true,
        "status": "unreviewed",
        "inspected": false,
        "issueIds": [],
        "holes": [
          9,
          10,
          18
        ],
        "priorCorridorStatus": "ambiguous",
        "scene": "r5-024"
      }
    },
    {
      "type": "Feature",
      "geometry": {
        "type": "Polygon",
        "coordinates": [
          [
            [
              687300.0,
              6370800.0
            ],
            [
              687300.0,
              6370900.0
            ],
            [
              687400.0,
              6370900.0
            ],
            [
              687400.0,
              6370800.0
            ],
            [
              687300.0,
              6370800.0
            ]
          ]
        ]
      },
      "properties": {
        "id": "cell-687300-6370800",
        "bounds": [
          687300,
          6370800,
          687400,
          6370900
        ],
        "areaMetres2": 10000.0,
        "priorCorridorAreaMetres2": 4241.553974921626,
        "extensionAreaMetres2": 5758.446025078374,
        "reviewableAreaMetres2": 5758.446025078374,
        "priorInspected": true,
        "selected": true,
        "status": "unreviewed",
        "inspected": false,
        "issueIds": [],
        "holes": [
          2,
          9,
          10
        ],
        "priorCorridorStatus": "ambiguous",
        "scene": "r5-025"
      }
    },
    {
      "type": "Feature",
      "geometry": {
        "type": "Polygon",
        "coordinates": [
          [
            [
              687300.0,
              6370900.0
            ],
            [
              687300.0,
              6371000.0
            ],
            [
              687400.0,
              6371000.0
            ],
            [
              687400.0,
              6370900.0
            ],
            [
              687300.0,
              6370900.0
            ]
          ]
        ]
      },
      "properties": {
        "id": "cell-687300-6370900",
        "bounds": [
          687300,
          6370900,
          687400,
          6371000
        ],
        "areaMetres2": 10000.0,
        "priorCorridorAreaMetres2": 9207.04674062742,
        "extensionAreaMetres2": 792.9532593725784,
        "reviewableAreaMetres2": 792.9532593725783,
        "priorInspected": true,
        "selected": true,
        "status": "unreviewed",
        "inspected": false,
        "issueIds": [],
        "holes": [
          2,
          8,
          9
        ],
        "priorCorridorStatus": "ambiguous",
        "scene": "r5-026"
      }
    },
    {
      "type": "Feature",
      "geometry": {
        "type": "Polygon",
        "coordinates": [
          [
            [
              687300.0,
              6371000.0
            ],
            [
              687300.0,
              6371100.0
            ],
            [
              687400.0,
              6371100.0
            ],
            [
              687400.0,
              6371000.0
            ],
            [
              687300.0,
              6371000.0
            ]
          ]
        ]
      },
      "properties": {
        "id": "cell-687300-6371000",
        "bounds": [
          687300,
          6371000,
          687400,
          6371100
        ],
        "areaMetres2": 10000.0,
        "priorCorridorAreaMetres2": 9965.424289075065,
        "extensionAreaMetres2": 34.575710924936125,
        "reviewableAreaMetres2": 34.575710924936125,
        "priorInspected": true,
        "selected": true,
        "status": "unreviewed",
        "inspected": false,
        "issueIds": [],
        "holes": [
          2,
          8,
          9
        ],
        "priorCorridorStatus": "ambiguous",
        "scene": "r5-027"
      }
    },
    {
      "type": "Feature",
      "geometry": {
        "type": "Polygon",
        "coordinates": [
          [
            [
              687300.0,
              6371100.0
            ],
            [
              687300.0,
              6371200.0
            ],
            [
              687400.0,
              6371200.0
            ],
            [
              687400.0,
              6371100.0
            ],
            [
              687300.0,
              6371100.0
            ]
          ]
        ]
      },
      "properties": {
        "id": "cell-687300-6371100",
        "bounds": [
          687300,
          6371100,
          687400,
          6371200
        ],
        "areaMetres2": 10000.0,
        "priorCorridorAreaMetres2": 8452.062700253546,
        "extensionAreaMetres2": 1547.9372997464584,
        "reviewableAreaMetres2": 1547.9372997464584,
        "priorInspected": true,
        "selected": true,
        "status": "unreviewed",
        "inspected": false,
        "issueIds": [],
        "holes": [
          2,
          6,
          7,
          8
        ],
        "priorCorridorStatus": "ambiguous",
        "scene": "r5-028"
      }
    },
    {
      "type": "Feature",
      "geometry": {
        "type": "Polygon",
        "coordinates": [
          [
            [
              687300.0,
              6371200.0
            ],
            [
              687300.0,
              6371300.0
            ],
            [
              687400.0,
              6371300.0
            ],
            [
              687400.0,
              6371200.0
            ],
            [
              687300.0,
              6371200.0
            ]
          ]
        ]
      },
      "properties": {
        "id": "cell-687300-6371200",
        "bounds": [
          687300,
          6371200,
          687400,
          6371300
        ],
        "areaMetres2": 10000.0,
        "priorCorridorAreaMetres2": 9189.380936789183,
        "extensionAreaMetres2": 810.6190632108172,
        "reviewableAreaMetres2": 810.6190632108172,
        "priorInspected": true,
        "selected": true,
        "status": "unreviewed",
        "inspected": false,
        "issueIds": [],
        "holes": [
          2,
          3,
          6,
          7
        ],
        "priorCorridorStatus": "ambiguous",
        "scene": "r5-029"
      }
    },
    {
      "type": "Feature",
      "geometry": {
        "type": "Polygon",
        "coordinates": [
          [
            [
              687300.0,
              6371300.0
            ],
            [
              687300.0,
              6371400.0
            ],
            [
              687400.0,
              6371400.0
            ],
            [
              687400.0,
              6371300.0
            ],
            [
              687300.0,
              6371300.0
            ]
          ]
        ]
      },
      "properties": {
        "id": "cell-687300-6371300",
        "bounds": [
          687300,
          6371300,
          687400,
          6371400
        ],
        "areaMetres2": 10000.0,
        "priorCorridorAreaMetres2": 10000.0,
        "extensionAreaMetres2": 0.0,
        "reviewableAreaMetres2": 0.0,
        "priorInspected": true,
        "selected": false,
        "status": "ambiguous",
        "inspected": true,
        "issueIds": [],
        "holes": [
          2,
          3,
          6,
          7
        ],
        "priorCorridorStatus": "ambiguous"
      }
    },
    {
      "type": "Feature",
      "geometry": {
        "type": "Polygon",
        "coordinates": [
          [
            [
              687300.0,
              6371400.0
            ],
            [
              687300.0,
              6371500.0
            ],
            [
              687400.0,
              6371500.0
            ],
            [
              687400.0,
              6371400.0
            ],
            [
              687300.0,
              6371400.0
            ]
          ]
        ]
      },
      "properties": {
        "id": "cell-687300-6371400",
        "bounds": [
          687300,
          6371400,
          687400,
          6371500
        ],
        "areaMetres2": 10000.0,
        "priorCorridorAreaMetres2": 9863.958030571834,
        "extensionAreaMetres2": 136.04196942816756,
        "reviewableAreaMetres2": 136.04196942816756,
        "priorInspected": true,
        "selected": true,
        "status": "unreviewed",
        "inspected": false,
        "issueIds": [],
        "holes": [
          3,
          6
        ],
        "priorCorridorStatus": "ambiguous",
        "scene": "r5-030"
      }
    },
    {
      "type": "Feature",
      "geometry": {
        "type": "Polygon",
        "coordinates": [
          [
            [
              687300.0,
              6371500.0
            ],
            [
              687300.0,
              6371600.0
            ],
            [
              687400.0,
              6371600.0
            ],
            [
              687400.0,
              6371500.0
            ],
            [
              687300.0,
              6371500.0
            ]
          ]
        ]
      },
      "properties": {
        "id": "cell-687300-6371500",
        "bounds": [
          687300,
          6371500,
          687400,
          6371600
        ],
        "areaMetres2": 10000.0,
        "priorCorridorAreaMetres2": 8827.15571782375,
        "extensionAreaMetres2": 1172.84428217625,
        "reviewableAreaMetres2": 1172.84428217625,
        "priorInspected": true,
        "selected": true,
        "status": "unreviewed",
        "inspected": false,
        "issueIds": [],
        "holes": [
          3,
          6
        ],
        "priorCorridorStatus": "ambiguous",
        "scene": "r5-031"
      }
    },
    {
      "type": "Feature",
      "geometry": {
        "type": "Polygon",
        "coordinates": [
          [
            [
              687300.0,
              6371600.0
            ],
            [
              687300.0,
              6371700.0
            ],
            [
              687400.0,
              6371700.0
            ],
            [
              687400.0,
              6371600.0
            ],
            [
              687300.0,
              6371600.0
            ]
          ]
        ]
      },
      "properties": {
        "id": "cell-687300-6371600",
        "bounds": [
          687300,
          6371600,
          687400,
          6371700
        ],
        "areaMetres2": 10000.0,
        "priorCorridorAreaMetres2": 8050.071346277831,
        "extensionAreaMetres2": 1949.9286537221672,
        "reviewableAreaMetres2": 1915.988771342468,
        "priorInspected": true,
        "selected": true,
        "status": "unreviewed",
        "inspected": false,
        "issueIds": [],
        "holes": [
          3,
          5,
          6
        ],
        "priorCorridorStatus": "ambiguous",
        "scene": "r5-032"
      }
    },
    {
      "type": "Feature",
      "geometry": {
        "type": "Polygon",
        "coordinates": [
          [
            [
              687300.0,
              6371700.0
            ],
            [
              687300.0,
              6371800.0
            ],
            [
              687400.0,
              6371800.0
            ],
            [
              687400.0,
              6371700.0
            ],
            [
              687300.0,
              6371700.0
            ]
          ]
        ]
      },
      "properties": {
        "id": "cell-687300-6371700",
        "bounds": [
          687300,
          6371700,
          687400,
          6371800
        ],
        "areaMetres2": 10000.0,
        "priorCorridorAreaMetres2": 7474.40111564036,
        "extensionAreaMetres2": 2525.5988843596415,
        "reviewableAreaMetres2": 2244.6120836798873,
        "priorInspected": true,
        "selected": true,
        "status": "unreviewed",
        "inspected": false,
        "issueIds": [],
        "holes": [
          5,
          6
        ],
        "priorCorridorStatus": "reviewed",
        "scene": "r5-033"
      }
    },
    {
      "type": "Feature",
      "geometry": {
        "type": "Polygon",
        "coordinates": [
          [
            [
              687300.0,
              6371800.0
            ],
            [
              687300.0,
              6371900.0
            ],
            [
              687400.0,
              6371900.0
            ],
            [
              687400.0,
              6371800.0
            ],
            [
              687300.0,
              6371800.0
            ]
          ]
        ]
      },
      "properties": {
        "id": "cell-687300-6371800",
        "bounds": [
          687300,
          6371800,
          687400,
          6371900
        ],
        "areaMetres2": 10000.0,
        "priorCorridorAreaMetres2": 8110.74234143298,
        "extensionAreaMetres2": 1889.2576585670188,
        "reviewableAreaMetres2": 1889.257658567019,
        "priorInspected": true,
        "selected": true,
        "status": "unreviewed",
        "inspected": false,
        "issueIds": [],
        "holes": [
          4,
          5
        ],
        "priorCorridorStatus": "ambiguous",
        "scene": "r5-034"
      }
    },
    {
      "type": "Feature",
      "geometry": {
        "type": "Polygon",
        "coordinates": [
          [
            [
              687400.0,
              6371900.0
            ],
            [
              687300.0,
              6371900.0
            ],
            [
              687300.0,
              6371946.520554763
            ],
            [
              687367.8111455229,
              6371989.725481339
            ],
            [
              687400.0,
              6371978.66643145
            ],
            [
              687400.0,
              6371900.0
            ]
          ]
        ]
      },
      "properties": {
        "id": "cell-687300-6371900",
        "bounds": [
          687300,
          6371900,
          687400,
          6372000
        ],
        "areaMetres2": 7329.671278462412,
        "priorCorridorAreaMetres2": 1487.4985576341483,
        "extensionAreaMetres2": 5842.172720828265,
        "reviewableAreaMetres2": 5842.1727208282655,
        "priorInspected": true,
        "selected": true,
        "status": "unreviewed",
        "inspected": false,
        "issueIds": [],
        "holes": [
          4,
          5
        ],
        "priorCorridorStatus": "ambiguous",
        "scene": "r5-035"
      }
    },
    {
      "type": "Feature",
      "geometry": {
        "type": "Polygon",
        "coordinates": [
          [
            [
              687457.3309021534,
              6370600.0
            ],
            [
              687448.6116676517,
              6370595.224970236
            ],
            [
              687404.7101819086,
              6370600.0
            ],
            [
              687457.3309021534,
              6370600.0
            ]
          ]
        ]
      },
      "properties": {
        "id": "cell-687400-6370500",
        "bounds": [
          687400,
          6370500,
          687500,
          6370600
        ],
        "areaMetres2": 125.63275267501781,
        "priorCorridorAreaMetres2": 0.0,
        "extensionAreaMetres2": 125.63275267501781,
        "reviewableAreaMetres2": 125.6327526750178,
        "priorInspected": false,
        "selected": true,
        "status": "unreviewed",
        "inspected": false,
        "issueIds": [],
        "holes": [
          18
        ],
        "scene": "r5-036"
      }
    },
    {
      "type": "Feature",
      "geometry": {
        "type": "Polygon",
        "coordinates": [
          [
            [
              687400.0,
              6370700.0
            ],
            [
              687500.0,
              6370700.0
            ],
            [
              687500.0,
              6370623.3674426535
            ],
            [
              687457.3309021534,
              6370600.0
            ],
            [
              687404.7101819086,
              6370600.0
            ],
            [
              687400.0,
              6370600.512312019
            ],
            [
              687400.0,
              6370700.0
            ]
          ]
        ]
      },
      "properties": {
        "id": "cell-687400-6370600",
        "bounds": [
          687400,
          6370600,
          687500,
          6370700
        ],
        "areaMetres2": 9500.259610093819,
        "priorCorridorAreaMetres2": 5177.298836270015,
        "extensionAreaMetres2": 4322.960773823804,
        "reviewableAreaMetres2": 1933.7338921379917,
        "priorInspected": true,
        "selected": true,
        "status": "unreviewed",
        "inspected": false,
        "issueIds": [],
        "holes": [
          10,
          18
        ],
        "priorCorridorStatus": "reviewed",
        "scene": "r5-037"
      }
    },
    {
      "type": "Feature",
      "geometry": {
        "type": "Polygon",
        "coordinates": [
          [
            [
              687400.0,
              6370700.0
            ],
            [
              687400.0,
              6370800.0
            ],
            [
              687500.0,
              6370800.0
            ],
            [
              687500.0,
              6370700.0
            ],
            [
              687400.0,
              6370700.0
            ]
          ]
        ]
      },
      "properties": {
        "id": "cell-687400-6370700",
        "bounds": [
          687400,
          6370700,
          687500,
          6370800
        ],
        "areaMetres2": 10000.0,
        "priorCorridorAreaMetres2": 9538.659548858614,
        "extensionAreaMetres2": 461.34045114138695,
        "reviewableAreaMetres2": 461.340451141387,
        "priorInspected": true,
        "selected": true,
        "status": "unreviewed",
        "inspected": false,
        "issueIds": [],
        "holes": [
          10,
          18
        ],
        "priorCorridorStatus": "ambiguous",
        "scene": "r5-038"
      }
    },
    {
      "type": "Feature",
      "geometry": {
        "type": "Polygon",
        "coordinates": [
          [
            [
              687400.0,
              6370800.0
            ],
            [
              687400.0,
              6370900.0
            ],
            [
              687500.0,
              6370900.0
            ],
            [
              687500.0,
              6370800.0
            ],
            [
              687400.0,
              6370800.0
            ]
          ]
        ]
      },
      "properties": {
        "id": "cell-687400-6370800",
        "bounds": [
          687400,
          6370800,
          687500,
          6370900
        ],
        "areaMetres2": 10000.0,
        "priorCorridorAreaMetres2": 9398.900056668559,
        "extensionAreaMetres2": 601.0999433314408,
        "reviewableAreaMetres2": 601.0999433314411,
        "priorInspected": true,
        "selected": true,
        "status": "unreviewed",
        "inspected": false,
        "issueIds": [],
        "holes": [
          9,
          10
        ],
        "priorCorridorStatus": "ambiguous",
        "scene": "r5-039"
      }
    },
    {
      "type": "Feature",
      "geometry": {
        "type": "Polygon",
        "coordinates": [
          [
            [
              687400.0,
              6370900.0
            ],
            [
              687400.0,
              6371000.0
            ],
            [
              687500.0,
              6371000.0
            ],
            [
              687500.0,
              6370900.0
            ],
            [
              687400.0,
              6370900.0
            ]
          ]
        ]
      },
      "properties": {
        "id": "cell-687400-6370900",
        "bounds": [
          687400,
          6370900,
          687500,
          6371000
        ],
        "areaMetres2": 10000.0,
        "priorCorridorAreaMetres2": 9999.188077202314,
        "extensionAreaMetres2": 0.8119227976863479,
        "reviewableAreaMetres2": 0.8119227976863479,
        "priorInspected": true,
        "selected": true,
        "status": "unreviewed",
        "inspected": false,
        "issueIds": [],
        "holes": [
          2,
          8,
          9
        ],
        "priorCorridorStatus": "reviewed",
        "scene": "r5-040"
      }
    },
    {
      "type": "Feature",
      "geometry": {
        "type": "Polygon",
        "coordinates": [
          [
            [
              687400.0,
              6371000.0
            ],
            [
              687400.0,
              6371100.0
            ],
            [
              687500.0,
              6371100.0
            ],
            [
              687500.0,
              6371000.0
            ],
            [
              687400.0,
              6371000.0
            ]
          ]
        ]
      },
      "properties": {
        "id": "cell-687400-6371000",
        "bounds": [
          687400,
          6371000,
          687500,
          6371100
        ],
        "areaMetres2": 10000.0,
        "priorCorridorAreaMetres2": 10000.0,
        "extensionAreaMetres2": 0.0,
        "reviewableAreaMetres2": 0.0,
        "priorInspected": true,
        "selected": false,
        "status": "ambiguous",
        "inspected": true,
        "issueIds": [],
        "holes": [
          2,
          8,
          9
        ],
        "priorCorridorStatus": "ambiguous"
      }
    },
    {
      "type": "Feature",
      "geometry": {
        "type": "Polygon",
        "coordinates": [
          [
            [
              687400.0,
              6371100.0
            ],
            [
              687400.0,
              6371200.0
            ],
            [
              687500.0,
              6371200.0
            ],
            [
              687500.0,
              6371100.0
            ],
            [
              687400.0,
              6371100.0
            ]
          ]
        ]
      },
      "properties": {
        "id": "cell-687400-6371100",
        "bounds": [
          687400,
          6371100,
          687500,
          6371200
        ],
        "areaMetres2": 10000.0,
        "priorCorridorAreaMetres2": 9001.587053386334,
        "extensionAreaMetres2": 998.4129466136652,
        "reviewableAreaMetres2": 998.412946613665,
        "priorInspected": true,
        "selected": true,
        "status": "unreviewed",
        "inspected": false,
        "issueIds": [],
        "holes": [
          2,
          7,
          8,
          9
        ],
        "priorCorridorStatus": "ambiguous",
        "scene": "r5-041"
      }
    },
    {
      "type": "Feature",
      "geometry": {
        "type": "Polygon",
        "coordinates": [
          [
            [
              687400.0,
              6371200.0
            ],
            [
              687400.0,
              6371300.0
            ],
            [
              687500.0,
              6371300.0
            ],
            [
              687500.0,
              6371200.0
            ],
            [
              687400.0,
              6371200.0
            ]
          ]
        ]
      },
      "properties": {
        "id": "cell-687400-6371200",
        "bounds": [
          687400,
          6371200,
          687500,
          6371300
        ],
        "areaMetres2": 10000.0,
        "priorCorridorAreaMetres2": 6900.298601407626,
        "extensionAreaMetres2": 3099.701398592377,
        "reviewableAreaMetres2": 2670.8028747510666,
        "priorInspected": true,
        "selected": true,
        "status": "unreviewed",
        "inspected": false,
        "issueIds": [],
        "holes": [
          2,
          3,
          6,
          7,
          8
        ],
        "priorCorridorStatus": "reviewed",
        "scene": "r5-042"
      }
    },
    {
      "type": "Feature",
      "geometry": {
        "type": "Polygon",
        "coordinates": [
          [
            [
              687400.0,
              6371300.0
            ],
            [
              687400.0,
              6371400.0
            ],
            [
              687500.0,
              6371400.0
            ],
            [
              687500.0,
              6371300.0
            ],
            [
              687400.0,
              6371300.0
            ]
          ]
        ]
      },
      "properties": {
        "id": "cell-687400-6371300",
        "bounds": [
          687400,
          6371300,
          687500,
          6371400
        ],
        "areaMetres2": 10000.0,
        "priorCorridorAreaMetres2": 5042.365938838416,
        "extensionAreaMetres2": 4957.634061161584,
        "reviewableAreaMetres2": 1121.2146145997594,
        "priorInspected": true,
        "selected": true,
        "status": "unreviewed",
        "inspected": false,
        "issueIds": [],
        "holes": [
          2,
          3,
          6,
          7,
          8
        ],
        "priorCorridorStatus": "ambiguous",
        "scene": "r5-043"
      }
    },
    {
      "type": "Feature",
      "geometry": {
        "type": "Polygon",
        "coordinates": [
          [
            [
              687400.0,
              6371400.0
            ],
            [
              687400.0,
              6371500.0
            ],
            [
              687500.0,
              6371500.0
            ],
            [
              687500.0,
              6371400.0
            ],
            [
              687400.0,
              6371400.0
            ]
          ]
        ]
      },
      "properties": {
        "id": "cell-687400-6371400",
        "bounds": [
          687400,
          6371400,
          687500,
          6371500
        ],
        "areaMetres2": 10000.0,
        "priorCorridorAreaMetres2": 9883.57171807358,
        "extensionAreaMetres2": 116.4282819264198,
        "reviewableAreaMetres2": 116.4282819264198,
        "priorInspected": true,
        "selected": true,
        "status": "unreviewed",
        "inspected": false,
        "issueIds": [],
        "holes": [
          3,
          6,
          7
        ],
        "priorCorridorStatus": "ambiguous",
        "scene": "r5-044"
      }
    },
    {
      "type": "Feature",
      "geometry": {
        "type": "Polygon",
        "coordinates": [
          [
            [
              687400.0,
              6371500.0
            ],
            [
              687400.0,
              6371600.0
            ],
            [
              687500.0,
              6371600.0
            ],
            [
              687500.0,
              6371500.0
            ],
            [
              687400.0,
              6371500.0
            ]
          ]
        ]
      },
      "properties": {
        "id": "cell-687400-6371500",
        "bounds": [
          687400,
          6371500,
          687500,
          6371600
        ],
        "areaMetres2": 10000.0,
        "priorCorridorAreaMetres2": 9388.214399567776,
        "extensionAreaMetres2": 611.7856004322239,
        "reviewableAreaMetres2": 611.7856004322236,
        "priorInspected": true,
        "selected": true,
        "status": "unreviewed",
        "inspected": false,
        "issueIds": [],
        "holes": [
          3,
          6
        ],
        "priorCorridorStatus": "ambiguous",
        "scene": "r5-045"
      }
    },
    {
      "type": "Feature",
      "geometry": {
        "type": "Polygon",
        "coordinates": [
          [
            [
              687400.0,
              6371600.0
            ],
            [
              687400.0,
              6371700.0
            ],
            [
              687500.0,
              6371700.0
            ],
            [
              687500.0,
              6371600.0
            ],
            [
              687400.0,
              6371600.0
            ]
          ]
        ]
      },
      "properties": {
        "id": "cell-687400-6371600",
        "bounds": [
          687400,
          6371600,
          687500,
          6371700
        ],
        "areaMetres2": 10000.0,
        "priorCorridorAreaMetres2": 6448.6087019699935,
        "extensionAreaMetres2": 3551.3912980300074,
        "reviewableAreaMetres2": 3551.3912980300074,
        "priorInspected": true,
        "selected": true,
        "status": "unreviewed",
        "inspected": false,
        "issueIds": [],
        "holes": [
          3,
          5,
          6
        ],
        "priorCorridorStatus": "ambiguous",
        "scene": "r5-046"
      }
    },
    {
      "type": "Feature",
      "geometry": {
        "type": "Polygon",
        "coordinates": [
          [
            [
              687400.0,
              6371700.0
            ],
            [
              687400.0,
              6371800.0
            ],
            [
              687500.0,
              6371800.0
            ],
            [
              687500.0,
              6371700.0
            ],
            [
              687400.0,
              6371700.0
            ]
          ]
        ]
      },
      "properties": {
        "id": "cell-687400-6371700",
        "bounds": [
          687400,
          6371700,
          687500,
          6371800
        ],
        "areaMetres2": 10000.0,
        "priorCorridorAreaMetres2": 638.750377114527,
        "extensionAreaMetres2": 9361.249622885472,
        "reviewableAreaMetres2": 9361.249622885472,
        "priorInspected": true,
        "selected": true,
        "status": "unreviewed",
        "inspected": false,
        "issueIds": [],
        "holes": [
          3,
          4,
          5,
          6
        ],
        "priorCorridorStatus": "ambiguous",
        "scene": "r5-047"
      }
    },
    {
      "type": "Feature",
      "geometry": {
        "type": "Polygon",
        "coordinates": [
          [
            [
              687400.0,
              6371800.0
            ],
            [
              687400.0,
              6371900.0
            ],
            [
              687500.0,
              6371900.0
            ],
            [
              687500.0,
              6371800.0
            ],
            [
              687400.0,
              6371800.0
            ]
          ]
        ]
      },
      "properties": {
        "id": "cell-687400-6371800",
        "bounds": [
          687400,
          6371800,
          687500,
          6371900
        ],
        "areaMetres2": 10000.0,
        "priorCorridorAreaMetres2": 7477.693802157033,
        "extensionAreaMetres2": 2522.30619784297,
        "reviewableAreaMetres2": 2522.30619784297,
        "priorInspected": true,
        "selected": true,
        "status": "unreviewed",
        "inspected": false,
        "issueIds": [],
        "holes": [
          4,
          5
        ],
        "priorCorridorStatus": "ambiguous",
        "scene": "r5-048"
      }
    },
    {
      "type": "Feature",
      "geometry": {
        "type": "Polygon",
        "coordinates": [
          [
            [
              687500.0,
              6371900.0
            ],
            [
              687400.0,
              6371900.0
            ],
            [
              687400.0,
              6371978.66643145
            ],
            [
              687463.9694084456,
              6371956.6886105295
            ],
            [
              687500.0,
              6371932.8479646975
            ],
            [
              687500.0,
              6371900.0
            ]
          ]
        ]
      },
      "properties": {
        "id": "cell-687400-6371900",
        "bounds": [
          687400,
          6371900,
          687500,
          6372000
        ],
        "areaMetres2": 5942.318868382662,
        "priorCorridorAreaMetres2": 2735.106411221433,
        "extensionAreaMetres2": 3207.212457161228,
        "reviewableAreaMetres2": 3207.212457161228,
        "priorInspected": true,
        "selected": true,
        "status": "unreviewed",
        "inspected": false,
        "issueIds": [],
        "holes": [
          4,
          5
        ],
        "priorCorridorStatus": "ambiguous",
        "scene": "r5-049"
      }
    },
    {
      "type": "Feature",
      "geometry": {
        "type": "Polygon",
        "coordinates": [
          [
            [
              687500.0,
              6370700.0
            ],
            [
              687600.0,
              6370700.0
            ],
            [
              687600.0,
              6370629.918620325
            ],
            [
              687572.7031623367,
              6370640.355056902
            ],
            [
              687562.2648884293,
              6370641.398884294
            ],
            [
              687560.0785900474,
              6370641.699085985
            ],
            [
              687540.0785900474,
              6370645.199085985
            ],
            [
              687539.921905582,
              6370645.230404057
            ],
            [
              687500.0,
              6370623.3674426535
            ],
            [
              687500.0,
              6370700.0
            ]
          ]
        ]
      },
      "properties": {
        "id": "cell-687500-6370600",
        "bounds": [
          687500,
          6370600,
          687600,
          6370700
        ],
        "areaMetres2": 6278.007378174012,
        "priorCorridorAreaMetres2": 5580.896914132277,
        "extensionAreaMetres2": 697.1104640417351,
        "reviewableAreaMetres2": 247.82511209336403,
        "priorInspected": true,
        "selected": true,
        "status": "unreviewed",
        "inspected": false,
        "issueIds": [],
        "holes": [
          10,
          18
        ],
        "priorCorridorStatus": "reviewed",
        "scene": "r5-050"
      }
    },
    {
      "type": "Feature",
      "geometry": {
        "type": "Polygon",
        "coordinates": [
          [
            [
              687500.0,
              6370700.0
            ],
            [
              687500.0,
              6370800.0
            ],
            [
              687600.0,
              6370800.0
            ],
            [
              687600.0,
              6370700.0
            ],
            [
              687500.0,
              6370700.0
            ]
          ]
        ]
      },
      "properties": {
        "id": "cell-687500-6370700",
        "bounds": [
          687500,
          6370700,
          687600,
          6370800
        ],
        "areaMetres2": 10000.0,
        "priorCorridorAreaMetres2": 9643.25113814714,
        "extensionAreaMetres2": 356.7488618528606,
        "reviewableAreaMetres2": 356.7488618528607,
        "priorInspected": true,
        "selected": true,
        "status": "unreviewed",
        "inspected": false,
        "issueIds": [],
        "holes": [
          10,
          18
        ],
        "priorCorridorStatus": "reviewed",
        "scene": "r5-051"
      }
    },
    {
      "type": "Feature",
      "geometry": {
        "type": "Polygon",
        "coordinates": [
          [
            [
              687500.0,
              6370800.0
            ],
            [
              687500.0,
              6370900.0
            ],
            [
              687600.0,
              6370900.0
            ],
            [
              687600.0,
              6370800.0
            ],
            [
              687500.0,
              6370800.0
            ]
          ]
        ]
      },
      "properties": {
        "id": "cell-687500-6370800",
        "bounds": [
          687500,
          6370800,
          687600,
          6370900
        ],
        "areaMetres2": 10000.0,
        "priorCorridorAreaMetres2": 8852.99553661365,
        "extensionAreaMetres2": 1147.0044633863508,
        "reviewableAreaMetres2": 1147.0044633863513,
        "priorInspected": true,
        "selected": true,
        "status": "unreviewed",
        "inspected": false,
        "issueIds": [],
        "holes": [
          10
        ],
        "priorCorridorStatus": "ambiguous",
        "scene": "r5-052"
      }
    },
    {
      "type": "Feature",
      "geometry": {
        "type": "Polygon",
        "coordinates": [
          [
            [
              687500.0,
              6370900.0
            ],
            [
              687500.0,
              6371000.0
            ],
            [
              687600.0,
              6371000.0
            ],
            [
              687600.0,
              6370900.0
            ],
            [
              687500.0,
              6370900.0
            ]
          ]
        ]
      },
      "properties": {
        "id": "cell-687500-6370900",
        "bounds": [
          687500,
          6370900,
          687600,
          6371000
        ],
        "areaMetres2": 10000.0,
        "priorCorridorAreaMetres2": 9895.420112017138,
        "extensionAreaMetres2": 104.57988798286068,
        "reviewableAreaMetres2": 104.57988798286068,
        "priorInspected": true,
        "selected": true,
        "status": "unreviewed",
        "inspected": false,
        "issueIds": [],
        "holes": [
          9
        ],
        "priorCorridorStatus": "reviewed",
        "scene": "r5-053"
      }
    },
    {
      "type": "Feature",
      "geometry": {
        "type": "Polygon",
        "coordinates": [
          [
            [
              687500.0,
              6371000.0
            ],
            [
              687500.0,
              6371100.0
            ],
            [
              687600.0,
              6371100.0
            ],
            [
              687600.0,
              6371000.0
            ],
            [
              687500.0,
              6371000.0
            ]
          ]
        ]
      },
      "properties": {
        "id": "cell-687500-6371000",
        "bounds": [
          687500,
          6371000,
          687600,
          6371100
        ],
        "areaMetres2": 10000.0,
        "priorCorridorAreaMetres2": 8887.976353138756,
        "extensionAreaMetres2": 1112.0236468612443,
        "reviewableAreaMetres2": 1112.0236468612443,
        "priorInspected": true,
        "selected": true,
        "status": "unreviewed",
        "inspected": false,
        "issueIds": [],
        "holes": [
          8,
          9
        ],
        "priorCorridorStatus": "reviewed",
        "scene": "r5-054"
      }
    },
    {
      "type": "Feature",
      "geometry": {
        "type": "Polygon",
        "coordinates": [
          [
            [
              687500.0,
              6371100.0
            ],
            [
              687500.0,
              6371200.0
            ],
            [
              687600.0,
              6371200.0
            ],
            [
              687600.0,
              6371100.0
            ],
            [
              687500.0,
              6371100.0
            ]
          ]
        ]
      },
      "properties": {
        "id": "cell-687500-6371100",
        "bounds": [
          687500,
          6371100,
          687600,
          6371200
        ],
        "areaMetres2": 10000.0,
        "priorCorridorAreaMetres2": 8017.994393469425,
        "extensionAreaMetres2": 1982.0056065305744,
        "reviewableAreaMetres2": 1982.0056065305744,
        "priorInspected": true,
        "selected": true,
        "status": "unreviewed",
        "inspected": false,
        "issueIds": [],
        "holes": [
          8,
          9
        ],
        "priorCorridorStatus": "ambiguous",
        "scene": "r5-055"
      }
    },
    {
      "type": "Feature",
      "geometry": {
        "type": "Polygon",
        "coordinates": [
          [
            [
              687500.0,
              6371200.0
            ],
            [
              687500.0,
              6371300.0
            ],
            [
              687600.0,
              6371300.0
            ],
            [
              687600.0,
              6371200.0
            ],
            [
              687500.0,
              6371200.0
            ]
          ]
        ]
      },
      "properties": {
        "id": "cell-687500-6371200",
        "bounds": [
          687500,
          6371200,
          687600,
          6371300
        ],
        "areaMetres2": 10000.0,
        "priorCorridorAreaMetres2": 8149.4235540033005,
        "extensionAreaMetres2": 1850.5764459967008,
        "reviewableAreaMetres2": 1502.7495105274843,
        "priorInspected": true,
        "selected": true,
        "status": "unreviewed",
        "inspected": false,
        "issueIds": [],
        "holes": [
          7,
          8
        ],
        "priorCorridorStatus": "reviewed",
        "scene": "r5-056"
      }
    },
    {
      "type": "Feature",
      "geometry": {
        "type": "Polygon",
        "coordinates": [
          [
            [
              687500.0,
              6371300.0
            ],
            [
              687500.0,
              6371400.0
            ],
            [
              687600.0,
              6371400.0
            ],
            [
              687600.0,
              6371300.0
            ],
            [
              687500.0,
              6371300.0
            ]
          ]
        ]
      },
      "properties": {
        "id": "cell-687500-6371300",
        "bounds": [
          687500,
          6371300,
          687600,
          6371400
        ],
        "areaMetres2": 10000.0,
        "priorCorridorAreaMetres2": 7833.224877406487,
        "extensionAreaMetres2": 2166.7751225935126,
        "reviewableAreaMetres2": 1975.3702643626195,
        "priorInspected": true,
        "selected": true,
        "status": "unreviewed",
        "inspected": false,
        "issueIds": [],
        "holes": [
          7,
          8
        ],
        "priorCorridorStatus": "ambiguous",
        "scene": "r5-057"
      }
    },
    {
      "type": "Feature",
      "geometry": {
        "type": "Polygon",
        "coordinates": [
          [
            [
              687500.0,
              6371400.0
            ],
            [
              687500.0,
              6371500.0
            ],
            [
              687600.0,
              6371500.0
            ],
            [
              687600.0,
              6371400.0
            ],
            [
              687500.0,
              6371400.0
            ]
          ]
        ]
      },
      "properties": {
        "id": "cell-687500-6371400",
        "bounds": [
          687500,
          6371400,
          687600,
          6371500
        ],
        "areaMetres2": 10000.0,
        "priorCorridorAreaMetres2": 4552.575599194982,
        "extensionAreaMetres2": 5447.424400805016,
        "reviewableAreaMetres2": 5447.424400805019,
        "priorInspected": true,
        "selected": true,
        "status": "unreviewed",
        "inspected": false,
        "issueIds": [],
        "holes": [
          3,
          7,
          8
        ],
        "priorCorridorStatus": "reviewed",
        "scene": "r5-058"
      }
    },
    {
      "type": "Feature",
      "geometry": {
        "type": "Polygon",
        "coordinates": [
          [
            [
              687500.0,
              6371500.0
            ],
            [
              687500.0,
              6371600.0
            ],
            [
              687600.0,
              6371600.0
            ],
            [
              687600.0,
              6371500.0
            ],
            [
              687500.0,
              6371500.0
            ]
          ]
        ]
      },
      "properties": {
        "id": "cell-687500-6371500",
        "bounds": [
          687500,
          6371500,
          687600,
          6371600
        ],
        "areaMetres2": 10000.0,
        "priorCorridorAreaMetres2": 8721.985195157302,
        "extensionAreaMetres2": 1278.0148048426984,
        "reviewableAreaMetres2": 1278.0148048426984,
        "priorInspected": true,
        "selected": true,
        "status": "unreviewed",
        "inspected": false,
        "issueIds": [],
        "holes": [
          3
        ],
        "priorCorridorStatus": "ambiguous",
        "scene": "r5-059"
      }
    },
    {
      "type": "Feature",
      "geometry": {
        "type": "Polygon",
        "coordinates": [
          [
            [
              687500.0,
              6371600.0
            ],
            [
              687500.0,
              6371700.0
            ],
            [
              687600.0,
              6371700.0
            ],
            [
              687600.0,
              6371600.0
            ],
            [
              687500.0,
              6371600.0
            ]
          ]
        ]
      },
      "properties": {
        "id": "cell-687500-6371600",
        "bounds": [
          687500,
          6371600,
          687600,
          6371700
        ],
        "areaMetres2": 10000.0,
        "priorCorridorAreaMetres2": 8741.580919325821,
        "extensionAreaMetres2": 1258.4190806741801,
        "reviewableAreaMetres2": 1258.4190806741801,
        "priorInspected": true,
        "selected": true,
        "status": "unreviewed",
        "inspected": false,
        "issueIds": [],
        "holes": [
          3,
          4
        ],
        "priorCorridorStatus": "ambiguous",
        "scene": "r5-060"
      }
    },
    {
      "type": "Feature",
      "geometry": {
        "type": "Polygon",
        "coordinates": [
          [
            [
              687500.0,
              6371700.0
            ],
            [
              687500.0,
              6371800.0
            ],
            [
              687600.0,
              6371800.0
            ],
            [
              687600.0,
              6371700.0
            ],
            [
              687500.0,
              6371700.0
            ]
          ]
        ]
      },
      "properties": {
        "id": "cell-687500-6371700",
        "bounds": [
          687500,
          6371700,
          687600,
          6371800
        ],
        "areaMetres2": 10000.0,
        "priorCorridorAreaMetres2": 8943.778132660427,
        "extensionAreaMetres2": 1056.2218673395735,
        "reviewableAreaMetres2": 1056.2218673395735,
        "priorInspected": true,
        "selected": true,
        "status": "unreviewed",
        "inspected": false,
        "issueIds": [],
        "holes": [
          3,
          4
        ],
        "priorCorridorStatus": "ambiguous",
        "scene": "r5-061"
      }
    },
    {
      "type": "Feature",
      "geometry": {
        "type": "Polygon",
        "coordinates": [
          [
            [
              687600.0,
              6371800.0
            ],
            [
              687500.0,
              6371800.0
            ],
            [
              687500.0,
              6371900.0
            ],
            [
              687567.061009158,
              6371900.0
            ],
            [
              687600.0,
              6371884.830607382
            ],
            [
              687600.0,
              6371800.0
            ]
          ]
        ]
      },
      "properties": {
        "id": "cell-687500-6371800",
        "bounds": [
          687500,
          6371800,
          687600,
          6371900
        ],
        "areaMetres2": 9750.167757732957,
        "priorCorridorAreaMetres2": 5442.34768463811,
        "extensionAreaMetres2": 4307.820073094849,
        "reviewableAreaMetres2": 4307.820073094847,
        "priorInspected": true,
        "selected": true,
        "status": "unreviewed",
        "inspected": false,
        "issueIds": [],
        "holes": [
          3,
          4
        ],
        "priorCorridorStatus": "reviewed",
        "scene": "r5-062"
      }
    },
    {
      "type": "Feature",
      "geometry": {
        "type": "Polygon",
        "coordinates": [
          [
            [
              687500.0,
              6371900.0
            ],
            [
              687500.0,
              6371932.8479646975
            ],
            [
              687509.7657479361,
              6371926.386185199
            ],
            [
              687567.061009158,
              6371900.0
            ],
            [
              687500.0,
              6371900.0
            ]
          ]
        ]
      },
      "properties": {
        "id": "cell-687500-6371900",
        "bounds": [
          687500,
          6371900,
          687600,
          6372000
        ],
        "areaMetres2": 1045.1345753633916,
        "priorCorridorAreaMetres2": 0.0,
        "extensionAreaMetres2": 1045.1345753633916,
        "reviewableAreaMetres2": 1045.1345753633916,
        "priorInspected": false,
        "selected": true,
        "status": "unreviewed",
        "inspected": false,
        "issueIds": [],
        "holes": [
          4
        ],
        "scene": "r5-063"
      }
    },
    {
      "type": "Feature",
      "geometry": {
        "type": "Polygon",
        "coordinates": [
          [
            [
              687700.0,
              6370600.0
            ],
            [
              687700.0,
              6370589.104084892
            ],
            [
              687674.1660149794,
              6370600.0
            ],
            [
              687700.0,
              6370600.0
            ]
          ]
        ]
      },
      "properties": {
        "id": "cell-687600-6370500",
        "bounds": [
          687600,
          6370500,
          687700,
          6370600
        ],
        "areaMetres2": 140.74245384055183,
        "priorCorridorAreaMetres2": 0.0,
        "extensionAreaMetres2": 140.74245384055183,
        "reviewableAreaMetres2": 140.74245384055183,
        "priorInspected": false,
        "selected": true,
        "status": "unreviewed",
        "inspected": false,
        "issueIds": [],
        "holes": [
          10,
          18
        ],
        "scene": "r5-064"
      }
    },
    {
      "type": "Feature",
      "geometry": {
        "type": "Polygon",
        "coordinates": [
          [
            [
              687600.0,
              6370700.0
            ],
            [
              687700.0,
              6370700.0
            ],
            [
              687700.0,
              6370600.0
            ],
            [
              687674.1660149794,
              6370600.0
            ],
            [
              687634.5409779358,
              6370616.712521875
            ],
            [
              687600.0,
              6370629.918620325
            ],
            [
              687600.0,
              6370700.0
            ]
          ]
        ]
      },
      "properties": {
        "id": "cell-687600-6370600",
        "bounds": [
          687600,
          6370600,
          687700,
          6370700
        ],
        "areaMetres2": 8863.540223875654,
        "priorCorridorAreaMetres2": 7570.322401554513,
        "extensionAreaMetres2": 1293.2178223211415,
        "reviewableAreaMetres2": 1293.217822321141,
        "priorInspected": true,
        "selected": true,
        "status": "unreviewed",
        "inspected": false,
        "issueIds": [],
        "holes": [
          10,
          18
        ],
        "priorCorridorStatus": "reviewed",
        "scene": "r5-065"
      }
    },
    {
      "type": "Feature",
      "geometry": {
        "type": "Polygon",
        "coordinates": [
          [
            [
              687600.0,
              6370700.0
            ],
            [
              687600.0,
              6370800.0
            ],
            [
              687700.0,
              6370800.0
            ],
            [
              687700.0,
              6370700.0
            ],
            [
              687600.0,
              6370700.0
            ]
          ]
        ]
      },
      "properties": {
        "id": "cell-687600-6370700",
        "bounds": [
          687600,
          6370700,
          687700,
          6370800
        ],
        "areaMetres2": 10000.0,
        "priorCorridorAreaMetres2": 8772.730974346483,
        "extensionAreaMetres2": 1227.269025653517,
        "reviewableAreaMetres2": 1227.269025653517,
        "priorInspected": true,
        "selected": true,
        "status": "unreviewed",
        "inspected": false,
        "issueIds": [],
        "holes": [
          10,
          18
        ],
        "priorCorridorStatus": "reviewed",
        "scene": "r5-066"
      }
    },
    {
      "type": "Feature",
      "geometry": {
        "type": "Polygon",
        "coordinates": [
          [
            [
              687600.0,
              6370800.0
            ],
            [
              687600.0,
              6370900.0
            ],
            [
              687700.0,
              6370900.0
            ],
            [
              687700.0,
              6370800.0
            ],
            [
              687600.0,
              6370800.0
            ]
          ]
        ]
      },
      "properties": {
        "id": "cell-687600-6370800",
        "bounds": [
          687600,
          6370800,
          687700,
          6370900
        ],
        "areaMetres2": 10000.0,
        "priorCorridorAreaMetres2": 1733.9045056452883,
        "extensionAreaMetres2": 8266.095494354711,
        "reviewableAreaMetres2": 8266.095494354711,
        "priorInspected": true,
        "selected": true,
        "status": "unreviewed",
        "inspected": false,
        "issueIds": [],
        "holes": [
          10
        ],
        "priorCorridorStatus": "reviewed",
        "scene": "r5-067"
      }
    },
    {
      "type": "Feature",
      "geometry": {
        "type": "Polygon",
        "coordinates": [
          [
            [
              687600.0,
              6370900.0
            ],
            [
              687600.0,
              6371000.0
            ],
            [
              687700.0,
              6371000.0
            ],
            [
              687700.0,
              6370900.0
            ],
            [
              687600.0,
              6370900.0
            ]
          ]
        ]
      },
      "properties": {
        "id": "cell-687600-6370900",
        "bounds": [
          687600,
          6370900,
          687700,
          6371000
        ],
        "areaMetres2": 10000.0,
        "priorCorridorAreaMetres2": 7202.2306076401765,
        "extensionAreaMetres2": 2797.7693923598245,
        "reviewableAreaMetres2": 2797.7693923598226,
        "priorInspected": true,
        "selected": true,
        "status": "unreviewed",
        "inspected": false,
        "issueIds": [],
        "holes": [],
        "priorCorridorStatus": "reviewed",
        "scene": "r5-068"
      }
    },
    {
      "type": "Feature",
      "geometry": {
        "type": "Polygon",
        "coordinates": [
          [
            [
              687600.0,
              6371000.0
            ],
            [
              687600.0,
              6371100.0
            ],
            [
              687700.0,
              6371100.0
            ],
            [
              687700.0,
              6371000.0
            ],
            [
              687600.0,
              6371000.0
            ]
          ]
        ]
      },
      "properties": {
        "id": "cell-687600-6371000",
        "bounds": [
          687600,
          6371000,
          687700,
          6371100
        ],
        "areaMetres2": 10000.0,
        "priorCorridorAreaMetres2": 5347.826053044674,
        "extensionAreaMetres2": 4652.173946955325,
        "reviewableAreaMetres2": 4652.173946955325,
        "priorInspected": true,
        "selected": true,
        "status": "unreviewed",
        "inspected": false,
        "issueIds": [],
        "holes": [],
        "priorCorridorStatus": "ambiguous",
        "scene": "r5-069"
      }
    },
    {
      "type": "Feature",
      "geometry": {
        "type": "Polygon",
        "coordinates": [
          [
            [
              687600.0,
              6371100.0
            ],
            [
              687600.0,
              6371200.0
            ],
            [
              687700.0,
              6371200.0
            ],
            [
              687700.0,
              6371100.0
            ],
            [
              687600.0,
              6371100.0
            ]
          ]
        ]
      },
      "properties": {
        "id": "cell-687600-6371100",
        "bounds": [
          687600,
          6371100,
          687700,
          6371200
        ],
        "areaMetres2": 10000.0,
        "priorCorridorAreaMetres2": 5106.939880689618,
        "extensionAreaMetres2": 4893.060119310384,
        "reviewableAreaMetres2": 4893.060119310383,
        "priorInspected": true,
        "selected": true,
        "status": "unreviewed",
        "inspected": false,
        "issueIds": [],
        "holes": [
          8,
          16
        ],
        "priorCorridorStatus": "reviewed",
        "scene": "r5-070"
      }
    },
    {
      "type": "Feature",
      "geometry": {
        "type": "Polygon",
        "coordinates": [
          [
            [
              687600.0,
              6371200.0
            ],
            [
              687600.0,
              6371300.0
            ],
            [
              687700.0,
              6371300.0
            ],
            [
              687700.0,
              6371200.0
            ],
            [
              687600.0,
              6371200.0
            ]
          ]
        ]
      },
      "properties": {
        "id": "cell-687600-6371200",
        "bounds": [
          687600,
          6371200,
          687700,
          6371300
        ],
        "areaMetres2": 10000.0,
        "priorCorridorAreaMetres2": 17.466976233752657,
        "extensionAreaMetres2": 9982.533023766246,
        "reviewableAreaMetres2": 9982.533023766246,
        "priorInspected": true,
        "selected": true,
        "status": "unreviewed",
        "inspected": false,
        "issueIds": [],
        "holes": [
          7,
          8,
          15,
          16
        ],
        "priorCorridorStatus": "reviewed",
        "scene": "r5-071"
      }
    },
    {
      "type": "Feature",
      "geometry": {
        "type": "Polygon",
        "coordinates": [
          [
            [
              687600.0,
              6371300.0
            ],
            [
              687600.0,
              6371400.0
            ],
            [
              687700.0,
              6371400.0
            ],
            [
              687700.0,
              6371300.0
            ],
            [
              687600.0,
              6371300.0
            ]
          ]
        ]
      },
      "properties": {
        "id": "cell-687600-6371300",
        "bounds": [
          687600,
          6371300,
          687700,
          6371400
        ],
        "areaMetres2": 10000.0,
        "priorCorridorAreaMetres2": 1588.9698283310372,
        "extensionAreaMetres2": 8411.030171668965,
        "reviewableAreaMetres2": 8411.030171668963,
        "priorInspected": true,
        "selected": true,
        "status": "unreviewed",
        "inspected": false,
        "issueIds": [],
        "holes": [
          7,
          8,
          15
        ],
        "priorCorridorStatus": "ambiguous",
        "scene": "r5-072"
      }
    },
    {
      "type": "Feature",
      "geometry": {
        "type": "Polygon",
        "coordinates": [
          [
            [
              687600.0,
              6371400.0
            ],
            [
              687600.0,
              6371500.0
            ],
            [
              687700.0,
              6371500.0
            ],
            [
              687700.0,
              6371400.0
            ],
            [
              687600.0,
              6371400.0
            ]
          ]
        ]
      },
      "properties": {
        "id": "cell-687600-6371400",
        "bounds": [
          687600,
          6371400,
          687700,
          6371500
        ],
        "areaMetres2": 10000.0,
        "priorCorridorAreaMetres2": 2536.3217914167476,
        "extensionAreaMetres2": 7463.678208583253,
        "reviewableAreaMetres2": 7463.678208583253,
        "priorInspected": true,
        "selected": true,
        "status": "unreviewed",
        "inspected": false,
        "issueIds": [],
        "holes": [
          7,
          8
        ],
        "priorCorridorStatus": "ambiguous",
        "scene": "r5-073"
      }
    },
    {
      "type": "Feature",
      "geometry": {
        "type": "Polygon",
        "coordinates": [
          [
            [
              687600.0,
              6371500.0
            ],
            [
              687600.0,
              6371600.0
            ],
            [
              687700.0,
              6371600.0
            ],
            [
              687700.0,
              6371500.0
            ],
            [
              687600.0,
              6371500.0
            ]
          ]
        ]
      },
      "properties": {
        "id": "cell-687600-6371500",
        "bounds": [
          687600,
          6371500,
          687700,
          6371600
        ],
        "areaMetres2": 10000.0,
        "priorCorridorAreaMetres2": 4000.610178502207,
        "extensionAreaMetres2": 5999.389821497795,
        "reviewableAreaMetres2": 5999.3898214977935,
        "priorInspected": true,
        "selected": true,
        "status": "unreviewed",
        "inspected": false,
        "issueIds": [],
        "holes": [
          3
        ],
        "priorCorridorStatus": "reviewed",
        "scene": "r5-074"
      }
    },
    {
      "type": "Feature",
      "geometry": {
        "type": "Polygon",
        "coordinates": [
          [
            [
              687600.0,
              6371600.0
            ],
            [
              687600.0,
              6371700.0
            ],
            [
              687700.0,
              6371700.0
            ],
            [
              687700.0,
              6371600.0
            ],
            [
              687600.0,
              6371600.0
            ]
          ]
        ]
      },
      "properties": {
        "id": "cell-687600-6371600",
        "bounds": [
          687600,
          6371600,
          687700,
          6371700
        ],
        "areaMetres2": 10000.0,
        "priorCorridorAreaMetres2": 0.0,
        "extensionAreaMetres2": 10000.0,
        "reviewableAreaMetres2": 10000.0,
        "priorInspected": false,
        "selected": true,
        "status": "unreviewed",
        "inspected": false,
        "issueIds": [],
        "holes": [
          3,
          4
        ],
        "scene": "r5-075"
      }
    },
    {
      "type": "Feature",
      "geometry": {
        "type": "Polygon",
        "coordinates": [
          [
            [
              687600.0,
              6371700.0
            ],
            [
              687600.0,
              6371800.0
            ],
            [
              687700.0,
              6371800.0
            ],
            [
              687700.0,
              6371700.0
            ],
            [
              687600.0,
              6371700.0
            ]
          ]
        ]
      },
      "properties": {
        "id": "cell-687600-6371700",
        "bounds": [
          687600,
          6371700,
          687700,
          6371800
        ],
        "areaMetres2": 10000.0,
        "priorCorridorAreaMetres2": 7568.0857614201595,
        "extensionAreaMetres2": 2431.9142385798423,
        "reviewableAreaMetres2": 2431.914238579842,
        "priorInspected": true,
        "selected": true,
        "status": "unreviewed",
        "inspected": false,
        "issueIds": [],
        "holes": [
          3,
          4
        ],
        "priorCorridorStatus": "ambiguous",
        "scene": "r5-076"
      }
    },
    {
      "type": "Feature",
      "geometry": {
        "type": "Polygon",
        "coordinates": [
          [
            [
              687700.0,
              6371800.0
            ],
            [
              687600.0,
              6371800.0
            ],
            [
              687600.0,
              6371884.830607382
            ],
            [
              687687.6380775785,
              6371844.470645735
            ],
            [
              687700.0,
              6371828.255032634
            ],
            [
              687700.0,
              6371800.0
            ]
          ]
        ]
      },
      "properties": {
        "id": "cell-687600-6371800",
        "bounds": [
          687600,
          6371800,
          687700,
          6371900
        ],
        "areaMetres2": 6115.371222845823,
        "priorCorridorAreaMetres2": 311.7948411325034,
        "extensionAreaMetres2": 5803.576381713319,
        "reviewableAreaMetres2": 5803.576381713319,
        "priorInspected": true,
        "selected": true,
        "status": "unreviewed",
        "inspected": false,
        "issueIds": [],
        "holes": [
          3,
          4
        ],
        "priorCorridorStatus": "reviewed",
        "scene": "r5-077"
      }
    },
    {
      "type": "Feature",
      "geometry": {
        "type": "Polygon",
        "coordinates": [
          [
            [
              687700.0,
              6370600.0
            ],
            [
              687800.0,
              6370600.0
            ],
            [
              687800.0,
              6370518.544608325
            ],
            [
              687701.0567225219,
              6370588.658394501
            ],
            [
              687700.0,
              6370589.104084892
            ],
            [
              687700.0,
              6370600.0
            ]
          ]
        ]
      },
      "properties": {
        "id": "cell-687700-6370500",
        "bounds": [
          687700,
          6370500,
          687800,
          6370600
        ],
        "areaMetres2": 4602.56896471995,
        "priorCorridorAreaMetres2": 3586.136362116337,
        "extensionAreaMetres2": 1016.4326026036115,
        "reviewableAreaMetres2": 1016.4326026036119,
        "priorInspected": true,
        "selected": true,
        "status": "unreviewed",
        "inspected": false,
        "issueIds": [],
        "holes": [
          10,
          11,
          17,
          18
        ],
        "priorCorridorStatus": "reviewed",
        "scene": "r5-078"
      }
    },
    {
      "type": "Feature",
      "geometry": {
        "type": "Polygon",
        "coordinates": [
          [
            [
              687700.0,
              6370600.0
            ],
            [
              687700.0,
              6370700.0
            ],
            [
              687800.0,
              6370700.0
            ],
            [
              687800.0,
              6370600.0
            ],
            [
              687700.0,
              6370600.0
            ]
          ]
        ]
      },
      "properties": {
        "id": "cell-687700-6370600",
        "bounds": [
          687700,
          6370600,
          687800,
          6370700
        ],
        "areaMetres2": 10000.0,
        "priorCorridorAreaMetres2": 9064.195704911492,
        "extensionAreaMetres2": 935.80429508851,
        "reviewableAreaMetres2": 935.80429508851,
        "priorInspected": true,
        "selected": true,
        "status": "unreviewed",
        "inspected": false,
        "issueIds": [],
        "holes": [
          10,
          11,
          17,
          18
        ],
        "priorCorridorStatus": "reviewed",
        "scene": "r5-079"
      }
    },
    {
      "type": "Feature",
      "geometry": {
        "type": "Polygon",
        "coordinates": [
          [
            [
              687700.0,
              6370700.0
            ],
            [
              687700.0,
              6370800.0
            ],
            [
              687800.0,
              6370800.0
            ],
            [
              687800.0,
              6370700.0
            ],
            [
              687700.0,
              6370700.0
            ]
          ]
        ]
      },
      "properties": {
        "id": "cell-687700-6370700",
        "bounds": [
          687700,
          6370700,
          687800,
          6370800
        ],
        "areaMetres2": 10000.0,
        "priorCorridorAreaMetres2": 2848.7024223942226,
        "extensionAreaMetres2": 7151.297577605775,
        "reviewableAreaMetres2": 7151.297577605777,
        "priorInspected": true,
        "selected": true,
        "status": "unreviewed",
        "inspected": false,
        "issueIds": [],
        "holes": [
          10,
          17,
          18
        ],
        "priorCorridorStatus": "ambiguous",
        "scene": "r5-080"
      }
    },
    {
      "type": "Feature",
      "geometry": {
        "type": "Polygon",
        "coordinates": [
          [
            [
              687700.0,
              6370800.0
            ],
            [
              687700.0,
              6370900.0
            ],
            [
              687800.0,
              6370900.0
            ],
            [
              687800.0,
              6370800.0
            ],
            [
              687700.0,
              6370800.0
            ]
          ]
        ]
      },
      "properties": {
        "id": "cell-687700-6370800",
        "bounds": [
          687700,
          6370800,
          687800,
          6370900
        ],
        "areaMetres2": 10000.0,
        "priorCorridorAreaMetres2": 157.45180567172793,
        "extensionAreaMetres2": 9842.548194328276,
        "reviewableAreaMetres2": 9842.548194328276,
        "priorInspected": true,
        "selected": true,
        "status": "unreviewed",
        "inspected": false,
        "issueIds": [],
        "holes": [
          10
        ],
        "priorCorridorStatus": "reviewed",
        "scene": "r5-081"
      }
    },
    {
      "type": "Feature",
      "geometry": {
        "type": "Polygon",
        "coordinates": [
          [
            [
              687700.0,
              6370900.0
            ],
            [
              687700.0,
              6371000.0
            ],
            [
              687800.0,
              6371000.0
            ],
            [
              687800.0,
              6370900.0
            ],
            [
              687700.0,
              6370900.0
            ]
          ]
        ]
      },
      "properties": {
        "id": "cell-687700-6370900",
        "bounds": [
          687700,
          6370900,
          687800,
          6371000
        ],
        "areaMetres2": 10000.0,
        "priorCorridorAreaMetres2": 2759.313009729772,
        "extensionAreaMetres2": 7240.686990270226,
        "reviewableAreaMetres2": 7240.686990270226,
        "priorInspected": true,
        "selected": true,
        "status": "unreviewed",
        "inspected": false,
        "issueIds": [],
        "holes": [],
        "priorCorridorStatus": "reviewed",
        "scene": "r5-082"
      }
    },
    {
      "type": "Feature",
      "geometry": {
        "type": "Polygon",
        "coordinates": [
          [
            [
              687700.0,
              6371000.0
            ],
            [
              687700.0,
              6371100.0
            ],
            [
              687800.0,
              6371100.0
            ],
            [
              687800.0,
              6371000.0
            ],
            [
              687700.0,
              6371000.0
            ]
          ]
        ]
      },
      "properties": {
        "id": "cell-687700-6371000",
        "bounds": [
          687700,
          6371000,
          687800,
          6371100
        ],
        "areaMetres2": 10000.0,
        "priorCorridorAreaMetres2": 6746.026183558308,
        "extensionAreaMetres2": 3253.9738164416904,
        "reviewableAreaMetres2": 3253.9738164416904,
        "priorInspected": true,
        "selected": true,
        "status": "unreviewed",
        "inspected": false,
        "issueIds": [],
        "holes": [
          16
        ],
        "priorCorridorStatus": "ambiguous",
        "scene": "r5-083"
      }
    },
    {
      "type": "Feature",
      "geometry": {
        "type": "Polygon",
        "coordinates": [
          [
            [
              687700.0,
              6371100.0
            ],
            [
              687700.0,
              6371200.0
            ],
            [
              687800.0,
              6371200.0
            ],
            [
              687800.0,
              6371100.0
            ],
            [
              687700.0,
              6371100.0
            ]
          ]
        ]
      },
      "properties": {
        "id": "cell-687700-6371100",
        "bounds": [
          687700,
          6371100,
          687800,
          6371200
        ],
        "areaMetres2": 10000.0,
        "priorCorridorAreaMetres2": 6969.383432604073,
        "extensionAreaMetres2": 3030.616567395926,
        "reviewableAreaMetres2": 3030.6165673959263,
        "priorInspected": true,
        "selected": true,
        "status": "unreviewed",
        "inspected": false,
        "issueIds": [],
        "holes": [
          16
        ],
        "priorCorridorStatus": "reviewed",
        "scene": "r5-084"
      }
    },
    {
      "type": "Feature",
      "geometry": {
        "type": "Polygon",
        "coordinates": [
          [
            [
              687700.0,
              6371200.0
            ],
            [
              687700.0,
              6371300.0
            ],
            [
              687800.0,
              6371300.0
            ],
            [
              687800.0,
              6371200.0
            ],
            [
              687700.0,
              6371200.0
            ]
          ]
        ]
      },
      "properties": {
        "id": "cell-687700-6371200",
        "bounds": [
          687700,
          6371200,
          687800,
          6371300
        ],
        "areaMetres2": 10000.0,
        "priorCorridorAreaMetres2": 5618.929429757865,
        "extensionAreaMetres2": 4381.070570242135,
        "reviewableAreaMetres2": 4381.070570242137,
        "priorInspected": true,
        "selected": true,
        "status": "unreviewed",
        "inspected": false,
        "issueIds": [],
        "holes": [
          15,
          16
        ],
        "priorCorridorStatus": "ambiguous",
        "scene": "r5-085"
      }
    },
    {
      "type": "Feature",
      "geometry": {
        "type": "Polygon",
        "coordinates": [
          [
            [
              687700.0,
              6371300.0
            ],
            [
              687700.0,
              6371400.0
            ],
            [
              687800.0,
              6371400.0
            ],
            [
              687800.0,
              6371300.0
            ],
            [
              687700.0,
              6371300.0
            ]
          ]
        ]
      },
      "properties": {
        "id": "cell-687700-6371300",
        "bounds": [
          687700,
          6371300,
          687800,
          6371400
        ],
        "areaMetres2": 10000.0,
        "priorCorridorAreaMetres2": 6040.320367039055,
        "extensionAreaMetres2": 3959.679632960946,
        "reviewableAreaMetres2": 3959.679632960946,
        "priorInspected": true,
        "selected": true,
        "status": "unreviewed",
        "inspected": false,
        "issueIds": [],
        "holes": [
          15,
          16
        ],
        "priorCorridorStatus": "reviewed",
        "scene": "r5-086"
      }
    },
    {
      "type": "Feature",
      "geometry": {
        "type": "Polygon",
        "coordinates": [
          [
            [
              687700.0,
              6371400.0
            ],
            [
              687700.0,
              6371500.0
            ],
            [
              687800.0,
              6371500.0
            ],
            [
              687800.0,
              6371400.0
            ],
            [
              687700.0,
              6371400.0
            ]
          ]
        ]
      },
      "properties": {
        "id": "cell-687700-6371400",
        "bounds": [
          687700,
          6371400,
          687800,
          6371500
        ],
        "areaMetres2": 10000.0,
        "priorCorridorAreaMetres2": 2278.626239797547,
        "extensionAreaMetres2": 7721.37376020245,
        "reviewableAreaMetres2": 7721.373760202453,
        "priorInspected": true,
        "selected": true,
        "status": "unreviewed",
        "inspected": false,
        "issueIds": [],
        "holes": [
          15
        ],
        "priorCorridorStatus": "ambiguous",
        "scene": "r5-087"
      }
    },
    {
      "type": "Feature",
      "geometry": {
        "type": "Polygon",
        "coordinates": [
          [
            [
              687700.0,
              6371500.0
            ],
            [
              687700.0,
              6371600.0
            ],
            [
              687800.0,
              6371600.0
            ],
            [
              687800.0,
              6371500.0
            ],
            [
              687700.0,
              6371500.0
            ]
          ]
        ]
      },
      "properties": {
        "id": "cell-687700-6371500",
        "bounds": [
          687700,
          6371500,
          687800,
          6371600
        ],
        "areaMetres2": 10000.0,
        "priorCorridorAreaMetres2": 0.0,
        "extensionAreaMetres2": 10000.0,
        "reviewableAreaMetres2": 10000.0,
        "priorInspected": false,
        "selected": true,
        "status": "unreviewed",
        "inspected": false,
        "issueIds": [],
        "holes": [],
        "scene": "r5-088"
      }
    },
    {
      "type": "Feature",
      "geometry": {
        "type": "Polygon",
        "coordinates": [
          [
            [
              687700.0,
              6371600.0
            ],
            [
              687700.0,
              6371700.0
            ],
            [
              687800.0,
              6371700.0
            ],
            [
              687800.0,
              6371600.0
            ],
            [
              687700.0,
              6371600.0
            ]
          ]
        ]
      },
      "properties": {
        "id": "cell-687700-6371600",
        "bounds": [
          687700,
          6371600,
          687800,
          6371700
        ],
        "areaMetres2": 10000.0,
        "priorCorridorAreaMetres2": 0.0,
        "extensionAreaMetres2": 10000.0,
        "reviewableAreaMetres2": 10000.0,
        "priorInspected": false,
        "selected": true,
        "status": "unreviewed",
        "inspected": false,
        "issueIds": [],
        "holes": [
          4
        ],
        "scene": "r5-089"
      }
    },
    {
      "type": "Feature",
      "geometry": {
        "type": "Polygon",
        "coordinates": [
          [
            [
              687800.0,
              6371700.0
            ],
            [
              687700.0,
              6371700.0
            ],
            [
              687700.0,
              6371800.0
            ],
            [
              687721.5401366132,
              6371800.0
            ],
            [
              687794.5692294776,
              6371704.204906439
            ],
            [
              687800.0,
              6371711.379611894
            ],
            [
              687800.0,
              6371700.0
            ]
          ]
        ]
      },
      "properties": {
        "id": "cell-687700-6371700",
        "bounds": [
          687700,
          6371700,
          687800,
          6371800
        ],
        "areaMetres2": 6001.326527346164,
        "priorCorridorAreaMetres2": 1411.4080037466802,
        "extensionAreaMetres2": 4589.918523599483,
        "reviewableAreaMetres2": 4589.918523599484,
        "priorInspected": true,
        "selected": true,
        "status": "unreviewed",
        "inspected": false,
        "issueIds": [],
        "holes": [
          4
        ],
        "priorCorridorStatus": "ambiguous",
        "scene": "r5-090"
      }
    },
    {
      "type": "Feature",
      "geometry": {
        "type": "Polygon",
        "coordinates": [
          [
            [
              687700.0,
              6371800.0
            ],
            [
              687700.0,
              6371828.255032634
            ],
            [
              687721.5401366132,
              6371800.0
            ],
            [
              687700.0,
              6371800.0
            ]
          ]
        ]
      },
      "properties": {
        "id": "cell-687700-6371800",
        "bounds": [
          687700,
          6371800,
          687800,
          6371900
        ],
        "areaMetres2": 304.30863147707936,
        "priorCorridorAreaMetres2": 0.0,
        "extensionAreaMetres2": 304.30863147707936,
        "reviewableAreaMetres2": 304.30863147707936,
        "priorInspected": false,
        "selected": true,
        "status": "unreviewed",
        "inspected": false,
        "issueIds": [],
        "holes": [
          4
        ],
        "scene": "r5-091"
      }
    },
    {
      "type": "Feature",
      "geometry": {
        "type": "Polygon",
        "coordinates": [
          [
            [
              687800.0,
              6370600.0
            ],
            [
              687900.0,
              6370600.0
            ],
            [
              687900.0,
              6370534.752358486
            ],
            [
              687802.5466282764,
              6370516.74000113
            ],
            [
              687800.0,
              6370518.544608325
            ],
            [
              687800.0,
              6370600.0
            ]
          ]
        ]
      },
      "properties": {
        "id": "cell-687800-6370500",
        "bounds": [
          687800,
          6370500,
          687900,
          6370600
        ],
        "areaMetres2": 7446.0195766351335,
        "priorCorridorAreaMetres2": 5832.014049606506,
        "extensionAreaMetres2": 1614.005527028627,
        "reviewableAreaMetres2": 1614.005527028627,
        "priorInspected": true,
        "selected": true,
        "status": "unreviewed",
        "inspected": false,
        "issueIds": [],
        "holes": [
          11,
          17,
          18
        ],
        "priorCorridorStatus": "reviewed",
        "scene": "r5-092"
      }
    },
    {
      "type": "Feature",
      "geometry": {
        "type": "Polygon",
        "coordinates": [
          [
            [
              687800.0,
              6370600.0
            ],
            [
              687800.0,
              6370700.0
            ],
            [
              687900.0,
              6370700.0
            ],
            [
              687900.0,
              6370600.0
            ],
            [
              687800.0,
              6370600.0
            ]
          ]
        ]
      },
      "properties": {
        "id": "cell-687800-6370600",
        "bounds": [
          687800,
          6370600,
          687900,
          6370700
        ],
        "areaMetres2": 10000.0,
        "priorCorridorAreaMetres2": 8381.622207314776,
        "extensionAreaMetres2": 1618.3777926852235,
        "reviewableAreaMetres2": 158.93859143566144,
        "priorInspected": true,
        "selected": true,
        "status": "unreviewed",
        "inspected": false,
        "issueIds": [],
        "holes": [
          10,
          11,
          17,
          18
        ],
        "priorCorridorStatus": "reviewed",
        "scene": "r5-093"
      }
    },
    {
      "type": "Feature",
      "geometry": {
        "type": "Polygon",
        "coordinates": [
          [
            [
              687800.0,
              6370700.0
            ],
            [
              687800.0,
              6370800.0
            ],
            [
              687900.0,
              6370800.0
            ],
            [
              687900.0,
              6370700.0
            ],
            [
              687800.0,
              6370700.0
            ]
          ]
        ]
      },
      "properties": {
        "id": "cell-687800-6370700",
        "bounds": [
          687800,
          6370700,
          687900,
          6370800
        ],
        "areaMetres2": 10000.0,
        "priorCorridorAreaMetres2": 3964.02288169628,
        "extensionAreaMetres2": 6035.977118303719,
        "reviewableAreaMetres2": 5862.727565380718,
        "priorInspected": true,
        "selected": true,
        "status": "unreviewed",
        "inspected": false,
        "issueIds": [],
        "holes": [
          10,
          11,
          12,
          16,
          17
        ],
        "priorCorridorStatus": "ambiguous",
        "scene": "r5-094"
      }
    },
    {
      "type": "Feature",
      "geometry": {
        "type": "Polygon",
        "coordinates": [
          [
            [
              687800.0,
              6370800.0
            ],
            [
              687800.0,
              6370900.0
            ],
            [
              687900.0,
              6370900.0
            ],
            [
              687900.0,
              6370800.0
            ],
            [
              687800.0,
              6370800.0
            ]
          ]
        ]
      },
      "properties": {
        "id": "cell-687800-6370800",
        "bounds": [
          687800,
          6370800,
          687900,
          6370900
        ],
        "areaMetres2": 10000.0,
        "priorCorridorAreaMetres2": 2980.783620002211,
        "extensionAreaMetres2": 7019.216379997789,
        "reviewableAreaMetres2": 7019.216379997789,
        "priorInspected": true,
        "selected": true,
        "status": "unreviewed",
        "inspected": false,
        "issueIds": [],
        "holes": [
          12,
          16,
          17
        ],
        "priorCorridorStatus": "ambiguous",
        "scene": "r5-095"
      }
    },
    {
      "type": "Feature",
      "geometry": {
        "type": "Polygon",
        "coordinates": [
          [
            [
              687800.0,
              6370900.0
            ],
            [
              687800.0,
              6371000.0
            ],
            [
              687900.0,
              6371000.0
            ],
            [
              687900.0,
              6370900.0
            ],
            [
              687800.0,
              6370900.0
            ]
          ]
        ]
      },
      "properties": {
        "id": "cell-687800-6370900",
        "bounds": [
          687800,
          6370900,
          687900,
          6371000
        ],
        "areaMetres2": 10000.0,
        "priorCorridorAreaMetres2": 3360.7246212101395,
        "extensionAreaMetres2": 6639.275378789861,
        "reviewableAreaMetres2": 6639.275378789861,
        "priorInspected": true,
        "selected": true,
        "status": "unreviewed",
        "inspected": false,
        "issueIds": [],
        "holes": [
          12,
          16
        ],
        "priorCorridorStatus": "ambiguous",
        "scene": "r5-096"
      }
    },
    {
      "type": "Feature",
      "geometry": {
        "type": "Polygon",
        "coordinates": [
          [
            [
              687800.0,
              6371000.0
            ],
            [
              687800.0,
              6371100.0
            ],
            [
              687900.0,
              6371100.0
            ],
            [
              687900.0,
              6371000.0
            ],
            [
              687800.0,
              6371000.0
            ]
          ]
        ]
      },
      "properties": {
        "id": "cell-687800-6371000",
        "bounds": [
          687800,
          6371000,
          687900,
          6371100
        ],
        "areaMetres2": 10000.0,
        "priorCorridorAreaMetres2": 5203.165919587707,
        "extensionAreaMetres2": 4796.834080412292,
        "reviewableAreaMetres2": 4796.8340804122945,
        "priorInspected": true,
        "selected": true,
        "status": "unreviewed",
        "inspected": false,
        "issueIds": [],
        "holes": [
          16
        ],
        "priorCorridorStatus": "ambiguous",
        "scene": "r5-097"
      }
    },
    {
      "type": "Feature",
      "geometry": {
        "type": "Polygon",
        "coordinates": [
          [
            [
              687800.0,
              6371100.0
            ],
            [
              687800.0,
              6371200.0
            ],
            [
              687900.0,
              6371200.0
            ],
            [
              687900.0,
              6371100.0
            ],
            [
              687800.0,
              6371100.0
            ]
          ]
        ]
      },
      "properties": {
        "id": "cell-687800-6371100",
        "bounds": [
          687800,
          6371100,
          687900,
          6371200
        ],
        "areaMetres2": 10000.0,
        "priorCorridorAreaMetres2": 7138.065726327045,
        "extensionAreaMetres2": 2861.9342736729536,
        "reviewableAreaMetres2": 2861.9342736729536,
        "priorInspected": true,
        "selected": true,
        "status": "unreviewed",
        "inspected": false,
        "issueIds": [],
        "holes": [
          15,
          16
        ],
        "priorCorridorStatus": "ambiguous",
        "scene": "r5-098"
      }
    },
    {
      "type": "Feature",
      "geometry": {
        "type": "Polygon",
        "coordinates": [
          [
            [
              687800.0,
              6371200.0
            ],
            [
              687800.0,
              6371300.0
            ],
            [
              687900.0,
              6371300.0
            ],
            [
              687900.0,
              6371200.0
            ],
            [
              687800.0,
              6371200.0
            ]
          ]
        ]
      },
      "properties": {
        "id": "cell-687800-6371200",
        "bounds": [
          687800,
          6371200,
          687900,
          6371300
        ],
        "areaMetres2": 10000.0,
        "priorCorridorAreaMetres2": 5569.919869816246,
        "extensionAreaMetres2": 4430.080130183754,
        "reviewableAreaMetres2": 4430.0801301837555,
        "priorInspected": true,
        "selected": true,
        "status": "unreviewed",
        "inspected": false,
        "issueIds": [],
        "holes": [
          15,
          16
        ],
        "priorCorridorStatus": "reviewed",
        "scene": "r5-099"
      }
    },
    {
      "type": "Feature",
      "geometry": {
        "type": "Polygon",
        "coordinates": [
          [
            [
              687800.0,
              6371300.0
            ],
            [
              687800.0,
              6371400.0
            ],
            [
              687900.0,
              6371400.0
            ],
            [
              687900.0,
              6371300.0
            ],
            [
              687800.0,
              6371300.0
            ]
          ]
        ]
      },
      "properties": {
        "id": "cell-687800-6371300",
        "bounds": [
          687800,
          6371300,
          687900,
          6371400
        ],
        "areaMetres2": 10000.0,
        "priorCorridorAreaMetres2": 4607.836461005612,
        "extensionAreaMetres2": 5392.163538994387,
        "reviewableAreaMetres2": 5392.163538994388,
        "priorInspected": true,
        "selected": true,
        "status": "unreviewed",
        "inspected": false,
        "issueIds": [],
        "holes": [
          15,
          16
        ],
        "priorCorridorStatus": "reviewed",
        "scene": "r5-100"
      }
    },
    {
      "type": "Feature",
      "geometry": {
        "type": "Polygon",
        "coordinates": [
          [
            [
              687800.0,
              6371400.0
            ],
            [
              687800.0,
              6371500.0
            ],
            [
              687900.0,
              6371500.0
            ],
            [
              687900.0,
              6371400.0
            ],
            [
              687800.0,
              6371400.0
            ]
          ]
        ]
      },
      "properties": {
        "id": "cell-687800-6371400",
        "bounds": [
          687800,
          6371400,
          687900,
          6371500
        ],
        "areaMetres2": 10000.0,
        "priorCorridorAreaMetres2": 42.93701949117449,
        "extensionAreaMetres2": 9957.062980508828,
        "reviewableAreaMetres2": 9957.062980508828,
        "priorInspected": true,
        "selected": true,
        "status": "unreviewed",
        "inspected": false,
        "issueIds": [],
        "holes": [
          15
        ],
        "priorCorridorStatus": "reviewed",
        "scene": "r5-101"
      }
    },
    {
      "type": "Feature",
      "geometry": {
        "type": "Polygon",
        "coordinates": [
          [
            [
              687800.0,
              6371500.0
            ],
            [
              687800.0,
              6371600.0
            ],
            [
              687900.0,
              6371600.0
            ],
            [
              687900.0,
              6371500.0
            ],
            [
              687800.0,
              6371500.0
            ]
          ]
        ]
      },
      "properties": {
        "id": "cell-687800-6371500",
        "bounds": [
          687800,
          6371500,
          687900,
          6371600
        ],
        "areaMetres2": 10000.0,
        "priorCorridorAreaMetres2": 0.0,
        "extensionAreaMetres2": 10000.0,
        "reviewableAreaMetres2": 10000.0,
        "priorInspected": false,
        "selected": true,
        "status": "unreviewed",
        "inspected": false,
        "issueIds": [],
        "holes": [],
        "scene": "r5-102"
      }
    },
    {
      "type": "Feature",
      "geometry": {
        "type": "Polygon",
        "coordinates": [
          [
            [
              687800.0,
              6371600.0
            ],
            [
              687800.0,
              6371700.0
            ],
            [
              687900.0,
              6371700.0
            ],
            [
              687900.0,
              6371600.0
            ],
            [
              687800.0,
              6371600.0
            ]
          ]
        ]
      },
      "properties": {
        "id": "cell-687800-6371600",
        "bounds": [
          687800,
          6371600,
          687900,
          6371700
        ],
        "areaMetres2": 10000.0,
        "priorCorridorAreaMetres2": 0.0,
        "extensionAreaMetres2": 10000.0,
        "reviewableAreaMetres2": 10000.0,
        "priorInspected": false,
        "selected": true,
        "status": "unreviewed",
        "inspected": false,
        "issueIds": [],
        "holes": [],
        "scene": "r5-103"
      }
    },
    {
      "type": "Feature",
      "geometry": {
        "type": "Polygon",
        "coordinates": [
          [
            [
              687900.0,
              6371800.0
            ],
            [
              687900.0,
              6371700.0
            ],
            [
              687800.0,
              6371700.0
            ],
            [
              687800.0,
              6371711.379611894
            ],
            [
              687854.1343380632,
              6371782.897627424
            ],
            [
              687875.009542666,
              6371800.0
            ],
            [
              687900.0,
              6371800.0
            ]
          ]
        ]
      },
      "properties": {
        "id": "cell-687800-6371700",
        "bounds": [
          687800,
          6371700,
          687900,
          6371800
        ],
        "areaMetres2": 6959.876402779403,
        "priorCorridorAreaMetres2": 0.0,
        "extensionAreaMetres2": 6959.876402779403,
        "reviewableAreaMetres2": 6959.876402779403,
        "priorInspected": false,
        "selected": true,
        "status": "unreviewed",
        "inspected": false,
        "issueIds": [],
        "holes": [],
        "scene": "r5-104"
      }
    },
    {
      "type": "Feature",
      "geometry": {
        "type": "Polygon",
        "coordinates": [
          [
            [
              687900.0,
              6371800.0
            ],
            [
              687875.009542666,
              6371800.0
            ],
            [
              687900.0,
              6371820.473864582
            ],
            [
              687900.0,
              6371800.0
            ]
          ]
        ]
      },
      "properties": {
        "id": "cell-687800-6371800",
        "bounds": [
          687800,
          6371800,
          687900,
          6371900
        ],
        "areaMetres2": 255.82561965360097,
        "priorCorridorAreaMetres2": 0.0,
        "extensionAreaMetres2": 255.82561965360097,
        "reviewableAreaMetres2": 255.82561965360097,
        "priorInspected": false,
        "selected": true,
        "status": "unreviewed",
        "inspected": false,
        "issueIds": [],
        "holes": [],
        "scene": "r5-105"
      }
    },
    {
      "type": "Feature",
      "geometry": {
        "type": "Polygon",
        "coordinates": [
          [
            [
              687900.0,
              6370600.0
            ],
            [
              688000.0,
              6370600.0
            ],
            [
              688000.0,
              6370554.581763361
            ],
            [
              687956.6771365581,
              6370545.228023099
            ],
            [
              687900.0,
              6370534.752358486
            ],
            [
              687900.0,
              6370600.0
            ]
          ]
        ]
      },
      "properties": {
        "id": "cell-687900-6370500",
        "bounds": [
          687900,
          6370500,
          688000,
          6370600
        ],
        "areaMetres2": 5571.447621003275,
        "priorCorridorAreaMetres2": 895.4364299000615,
        "extensionAreaMetres2": 4676.011191103214,
        "reviewableAreaMetres2": 4676.011191103214,
        "priorInspected": true,
        "selected": true,
        "status": "unreviewed",
        "inspected": false,
        "issueIds": [],
        "holes": [
          11,
          17
        ],
        "priorCorridorStatus": "reviewed",
        "scene": "r5-106"
      }
    },
    {
      "type": "Feature",
      "geometry": {
        "type": "Polygon",
        "coordinates": [
          [
            [
              687900.0,
              6370600.0
            ],
            [
              687900.0,
              6370700.0
            ],
            [
              688000.0,
              6370700.0
            ],
            [
              688000.0,
              6370600.0
            ],
            [
              687900.0,
              6370600.0
            ]
          ]
        ]
      },
      "properties": {
        "id": "cell-687900-6370600",
        "bounds": [
          687900,
          6370600,
          688000,
          6370700
        ],
        "areaMetres2": 10000.0,
        "priorCorridorAreaMetres2": 9023.305944081596,
        "extensionAreaMetres2": 976.6940559184039,
        "reviewableAreaMetres2": 907.8797935729051,
        "priorInspected": true,
        "selected": true,
        "status": "unreviewed",
        "inspected": false,
        "issueIds": [],
        "holes": [
          11,
          12,
          17
        ],
        "priorCorridorStatus": "reviewed",
        "scene": "r5-107"
      }
    },
    {
      "type": "Feature",
      "geometry": {
        "type": "Polygon",
        "coordinates": [
          [
            [
              687900.0,
              6370700.0
            ],
            [
              687900.0,
              6370800.0
            ],
            [
              688000.0,
              6370800.0
            ],
            [
              688000.0,
              6370700.0
            ],
            [
              687900.0,
              6370700.0
            ]
          ]
        ]
      },
      "properties": {
        "id": "cell-687900-6370700",
        "bounds": [
          687900,
          6370700,
          688000,
          6370800
        ],
        "areaMetres2": 10000.0,
        "priorCorridorAreaMetres2": 6401.983228685597,
        "extensionAreaMetres2": 3598.0167713143974,
        "reviewableAreaMetres2": 2599.681380415826,
        "priorInspected": true,
        "selected": true,
        "status": "unreviewed",
        "inspected": false,
        "issueIds": [],
        "holes": [
          11,
          12,
          16,
          17
        ],
        "priorCorridorStatus": "ambiguous",
        "scene": "r5-108"
      }
    },
    {
      "type": "Feature",
      "geometry": {
        "type": "Polygon",
        "coordinates": [
          [
            [
              687900.0,
              6370800.0
            ],
            [
              687900.0,
              6370900.0
            ],
            [
              688000.0,
              6370900.0
            ],
            [
              688000.0,
              6370800.0
            ],
            [
              687900.0,
              6370800.0
            ]
          ]
        ]
      },
      "properties": {
        "id": "cell-687900-6370800",
        "bounds": [
          687900,
          6370800,
          688000,
          6370900
        ],
        "areaMetres2": 10000.0,
        "priorCorridorAreaMetres2": 10000.0,
        "extensionAreaMetres2": 0.0,
        "reviewableAreaMetres2": 0.0,
        "priorInspected": true,
        "selected": false,
        "status": "ambiguous",
        "inspected": true,
        "issueIds": [],
        "holes": [
          12,
          13,
          16,
          17
        ],
        "priorCorridorStatus": "ambiguous"
      }
    },
    {
      "type": "Feature",
      "geometry": {
        "type": "Polygon",
        "coordinates": [
          [
            [
              687900.0,
              6370900.0
            ],
            [
              687900.0,
              6371000.0
            ],
            [
              688000.0,
              6371000.0
            ],
            [
              688000.0,
              6370900.0
            ],
            [
              687900.0,
              6370900.0
            ]
          ]
        ]
      },
      "properties": {
        "id": "cell-687900-6370900",
        "bounds": [
          687900,
          6370900,
          688000,
          6371000
        ],
        "areaMetres2": 10000.0,
        "priorCorridorAreaMetres2": 8439.064403813667,
        "extensionAreaMetres2": 1560.9355961863318,
        "reviewableAreaMetres2": 1560.9355961863318,
        "priorInspected": true,
        "selected": true,
        "status": "unreviewed",
        "inspected": false,
        "issueIds": [],
        "holes": [
          12,
          13,
          16
        ],
        "priorCorridorStatus": "ambiguous",
        "scene": "r5-109"
      }
    },
    {
      "type": "Feature",
      "geometry": {
        "type": "Polygon",
        "coordinates": [
          [
            [
              687900.0,
              6371000.0
            ],
            [
              687900.0,
              6371100.0
            ],
            [
              688000.0,
              6371100.0
            ],
            [
              688000.0,
              6371000.0
            ],
            [
              687900.0,
              6371000.0
            ]
          ]
        ]
      },
      "properties": {
        "id": "cell-687900-6371000",
        "bounds": [
          687900,
          6371000,
          688000,
          6371100
        ],
        "areaMetres2": 10000.0,
        "priorCorridorAreaMetres2": 5025.84280445438,
        "extensionAreaMetres2": 4974.157195545619,
        "reviewableAreaMetres2": 4974.157195545619,
        "priorInspected": true,
        "selected": true,
        "status": "unreviewed",
        "inspected": false,
        "issueIds": [],
        "holes": [
          12,
          13,
          14,
          16
        ],
        "priorCorridorStatus": "ambiguous",
        "scene": "r5-110"
      }
    },
    {
      "type": "Feature",
      "geometry": {
        "type": "Polygon",
        "coordinates": [
          [
            [
              687900.0,
              6371100.0
            ],
            [
              687900.0,
              6371200.0
            ],
            [
              688000.0,
              6371200.0
            ],
            [
              688000.0,
              6371100.0
            ],
            [
              687900.0,
              6371100.0
            ]
          ]
        ]
      },
      "properties": {
        "id": "cell-687900-6371100",
        "bounds": [
          687900,
          6371100,
          688000,
          6371200
        ],
        "areaMetres2": 10000.0,
        "priorCorridorAreaMetres2": 2154.9876798054484,
        "extensionAreaMetres2": 7845.012320194553,
        "reviewableAreaMetres2": 7845.012320194552,
        "priorInspected": true,
        "selected": true,
        "status": "unreviewed",
        "inspected": false,
        "issueIds": [],
        "holes": [
          14,
          15,
          16
        ],
        "priorCorridorStatus": "reviewed",
        "scene": "r5-111"
      }
    },
    {
      "type": "Feature",
      "geometry": {
        "type": "Polygon",
        "coordinates": [
          [
            [
              687900.0,
              6371200.0
            ],
            [
              687900.0,
              6371300.0
            ],
            [
              688000.0,
              6371300.0
            ],
            [
              688000.0,
              6371200.0
            ],
            [
              687900.0,
              6371200.0
            ]
          ]
        ]
      },
      "properties": {
        "id": "cell-687900-6371200",
        "bounds": [
          687900,
          6371200,
          688000,
          6371300
        ],
        "areaMetres2": 10000.0,
        "priorCorridorAreaMetres2": 8060.965423482857,
        "extensionAreaMetres2": 1939.0345765171444,
        "reviewableAreaMetres2": 1939.0345765171444,
        "priorInspected": true,
        "selected": true,
        "status": "unreviewed",
        "inspected": false,
        "issueIds": [],
        "holes": [
          15
        ],
        "priorCorridorStatus": "reviewed",
        "scene": "r5-112"
      }
    },
    {
      "type": "Feature",
      "geometry": {
        "type": "Polygon",
        "coordinates": [
          [
            [
              687900.0,
              6371300.0
            ],
            [
              687900.0,
              6371400.0
            ],
            [
              688000.0,
              6371400.0
            ],
            [
              688000.0,
              6371300.0
            ],
            [
              687900.0,
              6371300.0
            ]
          ]
        ]
      },
      "properties": {
        "id": "cell-687900-6371300",
        "bounds": [
          687900,
          6371300,
          688000,
          6371400
        ],
        "areaMetres2": 10000.0,
        "priorCorridorAreaMetres2": 1841.9885704638696,
        "extensionAreaMetres2": 8158.011429536128,
        "reviewableAreaMetres2": 8158.011429536128,
        "priorInspected": true,
        "selected": true,
        "status": "unreviewed",
        "inspected": false,
        "issueIds": [],
        "holes": [
          15
        ],
        "priorCorridorStatus": "reviewed",
        "scene": "r5-113"
      }
    },
    {
      "type": "Feature",
      "geometry": {
        "type": "Polygon",
        "coordinates": [
          [
            [
              687900.0,
              6371400.0
            ],
            [
              687900.0,
              6371500.0
            ],
            [
              688000.0,
              6371500.0
            ],
            [
              688000.0,
              6371400.0
            ],
            [
              687900.0,
              6371400.0
            ]
          ]
        ]
      },
      "properties": {
        "id": "cell-687900-6371400",
        "bounds": [
          687900,
          6371400,
          688000,
          6371500
        ],
        "areaMetres2": 10000.0,
        "priorCorridorAreaMetres2": 3224.395176985186,
        "extensionAreaMetres2": 6775.6048230148135,
        "reviewableAreaMetres2": 6775.604823014815,
        "priorInspected": true,
        "selected": true,
        "status": "unreviewed",
        "inspected": false,
        "issueIds": [],
        "holes": [],
        "priorCorridorStatus": "reviewed",
        "scene": "r5-114"
      }
    },
    {
      "type": "Feature",
      "geometry": {
        "type": "Polygon",
        "coordinates": [
          [
            [
              687900.0,
              6371500.0
            ],
            [
              687900.0,
              6371600.0
            ],
            [
              688000.0,
              6371600.0
            ],
            [
              688000.0,
              6371500.0
            ],
            [
              687900.0,
              6371500.0
            ]
          ]
        ]
      },
      "properties": {
        "id": "cell-687900-6371500",
        "bounds": [
          687900,
          6371500,
          688000,
          6371600
        ],
        "areaMetres2": 10000.0,
        "priorCorridorAreaMetres2": 0.0,
        "extensionAreaMetres2": 10000.0,
        "reviewableAreaMetres2": 10000.0,
        "priorInspected": false,
        "selected": true,
        "status": "unreviewed",
        "inspected": false,
        "issueIds": [],
        "holes": [],
        "scene": "r5-115"
      }
    },
    {
      "type": "Feature",
      "geometry": {
        "type": "Polygon",
        "coordinates": [
          [
            [
              687900.0,
              6371600.0
            ],
            [
              687900.0,
              6371700.0
            ],
            [
              688000.0,
              6371700.0
            ],
            [
              688000.0,
              6371600.0
            ],
            [
              687900.0,
              6371600.0
            ]
          ]
        ]
      },
      "properties": {
        "id": "cell-687900-6371600",
        "bounds": [
          687900,
          6371600,
          688000,
          6371700
        ],
        "areaMetres2": 10000.0,
        "priorCorridorAreaMetres2": 0.0,
        "extensionAreaMetres2": 10000.0,
        "reviewableAreaMetres2": 10000.0,
        "priorInspected": false,
        "selected": true,
        "status": "unreviewed",
        "inspected": false,
        "issueIds": [],
        "holes": [],
        "scene": "r5-116"
      }
    },
    {
      "type": "Feature",
      "geometry": {
        "type": "Polygon",
        "coordinates": [
          [
            [
              688000.0,
              6371700.0
            ],
            [
              687900.0,
              6371700.0
            ],
            [
              687900.0,
              6371800.0
            ],
            [
              687965.0023249962,
              6371800.0
            ],
            [
              688000.0,
              6371748.516882623
            ],
            [
              688000.0,
              6371700.0
            ]
          ]
        ]
      },
      "properties": {
        "id": "cell-687900-6371700",
        "bounds": [
          687900,
          6371700,
          688000,
          6371800
        ],
        "areaMetres2": 9099.105294921033,
        "priorCorridorAreaMetres2": 0.0,
        "extensionAreaMetres2": 9099.105294921033,
        "reviewableAreaMetres2": 9099.105294921035,
        "priorInspected": false,
        "selected": true,
        "status": "unreviewed",
        "inspected": false,
        "issueIds": [],
        "holes": [],
        "scene": "r5-117"
      }
    },
    {
      "type": "Feature",
      "geometry": {
        "type": "Polygon",
        "coordinates": [
          [
            [
              687900.0,
              6371800.0
            ],
            [
              687900.0,
              6371820.473864582
            ],
            [
              687932.8110040042,
              6371847.354847343
            ],
            [
              687965.0023249962,
              6371800.0
            ],
            [
              687900.0,
              6371800.0
            ]
          ]
        ]
      },
      "properties": {
        "id": "cell-687900-6371800",
        "bounds": [
          687900,
          6371800,
          688000,
          6371900
        ],
        "areaMetres2": 1874.9716149540973,
        "priorCorridorAreaMetres2": 0.0,
        "extensionAreaMetres2": 1874.9716149540973,
        "reviewableAreaMetres2": 1874.9716149540973,
        "priorInspected": false,
        "selected": true,
        "status": "unreviewed",
        "inspected": false,
        "issueIds": [],
        "holes": [],
        "scene": "r5-118"
      }
    },
    {
      "type": "Feature",
      "geometry": {
        "type": "Polygon",
        "coordinates": [
          [
            [
              688000.0,
              6370600.0
            ],
            [
              688100.0,
              6370600.0
            ],
            [
              688100.0,
              6370576.17253442
            ],
            [
              688000.0,
              6370554.581763361
            ],
            [
              688000.0,
              6370600.0
            ]
          ]
        ]
      },
      "properties": {
        "id": "cell-688000-6370500",
        "bounds": [
          688000,
          6370500,
          688100,
          6370600
        ],
        "areaMetres2": 3462.285110959783,
        "priorCorridorAreaMetres2": 0.0,
        "extensionAreaMetres2": 3462.285110959783,
        "reviewableAreaMetres2": 3462.285110959783,
        "priorInspected": false,
        "selected": true,
        "status": "unreviewed",
        "inspected": false,
        "issueIds": [],
        "holes": [
          11
        ],
        "scene": "r5-119"
      }
    },
    {
      "type": "Feature",
      "geometry": {
        "type": "Polygon",
        "coordinates": [
          [
            [
              688000.0,
              6370600.0
            ],
            [
              688000.0,
              6370700.0
            ],
            [
              688100.0,
              6370700.0
            ],
            [
              688100.0,
              6370600.0
            ],
            [
              688000.0,
              6370600.0
            ]
          ]
        ]
      },
      "properties": {
        "id": "cell-688000-6370600",
        "bounds": [
          688000,
          6370600,
          688100,
          6370700
        ],
        "areaMetres2": 10000.0,
        "priorCorridorAreaMetres2": 8710.770019045895,
        "extensionAreaMetres2": 1289.2299809541096,
        "reviewableAreaMetres2": 472.9914564715159,
        "priorInspected": true,
        "selected": true,
        "status": "unreviewed",
        "inspected": false,
        "issueIds": [],
        "holes": [
          11,
          12
        ],
        "priorCorridorStatus": "ambiguous",
        "scene": "r5-120"
      }
    },
    {
      "type": "Feature",
      "geometry": {
        "type": "Polygon",
        "coordinates": [
          [
            [
              688000.0,
              6370700.0
            ],
            [
              688000.0,
              6370800.0
            ],
            [
              688100.0,
              6370800.0
            ],
            [
              688100.0,
              6370700.0
            ],
            [
              688000.0,
              6370700.0
            ]
          ]
        ]
      },
      "properties": {
        "id": "cell-688000-6370700",
        "bounds": [
          688000,
          6370700,
          688100,
          6370800
        ],
        "areaMetres2": 10000.0,
        "priorCorridorAreaMetres2": 7090.02630165554,
        "extensionAreaMetres2": 2909.97369834446,
        "reviewableAreaMetres2": 2747.9902158763953,
        "priorInspected": true,
        "selected": true,
        "status": "unreviewed",
        "inspected": false,
        "issueIds": [],
        "holes": [
          11,
          12,
          13,
          16
        ],
        "priorCorridorStatus": "ambiguous",
        "scene": "r5-121"
      }
    },
    {
      "type": "Feature",
      "geometry": {
        "type": "Polygon",
        "coordinates": [
          [
            [
              688000.0,
              6370800.0
            ],
            [
              688000.0,
              6370900.0
            ],
            [
              688100.0,
              6370900.0
            ],
            [
              688100.0,
              6370800.0
            ],
            [
              688000.0,
              6370800.0
            ]
          ]
        ]
      },
      "properties": {
        "id": "cell-688000-6370800",
        "bounds": [
          688000,
          6370800,
          688100,
          6370900
        ],
        "areaMetres2": 10000.0,
        "priorCorridorAreaMetres2": 6481.361480661875,
        "extensionAreaMetres2": 3518.638519338123,
        "reviewableAreaMetres2": 2769.172507894682,
        "priorInspected": true,
        "selected": true,
        "status": "unreviewed",
        "inspected": false,
        "issueIds": [],
        "holes": [
          12,
          13,
          16
        ],
        "priorCorridorStatus": "ambiguous",
        "scene": "r5-122"
      }
    },
    {
      "type": "Feature",
      "geometry": {
        "type": "Polygon",
        "coordinates": [
          [
            [
              688000.0,
              6370900.0
            ],
            [
              688000.0,
              6371000.0
            ],
            [
              688100.0,
              6371000.0
            ],
            [
              688100.0,
              6370900.0
            ],
            [
              688000.0,
              6370900.0
            ]
          ]
        ]
      },
      "properties": {
        "id": "cell-688000-6370900",
        "bounds": [
          688000,
          6370900,
          688100,
          6371000
        ],
        "areaMetres2": 10000.0,
        "priorCorridorAreaMetres2": 3640.831149792869,
        "extensionAreaMetres2": 6359.168850207131,
        "reviewableAreaMetres2": 6359.168850207132,
        "priorInspected": true,
        "selected": true,
        "status": "unreviewed",
        "inspected": false,
        "issueIds": [],
        "holes": [
          12,
          13,
          14
        ],
        "priorCorridorStatus": "ambiguous",
        "scene": "r5-123"
      }
    },
    {
      "type": "Feature",
      "geometry": {
        "type": "Polygon",
        "coordinates": [
          [
            [
              688000.0,
              6371000.0
            ],
            [
              688000.0,
              6371100.0
            ],
            [
              688100.0,
              6371100.0
            ],
            [
              688100.0,
              6371000.0
            ],
            [
              688000.0,
              6371000.0
            ]
          ]
        ]
      },
      "properties": {
        "id": "cell-688000-6371000",
        "bounds": [
          688000,
          6371000,
          688100,
          6371100
        ],
        "areaMetres2": 10000.0,
        "priorCorridorAreaMetres2": 3921.178230286194,
        "extensionAreaMetres2": 6078.821769713808,
        "reviewableAreaMetres2": 6078.821769713806,
        "priorInspected": true,
        "selected": true,
        "status": "unreviewed",
        "inspected": false,
        "issueIds": [],
        "holes": [
          13,
          14,
          15
        ],
        "priorCorridorStatus": "ambiguous",
        "scene": "r5-124"
      }
    },
    {
      "type": "Feature",
      "geometry": {
        "type": "Polygon",
        "coordinates": [
          [
            [
              688000.0,
              6371100.0
            ],
            [
              688000.0,
              6371200.0
            ],
            [
              688100.0,
              6371200.0
            ],
            [
              688100.0,
              6371100.0
            ],
            [
              688000.0,
              6371100.0
            ]
          ]
        ]
      },
      "properties": {
        "id": "cell-688000-6371100",
        "bounds": [
          688000,
          6371100,
          688100,
          6371200
        ],
        "areaMetres2": 10000.0,
        "priorCorridorAreaMetres2": 7402.618635937848,
        "extensionAreaMetres2": 2597.3813640621534,
        "reviewableAreaMetres2": 2597.3813640621543,
        "priorInspected": true,
        "selected": true,
        "status": "unreviewed",
        "inspected": false,
        "issueIds": [],
        "holes": [
          14,
          15
        ],
        "priorCorridorStatus": "ambiguous",
        "scene": "r5-125"
      }
    },
    {
      "type": "Feature",
      "geometry": {
        "type": "Polygon",
        "coordinates": [
          [
            [
              688000.0,
              6371200.0
            ],
            [
              688000.0,
              6371300.0
            ],
            [
              688100.0,
              6371300.0
            ],
            [
              688100.0,
              6371200.0
            ],
            [
              688000.0,
              6371200.0
            ]
          ]
        ]
      },
      "properties": {
        "id": "cell-688000-6371200",
        "bounds": [
          688000,
          6371200,
          688100,
          6371300
        ],
        "areaMetres2": 10000.0,
        "priorCorridorAreaMetres2": 2853.2910455646474,
        "extensionAreaMetres2": 7146.708954435353,
        "reviewableAreaMetres2": 7146.708954435353,
        "priorInspected": true,
        "selected": true,
        "status": "unreviewed",
        "inspected": false,
        "issueIds": [],
        "holes": [
          15
        ],
        "priorCorridorStatus": "ambiguous",
        "scene": "r5-126"
      }
    },
    {
      "type": "Feature",
      "geometry": {
        "type": "Polygon",
        "coordinates": [
          [
            [
              688000.0,
              6371300.0
            ],
            [
              688000.0,
              6371400.0
            ],
            [
              688100.0,
              6371400.0
            ],
            [
              688100.0,
              6371300.0
            ],
            [
              688000.0,
              6371300.0
            ]
          ]
        ]
      },
      "properties": {
        "id": "cell-688000-6371300",
        "bounds": [
          688000,
          6371300,
          688100,
          6371400
        ],
        "areaMetres2": 10000.0,
        "priorCorridorAreaMetres2": 0.0,
        "extensionAreaMetres2": 10000.0,
        "reviewableAreaMetres2": 10000.0,
        "priorInspected": false,
        "selected": true,
        "status": "unreviewed",
        "inspected": false,
        "issueIds": [],
        "holes": [],
        "scene": "r5-127"
      }
    },
    {
      "type": "Feature",
      "geometry": {
        "type": "Polygon",
        "coordinates": [
          [
            [
              688100.0,
              6371400.0
            ],
            [
              688000.0,
              6371400.0
            ],
            [
              688000.0,
              6371500.0
            ],
            [
              688099.8021850813,
              6371500.0
            ],
            [
              688100.0,
              6371499.5910052005
            ],
            [
              688100.0,
              6371400.0
            ]
          ]
        ]
      },
      "properties": {
        "id": "cell-688000-6371400",
        "bounds": [
          688000,
          6371400,
          688100,
          6371500
        ],
        "areaMetres2": 9999.959547363494,
        "priorCorridorAreaMetres2": 0.0,
        "extensionAreaMetres2": 9999.959547363494,
        "reviewableAreaMetres2": 9999.959547363494,
        "priorInspected": false,
        "selected": true,
        "status": "unreviewed",
        "inspected": false,
        "issueIds": [],
        "holes": [],
        "scene": "r5-128"
      }
    },
    {
      "type": "Feature",
      "geometry": {
        "type": "Polygon",
        "coordinates": [
          [
            [
              688000.0,
              6371500.0
            ],
            [
              688000.0,
              6371600.0
            ],
            [
              688058.9550072026,
              6371600.0
            ],
            [
              688087.8772926407,
              6371524.655465976
            ],
            [
              688099.8021850813,
              6371500.0
            ],
            [
              688000.0,
              6371500.0
            ]
          ]
        ]
      },
      "properties": {
        "id": "cell-688000-6371500",
        "bounds": [
          688000,
          6371500,
          688100,
          6371600
        ],
        "areaMetres2": 7845.168094374758,
        "priorCorridorAreaMetres2": 0.0,
        "extensionAreaMetres2": 7845.168094374758,
        "reviewableAreaMetres2": 7845.168094374758,
        "priorInspected": false,
        "selected": true,
        "status": "unreviewed",
        "inspected": false,
        "issueIds": [],
        "holes": [],
        "scene": "r5-129"
      }
    },
    {
      "type": "Feature",
      "geometry": {
        "type": "Polygon",
        "coordinates": [
          [
            [
              688000.0,
              6371600.0
            ],
            [
              688000.0,
              6371700.0
            ],
            [
              688020.5683003061,
              6371700.0
            ],
            [
              688058.9550072026,
              6371600.0
            ],
            [
              688000.0,
              6371600.0
            ]
          ]
        ]
      },
      "properties": {
        "id": "cell-688000-6371600",
        "bounds": [
          688000,
          6371600,
          688100,
          6371700
        ],
        "areaMetres2": 3976.1653754336294,
        "priorCorridorAreaMetres2": 0.0,
        "extensionAreaMetres2": 3976.1653754336294,
        "reviewableAreaMetres2": 3976.1653754336294,
        "priorInspected": false,
        "selected": true,
        "status": "unreviewed",
        "inspected": false,
        "issueIds": [],
        "holes": [],
        "scene": "r5-130"
      }
    },
    {
      "type": "Feature",
      "geometry": {
        "type": "Polygon",
        "coordinates": [
          [
            [
              688000.0,
              6371700.0
            ],
            [
              688000.0,
              6371748.516882623
            ],
            [
              688004.4663478523,
              6371741.946688726
            ],
            [
              688020.5683003061,
              6371700.0
            ],
            [
              688000.0,
              6371700.0
            ]
          ]
        ]
      },
      "properties": {
        "id": "cell-688000-6371700",
        "bounds": [
          688000,
          6371700,
          688100,
          6371800
        ],
        "areaMetres2": 539.7326825272626,
        "priorCorridorAreaMetres2": 0.0,
        "extensionAreaMetres2": 539.7326825272626,
        "reviewableAreaMetres2": 539.7326825272626,
        "priorInspected": false,
        "selected": true,
        "status": "unreviewed",
        "inspected": false,
        "issueIds": [],
        "holes": [],
        "scene": "r5-131"
      }
    },
    {
      "type": "Feature",
      "geometry": {
        "type": "Polygon",
        "coordinates": [
          [
            [
              688100.0,
              6370600.0
            ],
            [
              688151.3404964907,
              6370600.0
            ],
            [
              688150.4708467029,
              6370587.069579383
            ],
            [
              688100.0,
              6370576.17253442
            ],
            [
              688100.0,
              6370600.0
            ]
          ]
        ]
      },
      "properties": {
        "id": "cell-688100-6370500",
        "bounds": [
          688100,
          6370500,
          688200,
          6370600
        ],
        "areaMetres2": 933.2232884458549,
        "priorCorridorAreaMetres2": 0.0,
        "extensionAreaMetres2": 933.2232884458549,
        "reviewableAreaMetres2": 933.2232884458549,
        "priorInspected": false,
        "selected": true,
        "status": "unreviewed",
        "inspected": false,
        "issueIds": [],
        "holes": [
          11
        ],
        "scene": "r5-132"
      }
    },
    {
      "type": "Feature",
      "geometry": {
        "type": "Polygon",
        "coordinates": [
          [
            [
              688100.0,
              6370600.0
            ],
            [
              688100.0,
              6370700.0
            ],
            [
              688158.0661074637,
              6370700.0
            ],
            [
              688151.3404964907,
              6370600.0
            ],
            [
              688100.0,
              6370600.0
            ]
          ]
        ]
      },
      "properties": {
        "id": "cell-688100-6370600",
        "bounds": [
          688100,
          6370600,
          688200,
          6370700
        ],
        "areaMetres2": 5470.330197719159,
        "priorCorridorAreaMetres2": 2756.893532293796,
        "extensionAreaMetres2": 2713.4366654253636,
        "reviewableAreaMetres2": 2713.4366654253627,
        "priorInspected": true,
        "selected": true,
        "status": "unreviewed",
        "inspected": false,
        "issueIds": [],
        "holes": [
          11,
          12
        ],
        "priorCorridorStatus": "ambiguous",
        "scene": "r5-133"
      }
    },
    {
      "type": "Feature",
      "geometry": {
        "type": "Polygon",
        "coordinates": [
          [
            [
              688100.0,
              6370700.0
            ],
            [
              688100.0,
              6370800.0
            ],
            [
              688200.0,
              6370800.0
            ],
            [
              688200.0,
              6370799.651002682
            ],
            [
              688163.5722235737,
              6370781.867894713
            ],
            [
              688158.0661074637,
              6370700.0
            ],
            [
              688100.0,
              6370700.0
            ]
          ]
        ]
      },
      "properties": {
        "id": "cell-688100-6370700",
        "bounds": [
          688100,
          6370700,
          688200,
          6370800
        ],
        "areaMetres2": 6468.44802729298,
        "priorCorridorAreaMetres2": 0.3748271097524088,
        "extensionAreaMetres2": 6468.073200183228,
        "reviewableAreaMetres2": 6468.0732001832275,
        "priorInspected": true,
        "selected": true,
        "status": "unreviewed",
        "inspected": false,
        "issueIds": [],
        "holes": [
          11,
          12,
          13
        ],
        "priorCorridorStatus": "reviewed",
        "scene": "r5-134"
      }
    },
    {
      "type": "Feature",
      "geometry": {
        "type": "Polygon",
        "coordinates": [
          [
            [
              688100.0,
              6370800.0
            ],
            [
              688100.0,
              6370900.0
            ],
            [
              688200.0,
              6370900.0
            ],
            [
              688200.0,
              6370800.0
            ],
            [
              688100.0,
              6370800.0
            ]
          ]
        ]
      },
      "properties": {
        "id": "cell-688100-6370800",
        "bounds": [
          688100,
          6370800,
          688200,
          6370900
        ],
        "areaMetres2": 10000.0,
        "priorCorridorAreaMetres2": 8390.04311054445,
        "extensionAreaMetres2": 1609.9568894555455,
        "reviewableAreaMetres2": 1609.956889455545,
        "priorInspected": true,
        "selected": true,
        "status": "unreviewed",
        "inspected": false,
        "issueIds": [],
        "holes": [
          12,
          13
        ],
        "priorCorridorStatus": "ambiguous",
        "scene": "r5-135"
      }
    },
    {
      "type": "Feature",
      "geometry": {
        "type": "Polygon",
        "coordinates": [
          [
            [
              688100.0,
              6370900.0
            ],
            [
              688100.0,
              6371000.0
            ],
            [
              688200.0,
              6371000.0
            ],
            [
              688200.0,
              6370900.0
            ],
            [
              688100.0,
              6370900.0
            ]
          ]
        ]
      },
      "properties": {
        "id": "cell-688100-6370900",
        "bounds": [
          688100,
          6370900,
          688200,
          6371000
        ],
        "areaMetres2": 10000.0,
        "priorCorridorAreaMetres2": 3924.582525532459,
        "extensionAreaMetres2": 6075.417474467538,
        "reviewableAreaMetres2": 6075.41747446754,
        "priorInspected": true,
        "selected": true,
        "status": "unreviewed",
        "inspected": false,
        "issueIds": [],
        "holes": [
          13,
          14
        ],
        "priorCorridorStatus": "ambiguous",
        "scene": "r5-136"
      }
    },
    {
      "type": "Feature",
      "geometry": {
        "type": "Polygon",
        "coordinates": [
          [
            [
              688100.0,
              6371000.0
            ],
            [
              688100.0,
              6371100.0
            ],
            [
              688200.0,
              6371100.0
            ],
            [
              688200.0,
              6371000.0
            ],
            [
              688100.0,
              6371000.0
            ]
          ]
        ]
      },
      "properties": {
        "id": "cell-688100-6371000",
        "bounds": [
          688100,
          6371000,
          688200,
          6371100
        ],
        "areaMetres2": 10000.0,
        "priorCorridorAreaMetres2": 7643.219854896889,
        "extensionAreaMetres2": 2356.7801451031173,
        "reviewableAreaMetres2": 2356.7801451031173,
        "priorInspected": true,
        "selected": true,
        "status": "unreviewed",
        "inspected": false,
        "issueIds": [],
        "holes": [
          14
        ],
        "priorCorridorStatus": "ambiguous",
        "scene": "r5-137"
      }
    },
    {
      "type": "Feature",
      "geometry": {
        "type": "Polygon",
        "coordinates": [
          [
            [
              688100.0,
              6371100.0
            ],
            [
              688100.0,
              6371200.0
            ],
            [
              688200.0,
              6371200.0
            ],
            [
              688200.0,
              6371100.0
            ],
            [
              688100.0,
              6371100.0
            ]
          ]
        ]
      },
      "properties": {
        "id": "cell-688100-6371100",
        "bounds": [
          688100,
          6371100,
          688200,
          6371200
        ],
        "areaMetres2": 10000.0,
        "priorCorridorAreaMetres2": 2258.925359379223,
        "extensionAreaMetres2": 7741.074640620776,
        "reviewableAreaMetres2": 7741.074640620776,
        "priorInspected": true,
        "selected": true,
        "status": "unreviewed",
        "inspected": false,
        "issueIds": [],
        "holes": [
          14,
          15
        ],
        "priorCorridorStatus": "ambiguous",
        "scene": "r5-138"
      }
    },
    {
      "type": "Feature",
      "geometry": {
        "type": "Polygon",
        "coordinates": [
          [
            [
              688100.0,
              6371200.0
            ],
            [
              688100.0,
              6371300.0
            ],
            [
              688200.0,
              6371300.0
            ],
            [
              688200.0,
              6371200.0
            ],
            [
              688100.0,
              6371200.0
            ]
          ]
        ]
      },
      "properties": {
        "id": "cell-688100-6371200",
        "bounds": [
          688100,
          6371200,
          688200,
          6371300
        ],
        "areaMetres2": 10000.0,
        "priorCorridorAreaMetres2": 1681.282288608844,
        "extensionAreaMetres2": 8318.717711391158,
        "reviewableAreaMetres2": 8318.717711391157,
        "priorInspected": true,
        "selected": true,
        "status": "unreviewed",
        "inspected": false,
        "issueIds": [],
        "holes": [
          15
        ],
        "priorCorridorStatus": "reviewed",
        "scene": "r5-139"
      }
    },
    {
      "type": "Feature",
      "geometry": {
        "type": "Polygon",
        "coordinates": [
          [
            [
              688200.0,
              6371300.0
            ],
            [
              688100.0,
              6371300.0
            ],
            [
              688100.0,
              6371400.0
            ],
            [
              688149.1645067595,
              6371400.0
            ],
            [
              688200.0,
              6371331.974233303
            ],
            [
              688200.0,
              6371300.0
            ]
          ]
        ]
      },
      "properties": {
        "id": "cell-688100-6371300",
        "bounds": [
          688100,
          6371300,
          688200,
          6371400
        ],
        "areaMetres2": 8270.938298452797,
        "priorCorridorAreaMetres2": 0.0,
        "extensionAreaMetres2": 8270.938298452797,
        "reviewableAreaMetres2": 8270.938298452797,
        "priorInspected": false,
        "selected": true,
        "status": "unreviewed",
        "inspected": false,
        "issueIds": [],
        "holes": [],
        "scene": "r5-140"
      }
    },
    {
      "type": "Feature",
      "geometry": {
        "type": "Polygon",
        "coordinates": [
          [
            [
              688100.0,
              6371400.0
            ],
            [
              688100.0,
              6371499.5910052005
            ],
            [
              688146.3406987793,
              6371403.778692614
            ],
            [
              688149.1645067595,
              6371400.0
            ],
            [
              688100.0,
              6371400.0
            ]
          ]
        ]
      },
      "properties": {
        "id": "cell-688100-6371400",
        "bounds": [
          688100,
          6371400,
          688200,
          6371500
        ],
        "areaMetres2": 2400.4471658524726,
        "priorCorridorAreaMetres2": 0.0,
        "extensionAreaMetres2": 2400.4471658524726,
        "reviewableAreaMetres2": 2400.4471658524726,
        "priorInspected": false,
        "selected": true,
        "status": "unreviewed",
        "inspected": false,
        "issueIds": [],
        "holes": [],
        "scene": "r5-141"
      }
    },
    {
      "type": "Feature",
      "geometry": {
        "type": "Polygon",
        "coordinates": [
          [
            [
              688200.0,
              6370800.0
            ],
            [
              688200.714902946,
              6370800.0
            ],
            [
              688200.0,
              6370799.651002682
            ],
            [
              688200.0,
              6370800.0
            ]
          ]
        ]
      },
      "properties": {
        "id": "cell-688200-6370700",
        "bounds": [
          688200,
          6370700,
          688300,
          6370800
        ],
        "areaMetres2": 0.12474960546329818,
        "priorCorridorAreaMetres2": 0.0,
        "extensionAreaMetres2": 0.12474960546329818,
        "reviewableAreaMetres2": 0.12474960546329818,
        "priorInspected": false,
        "selected": true,
        "status": "unreviewed",
        "inspected": false,
        "issueIds": [],
        "holes": [
          13
        ],
        "scene": "r5-142"
      }
    },
    {
      "type": "Feature",
      "geometry": {
        "type": "Polygon",
        "coordinates": [
          [
            [
              688200.0,
              6370800.0
            ],
            [
              688200.0,
              6370900.0
            ],
            [
              688300.0,
              6370900.0
            ],
            [
              688300.0,
              6370848.468442871
            ],
            [
              688200.714902946,
              6370800.0
            ],
            [
              688200.0,
              6370800.0
            ]
          ]
        ]
      },
      "properties": {
        "id": "cell-688200-6370800",
        "bounds": [
          688200,
          6370800,
          688300,
          6370900
        ],
        "areaMetres2": 7593.902972737228,
        "priorCorridorAreaMetres2": 5372.986517910087,
        "extensionAreaMetres2": 2220.9164548271415,
        "reviewableAreaMetres2": 2220.9164548271415,
        "priorInspected": true,
        "selected": true,
        "status": "unreviewed",
        "inspected": false,
        "issueIds": [],
        "holes": [
          13
        ],
        "priorCorridorStatus": "ambiguous",
        "scene": "r5-143"
      }
    },
    {
      "type": "Feature",
      "geometry": {
        "type": "Polygon",
        "coordinates": [
          [
            [
              688200.0,
              6370900.0
            ],
            [
              688200.0,
              6371000.0
            ],
            [
              688300.0,
              6371000.0
            ],
            [
              688300.0,
              6370900.0
            ],
            [
              688200.0,
              6370900.0
            ]
          ]
        ]
      },
      "properties": {
        "id": "cell-688200-6370900",
        "bounds": [
          688200,
          6370900,
          688300,
          6371000
        ],
        "areaMetres2": 10000.0,
        "priorCorridorAreaMetres2": 8497.651786495711,
        "extensionAreaMetres2": 1502.3482135042884,
        "reviewableAreaMetres2": 1502.3482135042884,
        "priorInspected": true,
        "selected": true,
        "status": "unreviewed",
        "inspected": false,
        "issueIds": [],
        "holes": [
          13,
          14
        ],
        "priorCorridorStatus": "ambiguous",
        "scene": "r5-144"
      }
    },
    {
      "type": "Feature",
      "geometry": {
        "type": "Polygon",
        "coordinates": [
          [
            [
              688300.0,
              6371000.0
            ],
            [
              688200.0,
              6371000.0
            ],
            [
              688200.0,
              6371100.0
            ],
            [
              688285.136612556,
              6371100.0
            ],
            [
              688300.0,
              6371081.091710109
            ],
            [
              688300.0,
              6371000.0
            ]
          ]
        ]
      },
      "properties": {
        "id": "cell-688200-6371000",
        "bounds": [
          688200,
          6371000,
          688300,
          6371100
        ],
        "areaMetres2": 9859.479380724724,
        "priorCorridorAreaMetres2": 3975.7642806177714,
        "extensionAreaMetres2": 5883.715100106953,
        "reviewableAreaMetres2": 5883.715100106954,
        "priorInspected": true,
        "selected": true,
        "status": "unreviewed",
        "inspected": false,
        "issueIds": [],
        "holes": [
          14
        ],
        "priorCorridorStatus": "reviewed",
        "scene": "r5-145"
      }
    },
    {
      "type": "Feature",
      "geometry": {
        "type": "Polygon",
        "coordinates": [
          [
            [
              688200.0,
              6371100.0
            ],
            [
              688200.0,
              6371200.0
            ],
            [
              688246.7724368225,
              6371200.0
            ],
            [
              688250.115748062,
              6371172.490523593
            ],
            [
              688254.124611053,
              6371139.451566255
            ],
            [
              688285.136612556,
              6371100.0
            ],
            [
              688200.0,
              6371100.0
            ]
          ]
        ]
      },
      "properties": {
        "id": "cell-688200-6371100",
        "bounds": [
          688200,
          6371100,
          688300,
          6371200
        ],
        "areaMetres2": 5801.704701924169,
        "priorCorridorAreaMetres2": 0.0,
        "extensionAreaMetres2": 5801.704701924169,
        "reviewableAreaMetres2": 5801.704701924169,
        "priorInspected": false,
        "selected": true,
        "status": "unreviewed",
        "inspected": false,
        "issueIds": [],
        "holes": [
          14
        ],
        "scene": "r5-146"
      }
    },
    {
      "type": "Feature",
      "geometry": {
        "type": "Polygon",
        "coordinates": [
          [
            [
              688200.0,
              6371200.0
            ],
            [
              688200.0,
              6371300.0
            ],
            [
              688223.8942683031,
              6371300.0
            ],
            [
              688238.5877526352,
              6371280.337841271
            ],
            [
              688243.7126061032,
              6371225.219581112
            ],
            [
              688245.975148437,
              6371206.560258517
            ],
            [
              688246.7724368225,
              6371200.0
            ],
            [
              688200.0,
              6371200.0
            ]
          ]
        ]
      },
      "properties": {
        "id": "cell-688200-6371200",
        "bounds": [
          688200,
          6371200,
          688300,
          6371300
        ],
        "areaMetres2": 4023.3724392227,
        "priorCorridorAreaMetres2": 0.0,
        "extensionAreaMetres2": 4023.3724392227,
        "reviewableAreaMetres2": 4023.3724392227,
        "priorInspected": false,
        "selected": true,
        "status": "unreviewed",
        "inspected": false,
        "issueIds": [],
        "holes": [],
        "scene": "r5-147"
      }
    },
    {
      "type": "Feature",
      "geometry": {
        "type": "Polygon",
        "coordinates": [
          [
            [
              688200.0,
              6371300.0
            ],
            [
              688200.0,
              6371331.974233303
            ],
            [
              688223.8942683031,
              6371300.0
            ],
            [
              688200.0,
              6371300.0
            ]
          ]
        ]
      },
      "properties": {
        "id": "cell-688200-6371300",
        "bounds": [
          688200,
          6371300,
          688300,
          6371400
        ],
        "areaMetres2": 382.0004546659059,
        "priorCorridorAreaMetres2": 0.0,
        "extensionAreaMetres2": 382.0004546659059,
        "reviewableAreaMetres2": 382.0004546659059,
        "priorInspected": false,
        "selected": true,
        "status": "unreviewed",
        "inspected": false,
        "issueIds": [],
        "holes": [],
        "scene": "r5-148"
      }
    },
    {
      "type": "Feature",
      "geometry": {
        "type": "Polygon",
        "coordinates": [
          [
            [
              688300.0,
              6370900.0
            ],
            [
              688400.0,
              6370900.0
            ],
            [
              688400.0,
              6370897.28588306
            ],
            [
              688300.0,
              6370848.468442871
            ],
            [
              688300.0,
              6370900.0
            ]
          ]
        ]
      },
      "properties": {
        "id": "cell-688300-6370800",
        "bounds": [
          688300,
          6370800,
          688400,
          6370900
        ],
        "areaMetres2": 2712.283703451976,
        "priorCorridorAreaMetres2": 1219.2859498763369,
        "extensionAreaMetres2": 1492.9977535756393,
        "reviewableAreaMetres2": 1492.9977535756393,
        "priorInspected": true,
        "selected": true,
        "status": "unreviewed",
        "inspected": false,
        "issueIds": [],
        "holes": [
          13
        ],
        "priorCorridorStatus": "ambiguous",
        "scene": "r5-149"
      }
    },
    {
      "type": "Feature",
      "geometry": {
        "type": "Polygon",
        "coordinates": [
          [
            [
              688400.0,
              6370900.0
            ],
            [
              688300.0,
              6370900.0
            ],
            [
              688300.0,
              6371000.0
            ],
            [
              688363.7443953312,
              6371000.0
            ],
            [
              688400.0,
              6370953.877843403
            ],
            [
              688400.0,
              6370900.0
            ]
          ]
        ]
      },
      "properties": {
        "id": "cell-688300-6370900",
        "bounds": [
          688300,
          6370900,
          688400,
          6371000
        ],
        "areaMetres2": 9163.906661979086,
        "priorCorridorAreaMetres2": 3568.529323135348,
        "extensionAreaMetres2": 5595.377338843737,
        "reviewableAreaMetres2": 5595.377338843738,
        "priorInspected": true,
        "selected": true,
        "status": "unreviewed",
        "inspected": false,
        "issueIds": [],
        "holes": [
          13
        ],
        "priorCorridorStatus": "ambiguous",
        "scene": "r5-150"
      }
    },
    {
      "type": "Feature",
      "geometry": {
        "type": "Polygon",
        "coordinates": [
          [
            [
              688300.0,
              6371000.0
            ],
            [
              688300.0,
              6371081.091710109
            ],
            [
              688363.7443953312,
              6371000.0
            ],
            [
              688300.0,
              6371000.0
            ]
          ]
        ]
      },
      "properties": {
        "id": "cell-688300-6371000",
        "bounds": [
          688300,
          6371000,
          688400,
          6371100
        ],
        "areaMetres2": 2584.571013645882,
        "priorCorridorAreaMetres2": 1404.1039850997295,
        "extensionAreaMetres2": 1180.4670285461525,
        "reviewableAreaMetres2": 1180.467028546152,
        "priorInspected": true,
        "selected": true,
        "status": "unreviewed",
        "inspected": false,
        "issueIds": [],
        "holes": [],
        "priorCorridorStatus": "reviewed",
        "scene": "r5-151"
      }
    },
    {
      "type": "Feature",
      "geometry": {
        "type": "Polygon",
        "coordinates": [
          [
            [
              688400.0,
              6370900.0
            ],
            [
              688405.5597281004,
              6370900.0
            ],
            [
              688400.0,
              6370897.28588306
            ],
            [
              688400.0,
              6370900.0
            ]
          ]
        ]
      },
      "properties": {
        "id": "cell-688400-6370800",
        "bounds": [
          688400,
          6370800,
          688500,
          6370900
        ],
        "areaMetres2": 7.544876110349844,
        "priorCorridorAreaMetres2": 0.0,
        "extensionAreaMetres2": 7.544876110349844,
        "reviewableAreaMetres2": 7.544876110349844,
        "priorInspected": false,
        "selected": true,
        "status": "unreviewed",
        "inspected": false,
        "issueIds": [],
        "holes": [],
        "scene": "r5-152"
      }
    },
    {
      "type": "Feature",
      "geometry": {
        "type": "Polygon",
        "coordinates": [
          [
            [
              688400.0,
              6370900.0
            ],
            [
              688400.0,
              6370953.877843403
            ],
            [
              688432.1488042905,
              6370912.980106366
            ],
            [
              688405.5597281004,
              6370900.0
            ],
            [
              688400.0,
              6370900.0
            ]
          ]
        ]
      },
      "properties": {
        "id": "cell-688400-6370900",
        "bounds": [
          688400,
          6370900,
          688500,
          6371000
        ],
        "areaMetres2": 902.1370526359398,
        "priorCorridorAreaMetres2": 0.0,
        "extensionAreaMetres2": 902.1370526359398,
        "reviewableAreaMetres2": 902.1370526359398,
        "priorInspected": false,
        "selected": true,
        "status": "unreviewed",
        "inspected": false,
        "issueIds": [],
        "holes": [],
        "scene": "r5-153"
      }
    }
  ]
}
