{
  "type": "FeatureCollection",
  "crs": {
    "type": "name",
    "properties": {
      "name": "EPSG:3006"
    }
  },
  "features": [
    {
      "type": "Feature",
      "geometry": {
        "type": "Polygon",
        "coordinates": [
          [
            [
              687100.0,
              6370800.0
            ],
            [
              687100.0,
              6370727.175641407
            ],
            [
              687087.8695829065,
              6370732.527164243
            ],
            [
              687082.9422187746,
              6370800.0
            ],
            [
              687100.0,
              6370800.0
            ]
          ]
        ]
      },
      "properties": {
        "id": "cell-687000-6370700",
        "bounds": [
          687000,
          6370700,
          687100,
          6370800
        ],
        "areaMetres2": 1017.1633576483516,
        "priorCorridorAreaMetres2": 0.0,
        "extensionAreaMetres2": 1017.1633576483516,
        "reviewableAreaMetres2": 1017.1633576483516,
        "priorInspected": false,
        "selected": true,
        "status": "reviewed",
        "inspected": true,
        "issueIds": [],
        "holes": [
          1
        ],
        "scene": "r5-001",
        "reviewer": "Agent visual inspection of colour/CIR 2026-04-10, LiDAR 2024 and seasonal RGB 2022; explicit full-facility cell review",
        "reviewDate": "2026-09-16",
        "note": "Narrow coastal/water margin inside the facility extent. Colour, infrared and seasonal imagery show shoreline/water and no supported tree crown; no individual or woodland addition.",
        "treatment": "open",
        "acceptedIndividuals": 0,
        "sourceMetadata": "output/visby-tree-pilot/round5/review/r5-001.json",
        "crossPassIssueIds": []
      }
    },
    {
      "type": "Feature",
      "geometry": {
        "type": "Polygon",
        "coordinates": [
          [
            [
              687100.0,
              6370900.0
            ],
            [
              687100.0,
              6370800.0
            ],
            [
              687082.9422187746,
              6370800.0
            ],
            [
              687076.1035647502,
              6370893.645074209
            ],
            [
              687077.9791465359,
              6370900.0
            ],
            [
              687100.0,
              6370900.0
            ]
          ]
        ]
      },
      "properties": {
        "id": "cell-687000-6370800",
        "bounds": [
          687000,
          6370800,
          687100,
          6370900
        ],
        "areaMetres2": 2063.480801648199,
        "priorCorridorAreaMetres2": 0.0,
        "extensionAreaMetres2": 2063.480801648199,
        "reviewableAreaMetres2": 2063.480801648199,
        "priorInspected": false,
        "selected": true,
        "status": "reviewed",
        "inspected": true,
        "issueIds": [],
        "holes": [
          1
        ],
        "scene": "r5-002",
        "reviewer": "Agent visual inspection of colour/CIR 2026-04-10, LiDAR 2024 and seasonal RGB 2022; explicit full-facility cell review",
        "reviewDate": "2026-09-16",
        "note": "Narrow coastal/water margin inside the facility extent. Colour, infrared and seasonal imagery show shoreline/water and no supported tree crown; no individual or woodland addition.",
        "treatment": "open",
        "acceptedIndividuals": 0,
        "sourceMetadata": "output/visby-tree-pilot/round5/review/r5-002.json",
        "crossPassIssueIds": []
      }
    },
    {
      "type": "Feature",
      "geometry": {
        "type": "Polygon",
        "coordinates": [
          [
            [
              687100.0,
              6370900.0
            ],
            [
              687077.9791465359,
              6370900.0
            ],
            [
              687100.0,
              6370974.611990097
            ],
            [
              687100.0,
              6370900.0
            ]
          ]
        ]
      },
      "properties": {
        "id": "cell-687000-6370900",
        "bounds": [
          687000,
          6370900,
          687100,
          6371000
        ],
        "areaMetres2": 821.5098502968083,
        "priorCorridorAreaMetres2": 0.0,
        "extensionAreaMetres2": 821.5098502968083,
        "reviewableAreaMetres2": 821.5098502968083,
        "priorInspected": false,
        "selected": true,
        "status": "reviewed",
        "inspected": true,
        "issueIds": [],
        "holes": [
          1
        ],
        "scene": "r5-003",
        "reviewer": "Agent visual inspection of colour/CIR 2026-04-10, LiDAR 2024 and seasonal RGB 2022; explicit full-facility cell review",
        "reviewDate": "2026-09-16",
        "note": "Narrow coastal/water margin inside the facility extent. Colour, infrared and seasonal imagery show shoreline/water and no supported tree crown; no individual or woodland addition.",
        "treatment": "open",
        "acceptedIndividuals": 0,
        "sourceMetadata": "output/visby-tree-pilot/round5/review/r5-003.json",
        "crossPassIssueIds": []
      }
    },
    {
      "type": "Feature",
      "geometry": {
        "type": "Polygon",
        "coordinates": [
          [
            [
              687200.0,
              6370700.0
            ],
            [
              687200.0,
              6370683.059080576
            ],
            [
              687161.5996371767,
              6370700.0
            ],
            [
              687200.0,
              6370700.0
            ]
          ]
        ]
      },
      "properties": {
        "id": "cell-687100-6370600",
        "bounds": [
          687100,
          6370600,
          687200,
          6370700
        ],
        "areaMetres2": 325.2687262285508,
        "priorCorridorAreaMetres2": 2.7504737225805886,
        "extensionAreaMetres2": 322.51825250597017,
        "reviewableAreaMetres2": 322.51825250597017,
        "priorInspected": true,
        "selected": true,
        "status": "reviewed",
        "inspected": true,
        "issueIds": [],
        "holes": [
          1
        ],
        "priorCorridorStatus": "reviewed",
        "scene": "r5-004",
        "reviewer": "Agent visual inspection of colour/CIR 2026-04-10, LiDAR 2024 and seasonal RGB 2022; explicit full-facility cell review",
        "reviewDate": "2026-09-16",
        "note": "Narrow coastal/water margin inside the facility extent. Colour, infrared and seasonal imagery show shoreline/water and no supported tree crown; no individual or woodland addition.",
        "treatment": "open",
        "acceptedIndividuals": 0,
        "sourceMetadata": "output/visby-tree-pilot/round5/review/r5-004.json",
        "crossPassIssueIds": []
      }
    },
    {
      "type": "Feature",
      "geometry": {
        "type": "Polygon",
        "coordinates": [
          [
            [
              687100.0,
              6370800.0
            ],
            [
              687200.0,
              6370800.0
            ],
            [
              687200.0,
              6370700.0
            ],
            [
              687161.5996371767,
              6370700.0
            ],
            [
              687100.0,
              6370727.175641407
            ],
            [
              687100.0,
              6370800.0
            ]
          ]
        ]
      },
      "properties": {
        "id": "cell-687100-6370700",
        "bounds": [
          687100,
          6370700,
          687200,
          6370800
        ],
        "areaMetres2": 9162.995174634036,
        "priorCorridorAreaMetres2": 6213.344936440421,
        "extensionAreaMetres2": 2949.6502381936125,
        "reviewableAreaMetres2": 2949.650238193614,
        "priorInspected": true,
        "selected": true,
        "status": "ambiguous",
        "inspected": true,
        "issueIds": [
          "r5-005/island/12"
        ],
        "holes": [
          1,
          2,
          9
        ],
        "priorCorridorStatus": "ambiguous",
        "scene": "r5-005",
        "reviewer": "Agent visual inspection of colour/CIR 2026-04-10, LiDAR 2024 and seasonal RGB 2022; explicit full-facility cell review",
        "reviewDate": "2026-09-16",
        "note": "Coastal fringe outside the clubhouse approach. The low jagged return does not define a defensible single tree; shoreline stays open and woody fringe uncertainty is retained.",
        "treatment": "uncertain",
        "acceptedIndividuals": 0,
        "sourceMetadata": "output/visby-tree-pilot/round5/review/r5-005.json",
        "crossPassIssueIds": [
          "r3-r3-02/island/3",
          "r3-r3-03/island/14",
          "r4-r5-005/island/12",
          "r5-canopy-cell-687100-6370700"
        ]
      }
    },
    {
      "type": "Feature",
      "geometry": {
        "type": "Polygon",
        "coordinates": [
          [
            [
              687100.0,
              6370800.0
            ],
            [
              687100.0,
              6370900.0
            ],
            [
              687200.0,
              6370900.0
            ],
            [
              687200.0,
              6370800.0
            ],
            [
              687100.0,
              6370800.0
            ]
          ]
        ]
      },
      "properties": {
        "id": "cell-687100-6370800",
        "bounds": [
          687100,
          6370800,
          687200,
          6370900
        ],
        "areaMetres2": 10000.0,
        "priorCorridorAreaMetres2": 5260.92850144707,
        "extensionAreaMetres2": 4739.071498552931,
        "reviewableAreaMetres2": 4739.071498552931,
        "priorInspected": true,
        "selected": true,
        "status": "ambiguous",
        "inspected": true,
        "issueIds": [
          "r5-006/island/9",
          "r5-006/island/11"
        ],
        "holes": [
          1,
          2,
          9
        ],
        "priorCorridorStatus": "ambiguous",
        "scene": "r5-006",
        "reviewer": "Agent visual inspection of colour/CIR 2026-04-10, LiDAR 2024 and seasonal RGB 2022; explicit full-facility cell review",
        "reviewDate": "2026-09-16",
        "note": "Retain coastal low vegetation and the prior unresolved joined crown. Isolated tiny return in the shore scrub is insufficient for an individual tree.",
        "treatment": "uncertain",
        "acceptedIndividuals": 0,
        "sourceMetadata": "output/visby-tree-pilot/round5/review/r5-006.json",
        "crossPassIssueIds": [
          "r3-r3-02/island/3",
          "r3-r3-03/island/12",
          "r3-r3-03/island/13",
          "r3-r3-03/island/14",
          "r3-r3-07/dalponte-d9-m5/4",
          "r3-visible-low-03",
          "r4-r5-006/island/9",
          "r4-r5-006/island/11"
        ]
      }
    },
    {
      "type": "Feature",
      "geometry": {
        "type": "Polygon",
        "coordinates": [
          [
            [
              687200.0,
              6371000.0
            ],
            [
              687200.0,
              6370900.0
            ],
            [
              687100.0,
              6370900.0
            ],
            [
              687100.0,
              6370974.611990097
            ],
            [
              687107.4886064448,
              6370999.98520421
            ],
            [
              687107.6131945481,
              6371000.0
            ],
            [
              687200.0,
              6371000.0
            ]
          ]
        ]
      },
      "properties": {
        "id": "cell-687100-6370900",
        "bounds": [
          687100,
          6370900,
          687200,
          6371000
        ],
        "areaMetres2": 9904.88327109438,
        "priorCorridorAreaMetres2": 4861.568315804775,
        "extensionAreaMetres2": 5043.314955289608,
        "reviewableAreaMetres2": 5043.314955289608,
        "priorInspected": true,
        "selected": true,
        "status": "ambiguous",
        "inspected": true,
        "issueIds": [
          "r5-low-007"
        ],
        "holes": [
          1,
          2,
          9
        ],
        "priorCorridorStatus": "ambiguous",
        "scene": "r5-007",
        "reviewer": "Agent visual inspection of colour/CIR 2026-04-10, LiDAR 2024 and seasonal RGB 2022; explicit full-facility cell review",
        "reviewDate": "2026-09-16",
        "note": "One distinct coastal crown has a separate raised LiDAR component and matching seasonal crown. Retain the inner group and open shoreline; low northern scrub is not promoted.",
        "treatment": "mixed",
        "acceptedIndividuals": 1,
        "sourceMetadata": "output/visby-tree-pilot/round5/review/r5-007.json",
        "crossPassIssueIds": [
          "r3-r3-04/island/6",
          "r3-r3-04/dalponte-d9-m5/9",
          "r3-r3-04/dalponte-d9-m5/8",
          "r3-r3-04/dalponte-d9-m5/10",
          "r3-r3-04/dalponte-d9-m5/12",
          "r3-r3-04/dalponte-d9-m5/16",
          "r5-low-007",
          "r5-canopy-cell-687100-6370900"
        ]
      }
    },
    {
      "type": "Feature",
      "geometry": {
        "type": "Polygon",
        "coordinates": [
          [
            [
              687200.0,
              6371000.0
            ],
            [
              687107.6131945481,
              6371000.0
            ],
            [
              687200.0,
              6371010.971639956
            ],
            [
              687200.0,
              6371000.0
            ]
          ]
        ]
      },
      "properties": {
        "id": "cell-687100-6371000",
        "bounds": [
          687100,
          6371000,
          687200,
          6371100
        ],
        "areaMetres2": 506.81738306791476,
        "priorCorridorAreaMetres2": 0.0,
        "extensionAreaMetres2": 506.81738306791476,
        "reviewableAreaMetres2": 506.81738306791476,
        "priorInspected": false,
        "selected": true,
        "status": "reviewed",
        "inspected": true,
        "issueIds": [],
        "holes": [
          1,
          2
        ],
        "scene": "r5-008",
        "reviewer": "Agent visual inspection of colour/CIR 2026-04-10, LiDAR 2024 and seasonal RGB 2022; explicit full-facility cell review",
        "reviewDate": "2026-09-16",
        "note": "Narrow northern shoreline/water triangle with no raised canopy. All four layers support open coastal treatment.",
        "treatment": "open",
        "acceptedIndividuals": 0,
        "sourceMetadata": "output/visby-tree-pilot/round5/review/r5-008.json",
        "crossPassIssueIds": []
      }
    },
    {
      "type": "Feature",
      "geometry": {
        "type": "Polygon",
        "coordinates": [
          [
            [
              687200.0,
              6370700.0
            ],
            [
              687300.0,
              6370700.0
            ],
            [
              687300.0,
              6370619.636623975
            ],
            [
              687210.7378723581,
              6370678.321900585
            ],
            [
              687200.0,
              6370683.059080576
            ],
            [
              687200.0,
              6370700.0
            ]
          ]
        ]
      },
      "properties": {
        "id": "cell-687200-6370600",
        "bounds": [
          687200,
          6370600,
          687300,
          6370700
        ],
        "areaMetres2": 4761.562650212226,
        "priorCorridorAreaMetres2": 1939.3239031857197,
        "extensionAreaMetres2": 2822.2387470265044,
        "reviewableAreaMetres2": 2822.238747026506,
        "priorInspected": true,
        "selected": true,
        "status": "ambiguous",
        "inspected": true,
        "issueIds": [],
        "holes": [
          1,
          10,
          18
        ],
        "priorCorridorStatus": "reviewed",
        "scene": "r5-009",
        "reviewer": "Agent visual inspection of colour/CIR 2026-04-10, LiDAR 2024 and seasonal RGB 2022; explicit full-facility cell review",
        "reviewDate": "2026-09-16",
        "note": "Shallow coastal water outside the former corridor; no elevated woody canopy in the new review area.",
        "treatment": "open",
        "acceptedIndividuals": 0,
        "sourceMetadata": "output/visby-tree-pilot/round5/review/r5-009.json",
        "crossPassIssueIds": [
          "r5-canopy-cell-687200-6370600"
        ]
      }
    },
    {
      "type": "Feature",
      "geometry": {
        "type": "Polygon",
        "coordinates": [
          [
            [
              687200.0,
              6370700.0
            ],
            [
              687200.0,
              6370800.0
            ],
            [
              687300.0,
              6370800.0
            ],
            [
              687300.0,
              6370700.0
            ],
            [
              687200.0,
              6370700.0
            ]
          ]
        ]
      },
      "properties": {
        "id": "cell-687200-6370700",
        "bounds": [
          687200,
          6370700,
          687300,
          6370800
        ],
        "areaMetres2": 10000.0,
        "priorCorridorAreaMetres2": 6890.786606189531,
        "extensionAreaMetres2": 3109.213393810467,
        "reviewableAreaMetres2": 3109.213393810467,
        "priorInspected": true,
        "selected": true,
        "status": "ambiguous",
        "inspected": true,
        "issueIds": [
          "r5-010/dalponte-d9-m5/12",
          "r5-010/dalponte-d9-m5/29",
          "r5-010/dalponte-d9-m5/31"
        ],
        "holes": [
          1,
          2,
          9,
          10,
          18
        ],
        "priorCorridorStatus": "ambiguous",
        "scene": "r5-010",
        "reviewer": "Agent visual inspection of colour/CIR 2026-04-10, LiDAR 2024 and seasonal RGB 2022; explicit full-facility cell review",
        "reviewDate": "2026-09-16",
        "note": "Clubhouse and parking trees need individual treatment. Accept the separate parking and garden crowns; retain the prior parking-edge case and hold ambiguous crown/roof overlap beside the building.",
        "treatment": "individuals",
        "acceptedIndividuals": 5,
        "sourceMetadata": "output/visby-tree-pilot/round5/review/r5-010.json",
        "crossPassIssueIds": [
          "r3-r3-06/dalponte-d9-m5/23",
          "r3-r3-07/dalponte-d9-m5/20",
          "r4-r5-010/dalponte-d9-m5/12",
          "r4-r5-010/dalponte-d9-m5/29",
          "r4-r5-010/dalponte-d9-m5/31",
          "r4-r5-011/dalponte-d9-m5/22",
          "r5-canopy-cell-687200-6370700",
          "r5-canopy-cell-687200-6370800",
          "r5-canopy-cell-687300-6370700"
        ]
      }
    },
    {
      "type": "Feature",
      "geometry": {
        "type": "Polygon",
        "coordinates": [
          [
            [
              687200.0,
              6370800.0
            ],
            [
              687200.0,
              6370900.0
            ],
            [
              687300.0,
              6370900.0
            ],
            [
              687300.0,
              6370800.0
            ],
            [
              687200.0,
              6370800.0
            ]
          ]
        ]
      },
      "properties": {
        "id": "cell-687200-6370800",
        "bounds": [
          687200,
          6370800,
          687300,
          6370900
        ],
        "areaMetres2": 10000.0,
        "priorCorridorAreaMetres2": 8907.861837826922,
        "extensionAreaMetres2": 1092.1381621730761,
        "reviewableAreaMetres2": 1092.1381621730761,
        "priorInspected": true,
        "selected": true,
        "status": "ambiguous",
        "inspected": true,
        "issueIds": [
          "r5-011/dalponte-d9-m5/13",
          "r5-011/dalponte-d9-m5/22"
        ],
        "holes": [
          1,
          2,
          9,
          10
        ],
        "priorCorridorStatus": "ambiguous",
        "scene": "r5-011",
        "reviewer": "Agent visual inspection of colour/CIR 2026-04-10, LiDAR 2024 and seasonal RGB 2022; explicit full-facility cell review",
        "reviewDate": "2026-09-16",
        "note": "Review the parking-edge row as individual crowns, preserving the parking surface. Four coherent raised crowns are distinct; two overlap earlier unresolved cases.",
        "treatment": "individuals",
        "acceptedIndividuals": 4,
        "sourceMetadata": "output/visby-tree-pilot/round5/review/r5-011.json",
        "crossPassIssueIds": [
          "r3-r3-07/dalponte-d9-m5/4",
          "r3-r3-07/dalponte-d9-m5/8",
          "r3-r3-07/dalponte-d9-m5/12",
          "r3-r3-07/dalponte-d9-m5/15",
          "r3-r3-07/dalponte-d9-m5/20",
          "r4-r5-011/dalponte-d9-m5/13",
          "r4-r5-011/dalponte-d9-m5/22",
          "r5-canopy-cell-687200-6370700",
          "r5-canopy-cell-687200-6370800"
        ]
      }
    },
    {
      "type": "Feature",
      "geometry": {
        "type": "Polygon",
        "coordinates": [
          [
            [
              687200.0,
              6370900.0
            ],
            [
              687200.0,
              6371000.0
            ],
            [
              687300.0,
              6371000.0
            ],
            [
              687300.0,
              6370900.0
            ],
            [
              687200.0,
              6370900.0
            ]
          ]
        ]
      },
      "properties": {
        "id": "cell-687200-6370900",
        "bounds": [
          687200,
          6370900,
          687300,
          6371000
        ],
        "areaMetres2": 10000.0,
        "priorCorridorAreaMetres2": 8197.350281702535,
        "extensionAreaMetres2": 1802.6497182974663,
        "reviewableAreaMetres2": 1802.6497182974654,
        "priorInspected": true,
        "selected": true,
        "status": "ambiguous",
        "inspected": true,
        "issueIds": [],
        "holes": [
          1,
          2,
          8,
          9
        ],
        "priorCorridorStatus": "ambiguous",
        "scene": "r5-012",
        "reviewer": "Agent visual inspection of colour/CIR 2026-04-10, LiDAR 2024 and seasonal RGB 2022; explicit full-facility cell review",
        "reviewDate": "2026-09-16",
        "note": "Added portions are open pond and coastal inlet margins. Existing land-side trees remain; no supported new crown in the added water/shore area.",
        "treatment": "open",
        "acceptedIndividuals": 0,
        "sourceMetadata": "output/visby-tree-pilot/round5/review/r5-012.json",
        "crossPassIssueIds": [
          "r3-r3-04/dalponte-d9-m5/9",
          "r3-r3-04/dalponte-d9-m5/12",
          "r3-r3-08/island/6",
          "r5-canopy-cell-687200-6370900"
        ]
      }
    },
    {
      "type": "Feature",
      "geometry": {
        "type": "Polygon",
        "coordinates": [
          [
            [
              687300.0,
              6371100.0
            ],
            [
              687300.0,
              6371000.0
            ],
            [
              687200.0,
              6371000.0
            ],
            [
              687200.0,
              6371010.971639956
            ],
            [
              687215.8646438781,
              6371012.85568779
            ],
            [
              687238.7943775941,
              6371015.023978935
            ],
            [
              687262.6747169376,
              6371010.502166188
            ],
            [
              687263.7267108145,
              6371032.48031992
            ],
            [
              687268.2043563972,
              6371055.128735064
            ],
            [
              687268.1332512619,
              6371100.0
            ],
            [
              687300.0,
              6371100.0
            ]
          ]
        ]
      },
      "properties": {
        "id": "cell-687200-6371000",
        "bounds": [
          687200,
          6371000,
          687300,
          6371100
        ],
        "areaMetres2": 4213.338659590315,
        "priorCorridorAreaMetres2": 1536.2623099003604,
        "extensionAreaMetres2": 2677.0763496899535,
        "reviewableAreaMetres2": 2677.0763496899535,
        "priorInspected": true,
        "selected": true,
        "status": "reviewed",
        "inspected": true,
        "issueIds": [],
        "holes": [
          1,
          2,
          8,
          9
        ],
        "priorCorridorStatus": "reviewed",
        "scene": "r5-013",
        "reviewer": "Agent visual inspection of colour/CIR 2026-04-10, LiDAR 2024 and seasonal RGB 2022; explicit full-facility cell review",
        "reviewDate": "2026-09-16",
        "note": "New coastal/water strip has no supported elevated crown. Shoreline and shallow water remain open; retained land-side vegetation is outside this added portion.",
        "treatment": "open",
        "acceptedIndividuals": 0,
        "sourceMetadata": "output/visby-tree-pilot/round5/review/r5-013.json",
        "crossPassIssueIds": []
      }
    },
    {
      "type": "Feature",
      "geometry": {
        "type": "Polygon",
        "coordinates": [
          [
            [
              687300.0,
              6371200.0
            ],
            [
              687300.0,
              6371100.0
            ],
            [
              687268.1332512619,
              6371100.0
            ],
            [
              687268.0770394352,
              6371135.472765234
            ],
            [
              687265.1556121573,
              6371200.0
            ],
            [
              687300.0,
              6371200.0
            ]
          ]
        ]
      },
      "properties": {
        "id": "cell-687200-6371100",
        "bounds": [
          687200,
          6371100,
          687300,
          6371200
        ],
        "areaMetres2": 3285.5548739219694,
        "priorCorridorAreaMetres2": 0.0,
        "extensionAreaMetres2": 3285.5548739219694,
        "reviewableAreaMetres2": 3285.5548739219694,
        "priorInspected": false,
        "selected": true,
        "status": "reviewed",
        "inspected": true,
        "issueIds": [],
        "holes": [
          2,
          6
        ],
        "scene": "r5-014",
        "reviewer": "Agent visual inspection of colour/CIR 2026-04-10, LiDAR 2024 and seasonal RGB 2022; explicit full-facility cell review",
        "reviewDate": "2026-09-16",
        "note": "New coastal/water strip has no supported elevated crown. Shoreline and shallow water remain open; retained land-side vegetation is outside this added portion.",
        "treatment": "open",
        "acceptedIndividuals": 0,
        "sourceMetadata": "output/visby-tree-pilot/round5/review/r5-014.json",
        "crossPassIssueIds": []
      }
    },
    {
      "type": "Feature",
      "geometry": {
        "type": "Polygon",
        "coordinates": [
          [
            [
              687300.0,
              6371300.0
            ],
            [
              687300.0,
              6371200.0
            ],
            [
              687265.1556121573,
              6371200.0
            ],
            [
              687260.6281792239,
              6371300.0
            ],
            [
              687300.0,
              6371300.0
            ]
          ]
        ]
      },
      "properties": {
        "id": "cell-687200-6371200",
        "bounds": [
          687200,
          6371200,
          687300,
          6371300
        ],
        "areaMetres2": 3710.8104309416376,
        "priorCorridorAreaMetres2": 501.44462620178996,
        "extensionAreaMetres2": 3209.365804739848,
        "reviewableAreaMetres2": 3209.365804739848,
        "priorInspected": true,
        "selected": true,
        "status": "reviewed",
        "inspected": true,
        "issueIds": [],
        "holes": [
          2,
          3,
          6
        ],
        "priorCorridorStatus": "reviewed",
        "scene": "r5-015",
        "reviewer": "Agent visual inspection of colour/CIR 2026-04-10, LiDAR 2024 and seasonal RGB 2022; explicit full-facility cell review",
        "reviewDate": "2026-09-16",
        "note": "New coastal/water strip has no supported elevated crown. Shoreline and shallow water remain open; retained land-side vegetation is outside this added portion.",
        "treatment": "open",
        "acceptedIndividuals": 0,
        "sourceMetadata": "output/visby-tree-pilot/round5/review/r5-015.json",
        "crossPassIssueIds": []
      }
    },
    {
      "type": "Feature",
      "geometry": {
        "type": "Polygon",
        "coordinates": [
          [
            [
              687300.0,
              6371400.0
            ],
            [
              687300.0,
              6371300.0
            ],
            [
              687260.6281792239,
              6371300.0
            ],
            [
              687259.6555186163,
              6371321.483711008
            ],
            [
              687244.1762132297,
              6371400.0
            ],
            [
              687300.0,
              6371400.0
            ]
          ]
        ]
      },
      "properties": {
        "id": "cell-687200-6371300",
        "bounds": [
          687200,
          6371300,
          687300,
          6371400
        ],
        "areaMetres2": 4631.688766235009,
        "priorCorridorAreaMetres2": 1833.9871144230215,
        "extensionAreaMetres2": 2797.701651811988,
        "reviewableAreaMetres2": 2797.7016518119876,
        "priorInspected": true,
        "selected": true,
        "status": "ambiguous",
        "inspected": true,
        "issueIds": [],
        "holes": [
          3,
          6
        ],
        "priorCorridorStatus": "reviewed",
        "scene": "r5-016",
        "reviewer": "Agent visual inspection of colour/CIR 2026-04-10, LiDAR 2024 and seasonal RGB 2022; explicit full-facility cell review",
        "reviewDate": "2026-09-16",
        "note": "New coastal/water strip has no supported elevated crown. Shoreline and shallow water remain open; retained land-side vegetation is outside this added portion.",
        "treatment": "open",
        "acceptedIndividuals": 0,
        "sourceMetadata": "output/visby-tree-pilot/round5/review/r5-016.json",
        "crossPassIssueIds": [
          "r5-canopy-cell-687200-6371300"
        ]
      }
    },
    {
      "type": "Feature",
      "geometry": {
        "type": "Polygon",
        "coordinates": [
          [
            [
              687300.0,
              6371500.0
            ],
            [
              687300.0,
              6371400.0
            ],
            [
              687244.1762132297,
              6371400.0
            ],
            [
              687230.0532235648,
              6371471.636595459
            ],
            [
              687233.7725121679,
              6371500.0
            ],
            [
              687300.0,
              6371500.0
            ]
          ]
        ]
      },
      "properties": {
        "id": "cell-687200-6371400",
        "bounds": [
          687200,
          6371400,
          687300,
          6371500
        ],
        "areaMetres2": 6436.070351249592,
        "priorCorridorAreaMetres2": 2575.9444910927227,
        "extensionAreaMetres2": 3860.1258601568684,
        "reviewableAreaMetres2": 3860.125860156869,
        "priorInspected": true,
        "selected": true,
        "status": "ambiguous",
        "inspected": true,
        "issueIds": [],
        "holes": [
          6
        ],
        "priorCorridorStatus": "ambiguous",
        "scene": "r5-017",
        "reviewer": "Agent visual inspection of colour/CIR 2026-04-10, LiDAR 2024 and seasonal RGB 2022; explicit full-facility cell review",
        "reviewDate": "2026-09-16",
        "note": "New coastal/water strip has no supported elevated crown. Shoreline and shallow water remain open; retained land-side vegetation is outside this added portion.",
        "treatment": "open",
        "acceptedIndividuals": 0,
        "sourceMetadata": "output/visby-tree-pilot/round5/review/r5-017.json",
        "crossPassIssueIds": [
          "r4-r4-03/island/2",
          "r4-r4-03/island/3",
          "r4-low-coast-03"
        ]
      }
    },
    {
      "type": "Feature",
      "geometry": {
        "type": "Polygon",
        "coordinates": [
          [
            [
              687300.0,
              6371600.0
            ],
            [
              687300.0,
              6371500.0
            ],
            [
              687233.7725121679,
              6371500.0
            ],
            [
              687246.885495829,
              6371600.0
            ],
            [
              687300.0,
              6371600.0
            ]
          ]
        ]
      },
      "properties": {
        "id": "cell-687200-6371500",
        "bounds": [
          687200,
          6371500,
          687300,
          6371600
        ],
        "areaMetres2": 5967.099600151414,
        "priorCorridorAreaMetres2": 1649.5409336527844,
        "extensionAreaMetres2": 4317.5586664986295,
        "reviewableAreaMetres2": 4317.5586664986295,
        "priorInspected": true,
        "selected": true,
        "status": "ambiguous",
        "inspected": true,
        "issueIds": [
          "r5-low-018"
        ],
        "holes": [
          6
        ],
        "priorCorridorStatus": "ambiguous",
        "scene": "r5-018",
        "reviewer": "Agent visual inspection of colour/CIR 2026-04-10, LiDAR 2024 and seasonal RGB 2022; explicit full-facility cell review",
        "reviewDate": "2026-09-16",
        "note": "Open shore with a strip of low woody scrub at the landward edge. RGB/CIR show small crowns but the height layer does not support new individual tree positions.",
        "treatment": "uncertain",
        "acceptedIndividuals": 0,
        "sourceMetadata": "output/visby-tree-pilot/round5/review/r5-018.json",
        "crossPassIssueIds": [
          "r4-low-coast-04",
          "r5-low-018"
        ]
      }
    },
    {
      "type": "Feature",
      "geometry": {
        "type": "Polygon",
        "coordinates": [
          [
            [
              687300.0,
              6371700.0
            ],
            [
              687300.0,
              6371600.0
            ],
            [
              687246.885495829,
              6371600.0
            ],
            [
              687254.9820295323,
              6371661.744404726
            ],
            [
              687259.6112471714,
              6371700.0
            ],
            [
              687300.0,
              6371700.0
            ]
          ]
        ]
      },
      "properties": {
        "id": "cell-687200-6371600",
        "bounds": [
          687200,
          6371600,
          687300,
          6371700
        ],
        "areaMetres2": 4663.208135474587,
        "priorCorridorAreaMetres2": 94.40185672692421,
        "extensionAreaMetres2": 4568.806278747665,
        "reviewableAreaMetres2": 3663.208135474587,
        "priorInspected": false,
        "selected": true,
        "status": "ambiguous",
        "inspected": true,
        "issueIds": [
          "r5-019/island/8"
        ],
        "holes": [
          5,
          6
        ],
        "priorCorridorStatus": "protected-evaluation",
        "scene": "r5-019",
        "reviewer": "Agent visual inspection of colour/CIR 2026-04-10, LiDAR 2024 and seasonal RGB 2022; explicit full-facility cell review",
        "reviewDate": "2026-09-16",
        "note": "Coastal group south of the protected window: two separated raised crowns and a smaller isolated tree are interpretable. Keep the tiny southern return unresolved.",
        "treatment": "individuals",
        "acceptedIndividuals": 3,
        "sourceMetadata": "output/visby-tree-pilot/round5/review/r5-019.json",
        "crossPassIssueIds": [
          "r4-r5-019/island/8",
          "r5-canopy-cell-687200-6371600"
        ]
      }
    },
    {
      "type": "Feature",
      "geometry": {
        "type": "Polygon",
        "coordinates": [
          [
            [
              687300.0,
              6371800.0
            ],
            [
              687300.0,
              6371700.0
            ],
            [
              687259.6112471714,
              6371700.0
            ],
            [
              687269.4696338641,
              6371781.469155434
            ],
            [
              687270.7772957231,
              6371800.0
            ],
            [
              687300.0,
              6371800.0
            ]
          ]
        ]
      },
      "properties": {
        "id": "cell-687200-6371700",
        "bounds": [
          687200,
          6371700,
          687300,
          6371800
        ],
        "areaMetres2": 3442.4977931570597,
        "priorCorridorAreaMetres2": 144.45553311054474,
        "extensionAreaMetres2": 3298.042260046515,
        "reviewableAreaMetres2": 1942.4977931570593,
        "priorInspected": false,
        "selected": true,
        "status": "reviewed",
        "inspected": true,
        "issueIds": [],
        "holes": [
          5
        ],
        "priorCorridorStatus": "protected-evaluation",
        "scene": "r5-020",
        "reviewer": "Agent visual inspection of colour/CIR 2026-04-10, LiDAR 2024 and seasonal RGB 2022; explicit full-facility cell review",
        "reviewDate": "2026-09-16",
        "note": "New editable area is water and shore; land-side crowns intersect the protected evaluation window and remain unchanged.",
        "treatment": "open",
        "acceptedIndividuals": 0,
        "sourceMetadata": "output/visby-tree-pilot/round5/review/r5-020.json",
        "crossPassIssueIds": []
      }
    },
    {
      "type": "Feature",
      "geometry": {
        "type": "Polygon",
        "coordinates": [
          [
            [
              687300.0,
              6371900.0
            ],
            [
              687300.0,
              6371800.0
            ],
            [
              687270.7772957231,
              6371800.0
            ],
            [
              687277.833972791,
              6371900.0
            ],
            [
              687300.0,
              6371900.0
            ]
          ]
        ]
      },
      "properties": {
        "id": "cell-687200-6371800",
        "bounds": [
          687200,
          6371800,
          687300,
          6371900
        ],
        "areaMetres2": 2569.43657429656,
        "priorCorridorAreaMetres2": 0.0,
        "extensionAreaMetres2": 2569.43657429656,
        "reviewableAreaMetres2": 2569.43657429656,
        "priorInspected": false,
        "selected": true,
        "status": "ambiguous",
        "inspected": true,
        "issueIds": [
          "r5-low-021"
        ],
        "holes": [
          5
        ],
        "scene": "r5-021",
        "reviewer": "Agent visual inspection of colour/CIR 2026-04-10, LiDAR 2024 and seasonal RGB 2022; explicit full-facility cell review",
        "reviewDate": "2026-09-16",
        "note": "The added shoreline includes a broad low woody patch visible in both image dates, with no coherent tree-height LiDAR support. Water stays open.",
        "treatment": "uncertain",
        "acceptedIndividuals": 0,
        "sourceMetadata": "output/visby-tree-pilot/round5/review/r5-021.json",
        "crossPassIssueIds": [
          "r5-low-021"
        ]
      }
    },
    {
      "type": "Feature",
      "geometry": {
        "type": "Polygon",
        "coordinates": [
          [
            [
              687300.0,
              6371900.0
            ],
            [
              687277.833972791,
              6371900.0
            ],
            [
              687280.227807799,
              6371933.922977983
            ],
            [
              687300.0,
              6371946.520554763
            ],
            [
              687300.0,
              6371900.0
            ]
          ]
        ]
      },
      "properties": {
        "id": "cell-687200-6371900",
        "bounds": [
          687200,
          6371900,
          687300,
          6372000
        ],
        "areaMetres2": 835.875501529453,
        "priorCorridorAreaMetres2": 0.0,
        "extensionAreaMetres2": 835.875501529453,
        "reviewableAreaMetres2": 835.875501529453,
        "priorInspected": false,
        "selected": true,
        "status": "ambiguous",
        "inspected": true,
        "issueIds": [
          "r5-low-022"
        ],
        "holes": [
          5
        ],
        "scene": "r5-022",
        "reviewer": "Agent visual inspection of colour/CIR 2026-04-10, LiDAR 2024 and seasonal RGB 2022; explicit full-facility cell review",
        "reviewDate": "2026-09-16",
        "note": "Small landward shore triangle has low woody/rough cover and no tree-height component. Record low-vegetation ambiguity rather than add individual trees.",
        "treatment": "uncertain",
        "acceptedIndividuals": 0,
        "sourceMetadata": "output/visby-tree-pilot/round5/review/r5-022.json",
        "crossPassIssueIds": [
          "r5-low-022"
        ]
      }
    },
    {
      "type": "Feature",
      "geometry": {
        "type": "Polygon",
        "coordinates": [
          [
            [
              687300.0,
              6370700.0
            ],
            [
              687400.0,
              6370700.0
            ],
            [
              687400.0,
              6370600.512312019
            ],
            [
              687315.0316966563,
              6370609.754053399
            ],
            [
              687300.0,
              6370619.636623975
            ],
            [
              687300.0,
              6370700.0
            ]
          ]
        ]
      },
      "properties": {
        "id": "cell-687300-6370600",
        "bounds": [
          687300,
          6370600,
          687400,
          6370700
        ],
        "areaMetres2": 9342.946301051057,
        "priorCorridorAreaMetres2": 6392.055775967905,
        "extensionAreaMetres2": 2950.8905250831526,
        "reviewableAreaMetres2": 2950.890525083153,
        "priorInspected": true,
        "selected": true,
        "status": "ambiguous",
        "inspected": true,
        "issueIds": [
          "r5-023/island/11"
        ],
        "holes": [
          10,
          18
        ],
        "priorCorridorStatus": "ambiguous",
        "scene": "r5-023",
        "reviewer": "Agent visual inspection of colour/CIR 2026-04-10, LiDAR 2024 and seasonal RGB 2022; explicit full-facility cell review",
        "reviewDate": "2026-09-16",
        "note": "Coastal fringe outside the existing pine group has one small sparse return. Visible low vegetation does not establish an individual tree base.",
        "treatment": "uncertain",
        "acceptedIndividuals": 0,
        "sourceMetadata": "output/visby-tree-pilot/round5/review/r5-023.json",
        "crossPassIssueIds": [
          "runtime-tree-visby-000009",
          "r4-r4-05/dalponte-d9-m5/10",
          "r4-r4-05/dalponte-d9-m5/11",
          "r4-r4-05/dalponte-d9-m5/17",
          "r4-r4-05/island/9",
          "r4-r4-05/island/10",
          "r4-r5-023/island/11",
          "r5-canopy-cell-687300-6370600",
          "r5-canopy-cell-687300-6370700"
        ]
      }
    },
    {
      "type": "Feature",
      "geometry": {
        "type": "Polygon",
        "coordinates": [
          [
            [
              687300.0,
              6370700.0
            ],
            [
              687300.0,
              6370800.0
            ],
            [
              687400.0,
              6370800.0
            ],
            [
              687400.0,
              6370700.0
            ],
            [
              687300.0,
              6370700.0
            ]
          ]
        ]
      },
      "properties": {
        "id": "cell-687300-6370700",
        "bounds": [
          687300,
          6370700,
          687400,
          6370800
        ],
        "areaMetres2": 10000.0,
        "priorCorridorAreaMetres2": 9706.29227854724,
        "extensionAreaMetres2": 293.70772145275964,
        "reviewableAreaMetres2": 293.70772145275964,
        "priorInspected": true,
        "selected": true,
        "status": "ambiguous",
        "inspected": true,
        "issueIds": [],
        "holes": [
          9,
          10,
          18
        ],
        "priorCorridorStatus": "ambiguous",
        "scene": "r5-024",
        "reviewer": "Agent visual inspection of colour/CIR 2026-04-10, LiDAR 2024 and seasonal RGB 2022; explicit full-facility cell review",
        "reviewDate": "2026-09-16",
        "note": "Small added wedges cross existing facility-side individual crowns. Existing measured crowns cover the visible groups; no separate additional crown is supported.",
        "treatment": "individuals",
        "acceptedIndividuals": 0,
        "sourceMetadata": "output/visby-tree-pilot/round5/review/r5-024.json",
        "crossPassIssueIds": [
          "r3-r3-10/dalponte-d9-m5/14",
          "r3-r3-10/dalponte-d9-m5/16",
          "r3-r3-10/dalponte-d9-m5/26",
          "r3-r3-10/dalponte-d9-m5/28",
          "runtime-tree-visby-000009",
          "runtime-tree-visby-000038",
          "r5-canopy-cell-687200-6370700",
          "r5-canopy-cell-687300-6370600",
          "r5-canopy-cell-687300-6370700",
          "r5-canopy-cell-687300-6370800",
          "r5-canopy-cell-687400-6370700",
          "r5-canopy-cell-687400-6370800"
        ]
      }
    },
    {
      "type": "Feature",
      "geometry": {
        "type": "Polygon",
        "coordinates": [
          [
            [
              687300.0,
              6370800.0
            ],
            [
              687300.0,
              6370900.0
            ],
            [
              687400.0,
              6370900.0
            ],
            [
              687400.0,
              6370800.0
            ],
            [
              687300.0,
              6370800.0
            ]
          ]
        ]
      },
      "properties": {
        "id": "cell-687300-6370800",
        "bounds": [
          687300,
          6370800,
          687400,
          6370900
        ],
        "areaMetres2": 10000.0,
        "priorCorridorAreaMetres2": 4241.553974921626,
        "extensionAreaMetres2": 5758.446025078374,
        "reviewableAreaMetres2": 5758.446025078374,
        "priorInspected": true,
        "selected": true,
        "status": "ambiguous",
        "inspected": true,
        "issueIds": [
          "r5-025/dalponte-d9-m5/17"
        ],
        "holes": [
          2,
          9,
          10
        ],
        "priorCorridorStatus": "ambiguous",
        "scene": "r5-025",
        "reviewer": "Agent visual inspection of colour/CIR 2026-04-10, LiDAR 2024 and seasonal RGB 2022; explicit full-facility cell review",
        "reviewDate": "2026-09-16",
        "note": "Parking perimeter: retain open hardstanding and place distinguishable raised crowns individually. The small southern fragment of the western joined crown is held to avoid over-splitting.",
        "treatment": "individuals",
        "acceptedIndividuals": 5,
        "sourceMetadata": "output/visby-tree-pilot/round5/review/r5-025.json",
        "crossPassIssueIds": [
          "r3-r3-10/dalponte-d9-m5/14",
          "r3-visible-low-11",
          "runtime-tree-visby-000038",
          "r4-r5-025/dalponte-d9-m5/17",
          "r5-canopy-cell-687300-6370700",
          "r5-canopy-cell-687300-6370800",
          "r5-canopy-cell-687400-6370700",
          "r5-canopy-cell-687400-6370800"
        ]
      }
    },
    {
      "type": "Feature",
      "geometry": {
        "type": "Polygon",
        "coordinates": [
          [
            [
              687300.0,
              6370900.0
            ],
            [
              687300.0,
              6371000.0
            ],
            [
              687400.0,
              6371000.0
            ],
            [
              687400.0,
              6370900.0
            ],
            [
              687300.0,
              6370900.0
            ]
          ]
        ]
      },
      "properties": {
        "id": "cell-687300-6370900",
        "bounds": [
          687300,
          6370900,
          687400,
          6371000
        ],
        "areaMetres2": 10000.0,
        "priorCorridorAreaMetres2": 9207.04674062742,
        "extensionAreaMetres2": 792.9532593725784,
        "reviewableAreaMetres2": 792.9532593725783,
        "priorInspected": true,
        "selected": true,
        "status": "ambiguous",
        "inspected": true,
        "issueIds": [],
        "holes": [
          2,
          8,
          9
        ],
        "priorCorridorStatus": "ambiguous",
        "scene": "r5-026",
        "reviewer": "Agent visual inspection of colour/CIR 2026-04-10, LiDAR 2024 and seasonal RGB 2022; explicit full-facility cell review",
        "reviewDate": "2026-09-16",
        "note": "Added pond/rough wedge and tiny eastern sliver are mostly open; existing nearby crowns remain represented without additional supported centres.",
        "treatment": "open",
        "acceptedIndividuals": 0,
        "sourceMetadata": "output/visby-tree-pilot/round5/review/r5-026.json",
        "crossPassIssueIds": [
          "r1-ref-hold09b-004",
          "r4-r4-06/island/11",
          "r5-canopy-cell-687300-6370900"
        ]
      }
    },
    {
      "type": "Feature",
      "geometry": {
        "type": "Polygon",
        "coordinates": [
          [
            [
              687300.0,
              6371000.0
            ],
            [
              687300.0,
              6371100.0
            ],
            [
              687400.0,
              6371100.0
            ],
            [
              687400.0,
              6371000.0
            ],
            [
              687300.0,
              6371000.0
            ]
          ]
        ]
      },
      "properties": {
        "id": "cell-687300-6371000",
        "bounds": [
          687300,
          6371000,
          687400,
          6371100
        ],
        "areaMetres2": 10000.0,
        "priorCorridorAreaMetres2": 9965.424289075065,
        "extensionAreaMetres2": 34.575710924936125,
        "reviewableAreaMetres2": 34.575710924936125,
        "priorInspected": true,
        "selected": true,
        "status": "ambiguous",
        "inspected": true,
        "issueIds": [],
        "holes": [
          2,
          8,
          9
        ],
        "priorCorridorStatus": "ambiguous",
        "scene": "r5-027",
        "reviewer": "Agent visual inspection of colour/CIR 2026-04-10, LiDAR 2024 and seasonal RGB 2022; explicit full-facility cell review",
        "reviewDate": "2026-09-16",
        "note": "Only a very small shoreline triangle is newly included; no additional crown centre or dense woodland inside it.",
        "treatment": "open",
        "acceptedIndividuals": 0,
        "sourceMetadata": "output/visby-tree-pilot/round5/review/r5-027.json",
        "crossPassIssueIds": [
          "r3-r3-19/dalponte-d9-m5/8",
          "r3-r3-19/dalponte-d9-m5/11",
          "r3-r3-19/island/9",
          "r3-r3-19/dalponte-d9-m5/14",
          "r3-r3-19/island/11",
          "r3-r3-19/dalponte-d9-m5/16",
          "r5-canopy-cell-687300-6371000",
          "r5-canopy-cell-687300-6371100"
        ]
      }
    },
    {
      "type": "Feature",
      "geometry": {
        "type": "Polygon",
        "coordinates": [
          [
            [
              687300.0,
              6371100.0
            ],
            [
              687300.0,
              6371200.0
            ],
            [
              687400.0,
              6371200.0
            ],
            [
              687400.0,
              6371100.0
            ],
            [
              687300.0,
              6371100.0
            ]
          ]
        ]
      },
      "properties": {
        "id": "cell-687300-6371100",
        "bounds": [
          687300,
          6371100,
          687400,
          6371200
        ],
        "areaMetres2": 10000.0,
        "priorCorridorAreaMetres2": 8452.062700253546,
        "extensionAreaMetres2": 1547.9372997464584,
        "reviewableAreaMetres2": 1547.9372997464584,
        "priorInspected": true,
        "selected": true,
        "status": "ambiguous",
        "inspected": true,
        "issueIds": [
          "r5-028/dalponte-d9-m5/16",
          "r5-028/dalponte-d9-m5/20"
        ],
        "holes": [
          2,
          6,
          7,
          8
        ],
        "priorCorridorStatus": "ambiguous",
        "scene": "r5-028",
        "reviewer": "Agent visual inspection of colour/CIR 2026-04-10, LiDAR 2024 and seasonal RGB 2022; explicit full-facility cell review",
        "reviewDate": "2026-09-16",
        "note": "Coastal shelter belt stays measured vegetation. One sparse jagged component and one prior unresolved joined crown cannot be promoted confidently.",
        "treatment": "uncertain",
        "acceptedIndividuals": 0,
        "sourceMetadata": "output/visby-tree-pilot/round5/review/r5-028.json",
        "crossPassIssueIds": [
          "r1-ref-cal02-010",
          "r1-ref-cal02-011",
          "r3-r3-20/dalponte-d9-m5/25",
          "r3-r3-20/dalponte-d9-m5/27",
          "r3-r3-21/dalponte-d9-m5/31",
          "r4-r5-028/dalponte-d9-m5/16",
          "r4-r5-028/dalponte-d9-m5/20",
          "r5-canopy-cell-687300-6371000",
          "r5-canopy-cell-687300-6371100",
          "r5-canopy-cell-687300-6371200"
        ]
      }
    },
    {
      "type": "Feature",
      "geometry": {
        "type": "Polygon",
        "coordinates": [
          [
            [
              687300.0,
              6371200.0
            ],
            [
              687300.0,
              6371300.0
            ],
            [
              687400.0,
              6371300.0
            ],
            [
              687400.0,
              6371200.0
            ],
            [
              687300.0,
              6371200.0
            ]
          ]
        ]
      },
      "properties": {
        "id": "cell-687300-6371200",
        "bounds": [
          687300,
          6371200,
          687400,
          6371300
        ],
        "areaMetres2": 10000.0,
        "priorCorridorAreaMetres2": 9189.380936789183,
        "extensionAreaMetres2": 810.6190632108172,
        "reviewableAreaMetres2": 810.6190632108172,
        "priorInspected": true,
        "selected": true,
        "status": "ambiguous",
        "inspected": true,
        "issueIds": [],
        "holes": [
          2,
          3,
          6,
          7
        ],
        "priorCorridorStatus": "ambiguous",
        "scene": "r5-029",
        "reviewer": "Agent visual inspection of colour/CIR 2026-04-10, LiDAR 2024 and seasonal RGB 2022; explicit full-facility cell review",
        "reviewDate": "2026-09-16",
        "note": "Narrow seaward fringe adjoins the connected crown group. Preserve measured stand coverage and existing individuals; no additional distinct centre in the new fringe.",
        "treatment": "woodland",
        "acceptedIndividuals": 0,
        "sourceMetadata": "output/visby-tree-pilot/round5/review/r5-029.json",
        "crossPassIssueIds": [
          "r3-r3-21/island/6",
          "r3-r3-21/island/10",
          "r3-r3-21/island/12",
          "r3-r3-21/dalponte-d9-m5/8",
          "r3-r3-21/dalponte-d9-m5/9",
          "r3-r3-21/dalponte-d9-m5/11",
          "r3-r3-21/island/17",
          "r3-r3-21/dalponte-d9-m5/25",
          "r3-r3-21/dalponte-d9-m5/31",
          "r4-r4-07/dalponte-d9-m5/9",
          "r4-r4-07/dalponte-d9-m5/10",
          "r5-canopy-cell-687300-6371100",
          "r5-canopy-cell-687300-6371200"
        ]
      }
    },
    {
      "type": "Feature",
      "geometry": {
        "type": "Polygon",
        "coordinates": [
          [
            [
              687300.0,
              6371300.0
            ],
            [
              687300.0,
              6371400.0
            ],
            [
              687400.0,
              6371400.0
            ],
            [
              687400.0,
              6371300.0
            ],
            [
              687300.0,
              6371300.0
            ]
          ]
        ]
      },
      "properties": {
        "id": "cell-687300-6371300",
        "bounds": [
          687300,
          6371300,
          687400,
          6371400
        ],
        "areaMetres2": 10000.0,
        "priorCorridorAreaMetres2": 10000.0,
        "extensionAreaMetres2": 0.0,
        "reviewableAreaMetres2": 0.0,
        "priorInspected": true,
        "selected": false,
        "status": "ambiguous",
        "inspected": true,
        "issueIds": [],
        "holes": [
          2,
          3,
          6,
          7
        ],
        "priorCorridorStatus": "ambiguous",
        "crossPassIssueIds": [
          "r3-r3-21/island/6",
          "r4-r4-07/island/5",
          "r4-r4-07/island/8",
          "r4-r4-07/dalponte-d9-m5/7",
          "r4-r4-07/island/10",
          "r4-r4-07/dalponte-d9-m5/9",
          "r4-r4-07/dalponte-d9-m5/10",
          "r4-low-north-07",
          "r5-canopy-cell-687300-6371300"
        ]
      }
    },
    {
      "type": "Feature",
      "geometry": {
        "type": "Polygon",
        "coordinates": [
          [
            [
              687300.0,
              6371400.0
            ],
            [
              687300.0,
              6371500.0
            ],
            [
              687400.0,
              6371500.0
            ],
            [
              687400.0,
              6371400.0
            ],
            [
              687300.0,
              6371400.0
            ]
          ]
        ]
      },
      "properties": {
        "id": "cell-687300-6371400",
        "bounds": [
          687300,
          6371400,
          687400,
          6371500
        ],
        "areaMetres2": 10000.0,
        "priorCorridorAreaMetres2": 9863.958030571834,
        "extensionAreaMetres2": 136.04196942816756,
        "reviewableAreaMetres2": 136.04196942816756,
        "priorInspected": true,
        "selected": true,
        "status": "ambiguous",
        "inspected": true,
        "issueIds": [
          "r5-030/dalponte-d9-m5/4"
        ],
        "holes": [
          3,
          6
        ],
        "priorCorridorStatus": "ambiguous",
        "scene": "r5-030",
        "reviewer": "Agent visual inspection of colour/CIR 2026-04-10, LiDAR 2024 and seasonal RGB 2022; explicit full-facility cell review",
        "reviewDate": "2026-09-16",
        "note": "Small added tip intersects a previously held crown. Existing tree-island treatment remains; the old unresolved identity is preserved.",
        "treatment": "uncertain",
        "acceptedIndividuals": 0,
        "sourceMetadata": "output/visby-tree-pilot/round5/review/r5-030.json",
        "crossPassIssueIds": [
          "r2-review06/island/11",
          "r2-review06/island/12",
          "r4-r4-03/island/3",
          "r4-r4-08/dalponte-d9-m5/6",
          "r4-r4-08/dalponte-d9-m5/7",
          "r4-r4-08/dalponte-d9-m5/9",
          "r4-r4-08/island/4",
          "r4-r4-08/island/13",
          "r4-r4-08/island/14",
          "r4-low-coast-03",
          "r4-r5-030/dalponte-d9-m5/4",
          "r5-canopy-cell-687300-6371400",
          "r5-canopy-cell-687300-6371500"
        ]
      }
    },
    {
      "type": "Feature",
      "geometry": {
        "type": "Polygon",
        "coordinates": [
          [
            [
              687300.0,
              6371500.0
            ],
            [
              687300.0,
              6371600.0
            ],
            [
              687400.0,
              6371600.0
            ],
            [
              687400.0,
              6371500.0
            ],
            [
              687300.0,
              6371500.0
            ]
          ]
        ]
      },
      "properties": {
        "id": "cell-687300-6371500",
        "bounds": [
          687300,
          6371500,
          687400,
          6371600
        ],
        "areaMetres2": 10000.0,
        "priorCorridorAreaMetres2": 8827.15571782375,
        "extensionAreaMetres2": 1172.84428217625,
        "reviewableAreaMetres2": 1172.84428217625,
        "priorInspected": true,
        "selected": true,
        "status": "ambiguous",
        "inspected": true,
        "issueIds": [
          "r5-031/island/23"
        ],
        "holes": [
          3,
          6
        ],
        "priorCorridorStatus": "ambiguous",
        "scene": "r5-031",
        "reviewer": "Agent visual inspection of colour/CIR 2026-04-10, LiDAR 2024 and seasonal RGB 2022; explicit full-facility cell review",
        "reviewDate": "2026-09-16",
        "note": "Two raised crowns in the rough strip between playing areas are individually distinguishable. The tiny northern low return is unresolved.",
        "treatment": "individuals",
        "acceptedIndividuals": 2,
        "sourceMetadata": "output/visby-tree-pilot/round5/review/r5-031.json",
        "crossPassIssueIds": [
          "r1-ref-cal06-005",
          "r4-r4-09/island/9",
          "r4-r4-09/island/16",
          "r4-r4-09/dalponte-d9-m5/9",
          "r4-low-coast-04",
          "r4-r5-030/dalponte-d9-m5/4",
          "r4-r5-031/island/23",
          "r5-low-018",
          "r5-canopy-cell-687300-6371400",
          "r5-canopy-cell-687300-6371500",
          "r5-canopy-cell-687300-6371600"
        ]
      }
    },
    {
      "type": "Feature",
      "geometry": {
        "type": "Polygon",
        "coordinates": [
          [
            [
              687300.0,
              6371600.0
            ],
            [
              687300.0,
              6371700.0
            ],
            [
              687400.0,
              6371700.0
            ],
            [
              687400.0,
              6371600.0
            ],
            [
              687300.0,
              6371600.0
            ]
          ]
        ]
      },
      "properties": {
        "id": "cell-687300-6371600",
        "bounds": [
          687300,
          6371600,
          687400,
          6371700
        ],
        "areaMetres2": 10000.0,
        "priorCorridorAreaMetres2": 8050.071346277831,
        "extensionAreaMetres2": 1949.9286537221672,
        "reviewableAreaMetres2": 1915.988771342468,
        "priorInspected": true,
        "selected": true,
        "status": "ambiguous",
        "inspected": true,
        "issueIds": [
          "r5-032/dalponte-d9-m5/33",
          "r5-032/dalponte-d9-m5/38"
        ],
        "holes": [
          3,
          5,
          6
        ],
        "priorCorridorStatus": "ambiguous",
        "scene": "r5-032",
        "reviewer": "Agent visual inspection of colour/CIR 2026-04-10, LiDAR 2024 and seasonal RGB 2022; explicit full-facility cell review",
        "reviewDate": "2026-09-16",
        "note": "Connected coastal woodland south of the protected green: distinguishable seaward edge crowns are individual, while the joined inner canopy remains a stand. Hold the small sparse shore components.",
        "treatment": "mixed",
        "acceptedIndividuals": 2,
        "sourceMetadata": "output/visby-tree-pilot/round5/review/r5-032.json",
        "crossPassIssueIds": [
          "r4-r4-10/dalponte-d9-m5/13",
          "r4-r4-22/dalponte-d9-m5/42",
          "r4-r5-032/dalponte-d9-m5/33",
          "r4-r5-032/dalponte-d9-m5/38",
          "r5-canopy-cell-687300-6371500",
          "r5-canopy-cell-687300-6371600"
        ]
      }
    },
    {
      "type": "Feature",
      "geometry": {
        "type": "Polygon",
        "coordinates": [
          [
            [
              687300.0,
              6371700.0
            ],
            [
              687300.0,
              6371800.0
            ],
            [
              687400.0,
              6371800.0
            ],
            [
              687400.0,
              6371700.0
            ],
            [
              687300.0,
              6371700.0
            ]
          ]
        ]
      },
      "properties": {
        "id": "cell-687300-6371700",
        "bounds": [
          687300,
          6371700,
          687400,
          6371800
        ],
        "areaMetres2": 10000.0,
        "priorCorridorAreaMetres2": 7474.40111564036,
        "extensionAreaMetres2": 2525.5988843596415,
        "reviewableAreaMetres2": 2244.6120836798873,
        "priorInspected": true,
        "selected": true,
        "status": "ambiguous",
        "inspected": true,
        "issueIds": [],
        "holes": [
          5,
          6
        ],
        "priorCorridorStatus": "reviewed",
        "scene": "r5-033",
        "reviewer": "Agent visual inspection of colour/CIR 2026-04-10, LiDAR 2024 and seasonal RGB 2022; explicit full-facility cell review",
        "reviewDate": "2026-09-16",
        "note": "Added eastern strip lies in connected dense woodland behind existing edge trees. Retain measured canopy and gaps as a stand; protected crowns remain untouched.",
        "treatment": "woodland",
        "acceptedIndividuals": 0,
        "sourceMetadata": "output/visby-tree-pilot/round5/review/r5-033.json",
        "crossPassIssueIds": [
          "r5-canopy-cell-687300-6371700"
        ]
      }
    },
    {
      "type": "Feature",
      "geometry": {
        "type": "Polygon",
        "coordinates": [
          [
            [
              687300.0,
              6371800.0
            ],
            [
              687300.0,
              6371900.0
            ],
            [
              687400.0,
              6371900.0
            ],
            [
              687400.0,
              6371800.0
            ],
            [
              687300.0,
              6371800.0
            ]
          ]
        ]
      },
      "properties": {
        "id": "cell-687300-6371800",
        "bounds": [
          687300,
          6371800,
          687400,
          6371900
        ],
        "areaMetres2": 10000.0,
        "priorCorridorAreaMetres2": 8110.74234143298,
        "extensionAreaMetres2": 1889.2576585670188,
        "reviewableAreaMetres2": 1889.257658567019,
        "priorInspected": true,
        "selected": true,
        "status": "ambiguous",
        "inspected": true,
        "issueIds": [
          "r5-034/island/2"
        ],
        "holes": [
          4,
          5
        ],
        "priorCorridorStatus": "ambiguous",
        "scene": "r5-034",
        "reviewer": "Agent visual inspection of colour/CIR 2026-04-10, LiDAR 2024 and seasonal RGB 2022; explicit full-facility cell review",
        "reviewDate": "2026-09-16",
        "note": "Dense eastern canopy stays woodland; sparse coastal scrub at the western tip remains uncertain. Existing tee/path edges remain clear.",
        "treatment": "mixed",
        "acceptedIndividuals": 0,
        "sourceMetadata": "output/visby-tree-pilot/round5/review/r5-034.json",
        "crossPassIssueIds": [
          "r4-r4-12/island/4",
          "r4-r4-12/island/5",
          "r4-low-coast-12",
          "r4-r5-034/island/2",
          "r4-r5-035/island/11",
          "r5-canopy-cell-687300-6371800"
        ]
      }
    },
    {
      "type": "Feature",
      "geometry": {
        "type": "Polygon",
        "coordinates": [
          [
            [
              687400.0,
              6371900.0
            ],
            [
              687300.0,
              6371900.0
            ],
            [
              687300.0,
              6371946.520554763
            ],
            [
              687367.8111455229,
              6371989.725481339
            ],
            [
              687400.0,
              6371978.66643145
            ],
            [
              687400.0,
              6371900.0
            ]
          ]
        ]
      },
      "properties": {
        "id": "cell-687300-6371900",
        "bounds": [
          687300,
          6371900,
          687400,
          6372000
        ],
        "areaMetres2": 7329.671278462412,
        "priorCorridorAreaMetres2": 1487.4985576341483,
        "extensionAreaMetres2": 5842.172720828265,
        "reviewableAreaMetres2": 5842.1727208282655,
        "priorInspected": true,
        "selected": true,
        "status": "ambiguous",
        "inspected": true,
        "issueIds": [
          "r5-035/island/1",
          "r5-035/island/2",
          "r5-035/island/3",
          "r5-035/dalponte-d9-m5/3",
          "r5-035/island/9",
          "r5-035/island/8",
          "r5-035/island/10",
          "r5-035/island/11"
        ],
        "holes": [
          4,
          5
        ],
        "priorCorridorStatus": "ambiguous",
        "scene": "r5-035",
        "reviewer": "Agent visual inspection of colour/CIR 2026-04-10, LiDAR 2024 and seasonal RGB 2022; explicit full-facility cell review",
        "reviewDate": "2026-09-16",
        "note": "Low coastal scrub island with one coherent taller edge crown adjoining the existing tree. Retain sparse and joined low components as unresolved vegetation.",
        "treatment": "mixed",
        "acceptedIndividuals": 1,
        "sourceMetadata": "output/visby-tree-pilot/round5/review/r5-035.json",
        "crossPassIssueIds": [
          "r4-low-coast-13",
          "r4-r5-035/island/1",
          "r4-r5-035/island/2",
          "r4-r5-035/island/3",
          "r4-r5-035/dalponte-d9-m5/3",
          "r4-r5-035/island/9",
          "r4-r5-035/island/8",
          "r4-r5-035/island/10",
          "r4-r5-035/island/11",
          "r5-low-022",
          "r5-canopy-cell-687300-6371900"
        ]
      }
    },
    {
      "type": "Feature",
      "geometry": {
        "type": "Polygon",
        "coordinates": [
          [
            [
              687457.3309021534,
              6370600.0
            ],
            [
              687448.6116676517,
              6370595.224970236
            ],
            [
              687404.7101819086,
              6370600.0
            ],
            [
              687457.3309021534,
              6370600.0
            ]
          ]
        ]
      },
      "properties": {
        "id": "cell-687400-6370500",
        "bounds": [
          687400,
          6370500,
          687500,
          6370600
        ],
        "areaMetres2": 125.63275267501781,
        "priorCorridorAreaMetres2": 0.0,
        "extensionAreaMetres2": 125.63275267501781,
        "reviewableAreaMetres2": 125.6327526750178,
        "priorInspected": false,
        "selected": true,
        "status": "reviewed",
        "inspected": true,
        "issueIds": [],
        "holes": [
          18
        ],
        "scene": "r5-036",
        "reviewer": "Agent visual inspection of colour/CIR 2026-04-10, LiDAR 2024 and seasonal RGB 2022; explicit full-facility cell review",
        "reviewDate": "2026-09-16",
        "note": "Tiny coastal water sliver in the expanded extent. No elevated woody canopy in any source layer.",
        "treatment": "open",
        "acceptedIndividuals": 0,
        "sourceMetadata": "output/visby-tree-pilot/round5/review/r5-036.json",
        "crossPassIssueIds": []
      }
    },
    {
      "type": "Feature",
      "geometry": {
        "type": "Polygon",
        "coordinates": [
          [
            [
              687400.0,
              6370700.0
            ],
            [
              687500.0,
              6370700.0
            ],
            [
              687500.0,
              6370623.3674426535
            ],
            [
              687457.3309021534,
              6370600.0
            ],
            [
              687404.7101819086,
              6370600.0
            ],
            [
              687400.0,
              6370600.512312019
            ],
            [
              687400.0,
              6370700.0
            ]
          ]
        ]
      },
      "properties": {
        "id": "cell-687400-6370600",
        "bounds": [
          687400,
          6370600,
          687500,
          6370700
        ],
        "areaMetres2": 9500.259610093819,
        "priorCorridorAreaMetres2": 5177.298836270015,
        "extensionAreaMetres2": 4322.960773823804,
        "reviewableAreaMetres2": 1933.7338921379917,
        "priorInspected": true,
        "selected": true,
        "status": "ambiguous",
        "inspected": true,
        "issueIds": [],
        "holes": [
          10,
          18
        ],
        "priorCorridorStatus": "reviewed",
        "scene": "r5-037",
        "reviewer": "Agent visual inspection of colour/CIR 2026-04-10, LiDAR 2024 and seasonal RGB 2022; explicit full-facility cell review",
        "reviewDate": "2026-09-16",
        "note": "Editable added coastal wedge is mostly open shore/water. Raised crowns are inside the protected evaluation area and remain untouched.",
        "treatment": "open",
        "acceptedIndividuals": 0,
        "sourceMetadata": "output/visby-tree-pilot/round5/review/r5-037.json",
        "crossPassIssueIds": [
          "r5-canopy-cell-687400-6370600"
        ]
      }
    },
    {
      "type": "Feature",
      "geometry": {
        "type": "Polygon",
        "coordinates": [
          [
            [
              687400.0,
              6370700.0
            ],
            [
              687400.0,
              6370800.0
            ],
            [
              687500.0,
              6370800.0
            ],
            [
              687500.0,
              6370700.0
            ],
            [
              687400.0,
              6370700.0
            ]
          ]
        ]
      },
      "properties": {
        "id": "cell-687400-6370700",
        "bounds": [
          687400,
          6370700,
          687500,
          6370800
        ],
        "areaMetres2": 10000.0,
        "priorCorridorAreaMetres2": 9538.659548858614,
        "extensionAreaMetres2": 461.34045114138695,
        "reviewableAreaMetres2": 461.340451141387,
        "priorInspected": true,
        "selected": true,
        "status": "ambiguous",
        "inspected": true,
        "issueIds": [
          "r5-038/dalponte-d9-m5/35"
        ],
        "holes": [
          10,
          18
        ],
        "priorCorridorStatus": "ambiguous",
        "scene": "r5-038",
        "reviewer": "Agent visual inspection of colour/CIR 2026-04-10, LiDAR 2024 and seasonal RGB 2022; explicit full-facility cell review",
        "reviewDate": "2026-09-16",
        "note": "Narrow added strip crosses the existing tree group. One crown remains linked to a prior unresolved case; nearby represented crowns stay unchanged.",
        "treatment": "uncertain",
        "acceptedIndividuals": 0,
        "sourceMetadata": "output/visby-tree-pilot/round5/review/r5-038.json",
        "crossPassIssueIds": [
          "r3-r3-12/dalponte-d9-m5/17",
          "r3-r3-12/dalponte-d9-m5/25",
          "r3-r3-12/dalponte-d9-m5/29",
          "r3-r3-12/dalponte-d9-m5/32",
          "r3-r3-12/dalponte-d9-m5/33",
          "r3-r3-12/dalponte-d9-m5/47",
          "runtime-tree-visby-000038",
          "runtime-tree-visby-000042",
          "runtime-tree-visby-000051",
          "r4-r5-038/dalponte-d9-m5/35",
          "r5-canopy-cell-687300-6370700",
          "r5-canopy-cell-687300-6370800",
          "r5-canopy-cell-687400-6370700",
          "r5-canopy-cell-687400-6370800",
          "r5-canopy-cell-687500-6370700"
        ]
      }
    },
    {
      "type": "Feature",
      "geometry": {
        "type": "Polygon",
        "coordinates": [
          [
            [
              687400.0,
              6370800.0
            ],
            [
              687400.0,
              6370900.0
            ],
            [
              687500.0,
              6370900.0
            ],
            [
              687500.0,
              6370800.0
            ],
            [
              687400.0,
              6370800.0
            ]
          ]
        ]
      },
      "properties": {
        "id": "cell-687400-6370800",
        "bounds": [
          687400,
          6370800,
          687500,
          6370900
        ],
        "areaMetres2": 10000.0,
        "priorCorridorAreaMetres2": 9398.900056668559,
        "extensionAreaMetres2": 601.0999433314408,
        "reviewableAreaMetres2": 601.0999433314411,
        "priorInspected": true,
        "selected": true,
        "status": "ambiguous",
        "inspected": true,
        "issueIds": [],
        "holes": [
          9,
          10
        ],
        "priorCorridorStatus": "ambiguous",
        "scene": "r5-039",
        "reviewer": "Agent visual inspection of colour/CIR 2026-04-10, LiDAR 2024 and seasonal RGB 2022; explicit full-facility cell review",
        "reviewDate": "2026-09-16",
        "note": "One raised, distinguishable tree beside the parking/range entrance has source support. Keep the range and entrance road open.",
        "treatment": "individuals",
        "acceptedIndividuals": 1,
        "sourceMetadata": "output/visby-tree-pilot/round5/review/r5-039.json",
        "crossPassIssueIds": [
          "r3-r3-12/dalponte-d9-m5/17",
          "runtime-tree-visby-000038",
          "r5-canopy-cell-687300-6370700",
          "r5-canopy-cell-687300-6370800",
          "r5-canopy-cell-687400-6370700",
          "r5-canopy-cell-687400-6370800"
        ]
      }
    },
    {
      "type": "Feature",
      "geometry": {
        "type": "Polygon",
        "coordinates": [
          [
            [
              687400.0,
              6370900.0
            ],
            [
              687400.0,
              6371000.0
            ],
            [
              687500.0,
              6371000.0
            ],
            [
              687500.0,
              6370900.0
            ],
            [
              687400.0,
              6370900.0
            ]
          ]
        ]
      },
      "properties": {
        "id": "cell-687400-6370900",
        "bounds": [
          687400,
          6370900,
          687500,
          6371000
        ],
        "areaMetres2": 10000.0,
        "priorCorridorAreaMetres2": 9999.188077202314,
        "extensionAreaMetres2": 0.8119227976863479,
        "reviewableAreaMetres2": 0.8119227976863479,
        "priorInspected": true,
        "selected": true,
        "status": "reviewed",
        "inspected": true,
        "issueIds": [],
        "holes": [
          2,
          8,
          9
        ],
        "priorCorridorStatus": "reviewed",
        "scene": "r5-040",
        "reviewer": "Agent visual inspection of colour/CIR 2026-04-10, LiDAR 2024 and seasonal RGB 2022; explicit full-facility cell review",
        "reviewDate": "2026-09-16",
        "note": "The tiny added corner at the road/range boundary is open. Net poles and their shadows are not treated as trees.",
        "treatment": "open",
        "acceptedIndividuals": 0,
        "sourceMetadata": "output/visby-tree-pilot/round5/review/r5-040.json",
        "crossPassIssueIds": []
      }
    },
    {
      "type": "Feature",
      "geometry": {
        "type": "Polygon",
        "coordinates": [
          [
            [
              687400.0,
              6371000.0
            ],
            [
              687400.0,
              6371100.0
            ],
            [
              687500.0,
              6371100.0
            ],
            [
              687500.0,
              6371000.0
            ],
            [
              687400.0,
              6371000.0
            ]
          ]
        ]
      },
      "properties": {
        "id": "cell-687400-6371000",
        "bounds": [
          687400,
          6371000,
          687500,
          6371100
        ],
        "areaMetres2": 10000.0,
        "priorCorridorAreaMetres2": 10000.0,
        "extensionAreaMetres2": 0.0,
        "reviewableAreaMetres2": 0.0,
        "priorInspected": true,
        "selected": false,
        "status": "ambiguous",
        "inspected": true,
        "issueIds": [],
        "holes": [
          2,
          8,
          9
        ],
        "priorCorridorStatus": "ambiguous",
        "crossPassIssueIds": [
          "r4-r4-16/island/5",
          "r5-canopy-cell-687400-6371000",
          "r5-canopy-cell-687400-6371100"
        ]
      }
    },
    {
      "type": "Feature",
      "geometry": {
        "type": "Polygon",
        "coordinates": [
          [
            [
              687400.0,
              6371100.0
            ],
            [
              687400.0,
              6371200.0
            ],
            [
              687500.0,
              6371200.0
            ],
            [
              687500.0,
              6371100.0
            ],
            [
              687400.0,
              6371100.0
            ]
          ]
        ]
      },
      "properties": {
        "id": "cell-687400-6371100",
        "bounds": [
          687400,
          6371100,
          687500,
          6371200
        ],
        "areaMetres2": 10000.0,
        "priorCorridorAreaMetres2": 9001.587053386334,
        "extensionAreaMetres2": 998.4129466136652,
        "reviewableAreaMetres2": 998.412946613665,
        "priorInspected": true,
        "selected": true,
        "status": "ambiguous",
        "inspected": true,
        "issueIds": [],
        "holes": [
          2,
          7,
          8,
          9
        ],
        "priorCorridorStatus": "ambiguous",
        "scene": "r5-041",
        "reviewer": "Agent visual inspection of colour/CIR 2026-04-10, LiDAR 2024 and seasonal RGB 2022; explicit full-facility cell review",
        "reviewDate": "2026-09-16",
        "note": "Added interior wedge is dense connected pine woodland. Preserve measured canopy and natural openings without converting interior maxima into individual records.",
        "treatment": "woodland",
        "acceptedIndividuals": 0,
        "sourceMetadata": "output/visby-tree-pilot/round5/review/r5-041.json",
        "crossPassIssueIds": [
          "r4-r4-17/dalponte-d9-m5/32",
          "r5-canopy-cell-687400-6371000",
          "r5-canopy-cell-687400-6371100"
        ]
      }
    },
    {
      "type": "Feature",
      "geometry": {
        "type": "Polygon",
        "coordinates": [
          [
            [
              687400.0,
              6371200.0
            ],
            [
              687400.0,
              6371300.0
            ],
            [
              687500.0,
              6371300.0
            ],
            [
              687500.0,
              6371200.0
            ],
            [
              687400.0,
              6371200.0
            ]
          ]
        ]
      },
      "properties": {
        "id": "cell-687400-6371200",
        "bounds": [
          687400,
          6371200,
          687500,
          6371300
        ],
        "areaMetres2": 10000.0,
        "priorCorridorAreaMetres2": 6900.298601407626,
        "extensionAreaMetres2": 3099.701398592377,
        "reviewableAreaMetres2": 2670.8028747510666,
        "priorInspected": true,
        "selected": true,
        "status": "ambiguous",
        "inspected": true,
        "issueIds": [
          "r5-042/dalponte-d9-m5/36"
        ],
        "holes": [
          2,
          3,
          6,
          7,
          8
        ],
        "priorCorridorStatus": "reviewed",
        "scene": "r5-042",
        "reviewer": "Agent visual inspection of colour/CIR 2026-04-10, LiDAR 2024 and seasonal RGB 2022; explicit full-facility cell review",
        "reviewDate": "2026-09-16",
        "note": "Dense connected woodland remains a measured stand. A distinguishable western edge crown is treated individually; the low shadowed edge fragment remains unresolved.",
        "treatment": "mixed",
        "acceptedIndividuals": 1,
        "sourceMetadata": "output/visby-tree-pilot/round5/review/r5-042.json",
        "crossPassIssueIds": [
          "r4-r5-042/dalponte-d9-m5/36",
          "r5-canopy-cell-687400-6371200",
          "r5-canopy-cell-687500-6371200"
        ]
      }
    },
    {
      "type": "Feature",
      "geometry": {
        "type": "Polygon",
        "coordinates": [
          [
            [
              687400.0,
              6371300.0
            ],
            [
              687400.0,
              6371400.0
            ],
            [
              687500.0,
              6371400.0
            ],
            [
              687500.0,
              6371300.0
            ],
            [
              687400.0,
              6371300.0
            ]
          ]
        ]
      },
      "properties": {
        "id": "cell-687400-6371300",
        "bounds": [
          687400,
          6371300,
          687500,
          6371400
        ],
        "areaMetres2": 10000.0,
        "priorCorridorAreaMetres2": 5042.365938838416,
        "extensionAreaMetres2": 4957.634061161584,
        "reviewableAreaMetres2": 1121.2146145997594,
        "priorInspected": true,
        "selected": true,
        "status": "ambiguous",
        "inspected": true,
        "issueIds": [],
        "holes": [
          2,
          3,
          6,
          7,
          8
        ],
        "priorCorridorStatus": "ambiguous",
        "scene": "r5-043",
        "reviewer": "Agent visual inspection of colour/CIR 2026-04-10, LiDAR 2024 and seasonal RGB 2022; explicit full-facility cell review",
        "reviewDate": "2026-09-16",
        "note": "One small isolated crown north of the protected grove has a coherent raised LiDAR component and matching seasonal vegetation. Protected woodland is unchanged.",
        "treatment": "individuals",
        "acceptedIndividuals": 1,
        "sourceMetadata": "output/visby-tree-pilot/round5/review/r5-043.json",
        "crossPassIssueIds": [
          "r4-r4-19/island/4",
          "r4-r4-19/island/6",
          "r4-r4-19/island/7",
          "r5-canopy-cell-687400-6371300",
          "r5-canopy-cell-687400-6371400"
        ]
      }
    },
    {
      "type": "Feature",
      "geometry": {
        "type": "Polygon",
        "coordinates": [
          [
            [
              687400.0,
              6371400.0
            ],
            [
              687400.0,
              6371500.0
            ],
            [
              687500.0,
              6371500.0
            ],
            [
              687500.0,
              6371400.0
            ],
            [
              687400.0,
              6371400.0
            ]
          ]
        ]
      },
      "properties": {
        "id": "cell-687400-6371400",
        "bounds": [
          687400,
          6371400,
          687500,
          6371500
        ],
        "areaMetres2": 10000.0,
        "priorCorridorAreaMetres2": 9883.57171807358,
        "extensionAreaMetres2": 116.4282819264198,
        "reviewableAreaMetres2": 116.4282819264198,
        "priorInspected": true,
        "selected": true,
        "status": "ambiguous",
        "inspected": true,
        "issueIds": [],
        "holes": [
          3,
          6,
          7
        ],
        "priorCorridorStatus": "ambiguous",
        "scene": "r5-044",
        "reviewer": "Agent visual inspection of colour/CIR 2026-04-10, LiDAR 2024 and seasonal RGB 2022; explicit full-facility cell review",
        "reviewDate": "2026-09-16",
        "note": "Small distinct edge crown at the southeast tip is supported in all sources. The new portion is separate from the existing low tree row.",
        "treatment": "individuals",
        "acceptedIndividuals": 1,
        "sourceMetadata": "output/visby-tree-pilot/round5/review/r5-044.json",
        "crossPassIssueIds": [
          "r4-r4-19/island/4",
          "r4-r4-20/island/7",
          "r4-r4-20/dalponte-d9-m5/5",
          "r4-r4-20/dalponte-d9-m5/6",
          "r4-r4-20/dalponte-d9-m5/7",
          "r4-r4-20/dalponte-d9-m5/8",
          "r4-r4-20/island/12",
          "r4-r4-20/dalponte-d9-m5/9",
          "r4-r4-20/dalponte-d9-m5/10",
          "r4-r4-20/dalponte-d9-m5/11",
          "r4-r4-20/dalponte-d9-m5/12",
          "r4-r4-20/dalponte-d9-m5/13",
          "r4-r4-20/dalponte-d9-m5/14",
          "r5-canopy-cell-687400-6371300",
          "r5-canopy-cell-687400-6371400"
        ]
      }
    },
    {
      "type": "Feature",
      "geometry": {
        "type": "Polygon",
        "coordinates": [
          [
            [
              687400.0,
              6371500.0
            ],
            [
              687400.0,
              6371600.0
            ],
            [
              687500.0,
              6371600.0
            ],
            [
              687500.0,
              6371500.0
            ],
            [
              687400.0,
              6371500.0
            ]
          ]
        ]
      },
      "properties": {
        "id": "cell-687400-6371500",
        "bounds": [
          687400,
          6371500,
          687500,
          6371600
        ],
        "areaMetres2": 10000.0,
        "priorCorridorAreaMetres2": 9388.214399567776,
        "extensionAreaMetres2": 611.7856004322239,
        "reviewableAreaMetres2": 611.7856004322236,
        "priorInspected": true,
        "selected": true,
        "status": "ambiguous",
        "inspected": true,
        "issueIds": [],
        "holes": [
          3,
          6
        ],
        "priorCorridorStatus": "ambiguous",
        "scene": "r5-045",
        "reviewer": "Agent visual inspection of colour/CIR 2026-04-10, LiDAR 2024 and seasonal RGB 2022; explicit full-facility cell review",
        "reviewDate": "2026-09-16",
        "note": "Added rough triangle beside the creek is open and has no supported raised crown. The creek and crossings stay clear.",
        "treatment": "open",
        "acceptedIndividuals": 0,
        "sourceMetadata": "output/visby-tree-pilot/round5/review/r5-045.json",
        "crossPassIssueIds": [
          "r1-ref-cal03-010",
          "r1-ref-cal03-012",
          "r4-r4-21/dalponte-d9-m5/10",
          "r4-r4-21/island/22",
          "r4-low-plants-21",
          "r5-canopy-cell-687400-6371500"
        ]
      }
    },
    {
      "type": "Feature",
      "geometry": {
        "type": "Polygon",
        "coordinates": [
          [
            [
              687400.0,
              6371600.0
            ],
            [
              687400.0,
              6371700.0
            ],
            [
              687500.0,
              6371700.0
            ],
            [
              687500.0,
              6371600.0
            ],
            [
              687400.0,
              6371600.0
            ]
          ]
        ]
      },
      "properties": {
        "id": "cell-687400-6371600",
        "bounds": [
          687400,
          6371600,
          687500,
          6371700
        ],
        "areaMetres2": 10000.0,
        "priorCorridorAreaMetres2": 6448.6087019699935,
        "extensionAreaMetres2": 3551.3912980300074,
        "reviewableAreaMetres2": 3551.3912980300074,
        "priorInspected": true,
        "selected": true,
        "status": "ambiguous",
        "inspected": true,
        "issueIds": [
          "r5-046/dalponte-d9-m5/19",
          "r5-046/dalponte-d9-m5/24",
          "r5-046/dalponte-d9-m5/23",
          "r5-046/dalponte-d9-m5/34"
        ],
        "holes": [
          3,
          5,
          6
        ],
        "priorCorridorStatus": "ambiguous",
        "scene": "r5-046",
        "reviewer": "Agent visual inspection of colour/CIR 2026-04-10, LiDAR 2024 and seasonal RGB 2022; explicit full-facility cell review",
        "reviewDate": "2026-09-16",
        "note": "Pond-side grove: retain connected interior canopy as a stand and distinguishable tall outer crown as an individual. Low joined components along the western edge remain ambiguous.",
        "treatment": "mixed",
        "acceptedIndividuals": 1,
        "sourceMetadata": "output/visby-tree-pilot/round5/review/r5-046.json",
        "crossPassIssueIds": [
          "runtime-tree-visby-000067",
          "r4-r4-22/dalponte-d9-m5/29",
          "r4-r4-22/island/8",
          "r4-r4-22/dalponte-d9-m5/33",
          "r4-r4-22/dalponte-d9-m5/39",
          "r4-r4-22/dalponte-d9-m5/42",
          "r4-r4-22/dalponte-d9-m5/45",
          "r4-r4-22/dalponte-d9-m5/49",
          "r4-r4-22/dalponte-d9-m5/50",
          "r4-r4-22/dalponte-d9-m5/52",
          "r4-r4-22/dalponte-d9-m5/54",
          "r4-r5-046/dalponte-d9-m5/19",
          "r4-r5-046/dalponte-d9-m5/24",
          "r4-r5-046/dalponte-d9-m5/23",
          "r4-r5-046/dalponte-d9-m5/34",
          "r5-canopy-cell-687400-6371600",
          "r5-canopy-cell-687500-6371600"
        ]
      }
    },
    {
      "type": "Feature",
      "geometry": {
        "type": "Polygon",
        "coordinates": [
          [
            [
              687400.0,
              6371700.0
            ],
            [
              687400.0,
              6371800.0
            ],
            [
              687500.0,
              6371800.0
            ],
            [
              687500.0,
              6371700.0
            ],
            [
              687400.0,
              6371700.0
            ]
          ]
        ]
      },
      "properties": {
        "id": "cell-687400-6371700",
        "bounds": [
          687400,
          6371700,
          687500,
          6371800
        ],
        "areaMetres2": 10000.0,
        "priorCorridorAreaMetres2": 638.750377114527,
        "extensionAreaMetres2": 9361.249622885472,
        "reviewableAreaMetres2": 9361.249622885472,
        "priorInspected": true,
        "selected": true,
        "status": "ambiguous",
        "inspected": true,
        "issueIds": [
          "r5-047/dalponte-d9-m5/32",
          "r5-047/island/2",
          "r5-047/island/3"
        ],
        "holes": [
          3,
          4,
          5,
          6
        ],
        "priorCorridorStatus": "ambiguous",
        "scene": "r5-047",
        "reviewer": "Agent visual inspection of colour/CIR 2026-04-10, LiDAR 2024 and seasonal RGB 2022; explicit full-facility cell review",
        "reviewDate": "2026-09-16",
        "note": "Woodland surrounding a visible diagonal clearing/path: retain connected interior canopy and preserve the opening. Distinguishable clearing-side crowns receive individual records; tiny low fragments stay unresolved.",
        "treatment": "mixed",
        "acceptedIndividuals": 5,
        "sourceMetadata": "output/visby-tree-pilot/round5/review/r5-047.json",
        "crossPassIssueIds": [
          "r4-r4-23/island/4",
          "r4-r5-046/dalponte-d9-m5/19",
          "r4-r5-046/dalponte-d9-m5/24",
          "r4-r5-047/dalponte-d9-m5/32",
          "r4-r5-047/island/2",
          "r4-r5-047/island/3",
          "r5-canopy-cell-687400-6371700"
        ]
      }
    },
    {
      "type": "Feature",
      "geometry": {
        "type": "Polygon",
        "coordinates": [
          [
            [
              687400.0,
              6371800.0
            ],
            [
              687400.0,
              6371900.0
            ],
            [
              687500.0,
              6371900.0
            ],
            [
              687500.0,
              6371800.0
            ],
            [
              687400.0,
              6371800.0
            ]
          ]
        ]
      },
      "properties": {
        "id": "cell-687400-6371800",
        "bounds": [
          687400,
          6371800,
          687500,
          6371900
        ],
        "areaMetres2": 10000.0,
        "priorCorridorAreaMetres2": 7477.693802157033,
        "extensionAreaMetres2": 2522.30619784297,
        "reviewableAreaMetres2": 2522.30619784297,
        "priorInspected": true,
        "selected": true,
        "status": "ambiguous",
        "inspected": true,
        "issueIds": [],
        "holes": [
          4,
          5
        ],
        "priorCorridorStatus": "ambiguous",
        "scene": "r5-048",
        "reviewer": "Agent visual inspection of colour/CIR 2026-04-10, LiDAR 2024 and seasonal RGB 2022; explicit full-facility cell review",
        "reviewDate": "2026-09-16",
        "note": "Added area is connected woodland behind the visible diagonal opening. Retain measured stand canopy and preserve the opening; no interior stem census.",
        "treatment": "woodland",
        "acceptedIndividuals": 0,
        "sourceMetadata": "output/visby-tree-pilot/round5/review/r5-048.json",
        "crossPassIssueIds": [
          "r3-r3-22/dalponte-d9-m5/5",
          "r5-canopy-cell-687400-6371800"
        ]
      }
    },
    {
      "type": "Feature",
      "geometry": {
        "type": "Polygon",
        "coordinates": [
          [
            [
              687500.0,
              6371900.0
            ],
            [
              687400.0,
              6371900.0
            ],
            [
              687400.0,
              6371978.66643145
            ],
            [
              687463.9694084456,
              6371956.6886105295
            ],
            [
              687500.0,
              6371932.8479646975
            ],
            [
              687500.0,
              6371900.0
            ]
          ]
        ]
      },
      "properties": {
        "id": "cell-687400-6371900",
        "bounds": [
          687400,
          6371900,
          687500,
          6372000
        ],
        "areaMetres2": 5942.318868382662,
        "priorCorridorAreaMetres2": 2735.106411221433,
        "extensionAreaMetres2": 3207.212457161228,
        "reviewableAreaMetres2": 3207.212457161228,
        "priorInspected": true,
        "selected": true,
        "status": "ambiguous",
        "inspected": true,
        "issueIds": [
          "r5-049/island/3"
        ],
        "holes": [
          4,
          5
        ],
        "priorCorridorStatus": "ambiguous",
        "scene": "r5-049",
        "reviewer": "Agent visual inspection of colour/CIR 2026-04-10, LiDAR 2024 and seasonal RGB 2022; explicit full-facility cell review",
        "reviewDate": "2026-09-16",
        "note": "Mostly open coastal rough with sparse low scrub. The single tiny near-threshold return does not support a confident individual tree.",
        "treatment": "uncertain",
        "acceptedIndividuals": 0,
        "sourceMetadata": "output/visby-tree-pilot/round5/review/r5-049.json",
        "crossPassIssueIds": [
          "r3-visible-low-23",
          "r4-r5-049/island/3"
        ]
      }
    },
    {
      "type": "Feature",
      "geometry": {
        "type": "Polygon",
        "coordinates": [
          [
            [
              687500.0,
              6370700.0
            ],
            [
              687600.0,
              6370700.0
            ],
            [
              687600.0,
              6370629.918620325
            ],
            [
              687572.7031623367,
              6370640.355056902
            ],
            [
              687562.2648884293,
              6370641.398884294
            ],
            [
              687560.0785900474,
              6370641.699085985
            ],
            [
              687540.0785900474,
              6370645.199085985
            ],
            [
              687539.921905582,
              6370645.230404057
            ],
            [
              687500.0,
              6370623.3674426535
            ],
            [
              687500.0,
              6370700.0
            ]
          ]
        ]
      },
      "properties": {
        "id": "cell-687500-6370600",
        "bounds": [
          687500,
          6370600,
          687600,
          6370700
        ],
        "areaMetres2": 6278.007378174012,
        "priorCorridorAreaMetres2": 5580.896914132277,
        "extensionAreaMetres2": 697.1104640417351,
        "reviewableAreaMetres2": 247.82511209336403,
        "priorInspected": true,
        "selected": true,
        "status": "reviewed",
        "inspected": true,
        "issueIds": [],
        "holes": [
          10,
          18
        ],
        "priorCorridorStatus": "reviewed",
        "scene": "r5-050",
        "reviewer": "Agent visual inspection of colour/CIR 2026-04-10, LiDAR 2024 and seasonal RGB 2022; explicit full-facility cell review",
        "reviewDate": "2026-09-16",
        "note": "Added water slivers beside a protected evaluation window contain no raised woody canopy. No tree placement change.",
        "treatment": "open",
        "acceptedIndividuals": 0,
        "sourceMetadata": "output/visby-tree-pilot/round5/review/r5-050.json",
        "crossPassIssueIds": []
      }
    },
    {
      "type": "Feature",
      "geometry": {
        "type": "Polygon",
        "coordinates": [
          [
            [
              687500.0,
              6370700.0
            ],
            [
              687500.0,
              6370800.0
            ],
            [
              687600.0,
              6370800.0
            ],
            [
              687600.0,
              6370700.0
            ],
            [
              687500.0,
              6370700.0
            ]
          ]
        ]
      },
      "properties": {
        "id": "cell-687500-6370700",
        "bounds": [
          687500,
          6370700,
          687600,
          6370800
        ],
        "areaMetres2": 10000.0,
        "priorCorridorAreaMetres2": 9643.25113814714,
        "extensionAreaMetres2": 356.7488618528606,
        "reviewableAreaMetres2": 356.7488618528607,
        "priorInspected": true,
        "selected": true,
        "status": "ambiguous",
        "inspected": true,
        "issueIds": [
          "r5-051/dalponte-d9-m5/23"
        ],
        "holes": [
          10,
          18
        ],
        "priorCorridorStatus": "reviewed",
        "scene": "r5-051",
        "reviewer": "Agent visual inspection of colour/CIR 2026-04-10, LiDAR 2024 and seasonal RGB 2022; explicit full-facility cell review",
        "reviewDate": "2026-09-16",
        "note": "Small added group-edge wedge includes one sparse component beside an existing crown. Retain its ambiguity rather than force an extra tree.",
        "treatment": "uncertain",
        "acceptedIndividuals": 0,
        "sourceMetadata": "output/visby-tree-pilot/round5/review/r5-051.json",
        "crossPassIssueIds": [
          "r4-r5-051/dalponte-d9-m5/23",
          "r5-canopy-cell-687400-6370700",
          "r5-canopy-cell-687500-6370700"
        ]
      }
    },
    {
      "type": "Feature",
      "geometry": {
        "type": "Polygon",
        "coordinates": [
          [
            [
              687500.0,
              6370800.0
            ],
            [
              687500.0,
              6370900.0
            ],
            [
              687600.0,
              6370900.0
            ],
            [
              687600.0,
              6370800.0
            ],
            [
              687500.0,
              6370800.0
            ]
          ]
        ]
      },
      "properties": {
        "id": "cell-687500-6370800",
        "bounds": [
          687500,
          6370800,
          687600,
          6370900
        ],
        "areaMetres2": 10000.0,
        "priorCorridorAreaMetres2": 8852.99553661365,
        "extensionAreaMetres2": 1147.0044633863508,
        "reviewableAreaMetres2": 1147.0044633863513,
        "priorInspected": true,
        "selected": true,
        "status": "ambiguous",
        "inspected": true,
        "issueIds": [],
        "holes": [
          10
        ],
        "priorCorridorStatus": "ambiguous",
        "scene": "r5-052",
        "reviewer": "Agent visual inspection of colour/CIR 2026-04-10, LiDAR 2024 and seasonal RGB 2022; explicit full-facility cell review",
        "reviewDate": "2026-09-16",
        "note": "One distinguishable raised crown beside the path at the edge of the added rough wedge. Preserve pond, path and range-net exclusions.",
        "treatment": "individuals",
        "acceptedIndividuals": 1,
        "sourceMetadata": "output/visby-tree-pilot/round5/review/r5-052.json",
        "crossPassIssueIds": [
          "r3-r3-15/island/8",
          "r4-r5-067/island/8",
          "r5-canopy-cell-687500-6370800"
        ]
      }
    },
    {
      "type": "Feature",
      "geometry": {
        "type": "Polygon",
        "coordinates": [
          [
            [
              687500.0,
              6370900.0
            ],
            [
              687500.0,
              6371000.0
            ],
            [
              687600.0,
              6371000.0
            ],
            [
              687600.0,
              6370900.0
            ],
            [
              687500.0,
              6370900.0
            ]
          ]
        ]
      },
      "properties": {
        "id": "cell-687500-6370900",
        "bounds": [
          687500,
          6370900,
          687600,
          6371000
        ],
        "areaMetres2": 10000.0,
        "priorCorridorAreaMetres2": 9895.420112017138,
        "extensionAreaMetres2": 104.57988798286068,
        "reviewableAreaMetres2": 104.57988798286068,
        "priorInspected": true,
        "selected": true,
        "status": "ambiguous",
        "inspected": true,
        "issueIds": [],
        "holes": [
          9
        ],
        "priorCorridorStatus": "reviewed",
        "scene": "r5-053",
        "reviewer": "Agent visual inspection of colour/CIR 2026-04-10, LiDAR 2024 and seasonal RGB 2022; explicit full-facility cell review",
        "reviewDate": "2026-09-16",
        "note": "Small added corner of the range-side rough is open. Net supports/shadows are not vegetation.",
        "treatment": "open",
        "acceptedIndividuals": 0,
        "sourceMetadata": "output/visby-tree-pilot/round5/review/r5-053.json",
        "crossPassIssueIds": [
          "r5-canopy-cell-687500-6370900"
        ]
      }
    },
    {
      "type": "Feature",
      "geometry": {
        "type": "Polygon",
        "coordinates": [
          [
            [
              687500.0,
              6371000.0
            ],
            [
              687500.0,
              6371100.0
            ],
            [
              687600.0,
              6371100.0
            ],
            [
              687600.0,
              6371000.0
            ],
            [
              687500.0,
              6371000.0
            ]
          ]
        ]
      },
      "properties": {
        "id": "cell-687500-6371000",
        "bounds": [
          687500,
          6371000,
          687600,
          6371100
        ],
        "areaMetres2": 10000.0,
        "priorCorridorAreaMetres2": 8887.976353138756,
        "extensionAreaMetres2": 1112.0236468612443,
        "reviewableAreaMetres2": 1112.0236468612443,
        "priorInspected": true,
        "selected": true,
        "status": "reviewed",
        "inspected": true,
        "issueIds": [],
        "holes": [
          8,
          9
        ],
        "priorCorridorStatus": "reviewed",
        "scene": "r5-054",
        "reviewer": "Agent visual inspection of colour/CIR 2026-04-10, LiDAR 2024 and seasonal RGB 2022; explicit full-facility cell review",
        "reviewDate": "2026-09-16",
        "note": "Added eastern strip is open rough. The two visible trees lie in retained previously reviewed coverage.",
        "treatment": "open",
        "acceptedIndividuals": 0,
        "sourceMetadata": "output/visby-tree-pilot/round5/review/r5-054.json",
        "crossPassIssueIds": []
      }
    },
    {
      "type": "Feature",
      "geometry": {
        "type": "Polygon",
        "coordinates": [
          [
            [
              687500.0,
              6371100.0
            ],
            [
              687500.0,
              6371200.0
            ],
            [
              687600.0,
              6371200.0
            ],
            [
              687600.0,
              6371100.0
            ],
            [
              687500.0,
              6371100.0
            ]
          ]
        ]
      },
      "properties": {
        "id": "cell-687500-6371100",
        "bounds": [
          687500,
          6371100,
          687600,
          6371200
        ],
        "areaMetres2": 10000.0,
        "priorCorridorAreaMetres2": 8017.994393469425,
        "extensionAreaMetres2": 1982.0056065305744,
        "reviewableAreaMetres2": 1982.0056065305744,
        "priorInspected": true,
        "selected": true,
        "status": "ambiguous",
        "inspected": true,
        "issueIds": [],
        "holes": [
          8,
          9
        ],
        "priorCorridorStatus": "ambiguous",
        "scene": "r5-055",
        "reviewer": "Agent visual inspection of colour/CIR 2026-04-10, LiDAR 2024 and seasonal RGB 2022; explicit full-facility cell review",
        "reviewDate": "2026-09-16",
        "note": "Added area covers the pond, open bank and small road-side slivers. No supported new crown centre; retained edge trees stay unchanged.",
        "treatment": "open",
        "acceptedIndividuals": 0,
        "sourceMetadata": "output/visby-tree-pilot/round5/review/r5-055.json",
        "crossPassIssueIds": [
          "r4-r4-27/island/5",
          "r5-canopy-cell-687500-6371100",
          "r5-canopy-cell-687600-6371100"
        ]
      }
    },
    {
      "type": "Feature",
      "geometry": {
        "type": "Polygon",
        "coordinates": [
          [
            [
              687500.0,
              6371200.0
            ],
            [
              687500.0,
              6371300.0
            ],
            [
              687600.0,
              6371300.0
            ],
            [
              687600.0,
              6371200.0
            ],
            [
              687500.0,
              6371200.0
            ]
          ]
        ]
      },
      "properties": {
        "id": "cell-687500-6371200",
        "bounds": [
          687500,
          6371200,
          687600,
          6371300
        ],
        "areaMetres2": 10000.0,
        "priorCorridorAreaMetres2": 8149.4235540033005,
        "extensionAreaMetres2": 1850.5764459967008,
        "reviewableAreaMetres2": 1502.7495105274843,
        "priorInspected": true,
        "selected": true,
        "status": "ambiguous",
        "inspected": true,
        "issueIds": [],
        "holes": [
          7,
          8
        ],
        "priorCorridorStatus": "reviewed",
        "scene": "r5-056",
        "reviewer": "Agent visual inspection of colour/CIR 2026-04-10, LiDAR 2024 and seasonal RGB 2022; explicit full-facility cell review",
        "reviewDate": "2026-09-16",
        "note": "Added pond-bank area is open; western wedge only touches retained crowns beside protected coverage. No extra crown supported.",
        "treatment": "open",
        "acceptedIndividuals": 0,
        "sourceMetadata": "output/visby-tree-pilot/round5/review/r5-056.json",
        "crossPassIssueIds": [
          "r5-canopy-cell-687400-6371200",
          "r5-canopy-cell-687500-6371200"
        ]
      }
    },
    {
      "type": "Feature",
      "geometry": {
        "type": "Polygon",
        "coordinates": [
          [
            [
              687500.0,
              6371300.0
            ],
            [
              687500.0,
              6371400.0
            ],
            [
              687600.0,
              6371400.0
            ],
            [
              687600.0,
              6371300.0
            ],
            [
              687500.0,
              6371300.0
            ]
          ]
        ]
      },
      "properties": {
        "id": "cell-687500-6371300",
        "bounds": [
          687500,
          6371300,
          687600,
          6371400
        ],
        "areaMetres2": 10000.0,
        "priorCorridorAreaMetres2": 7833.224877406487,
        "extensionAreaMetres2": 2166.7751225935126,
        "reviewableAreaMetres2": 1975.3702643626195,
        "priorInspected": true,
        "selected": true,
        "status": "ambiguous",
        "inspected": true,
        "issueIds": [
          "r5-057/dalponte-d9-m5/10"
        ],
        "holes": [
          7,
          8
        ],
        "priorCorridorStatus": "ambiguous",
        "scene": "r5-057",
        "reviewer": "Agent visual inspection of colour/CIR 2026-04-10, LiDAR 2024 and seasonal RGB 2022; explicit full-facility cell review",
        "reviewDate": "2026-09-16",
        "note": "Small group between the green and service/path area has three interpretable raised crowns. Hold the narrow attached fragment rather than over-split the group.",
        "treatment": "individuals",
        "acceptedIndividuals": 3,
        "sourceMetadata": "output/visby-tree-pilot/round5/review/r5-057.json",
        "crossPassIssueIds": [
          "r4-r4-29/island/6",
          "r4-r4-29/island/8",
          "r4-r4-29/island/9",
          "r4-low-plants-38",
          "r4-r5-057/dalponte-d9-m5/10",
          "r5-canopy-cell-687500-6371300"
        ]
      }
    },
    {
      "type": "Feature",
      "geometry": {
        "type": "Polygon",
        "coordinates": [
          [
            [
              687500.0,
              6371400.0
            ],
            [
              687500.0,
              6371500.0
            ],
            [
              687600.0,
              6371500.0
            ],
            [
              687600.0,
              6371400.0
            ],
            [
              687500.0,
              6371400.0
            ]
          ]
        ]
      },
      "properties": {
        "id": "cell-687500-6371400",
        "bounds": [
          687500,
          6371400,
          687600,
          6371500
        ],
        "areaMetres2": 10000.0,
        "priorCorridorAreaMetres2": 4552.575599194982,
        "extensionAreaMetres2": 5447.424400805016,
        "reviewableAreaMetres2": 5447.424400805019,
        "priorInspected": true,
        "selected": true,
        "status": "ambiguous",
        "inspected": true,
        "issueIds": [
          "r5-058/dalponte-d9-m5/6",
          "r5-058/dalponte-d9-m5/7"
        ],
        "holes": [
          3,
          7,
          8
        ],
        "priorCorridorStatus": "reviewed",
        "scene": "r5-058",
        "reviewer": "Agent visual inspection of colour/CIR 2026-04-10, LiDAR 2024 and seasonal RGB 2022; explicit full-facility cell review",
        "reviewDate": "2026-09-16",
        "note": "Pond and path stay open. Three distinct raised crowns on the southern bank become individuals; the two low elongated waterside components remain unresolved.",
        "treatment": "mixed",
        "acceptedIndividuals": 3,
        "sourceMetadata": "output/visby-tree-pilot/round5/review/r5-058.json",
        "crossPassIssueIds": [
          "r4-r5-058/dalponte-d9-m5/6",
          "r4-r5-058/dalponte-d9-m5/7",
          "r5-canopy-cell-687500-6371400"
        ]
      }
    },
    {
      "type": "Feature",
      "geometry": {
        "type": "Polygon",
        "coordinates": [
          [
            [
              687500.0,
              6371500.0
            ],
            [
              687500.0,
              6371600.0
            ],
            [
              687600.0,
              6371600.0
            ],
            [
              687600.0,
              6371500.0
            ],
            [
              687500.0,
              6371500.0
            ]
          ]
        ]
      },
      "properties": {
        "id": "cell-687500-6371500",
        "bounds": [
          687500,
          6371500,
          687600,
          6371600
        ],
        "areaMetres2": 10000.0,
        "priorCorridorAreaMetres2": 8721.985195157302,
        "extensionAreaMetres2": 1278.0148048426984,
        "reviewableAreaMetres2": 1278.0148048426984,
        "priorInspected": true,
        "selected": true,
        "status": "ambiguous",
        "inspected": true,
        "issueIds": [],
        "holes": [
          3
        ],
        "priorCorridorStatus": "ambiguous",
        "scene": "r5-059",
        "reviewer": "Agent visual inspection of colour/CIR 2026-04-10, LiDAR 2024 and seasonal RGB 2022; explicit full-facility cell review",
        "reviewDate": "2026-09-16",
        "note": "Added rough wedge beside the creek is largely open. Tree crowns along its edge are already retained; no additional supported centre.",
        "treatment": "open",
        "acceptedIndividuals": 0,
        "sourceMetadata": "output/visby-tree-pilot/round5/review/r5-059.json",
        "crossPassIssueIds": [
          "r1-ref-cal03-001",
          "r1-ref-cal03-006",
          "r1-ref-cal03-007",
          "r1-ref-cal03-010",
          "r1-ref-cal03-002",
          "r4-r4-31/island/4",
          "r4-r4-31/island/7",
          "r4-r4-31/island/9",
          "r4-r4-31/dalponte-d9-m5/12",
          "r4-r4-31/dalponte-d9-m5/13",
          "r4-r4-31/dalponte-d9-m5/15",
          "r4-r4-31/dalponte-d9-m5/16",
          "r5-canopy-cell-687500-6371500"
        ]
      }
    },
    {
      "type": "Feature",
      "geometry": {
        "type": "Polygon",
        "coordinates": [
          [
            [
              687500.0,
              6371600.0
            ],
            [
              687500.0,
              6371700.0
            ],
            [
              687600.0,
              6371700.0
            ],
            [
              687600.0,
              6371600.0
            ],
            [
              687500.0,
              6371600.0
            ]
          ]
        ]
      },
      "properties": {
        "id": "cell-687500-6371600",
        "bounds": [
          687500,
          6371600,
          687600,
          6371700
        ],
        "areaMetres2": 10000.0,
        "priorCorridorAreaMetres2": 8741.580919325821,
        "extensionAreaMetres2": 1258.4190806741801,
        "reviewableAreaMetres2": 1258.4190806741801,
        "priorInspected": true,
        "selected": true,
        "status": "ambiguous",
        "inspected": true,
        "issueIds": [
          "r5-060/dalponte-d9-m5/21"
        ],
        "holes": [
          3,
          4
        ],
        "priorCorridorStatus": "ambiguous",
        "scene": "r5-060",
        "reviewer": "Agent visual inspection of colour/CIR 2026-04-10, LiDAR 2024 and seasonal RGB 2022; explicit full-facility cell review",
        "reviewDate": "2026-09-16",
        "note": "Added eastern strip clips a low attached component in a leafless group. Preserve the existing group and retain this candidate as unresolved.",
        "treatment": "uncertain",
        "acceptedIndividuals": 0,
        "sourceMetadata": "output/visby-tree-pilot/round5/review/r5-060.json",
        "crossPassIssueIds": [
          "r4-r4-22/dalponte-d9-m5/45",
          "r4-r4-32/dalponte-d9-m5/19",
          "r4-r4-32/dalponte-d9-m5/28",
          "r4-r4-32/dalponte-d9-m5/30",
          "r4-r5-060/dalponte-d9-m5/21",
          "r5-canopy-cell-687400-6371600",
          "r5-canopy-cell-687500-6371600",
          "r5-canopy-cell-687500-6371700"
        ]
      }
    },
    {
      "type": "Feature",
      "geometry": {
        "type": "Polygon",
        "coordinates": [
          [
            [
              687500.0,
              6371700.0
            ],
            [
              687500.0,
              6371800.0
            ],
            [
              687600.0,
              6371800.0
            ],
            [
              687600.0,
              6371700.0
            ],
            [
              687500.0,
              6371700.0
            ]
          ]
        ]
      },
      "properties": {
        "id": "cell-687500-6371700",
        "bounds": [
          687500,
          6371700,
          687600,
          6371800
        ],
        "areaMetres2": 10000.0,
        "priorCorridorAreaMetres2": 8943.778132660427,
        "extensionAreaMetres2": 1056.2218673395735,
        "reviewableAreaMetres2": 1056.2218673395735,
        "priorInspected": true,
        "selected": true,
        "status": "ambiguous",
        "inspected": true,
        "issueIds": [],
        "holes": [
          3,
          4
        ],
        "priorCorridorStatus": "ambiguous",
        "scene": "r5-061",
        "reviewer": "Agent visual inspection of colour/CIR 2026-04-10, LiDAR 2024 and seasonal RGB 2022; explicit full-facility cell review",
        "reviewDate": "2026-09-16",
        "note": "Narrow added strip is dense connected woodland behind the existing green-side edge. Retain measured canopy, including the leafless/pale crown; infrared alone does not remove it.",
        "treatment": "woodland",
        "acceptedIndividuals": 0,
        "sourceMetadata": "output/visby-tree-pilot/round5/review/r5-061.json",
        "crossPassIssueIds": [
          "r3-r3-25/dalponte-d9-m5/11",
          "r3-r3-25/dalponte-d9-m5/14",
          "r3-r3-25/dalponte-d9-m5/24",
          "r5-canopy-cell-687500-6371600",
          "r5-canopy-cell-687500-6371700"
        ]
      }
    },
    {
      "type": "Feature",
      "geometry": {
        "type": "Polygon",
        "coordinates": [
          [
            [
              687600.0,
              6371800.0
            ],
            [
              687500.0,
              6371800.0
            ],
            [
              687500.0,
              6371900.0
            ],
            [
              687567.061009158,
              6371900.0
            ],
            [
              687600.0,
              6371884.830607382
            ],
            [
              687600.0,
              6371800.0
            ]
          ]
        ]
      },
      "properties": {
        "id": "cell-687500-6371800",
        "bounds": [
          687500,
          6371800,
          687600,
          6371900
        ],
        "areaMetres2": 9750.167757732957,
        "priorCorridorAreaMetres2": 5442.34768463811,
        "extensionAreaMetres2": 4307.820073094849,
        "reviewableAreaMetres2": 4307.820073094847,
        "priorInspected": true,
        "selected": true,
        "status": "reviewed",
        "inspected": true,
        "issueIds": [],
        "holes": [
          3,
          4
        ],
        "priorCorridorStatus": "reviewed",
        "scene": "r5-062",
        "reviewer": "Agent visual inspection of colour/CIR 2026-04-10, LiDAR 2024 and seasonal RGB 2022; explicit full-facility cell review",
        "reviewDate": "2026-09-16",
        "note": "Boundary-side rough and track contain low ground vegetation, without a coherent tree-height crown. Keep open treatment and preserve the track.",
        "treatment": "open",
        "acceptedIndividuals": 0,
        "sourceMetadata": "output/visby-tree-pilot/round5/review/r5-062.json",
        "crossPassIssueIds": []
      }
    },
    {
      "type": "Feature",
      "geometry": {
        "type": "Polygon",
        "coordinates": [
          [
            [
              687500.0,
              6371900.0
            ],
            [
              687500.0,
              6371932.8479646975
            ],
            [
              687509.7657479361,
              6371926.386185199
            ],
            [
              687567.061009158,
              6371900.0
            ],
            [
              687500.0,
              6371900.0
            ]
          ]
        ]
      },
      "properties": {
        "id": "cell-687500-6371900",
        "bounds": [
          687500,
          6371900,
          687600,
          6372000
        ],
        "areaMetres2": 1045.1345753633916,
        "priorCorridorAreaMetres2": 0.0,
        "extensionAreaMetres2": 1045.1345753633916,
        "reviewableAreaMetres2": 1045.1345753633916,
        "priorInspected": false,
        "selected": true,
        "status": "reviewed",
        "inspected": true,
        "issueIds": [],
        "holes": [
          4
        ],
        "scene": "r5-063",
        "reviewer": "Agent visual inspection of colour/CIR 2026-04-10, LiDAR 2024 and seasonal RGB 2022; explicit full-facility cell review",
        "reviewDate": "2026-09-16",
        "note": "Coastal rough triangle contains grass/low ground cover; no elevated woody component or distinct tree crown is supported.",
        "treatment": "open",
        "acceptedIndividuals": 0,
        "sourceMetadata": "output/visby-tree-pilot/round5/review/r5-063.json",
        "crossPassIssueIds": []
      }
    },
    {
      "type": "Feature",
      "geometry": {
        "type": "Polygon",
        "coordinates": [
          [
            [
              687700.0,
              6370600.0
            ],
            [
              687700.0,
              6370589.104084892
            ],
            [
              687674.1660149794,
              6370600.0
            ],
            [
              687700.0,
              6370600.0
            ]
          ]
        ]
      },
      "properties": {
        "id": "cell-687600-6370500",
        "bounds": [
          687600,
          6370500,
          687700,
          6370600
        ],
        "areaMetres2": 140.74245384055183,
        "priorCorridorAreaMetres2": 0.0,
        "extensionAreaMetres2": 140.74245384055183,
        "reviewableAreaMetres2": 140.74245384055183,
        "priorInspected": false,
        "selected": true,
        "status": "reviewed",
        "inspected": true,
        "issueIds": [],
        "holes": [
          10,
          18
        ],
        "scene": "r5-064",
        "reviewer": "Agent visual inspection of colour/CIR 2026-04-10, LiDAR 2024 and seasonal RGB 2022; explicit full-facility cell review",
        "reviewDate": "2026-09-16",
        "note": "Small added triangle is shallow coastal water. No tree placement or stand coverage is justified.",
        "treatment": "open",
        "acceptedIndividuals": 0,
        "sourceMetadata": "output/visby-tree-pilot/round5/review/r5-064.json",
        "crossPassIssueIds": []
      }
    },
    {
      "type": "Feature",
      "geometry": {
        "type": "Polygon",
        "coordinates": [
          [
            [
              687600.0,
              6370700.0
            ],
            [
              687700.0,
              6370700.0
            ],
            [
              687700.0,
              6370600.0
            ],
            [
              687674.1660149794,
              6370600.0
            ],
            [
              687634.5409779358,
              6370616.712521875
            ],
            [
              687600.0,
              6370629.918620325
            ],
            [
              687600.0,
              6370700.0
            ]
          ]
        ]
      },
      "properties": {
        "id": "cell-687600-6370600",
        "bounds": [
          687600,
          6370600,
          687700,
          6370700
        ],
        "areaMetres2": 8863.540223875654,
        "priorCorridorAreaMetres2": 7570.322401554513,
        "extensionAreaMetres2": 1293.2178223211415,
        "reviewableAreaMetres2": 1293.217822321141,
        "priorInspected": true,
        "selected": true,
        "status": "ambiguous",
        "inspected": true,
        "issueIds": [],
        "holes": [
          10,
          18
        ],
        "priorCorridorStatus": "reviewed",
        "scene": "r5-065",
        "reviewer": "Agent visual inspection of colour/CIR 2026-04-10, LiDAR 2024 and seasonal RGB 2022; explicit full-facility cell review",
        "reviewDate": "2026-09-16",
        "note": "Added area is the shallow-water shoreline band. Keep open treatment; no raised woody canopy.",
        "treatment": "open",
        "acceptedIndividuals": 0,
        "sourceMetadata": "output/visby-tree-pilot/round5/review/r5-065.json",
        "crossPassIssueIds": [
          "r5-canopy-cell-687600-6370600"
        ]
      }
    },
    {
      "type": "Feature",
      "geometry": {
        "type": "Polygon",
        "coordinates": [
          [
            [
              687600.0,
              6370700.0
            ],
            [
              687600.0,
              6370800.0
            ],
            [
              687700.0,
              6370800.0
            ],
            [
              687700.0,
              6370700.0
            ],
            [
              687600.0,
              6370700.0
            ]
          ]
        ]
      },
      "properties": {
        "id": "cell-687600-6370700",
        "bounds": [
          687600,
          6370700,
          687700,
          6370800
        ],
        "areaMetres2": 10000.0,
        "priorCorridorAreaMetres2": 8772.730974346483,
        "extensionAreaMetres2": 1227.269025653517,
        "reviewableAreaMetres2": 1227.269025653517,
        "priorInspected": true,
        "selected": true,
        "status": "ambiguous",
        "inspected": true,
        "issueIds": [
          "r5-066/island/5"
        ],
        "holes": [
          10,
          18
        ],
        "priorCorridorStatus": "reviewed",
        "scene": "r5-066",
        "reviewer": "Agent visual inspection of colour/CIR 2026-04-10, LiDAR 2024 and seasonal RGB 2022; explicit full-facility cell review",
        "reviewDate": "2026-09-16",
        "note": "Added rough triangle contains a jagged low return at its northern edge. It does not support one defensible tree crown/base.",
        "treatment": "uncertain",
        "acceptedIndividuals": 0,
        "sourceMetadata": "output/visby-tree-pilot/round5/review/r5-066.json",
        "crossPassIssueIds": [
          "r4-r5-066/island/5",
          "r5-canopy-cell-687600-6370700"
        ]
      }
    },
    {
      "type": "Feature",
      "geometry": {
        "type": "Polygon",
        "coordinates": [
          [
            [
              687600.0,
              6370800.0
            ],
            [
              687600.0,
              6370900.0
            ],
            [
              687700.0,
              6370900.0
            ],
            [
              687700.0,
              6370800.0
            ],
            [
              687600.0,
              6370800.0
            ]
          ]
        ]
      },
      "properties": {
        "id": "cell-687600-6370800",
        "bounds": [
          687600,
          6370800,
          687700,
          6370900
        ],
        "areaMetres2": 10000.0,
        "priorCorridorAreaMetres2": 1733.9045056452883,
        "extensionAreaMetres2": 8266.095494354711,
        "reviewableAreaMetres2": 8266.095494354711,
        "priorInspected": true,
        "selected": true,
        "status": "ambiguous",
        "inspected": true,
        "issueIds": [
          "r5-067/island/8",
          "r5-067/island/11",
          "r5-067/island/18"
        ],
        "holes": [
          10
        ],
        "priorCorridorStatus": "reviewed",
        "scene": "r5-067",
        "reviewer": "Agent visual inspection of colour/CIR 2026-04-10, LiDAR 2024 and seasonal RGB 2022; explicit full-facility cell review",
        "reviewDate": "2026-09-16",
        "note": "Open junction and pond-side rough contains several distinct crowns. Place the raised isolated and path-side crowns; retain tiny low components as unresolved, preserving all paths and water.",
        "treatment": "individuals",
        "acceptedIndividuals": 5,
        "sourceMetadata": "output/visby-tree-pilot/round5/review/r5-067.json",
        "crossPassIssueIds": [
          "r4-r5-066/island/5",
          "r4-r5-067/island/8",
          "r4-r5-067/island/11",
          "r4-r5-067/island/18",
          "r5-canopy-cell-687600-6370800"
        ]
      }
    },
    {
      "type": "Feature",
      "geometry": {
        "type": "Polygon",
        "coordinates": [
          [
            [
              687600.0,
              6370900.0
            ],
            [
              687600.0,
              6371000.0
            ],
            [
              687700.0,
              6371000.0
            ],
            [
              687700.0,
              6370900.0
            ],
            [
              687600.0,
              6370900.0
            ]
          ]
        ]
      },
      "properties": {
        "id": "cell-687600-6370900",
        "bounds": [
          687600,
          6370900,
          687700,
          6371000
        ],
        "areaMetres2": 10000.0,
        "priorCorridorAreaMetres2": 7202.2306076401765,
        "extensionAreaMetres2": 2797.7693923598245,
        "reviewableAreaMetres2": 2797.7693923598226,
        "priorInspected": true,
        "selected": true,
        "status": "ambiguous",
        "inspected": true,
        "issueIds": [],
        "holes": [],
        "priorCorridorStatus": "reviewed",
        "scene": "r5-068",
        "reviewer": "Agent visual inspection of colour/CIR 2026-04-10, LiDAR 2024 and seasonal RGB 2022; explicit full-facility cell review",
        "reviewDate": "2026-09-16",
        "note": "Three distinguishable crowns at the northern pond end have separate raised components and matching seasonal crowns. Keep the water and bank exclusions.",
        "treatment": "individuals",
        "acceptedIndividuals": 3,
        "sourceMetadata": "output/visby-tree-pilot/round5/review/r5-068.json",
        "crossPassIssueIds": [
          "r5-canopy-cell-687600-6370900"
        ]
      }
    },
    {
      "type": "Feature",
      "geometry": {
        "type": "Polygon",
        "coordinates": [
          [
            [
              687600.0,
              6371000.0
            ],
            [
              687600.0,
              6371100.0
            ],
            [
              687700.0,
              6371100.0
            ],
            [
              687700.0,
              6371000.0
            ],
            [
              687600.0,
              6371000.0
            ]
          ]
        ]
      },
      "properties": {
        "id": "cell-687600-6371000",
        "bounds": [
          687600,
          6371000,
          687700,
          6371100
        ],
        "areaMetres2": 10000.0,
        "priorCorridorAreaMetres2": 5347.826053044674,
        "extensionAreaMetres2": 4652.173946955325,
        "reviewableAreaMetres2": 4652.173946955325,
        "priorInspected": true,
        "selected": true,
        "status": "ambiguous",
        "inspected": true,
        "issueIds": [],
        "holes": [],
        "priorCorridorStatus": "ambiguous",
        "scene": "r5-069",
        "reviewer": "Agent visual inspection of colour/CIR 2026-04-10, LiDAR 2024 and seasonal RGB 2022; explicit full-facility cell review",
        "reviewDate": "2026-09-16",
        "note": "Linear shelter belt: promote distinguishable outer crowns while retaining joined interior components close to existing individuals as measured canopy. Keep the open strips on both sides.",
        "treatment": "mixed",
        "acceptedIndividuals": 7,
        "sourceMetadata": "output/visby-tree-pilot/round5/review/r5-069.json",
        "crossPassIssueIds": [
          "r4-r4-35/dalponte-d9-m5/14",
          "r4-r4-35/dalponte-d9-m5/21",
          "r5-canopy-cell-687600-6371000",
          "r5-canopy-cell-687700-6371000"
        ]
      }
    },
    {
      "type": "Feature",
      "geometry": {
        "type": "Polygon",
        "coordinates": [
          [
            [
              687600.0,
              6371100.0
            ],
            [
              687600.0,
              6371200.0
            ],
            [
              687700.0,
              6371200.0
            ],
            [
              687700.0,
              6371100.0
            ],
            [
              687600.0,
              6371100.0
            ]
          ]
        ]
      },
      "properties": {
        "id": "cell-687600-6371100",
        "bounds": [
          687600,
          6371100,
          687700,
          6371200
        ],
        "areaMetres2": 10000.0,
        "priorCorridorAreaMetres2": 5106.939880689618,
        "extensionAreaMetres2": 4893.060119310384,
        "reviewableAreaMetres2": 4893.060119310383,
        "priorInspected": true,
        "selected": true,
        "status": "ambiguous",
        "inspected": true,
        "issueIds": [],
        "holes": [
          8,
          16
        ],
        "priorCorridorStatus": "reviewed",
        "scene": "r5-070",
        "reviewer": "Agent visual inspection of colour/CIR 2026-04-10, LiDAR 2024 and seasonal RGB 2022; explicit full-facility cell review",
        "reviewDate": "2026-09-16",
        "note": "Waterside row: distinguishable end and bank crowns are individuals; attached inner fragments near retained trees stay measured canopy. No movement toward apparent ortho centres.",
        "treatment": "mixed",
        "acceptedIndividuals": 4,
        "sourceMetadata": "output/visby-tree-pilot/round5/review/r5-070.json",
        "crossPassIssueIds": [
          "r5-canopy-cell-687500-6371100",
          "r5-canopy-cell-687600-6371100",
          "r5-canopy-cell-687700-6371100"
        ]
      }
    },
    {
      "type": "Feature",
      "geometry": {
        "type": "Polygon",
        "coordinates": [
          [
            [
              687600.0,
              6371200.0
            ],
            [
              687600.0,
              6371300.0
            ],
            [
              687700.0,
              6371300.0
            ],
            [
              687700.0,
              6371200.0
            ],
            [
              687600.0,
              6371200.0
            ]
          ]
        ]
      },
      "properties": {
        "id": "cell-687600-6371200",
        "bounds": [
          687600,
          6371200,
          687700,
          6371300
        ],
        "areaMetres2": 10000.0,
        "priorCorridorAreaMetres2": 17.466976233752657,
        "extensionAreaMetres2": 9982.533023766246,
        "reviewableAreaMetres2": 9982.533023766246,
        "priorInspected": true,
        "selected": true,
        "status": "ambiguous",
        "inspected": true,
        "issueIds": [],
        "holes": [
          7,
          8,
          15,
          16
        ],
        "priorCorridorStatus": "reviewed",
        "scene": "r5-071",
        "reviewer": "Agent visual inspection of colour/CIR 2026-04-10, LiDAR 2024 and seasonal RGB 2022; explicit full-facility cell review",
        "reviewDate": "2026-09-16",
        "note": "Distinct raised crowns line the pond-side footpath and road junction. Place all four supported crowns while preserving the road, path and water exclusions.",
        "treatment": "individuals",
        "acceptedIndividuals": 4,
        "sourceMetadata": "output/visby-tree-pilot/round5/review/r5-071.json",
        "crossPassIssueIds": [
          "r5-canopy-cell-687600-6371200",
          "r5-canopy-cell-687700-6371200"
        ]
      }
    },
    {
      "type": "Feature",
      "geometry": {
        "type": "Polygon",
        "coordinates": [
          [
            [
              687600.0,
              6371300.0
            ],
            [
              687600.0,
              6371400.0
            ],
            [
              687700.0,
              6371400.0
            ],
            [
              687700.0,
              6371300.0
            ],
            [
              687600.0,
              6371300.0
            ]
          ]
        ]
      },
      "properties": {
        "id": "cell-687600-6371300",
        "bounds": [
          687600,
          6371300,
          687700,
          6371400
        ],
        "areaMetres2": 10000.0,
        "priorCorridorAreaMetres2": 1588.9698283310372,
        "extensionAreaMetres2": 8411.030171668965,
        "reviewableAreaMetres2": 8411.030171668963,
        "priorInspected": true,
        "selected": true,
        "status": "ambiguous",
        "inspected": true,
        "issueIds": [
          "r5-072/island/8",
          "r5-072/island/9"
        ],
        "holes": [
          7,
          8,
          15
        ],
        "priorCorridorStatus": "ambiguous",
        "scene": "r5-072",
        "reviewer": "Agent visual inspection of colour/CIR 2026-04-10, LiDAR 2024 and seasonal RGB 2022; explicit full-facility cell review",
        "reviewDate": "2026-09-16",
        "note": "Two raised eastern tree-row crowns are interpretable. The two tiny low garden returns remain uncertain; preserve the tee, track and landscaped island.",
        "treatment": "individuals",
        "acceptedIndividuals": 2,
        "sourceMetadata": "output/visby-tree-pilot/round5/review/r5-072.json",
        "crossPassIssueIds": [
          "r4-low-plants-38",
          "r4-r5-072/island/8",
          "r4-r5-072/island/9"
        ]
      }
    },
    {
      "type": "Feature",
      "geometry": {
        "type": "Polygon",
        "coordinates": [
          [
            [
              687600.0,
              6371400.0
            ],
            [
              687600.0,
              6371500.0
            ],
            [
              687700.0,
              6371500.0
            ],
            [
              687700.0,
              6371400.0
            ],
            [
              687600.0,
              6371400.0
            ]
          ]
        ]
      },
      "properties": {
        "id": "cell-687600-6371400",
        "bounds": [
          687600,
          6371400,
          687700,
          6371500
        ],
        "areaMetres2": 10000.0,
        "priorCorridorAreaMetres2": 2536.3217914167476,
        "extensionAreaMetres2": 7463.678208583253,
        "reviewableAreaMetres2": 7463.678208583253,
        "priorInspected": true,
        "selected": true,
        "status": "ambiguous",
        "inspected": true,
        "issueIds": [
          "r5-073/island/7",
          "r5-073/dalponte-d9-m5/10"
        ],
        "holes": [
          7,
          8
        ],
        "priorCorridorStatus": "ambiguous",
        "scene": "r5-073",
        "reviewer": "Agent visual inspection of colour/CIR 2026-04-10, LiDAR 2024 and seasonal RGB 2022; explicit full-facility cell review",
        "reviewDate": "2026-09-16",
        "note": "Road junction and pond-side rough: distinct raised crowns are individual. Keep low isolated/joined scrub unresolved and preserve road/water surfaces.",
        "treatment": "individuals",
        "acceptedIndividuals": 5,
        "sourceMetadata": "output/visby-tree-pilot/round5/review/r5-073.json",
        "crossPassIssueIds": [
          "r4-low-plants-39",
          "r4-r5-073/island/7",
          "r4-r5-073/dalponte-d9-m5/10",
          "r5-canopy-cell-687600-6371400",
          "r5-canopy-cell-687700-6371400"
        ]
      }
    },
    {
      "type": "Feature",
      "geometry": {
        "type": "Polygon",
        "coordinates": [
          [
            [
              687600.0,
              6371500.0
            ],
            [
              687600.0,
              6371600.0
            ],
            [
              687700.0,
              6371600.0
            ],
            [
              687700.0,
              6371500.0
            ],
            [
              687600.0,
              6371500.0
            ]
          ]
        ]
      },
      "properties": {
        "id": "cell-687600-6371500",
        "bounds": [
          687600,
          6371500,
          687700,
          6371600
        ],
        "areaMetres2": 10000.0,
        "priorCorridorAreaMetres2": 4000.610178502207,
        "extensionAreaMetres2": 5999.389821497795,
        "reviewableAreaMetres2": 5999.3898214977935,
        "priorInspected": true,
        "selected": true,
        "status": "ambiguous",
        "inspected": true,
        "issueIds": [],
        "holes": [
          3
        ],
        "priorCorridorStatus": "reviewed",
        "scene": "r5-074",
        "reviewer": "Agent visual inspection of colour/CIR 2026-04-10, LiDAR 2024 and seasonal RGB 2022; explicit full-facility cell review",
        "reviewDate": "2026-09-16",
        "note": "Added area is pond, road and open rough. Adjacent tree shadows extend into it, but supported crown centres remain in retained coverage.",
        "treatment": "open",
        "acceptedIndividuals": 0,
        "sourceMetadata": "output/visby-tree-pilot/round5/review/r5-074.json",
        "crossPassIssueIds": [
          "r5-canopy-cell-687600-6371500"
        ]
      }
    },
    {
      "type": "Feature",
      "geometry": {
        "type": "Polygon",
        "coordinates": [
          [
            [
              687600.0,
              6371600.0
            ],
            [
              687600.0,
              6371700.0
            ],
            [
              687700.0,
              6371700.0
            ],
            [
              687700.0,
              6371600.0
            ],
            [
              687600.0,
              6371600.0
            ]
          ]
        ]
      },
      "properties": {
        "id": "cell-687600-6371600",
        "bounds": [
          687600,
          6371600,
          687700,
          6371700
        ],
        "areaMetres2": 10000.0,
        "priorCorridorAreaMetres2": 0.0,
        "extensionAreaMetres2": 10000.0,
        "reviewableAreaMetres2": 10000.0,
        "priorInspected": false,
        "selected": true,
        "status": "ambiguous",
        "inspected": true,
        "issueIds": [
          "r5-075/island/4",
          "r5-075/island/5"
        ],
        "holes": [
          3,
          4
        ],
        "scene": "r5-075",
        "reviewer": "Agent visual inspection of colour/CIR 2026-04-10, LiDAR 2024 and seasonal RGB 2022; explicit full-facility cell review",
        "reviewDate": "2026-09-16",
        "note": "Pond-side scrub contains two low components. Seasonal imagery confirms vegetation but does not establish reliable tree-height individual crowns.",
        "treatment": "uncertain",
        "acceptedIndividuals": 0,
        "sourceMetadata": "output/visby-tree-pilot/round5/review/r5-075.json",
        "crossPassIssueIds": [
          "r4-r5-075/island/4",
          "r4-r5-075/island/5",
          "r5-canopy-cell-687600-6371600"
        ]
      }
    },
    {
      "type": "Feature",
      "geometry": {
        "type": "Polygon",
        "coordinates": [
          [
            [
              687600.0,
              6371700.0
            ],
            [
              687600.0,
              6371800.0
            ],
            [
              687700.0,
              6371800.0
            ],
            [
              687700.0,
              6371700.0
            ],
            [
              687600.0,
              6371700.0
            ]
          ]
        ]
      },
      "properties": {
        "id": "cell-687600-6371700",
        "bounds": [
          687600,
          6371700,
          687700,
          6371800
        ],
        "areaMetres2": 10000.0,
        "priorCorridorAreaMetres2": 7568.0857614201595,
        "extensionAreaMetres2": 2431.9142385798423,
        "reviewableAreaMetres2": 2431.914238579842,
        "priorInspected": true,
        "selected": true,
        "status": "ambiguous",
        "inspected": true,
        "issueIds": [],
        "holes": [
          3,
          4
        ],
        "priorCorridorStatus": "ambiguous",
        "scene": "r5-076",
        "reviewer": "Agent visual inspection of colour/CIR 2026-04-10, LiDAR 2024 and seasonal RGB 2022; explicit full-facility cell review",
        "reviewDate": "2026-09-16",
        "note": "Added pond-bank and northern rough wedges are open/low ground cover, without a supported new tree-height crown.",
        "treatment": "open",
        "acceptedIndividuals": 0,
        "sourceMetadata": "output/visby-tree-pilot/round5/review/r5-076.json",
        "crossPassIssueIds": [
          "r3-r3-26/island/4"
        ]
      }
    },
    {
      "type": "Feature",
      "geometry": {
        "type": "Polygon",
        "coordinates": [
          [
            [
              687700.0,
              6371800.0
            ],
            [
              687600.0,
              6371800.0
            ],
            [
              687600.0,
              6371884.830607382
            ],
            [
              687687.6380775785,
              6371844.470645735
            ],
            [
              687700.0,
              6371828.255032634
            ],
            [
              687700.0,
              6371800.0
            ]
          ]
        ]
      },
      "properties": {
        "id": "cell-687600-6371800",
        "bounds": [
          687600,
          6371800,
          687700,
          6371900
        ],
        "areaMetres2": 6115.371222845823,
        "priorCorridorAreaMetres2": 311.7948411325034,
        "extensionAreaMetres2": 5803.576381713319,
        "reviewableAreaMetres2": 5803.576381713319,
        "priorInspected": true,
        "selected": true,
        "status": "ambiguous",
        "inspected": true,
        "issueIds": [
          "r5-077/island/5",
          "r5-077/island/7"
        ],
        "holes": [
          3,
          4
        ],
        "priorCorridorStatus": "reviewed",
        "scene": "r5-077",
        "reviewer": "Agent visual inspection of colour/CIR 2026-04-10, LiDAR 2024 and seasonal RGB 2022; explicit full-facility cell review",
        "reviewDate": "2026-09-16",
        "note": "Boundary rough contains scattered low shrubs. Two tiny near-threshold returns remain unresolved rather than being promoted to trees.",
        "treatment": "uncertain",
        "acceptedIndividuals": 0,
        "sourceMetadata": "output/visby-tree-pilot/round5/review/r5-077.json",
        "crossPassIssueIds": [
          "r4-r5-077/island/5",
          "r4-r5-077/island/7"
        ]
      }
    },
    {
      "type": "Feature",
      "geometry": {
        "type": "Polygon",
        "coordinates": [
          [
            [
              687700.0,
              6370600.0
            ],
            [
              687800.0,
              6370600.0
            ],
            [
              687800.0,
              6370518.544608325
            ],
            [
              687701.0567225219,
              6370588.658394501
            ],
            [
              687700.0,
              6370589.104084892
            ],
            [
              687700.0,
              6370600.0
            ]
          ]
        ]
      },
      "properties": {
        "id": "cell-687700-6370500",
        "bounds": [
          687700,
          6370500,
          687800,
          6370600
        ],
        "areaMetres2": 4602.56896471995,
        "priorCorridorAreaMetres2": 3586.136362116337,
        "extensionAreaMetres2": 1016.4326026036115,
        "reviewableAreaMetres2": 1016.4326026036119,
        "priorInspected": true,
        "selected": true,
        "status": "reviewed",
        "inspected": true,
        "issueIds": [],
        "holes": [
          10,
          11,
          17,
          18
        ],
        "priorCorridorStatus": "reviewed",
        "scene": "r5-078",
        "reviewer": "Agent visual inspection of colour/CIR 2026-04-10, LiDAR 2024 and seasonal RGB 2022; explicit full-facility cell review",
        "reviewDate": "2026-09-16",
        "note": "Added coastal water band has no raised canopy. Keep the shoreline and water open.",
        "treatment": "open",
        "acceptedIndividuals": 0,
        "sourceMetadata": "output/visby-tree-pilot/round5/review/r5-078.json",
        "crossPassIssueIds": []
      }
    },
    {
      "type": "Feature",
      "geometry": {
        "type": "Polygon",
        "coordinates": [
          [
            [
              687700.0,
              6370600.0
            ],
            [
              687700.0,
              6370700.0
            ],
            [
              687800.0,
              6370700.0
            ],
            [
              687800.0,
              6370600.0
            ],
            [
              687700.0,
              6370600.0
            ]
          ]
        ]
      },
      "properties": {
        "id": "cell-687700-6370600",
        "bounds": [
          687700,
          6370600,
          687800,
          6370700
        ],
        "areaMetres2": 10000.0,
        "priorCorridorAreaMetres2": 9064.195704911492,
        "extensionAreaMetres2": 935.80429508851,
        "reviewableAreaMetres2": 935.80429508851,
        "priorInspected": true,
        "selected": true,
        "status": "ambiguous",
        "inspected": true,
        "issueIds": [],
        "holes": [
          10,
          11,
          17,
          18
        ],
        "priorCorridorStatus": "reviewed",
        "scene": "r5-079",
        "reviewer": "Agent visual inspection of colour/CIR 2026-04-10, LiDAR 2024 and seasonal RGB 2022; explicit full-facility cell review",
        "reviewDate": "2026-09-16",
        "note": "Pond/path-side group: retain the broad joined northern canopy as measured vegetation and place the distinguishable southern end crown individually. Preserve the path and pond bank.",
        "treatment": "mixed",
        "acceptedIndividuals": 1,
        "sourceMetadata": "output/visby-tree-pilot/round5/review/r5-079.json",
        "crossPassIssueIds": [
          "r5-canopy-cell-687700-6370600",
          "r5-canopy-cell-687800-6370600"
        ]
      }
    },
    {
      "type": "Feature",
      "geometry": {
        "type": "Polygon",
        "coordinates": [
          [
            [
              687700.0,
              6370700.0
            ],
            [
              687700.0,
              6370800.0
            ],
            [
              687800.0,
              6370800.0
            ],
            [
              687800.0,
              6370700.0
            ],
            [
              687700.0,
              6370700.0
            ]
          ]
        ]
      },
      "properties": {
        "id": "cell-687700-6370700",
        "bounds": [
          687700,
          6370700,
          687800,
          6370800
        ],
        "areaMetres2": 10000.0,
        "priorCorridorAreaMetres2": 2848.7024223942226,
        "extensionAreaMetres2": 7151.297577605775,
        "reviewableAreaMetres2": 7151.297577605777,
        "priorInspected": true,
        "selected": true,
        "status": "ambiguous",
        "inspected": true,
        "issueIds": [
          "r5-080/island/5"
        ],
        "holes": [
          10,
          17,
          18
        ],
        "priorCorridorStatus": "ambiguous",
        "scene": "r5-080",
        "reviewer": "Agent visual inspection of colour/CIR 2026-04-10, LiDAR 2024 and seasonal RGB 2022; explicit full-facility cell review",
        "reviewDate": "2026-09-16",
        "note": "Two distinct raised bank crowns become individuals. Tiny western low return stays unresolved; pond and open bank remain clear.",
        "treatment": "individuals",
        "acceptedIndividuals": 2,
        "sourceMetadata": "output/visby-tree-pilot/round5/review/r5-080.json",
        "crossPassIssueIds": [
          "r3-r3-18/dalponte-d9-m5/8",
          "r4-r5-080/island/5",
          "r5-canopy-cell-687700-6370700",
          "r5-canopy-cell-687800-6370700"
        ]
      }
    },
    {
      "type": "Feature",
      "geometry": {
        "type": "Polygon",
        "coordinates": [
          [
            [
              687700.0,
              6370800.0
            ],
            [
              687700.0,
              6370900.0
            ],
            [
              687800.0,
              6370900.0
            ],
            [
              687800.0,
              6370800.0
            ],
            [
              687700.0,
              6370800.0
            ]
          ]
        ]
      },
      "properties": {
        "id": "cell-687700-6370800",
        "bounds": [
          687700,
          6370800,
          687800,
          6370900
        ],
        "areaMetres2": 10000.0,
        "priorCorridorAreaMetres2": 157.45180567172793,
        "extensionAreaMetres2": 9842.548194328276,
        "reviewableAreaMetres2": 9842.548194328276,
        "priorInspected": true,
        "selected": true,
        "status": "ambiguous",
        "inspected": true,
        "issueIds": [
          "r5-081/island/8",
          "r5-081/island/13",
          "r5-081/island/15",
          "r5-081/island/16",
          "r5-081/island/17"
        ],
        "holes": [
          10
        ],
        "priorCorridorStatus": "reviewed",
        "scene": "r5-081",
        "reviewer": "Agent visual inspection of colour/CIR 2026-04-10, LiDAR 2024 and seasonal RGB 2022; explicit full-facility cell review",
        "reviewDate": "2026-09-16",
        "note": "Facility-side clearing and track: tall woodland-edge crowns and one distinct eastern crown have support. Small low components are kept as unresolved rather than promoted.",
        "treatment": "individuals",
        "acceptedIndividuals": 4,
        "sourceMetadata": "output/visby-tree-pilot/round5/review/r5-081.json",
        "crossPassIssueIds": [
          "r4-r5-081/island/8",
          "r4-r5-081/island/13",
          "r4-r5-081/island/15",
          "r4-r5-081/island/16",
          "r4-r5-081/island/17",
          "r5-canopy-cell-687700-6370800"
        ]
      }
    },
    {
      "type": "Feature",
      "geometry": {
        "type": "Polygon",
        "coordinates": [
          [
            [
              687700.0,
              6370900.0
            ],
            [
              687700.0,
              6371000.0
            ],
            [
              687800.0,
              6371000.0
            ],
            [
              687800.0,
              6370900.0
            ],
            [
              687700.0,
              6370900.0
            ]
          ]
        ]
      },
      "properties": {
        "id": "cell-687700-6370900",
        "bounds": [
          687700,
          6370900,
          687800,
          6371000
        ],
        "areaMetres2": 10000.0,
        "priorCorridorAreaMetres2": 2759.313009729772,
        "extensionAreaMetres2": 7240.686990270226,
        "reviewableAreaMetres2": 7240.686990270226,
        "priorInspected": true,
        "selected": true,
        "status": "ambiguous",
        "inspected": true,
        "issueIds": [],
        "holes": [],
        "priorCorridorStatus": "reviewed",
        "scene": "r5-082",
        "reviewer": "Agent visual inspection of colour/CIR 2026-04-10, LiDAR 2024 and seasonal RGB 2022; explicit full-facility cell review",
        "reviewDate": "2026-09-16",
        "note": "Broad connected woodland is retained as a stand. Distinguishable crowns at the pond/path and southern clearing edges become individuals; natural canopy openings remain measured.",
        "treatment": "mixed",
        "acceptedIndividuals": 4,
        "sourceMetadata": "output/visby-tree-pilot/round5/review/r5-082.json",
        "crossPassIssueIds": [
          "r5-canopy-cell-687700-6370900",
          "r5-canopy-cell-687700-6371000"
        ]
      }
    },
    {
      "type": "Feature",
      "geometry": {
        "type": "Polygon",
        "coordinates": [
          [
            [
              687700.0,
              6371000.0
            ],
            [
              687700.0,
              6371100.0
            ],
            [
              687800.0,
              6371100.0
            ],
            [
              687800.0,
              6371000.0
            ],
            [
              687700.0,
              6371000.0
            ]
          ]
        ]
      },
      "properties": {
        "id": "cell-687700-6371000",
        "bounds": [
          687700,
          6371000,
          687800,
          6371100
        ],
        "areaMetres2": 10000.0,
        "priorCorridorAreaMetres2": 6746.026183558308,
        "extensionAreaMetres2": 3253.9738164416904,
        "reviewableAreaMetres2": 3253.9738164416904,
        "priorInspected": true,
        "selected": true,
        "status": "ambiguous",
        "inspected": true,
        "issueIds": [],
        "holes": [
          16
        ],
        "priorCorridorStatus": "ambiguous",
        "scene": "r5-083",
        "reviewer": "Agent visual inspection of colour/CIR 2026-04-10, LiDAR 2024 and seasonal RGB 2022; explicit full-facility cell review",
        "reviewDate": "2026-09-16",
        "note": "Three distinguishable northern/track-side crowns are individual. Connected southern woodland and attached interior components retain stand treatment behind existing edge trees.",
        "treatment": "mixed",
        "acceptedIndividuals": 3,
        "sourceMetadata": "output/visby-tree-pilot/round5/review/r5-083.json",
        "crossPassIssueIds": [
          "r4-r4-35/dalponte-d9-m5/14",
          "r5-canopy-cell-687600-6371000",
          "r5-canopy-cell-687700-6370900",
          "r5-canopy-cell-687700-6371000"
        ]
      }
    },
    {
      "type": "Feature",
      "geometry": {
        "type": "Polygon",
        "coordinates": [
          [
            [
              687700.0,
              6371100.0
            ],
            [
              687700.0,
              6371200.0
            ],
            [
              687800.0,
              6371200.0
            ],
            [
              687800.0,
              6371100.0
            ],
            [
              687700.0,
              6371100.0
            ]
          ]
        ]
      },
      "properties": {
        "id": "cell-687700-6371100",
        "bounds": [
          687700,
          6371100,
          687800,
          6371200
        ],
        "areaMetres2": 10000.0,
        "priorCorridorAreaMetres2": 6969.383432604073,
        "extensionAreaMetres2": 3030.616567395926,
        "reviewableAreaMetres2": 3030.6165673959263,
        "priorInspected": true,
        "selected": true,
        "status": "ambiguous",
        "inspected": true,
        "issueIds": [],
        "holes": [
          16
        ],
        "priorCorridorStatus": "reviewed",
        "scene": "r5-084",
        "reviewer": "Agent visual inspection of colour/CIR 2026-04-10, LiDAR 2024 and seasonal RGB 2022; explicit full-facility cell review",
        "reviewDate": "2026-09-16",
        "note": "Three distinct raised crowns north of the green and beside the track are interpretable in LiDAR and seasonal imagery. Preserve the path and existing nearby tree records.",
        "treatment": "individuals",
        "acceptedIndividuals": 3,
        "sourceMetadata": "output/visby-tree-pilot/round5/review/r5-084.json",
        "crossPassIssueIds": [
          "r5-canopy-cell-687600-6371100",
          "r5-canopy-cell-687700-6371100",
          "r5-canopy-cell-687800-6371100"
        ]
      }
    },
    {
      "type": "Feature",
      "geometry": {
        "type": "Polygon",
        "coordinates": [
          [
            [
              687700.0,
              6371200.0
            ],
            [
              687700.0,
              6371300.0
            ],
            [
              687800.0,
              6371300.0
            ],
            [
              687800.0,
              6371200.0
            ],
            [
              687700.0,
              6371200.0
            ]
          ]
        ]
      },
      "properties": {
        "id": "cell-687700-6371200",
        "bounds": [
          687700,
          6371200,
          687800,
          6371300
        ],
        "areaMetres2": 10000.0,
        "priorCorridorAreaMetres2": 5618.929429757865,
        "extensionAreaMetres2": 4381.070570242135,
        "reviewableAreaMetres2": 4381.070570242137,
        "priorInspected": true,
        "selected": true,
        "status": "ambiguous",
        "inspected": true,
        "issueIds": [
          "r5-085/dalponte-d9-m5/14"
        ],
        "holes": [
          15,
          16
        ],
        "priorCorridorStatus": "ambiguous",
        "scene": "r5-085",
        "reviewer": "Agent visual inspection of colour/CIR 2026-04-10, LiDAR 2024 and seasonal RGB 2022; explicit full-facility cell review",
        "reviewDate": "2026-09-16",
        "note": "Path junction: distinguishable northern and small isolated western crowns become individuals; dense southern grove and joined eastern canopy remain stands. Preserve the earlier unresolved eastern crown.",
        "treatment": "mixed",
        "acceptedIndividuals": 5,
        "sourceMetadata": "output/visby-tree-pilot/round5/review/r5-085.json",
        "crossPassIssueIds": [
          "r4-r4-48/dalponte-d9-m5/8",
          "r4-r4-48/dalponte-d9-m5/11",
          "r4-r4-48/dalponte-d9-m5/30",
          "r4-r4-48/dalponte-d9-m5/34",
          "r4-r4-48/dalponte-d9-m5/51",
          "r4-r4-48/dalponte-d9-m5/53",
          "r4-r5-085/dalponte-d9-m5/14",
          "r5-canopy-cell-687600-6371200",
          "r5-canopy-cell-687700-6371200",
          "r5-canopy-cell-687800-6371200"
        ]
      }
    },
    {
      "type": "Feature",
      "geometry": {
        "type": "Polygon",
        "coordinates": [
          [
            [
              687700.0,
              6371300.0
            ],
            [
              687700.0,
              6371400.0
            ],
            [
              687800.0,
              6371400.0
            ],
            [
              687800.0,
              6371300.0
            ],
            [
              687700.0,
              6371300.0
            ]
          ]
        ]
      },
      "properties": {
        "id": "cell-687700-6371300",
        "bounds": [
          687700,
          6371300,
          687800,
          6371400
        ],
        "areaMetres2": 10000.0,
        "priorCorridorAreaMetres2": 6040.320367039055,
        "extensionAreaMetres2": 3959.679632960946,
        "reviewableAreaMetres2": 3959.679632960946,
        "priorInspected": true,
        "selected": true,
        "status": "ambiguous",
        "inspected": true,
        "issueIds": [
          "r5-086/island/6"
        ],
        "holes": [
          15,
          16
        ],
        "priorCorridorStatus": "reviewed",
        "scene": "r5-086",
        "reviewer": "Agent visual inspection of colour/CIR 2026-04-10, LiDAR 2024 and seasonal RGB 2022; explicit full-facility cell review",
        "reviewDate": "2026-09-16",
        "note": "Distinct raised western bank crown is individual; tiny low return farther north stays uncertain. Preserve the pond and open bank.",
        "treatment": "individuals",
        "acceptedIndividuals": 1,
        "sourceMetadata": "output/visby-tree-pilot/round5/review/r5-086.json",
        "crossPassIssueIds": [
          "r4-r5-086/island/6",
          "r5-canopy-cell-687700-6371300",
          "r5-canopy-cell-687800-6371300"
        ]
      }
    },
    {
      "type": "Feature",
      "geometry": {
        "type": "Polygon",
        "coordinates": [
          [
            [
              687700.0,
              6371400.0
            ],
            [
              687700.0,
              6371500.0
            ],
            [
              687800.0,
              6371500.0
            ],
            [
              687800.0,
              6371400.0
            ],
            [
              687700.0,
              6371400.0
            ]
          ]
        ]
      },
      "properties": {
        "id": "cell-687700-6371400",
        "bounds": [
          687700,
          6371400,
          687800,
          6371500
        ],
        "areaMetres2": 10000.0,
        "priorCorridorAreaMetres2": 2278.626239797547,
        "extensionAreaMetres2": 7721.37376020245,
        "reviewableAreaMetres2": 7721.373760202453,
        "priorInspected": true,
        "selected": true,
        "status": "ambiguous",
        "inspected": true,
        "issueIds": [
          "r5-087/island/4",
          "r5-087/dalponte-d9-m5/12"
        ],
        "holes": [
          15
        ],
        "priorCorridorStatus": "ambiguous",
        "scene": "r5-087",
        "reviewer": "Agent visual inspection of colour/CIR 2026-04-10, LiDAR 2024 and seasonal RGB 2022; explicit full-facility cell review",
        "reviewDate": "2026-09-16",
        "note": "Road/pond junction: two distinguishable crowns near the path become individuals. Connected southern grove stays measured woodland; prior held crown and sparse northern component remain unresolved.",
        "treatment": "mixed",
        "acceptedIndividuals": 2,
        "sourceMetadata": "output/visby-tree-pilot/round5/review/r5-087.json",
        "crossPassIssueIds": [
          "r4-r4-50/dalponte-d9-m5/14",
          "r4-r5-087/island/4",
          "r4-r5-087/dalponte-d9-m5/12",
          "r5-canopy-cell-687600-6371400",
          "r5-canopy-cell-687700-6371400"
        ]
      }
    },
    {
      "type": "Feature",
      "geometry": {
        "type": "Polygon",
        "coordinates": [
          [
            [
              687700.0,
              6371500.0
            ],
            [
              687700.0,
              6371600.0
            ],
            [
              687800.0,
              6371600.0
            ],
            [
              687800.0,
              6371500.0
            ],
            [
              687700.0,
              6371500.0
            ]
          ]
        ]
      },
      "properties": {
        "id": "cell-687700-6371500",
        "bounds": [
          687700,
          6371500,
          687800,
          6371600
        ],
        "areaMetres2": 10000.0,
        "priorCorridorAreaMetres2": 0.0,
        "extensionAreaMetres2": 10000.0,
        "reviewableAreaMetres2": 10000.0,
        "priorInspected": false,
        "selected": true,
        "status": "ambiguous",
        "inspected": true,
        "issueIds": [
          "r5-088/island/4",
          "r5-roadside-088"
        ],
        "holes": [],
        "scene": "r5-088",
        "reviewer": "Agent visual inspection of colour/CIR 2026-04-10, LiDAR 2024 and seasonal RGB 2022; explicit full-facility cell review",
        "reviewDate": "2026-09-16",
        "note": "Young roadside tree row and low bank vegetation are visible in imagery, but sparse LiDAR returns do not support individual height/position records.",
        "treatment": "uncertain",
        "acceptedIndividuals": 0,
        "sourceMetadata": "output/visby-tree-pilot/round5/review/r5-088.json",
        "crossPassIssueIds": [
          "r4-r5-088/island/4",
          "r5-roadside-088"
        ]
      }
    },
    {
      "type": "Feature",
      "geometry": {
        "type": "Polygon",
        "coordinates": [
          [
            [
              687700.0,
              6371600.0
            ],
            [
              687700.0,
              6371700.0
            ],
            [
              687800.0,
              6371700.0
            ],
            [
              687800.0,
              6371600.0
            ],
            [
              687700.0,
              6371600.0
            ]
          ]
        ]
      },
      "properties": {
        "id": "cell-687700-6371600",
        "bounds": [
          687700,
          6371600,
          687800,
          6371700
        ],
        "areaMetres2": 10000.0,
        "priorCorridorAreaMetres2": 0.0,
        "extensionAreaMetres2": 10000.0,
        "reviewableAreaMetres2": 10000.0,
        "priorInspected": false,
        "selected": true,
        "status": "ambiguous",
        "inspected": true,
        "issueIds": [
          "r5-089/island/6",
          "r5-roadside-089"
        ],
        "holes": [
          4
        ],
        "scene": "r5-089",
        "reviewer": "Agent visual inspection of colour/CIR 2026-04-10, LiDAR 2024 and seasonal RGB 2022; explicit full-facility cell review",
        "reviewDate": "2026-09-16",
        "note": "Young roadside row is visible across the cell, with only sparse near-threshold height support. Record the row as unresolved rather than invent heights or plant a woodland.",
        "treatment": "uncertain",
        "acceptedIndividuals": 0,
        "sourceMetadata": "output/visby-tree-pilot/round5/review/r5-089.json",
        "crossPassIssueIds": [
          "r4-r5-089/island/6",
          "r5-roadside-088",
          "r5-roadside-089"
        ]
      }
    },
    {
      "type": "Feature",
      "geometry": {
        "type": "Polygon",
        "coordinates": [
          [
            [
              687800.0,
              6371700.0
            ],
            [
              687700.0,
              6371700.0
            ],
            [
              687700.0,
              6371800.0
            ],
            [
              687721.5401366132,
              6371800.0
            ],
            [
              687794.5692294776,
              6371704.204906439
            ],
            [
              687800.0,
              6371711.379611894
            ],
            [
              687800.0,
              6371700.0
            ]
          ]
        ]
      },
      "properties": {
        "id": "cell-687700-6371700",
        "bounds": [
          687700,
          6371700,
          687800,
          6371800
        ],
        "areaMetres2": 6001.326527346164,
        "priorCorridorAreaMetres2": 1411.4080037466802,
        "extensionAreaMetres2": 4589.918523599483,
        "reviewableAreaMetres2": 4589.918523599484,
        "priorInspected": true,
        "selected": true,
        "status": "ambiguous",
        "inspected": true,
        "issueIds": [
          "r5-090/dalponte-d9-m5/3"
        ],
        "holes": [
          4
        ],
        "priorCorridorStatus": "ambiguous",
        "scene": "r5-090",
        "reviewer": "Agent visual inspection of colour/CIR 2026-04-10, LiDAR 2024 and seasonal RGB 2022; explicit full-facility cell review",
        "reviewDate": "2026-09-16",
        "note": "Boundary hedgerow has one coherent raised small crown suitable for an individual. Hold the tiny attached southern return and preserve the open rough.",
        "treatment": "individuals",
        "acceptedIndividuals": 1,
        "sourceMetadata": "output/visby-tree-pilot/round5/review/r5-090.json",
        "crossPassIssueIds": [
          "r4-r4-51/island/6",
          "r4-r5-090/dalponte-d9-m5/3",
          "r5-canopy-cell-687700-6371700"
        ]
      }
    },
    {
      "type": "Feature",
      "geometry": {
        "type": "Polygon",
        "coordinates": [
          [
            [
              687700.0,
              6371800.0
            ],
            [
              687700.0,
              6371828.255032634
            ],
            [
              687721.5401366132,
              6371800.0
            ],
            [
              687700.0,
              6371800.0
            ]
          ]
        ]
      },
      "properties": {
        "id": "cell-687700-6371800",
        "bounds": [
          687700,
          6371800,
          687800,
          6371900
        ],
        "areaMetres2": 304.30863147707936,
        "priorCorridorAreaMetres2": 0.0,
        "extensionAreaMetres2": 304.30863147707936,
        "reviewableAreaMetres2": 304.30863147707936,
        "priorInspected": false,
        "selected": true,
        "status": "ambiguous",
        "inspected": true,
        "issueIds": [],
        "holes": [
          4
        ],
        "scene": "r5-091",
        "reviewer": "Agent visual inspection of colour/CIR 2026-04-10, LiDAR 2024 and seasonal RGB 2022; explicit full-facility cell review",
        "reviewDate": "2026-09-16",
        "note": "Tiny added boundary triangle is open rough. Tall shadows originate outside the facility extent; no supported crown centre inside the added portion.",
        "treatment": "open",
        "acceptedIndividuals": 0,
        "sourceMetadata": "output/visby-tree-pilot/round5/review/r5-091.json",
        "crossPassIssueIds": [
          "r4-r5-077/island/7"
        ]
      }
    },
    {
      "type": "Feature",
      "geometry": {
        "type": "Polygon",
        "coordinates": [
          [
            [
              687800.0,
              6370600.0
            ],
            [
              687900.0,
              6370600.0
            ],
            [
              687900.0,
              6370534.752358486
            ],
            [
              687802.5466282764,
              6370516.74000113
            ],
            [
              687800.0,
              6370518.544608325
            ],
            [
              687800.0,
              6370600.0
            ]
          ]
        ]
      },
      "properties": {
        "id": "cell-687800-6370500",
        "bounds": [
          687800,
          6370500,
          687900,
          6370600
        ],
        "areaMetres2": 7446.0195766351335,
        "priorCorridorAreaMetres2": 5832.014049606506,
        "extensionAreaMetres2": 1614.005527028627,
        "reviewableAreaMetres2": 1614.005527028627,
        "priorInspected": true,
        "selected": true,
        "status": "reviewed",
        "inspected": true,
        "issueIds": [],
        "holes": [
          11,
          17,
          18
        ],
        "priorCorridorStatus": "reviewed",
        "scene": "r5-092",
        "reviewer": "Agent visual inspection of colour/CIR 2026-04-10, LiDAR 2024 and seasonal RGB 2022; explicit full-facility cell review",
        "reviewDate": "2026-09-16",
        "note": "Open coastal rough and water sliver, with no raised woody canopy. Preserve shoreline treatment.",
        "treatment": "open",
        "acceptedIndividuals": 0,
        "sourceMetadata": "output/visby-tree-pilot/round5/review/r5-092.json",
        "crossPassIssueIds": []
      }
    },
    {
      "type": "Feature",
      "geometry": {
        "type": "Polygon",
        "coordinates": [
          [
            [
              687800.0,
              6370600.0
            ],
            [
              687800.0,
              6370700.0
            ],
            [
              687900.0,
              6370700.0
            ],
            [
              687900.0,
              6370600.0
            ],
            [
              687800.0,
              6370600.0
            ]
          ]
        ]
      },
      "properties": {
        "id": "cell-687800-6370600",
        "bounds": [
          687800,
          6370600,
          687900,
          6370700
        ],
        "areaMetres2": 10000.0,
        "priorCorridorAreaMetres2": 8381.622207314776,
        "extensionAreaMetres2": 1618.3777926852235,
        "reviewableAreaMetres2": 158.93859143566144,
        "priorInspected": true,
        "selected": true,
        "status": "ambiguous",
        "inspected": true,
        "issueIds": [],
        "holes": [
          10,
          11,
          17,
          18
        ],
        "priorCorridorStatus": "reviewed",
        "scene": "r5-093",
        "reviewer": "Agent visual inspection of colour/CIR 2026-04-10, LiDAR 2024 and seasonal RGB 2022; explicit full-facility cell review",
        "reviewDate": "2026-09-16",
        "note": "Tiny editable bank strip adjoins protected crowns. Retain measured edge canopy; all detected crowns overlap frozen evaluation and are unchanged.",
        "treatment": "woodland",
        "acceptedIndividuals": 0,
        "sourceMetadata": "output/visby-tree-pilot/round5/review/r5-093.json",
        "crossPassIssueIds": [
          "r5-canopy-cell-687700-6370600",
          "r5-canopy-cell-687800-6370600"
        ]
      }
    },
    {
      "type": "Feature",
      "geometry": {
        "type": "Polygon",
        "coordinates": [
          [
            [
              687800.0,
              6370700.0
            ],
            [
              687800.0,
              6370800.0
            ],
            [
              687900.0,
              6370800.0
            ],
            [
              687900.0,
              6370700.0
            ],
            [
              687800.0,
              6370700.0
            ]
          ]
        ]
      },
      "properties": {
        "id": "cell-687800-6370700",
        "bounds": [
          687800,
          6370700,
          687900,
          6370800
        ],
        "areaMetres2": 10000.0,
        "priorCorridorAreaMetres2": 3964.02288169628,
        "extensionAreaMetres2": 6035.977118303719,
        "reviewableAreaMetres2": 5862.727565380718,
        "priorInspected": true,
        "selected": true,
        "status": "ambiguous",
        "inspected": true,
        "issueIds": [
          "r5-094/island/9",
          "r5-094/island/11"
        ],
        "holes": [
          10,
          11,
          12,
          16,
          17
        ],
        "priorCorridorStatus": "ambiguous",
        "scene": "r5-094",
        "reviewer": "Agent visual inspection of colour/CIR 2026-04-10, LiDAR 2024 and seasonal RGB 2022; explicit full-facility cell review",
        "reviewDate": "2026-09-16",
        "note": "Distinct raised western pond-bank crown is individually supported. Two small low components beside the track remain unresolved.",
        "treatment": "individuals",
        "acceptedIndividuals": 1,
        "sourceMetadata": "output/visby-tree-pilot/round5/review/r5-094.json",
        "crossPassIssueIds": [
          "r4-r4-54/island/3",
          "r4-r5-094/island/9",
          "r4-r5-094/island/11",
          "r5-canopy-cell-687700-6370700",
          "r5-canopy-cell-687800-6370700"
        ]
      }
    },
    {
      "type": "Feature",
      "geometry": {
        "type": "Polygon",
        "coordinates": [
          [
            [
              687800.0,
              6370800.0
            ],
            [
              687800.0,
              6370900.0
            ],
            [
              687900.0,
              6370900.0
            ],
            [
              687900.0,
              6370800.0
            ],
            [
              687800.0,
              6370800.0
            ]
          ]
        ]
      },
      "properties": {
        "id": "cell-687800-6370800",
        "bounds": [
          687800,
          6370800,
          687900,
          6370900
        ],
        "areaMetres2": 10000.0,
        "priorCorridorAreaMetres2": 2980.783620002211,
        "extensionAreaMetres2": 7019.216379997789,
        "reviewableAreaMetres2": 7019.216379997789,
        "priorInspected": true,
        "selected": true,
        "status": "ambiguous",
        "inspected": true,
        "issueIds": [
          "r5-095/island/12"
        ],
        "holes": [
          12,
          16,
          17
        ],
        "priorCorridorStatus": "ambiguous",
        "scene": "r5-095",
        "reviewer": "Agent visual inspection of colour/CIR 2026-04-10, LiDAR 2024 and seasonal RGB 2022; explicit full-facility cell review",
        "reviewDate": "2026-09-16",
        "note": "One small raised crown at the northwest pond corner has coherent height support. Tiny landscaped-island return remains unresolved.",
        "treatment": "individuals",
        "acceptedIndividuals": 1,
        "sourceMetadata": "output/visby-tree-pilot/round5/review/r5-095.json",
        "crossPassIssueIds": [
          "r1-ref-hold16b-005",
          "r1-ref-hold16b-006",
          "r4-r4-56/dalponte-d9-m5/45",
          "r4-low-pond-55",
          "r4-r5-095/island/12",
          "r5-canopy-cell-687800-6370800",
          "r5-canopy-cell-687800-6370900",
          "r5-canopy-cell-687900-6370800"
        ]
      }
    },
    {
      "type": "Feature",
      "geometry": {
        "type": "Polygon",
        "coordinates": [
          [
            [
              687800.0,
              6370900.0
            ],
            [
              687800.0,
              6371000.0
            ],
            [
              687900.0,
              6371000.0
            ],
            [
              687900.0,
              6370900.0
            ],
            [
              687800.0,
              6370900.0
            ]
          ]
        ]
      },
      "properties": {
        "id": "cell-687800-6370900",
        "bounds": [
          687800,
          6370900,
          687900,
          6371000
        ],
        "areaMetres2": 10000.0,
        "priorCorridorAreaMetres2": 3360.7246212101395,
        "extensionAreaMetres2": 6639.275378789861,
        "reviewableAreaMetres2": 6639.275378789861,
        "priorInspected": true,
        "selected": true,
        "status": "ambiguous",
        "inspected": true,
        "issueIds": [],
        "holes": [
          12,
          16
        ],
        "priorCorridorStatus": "ambiguous",
        "scene": "r5-096",
        "reviewer": "Agent visual inspection of colour/CIR 2026-04-10, LiDAR 2024 and seasonal RGB 2022; explicit full-facility cell review",
        "reviewDate": "2026-09-16",
        "note": "Added western edge of the group includes a distinct isolated outer crown. Joined fragments close to existing trees remain measured canopy; open grass/pond remain clear.",
        "treatment": "mixed",
        "acceptedIndividuals": 1,
        "sourceMetadata": "output/visby-tree-pilot/round5/review/r5-096.json",
        "crossPassIssueIds": [
          "r1-ref-hold16b-002",
          "r1-ref-hold16b-004",
          "r1-ref-hold16b-005",
          "r1-ref-hold16b-006",
          "r4-r4-56/dalponte-d9-m5/29",
          "r4-r4-56/dalponte-d9-m5/36",
          "r4-r4-56/island/5",
          "r4-r4-56/dalponte-d9-m5/43",
          "r4-r4-56/dalponte-d9-m5/45",
          "r4-r4-66/dalponte-d9-m5/39",
          "r5-canopy-cell-687800-6370800",
          "r5-canopy-cell-687800-6370900",
          "r5-canopy-cell-687800-6371000",
          "r5-canopy-cell-687900-6370900"
        ]
      }
    },
    {
      "type": "Feature",
      "geometry": {
        "type": "Polygon",
        "coordinates": [
          [
            [
              687800.0,
              6371000.0
            ],
            [
              687800.0,
              6371100.0
            ],
            [
              687900.0,
              6371100.0
            ],
            [
              687900.0,
              6371000.0
            ],
            [
              687800.0,
              6371000.0
            ]
          ]
        ]
      },
      "properties": {
        "id": "cell-687800-6371000",
        "bounds": [
          687800,
          6371000,
          687900,
          6371100
        ],
        "areaMetres2": 10000.0,
        "priorCorridorAreaMetres2": 5203.165919587707,
        "extensionAreaMetres2": 4796.834080412292,
        "reviewableAreaMetres2": 4796.8340804122945,
        "priorInspected": true,
        "selected": true,
        "status": "ambiguous",
        "inspected": true,
        "issueIds": [],
        "holes": [
          16
        ],
        "priorCorridorStatus": "ambiguous",
        "scene": "r5-097",
        "reviewer": "Agent visual inspection of colour/CIR 2026-04-10, LiDAR 2024 and seasonal RGB 2022; explicit full-facility cell review",
        "reviewDate": "2026-09-16",
        "note": "Continuous woodland strip with retained individual crowns along its edge. New numbered peaks are joined in summer canopy and retained as measured woodland.",
        "treatment": "woodland",
        "acceptedIndividuals": 0,
        "sourceMetadata": "output/visby-tree-pilot/round5/review/r5-097.json",
        "crossPassIssueIds": [
          "r1-ref-hold16a-011",
          "r4-r4-57/dalponte-d9-m5/21",
          "r5-canopy-cell-687800-6370900",
          "r5-canopy-cell-687800-6371000",
          "r5-canopy-cell-687800-6371100",
          "r5-canopy-cell-687900-6371000"
        ]
      }
    },
    {
      "type": "Feature",
      "geometry": {
        "type": "Polygon",
        "coordinates": [
          [
            [
              687800.0,
              6371100.0
            ],
            [
              687800.0,
              6371200.0
            ],
            [
              687900.0,
              6371200.0
            ],
            [
              687900.0,
              6371100.0
            ],
            [
              687800.0,
              6371100.0
            ]
          ]
        ]
      },
      "properties": {
        "id": "cell-687800-6371100",
        "bounds": [
          687800,
          6371100,
          687900,
          6371200
        ],
        "areaMetres2": 10000.0,
        "priorCorridorAreaMetres2": 7138.065726327045,
        "extensionAreaMetres2": 2861.9342736729536,
        "reviewableAreaMetres2": 2861.9342736729536,
        "priorInspected": true,
        "selected": true,
        "status": "ambiguous",
        "inspected": true,
        "issueIds": [],
        "holes": [
          15,
          16
        ],
        "priorCorridorStatus": "ambiguous",
        "scene": "r5-098",
        "reviewer": "Agent visual inspection of colour/CIR 2026-04-10, LiDAR 2024 and seasonal RGB 2022; explicit full-facility cell review",
        "reviewDate": "2026-09-16",
        "note": "Connected woodland beside the clearing. Retain stand treatment and earlier unresolved overlapping crown cases; the present segmentation does not establish separate stems.",
        "treatment": "woodland",
        "acceptedIndividuals": 0,
        "sourceMetadata": "output/visby-tree-pilot/round5/review/r5-098.json",
        "crossPassIssueIds": [
          "r2-review15west/dalponte-d9-m5/26",
          "r2-review15west/dalponte-d9-m5/44",
          "r2-review15west/dalponte-d9-m5/48",
          "r4-r4-58/dalponte-d9-m5/46",
          "r4-r4-58/dalponte-d9-m5/49",
          "r5-canopy-cell-687700-6371100",
          "r5-canopy-cell-687800-6371000",
          "r5-canopy-cell-687800-6371100",
          "r5-canopy-cell-687900-6371100"
        ]
      }
    },
    {
      "type": "Feature",
      "geometry": {
        "type": "Polygon",
        "coordinates": [
          [
            [
              687800.0,
              6371200.0
            ],
            [
              687800.0,
              6371300.0
            ],
            [
              687900.0,
              6371300.0
            ],
            [
              687900.0,
              6371200.0
            ],
            [
              687800.0,
              6371200.0
            ]
          ]
        ]
      },
      "properties": {
        "id": "cell-687800-6371200",
        "bounds": [
          687800,
          6371200,
          687900,
          6371300
        ],
        "areaMetres2": 10000.0,
        "priorCorridorAreaMetres2": 5569.919869816246,
        "extensionAreaMetres2": 4430.080130183754,
        "reviewableAreaMetres2": 4430.0801301837555,
        "priorInspected": true,
        "selected": true,
        "status": "ambiguous",
        "inspected": true,
        "issueIds": [
          "r5-099/island/5",
          "r5-099/dalponte-d9-m5/23"
        ],
        "holes": [
          15,
          16
        ],
        "priorCorridorStatus": "reviewed",
        "scene": "r5-099",
        "reviewer": "Agent visual inspection of colour/CIR 2026-04-10, LiDAR 2024 and seasonal RGB 2022; explicit full-facility cell review",
        "reviewDate": "2026-09-16",
        "note": "Joined woodland beside the diagonal path; retain its density field. Two northern small/attached crown segments have uncertain separation from adjacent canopy.",
        "treatment": "mixed",
        "acceptedIndividuals": 0,
        "sourceMetadata": "output/visby-tree-pilot/round5/review/r5-099.json",
        "crossPassIssueIds": [
          "r2-review15west/dalponte-d9-m5/8",
          "r2-review15west/dalponte-d9-m5/14",
          "r2-review15west/dalponte-d9-m5/26",
          "r4-r5-099/island/5",
          "r4-r5-099/dalponte-d9-m5/23",
          "r5-canopy-cell-687700-6371200",
          "r5-canopy-cell-687800-6371200"
        ]
      }
    },
    {
      "type": "Feature",
      "geometry": {
        "type": "Polygon",
        "coordinates": [
          [
            [
              687800.0,
              6371300.0
            ],
            [
              687800.0,
              6371400.0
            ],
            [
              687900.0,
              6371400.0
            ],
            [
              687900.0,
              6371300.0
            ],
            [
              687800.0,
              6371300.0
            ]
          ]
        ]
      },
      "properties": {
        "id": "cell-687800-6371300",
        "bounds": [
          687800,
          6371300,
          687900,
          6371400
        ],
        "areaMetres2": 10000.0,
        "priorCorridorAreaMetres2": 4607.836461005612,
        "extensionAreaMetres2": 5392.163538994387,
        "reviewableAreaMetres2": 5392.163538994388,
        "priorInspected": true,
        "selected": true,
        "status": "ambiguous",
        "inspected": true,
        "issueIds": [
          "r5-100/dalponte-d9-m5/11"
        ],
        "holes": [
          15,
          16
        ],
        "priorCorridorStatus": "reviewed",
        "scene": "r5-100",
        "reviewer": "Agent visual inspection of colour/CIR 2026-04-10, LiDAR 2024 and seasonal RGB 2022; explicit full-facility cell review",
        "reviewDate": "2026-09-16",
        "note": "Pond and rocky bank beside woodland. Two large pond-facing crowns are distinguishable in height and summer imagery; joined interior peaks remain woodland.",
        "treatment": "mixed",
        "acceptedIndividuals": 2,
        "sourceMetadata": "output/visby-tree-pilot/round5/review/r5-100.json",
        "crossPassIssueIds": [
          "r4-r5-100/dalponte-d9-m5/11",
          "r5-canopy-cell-687700-6371300",
          "r5-canopy-cell-687800-6371300",
          "r5-canopy-cell-687800-6371400"
        ]
      }
    },
    {
      "type": "Feature",
      "geometry": {
        "type": "Polygon",
        "coordinates": [
          [
            [
              687800.0,
              6371400.0
            ],
            [
              687800.0,
              6371500.0
            ],
            [
              687900.0,
              6371500.0
            ],
            [
              687900.0,
              6371400.0
            ],
            [
              687800.0,
              6371400.0
            ]
          ]
        ]
      },
      "properties": {
        "id": "cell-687800-6371400",
        "bounds": [
          687800,
          6371400,
          687900,
          6371500
        ],
        "areaMetres2": 10000.0,
        "priorCorridorAreaMetres2": 42.93701949117449,
        "extensionAreaMetres2": 9957.062980508828,
        "reviewableAreaMetres2": 9957.062980508828,
        "priorInspected": true,
        "selected": true,
        "status": "ambiguous",
        "inspected": true,
        "issueIds": [],
        "holes": [
          15
        ],
        "priorCorridorStatus": "reviewed",
        "scene": "r5-101",
        "reviewer": "Agent visual inspection of colour/CIR 2026-04-10, LiDAR 2024 and seasonal RGB 2022; explicit full-facility cell review",
        "reviewDate": "2026-09-16",
        "note": "Three distinguishable crowns on the pond-facing grove edge have corroborating height and seasonal structure. Joined southern interior remains woodland.",
        "treatment": "mixed",
        "acceptedIndividuals": 3,
        "sourceMetadata": "output/visby-tree-pilot/round5/review/r5-101.json",
        "crossPassIssueIds": [
          "r5-canopy-cell-687800-6371300",
          "r5-canopy-cell-687800-6371400"
        ]
      }
    },
    {
      "type": "Feature",
      "geometry": {
        "type": "Polygon",
        "coordinates": [
          [
            [
              687800.0,
              6371500.0
            ],
            [
              687800.0,
              6371600.0
            ],
            [
              687900.0,
              6371600.0
            ],
            [
              687900.0,
              6371500.0
            ],
            [
              687800.0,
              6371500.0
            ]
          ]
        ]
      },
      "properties": {
        "id": "cell-687800-6371500",
        "bounds": [
          687800,
          6371500,
          687900,
          6371600
        ],
        "areaMetres2": 10000.0,
        "priorCorridorAreaMetres2": 0.0,
        "extensionAreaMetres2": 10000.0,
        "reviewableAreaMetres2": 10000.0,
        "priorInspected": false,
        "selected": true,
        "status": "reviewed",
        "inspected": true,
        "issueIds": [],
        "holes": [],
        "scene": "r5-102",
        "reviewer": "Agent visual inspection of colour/CIR 2026-04-10, LiDAR 2024 and seasonal RGB 2022; explicit full-facility cell review",
        "reviewDate": "2026-09-16",
        "note": "Pond water and open bank/rough with a low grassy island. No defensible individual crown in the extension in the four source layers.",
        "treatment": "open",
        "acceptedIndividuals": 0,
        "sourceMetadata": "output/visby-tree-pilot/round5/review/r5-102.json",
        "crossPassIssueIds": []
      }
    },
    {
      "type": "Feature",
      "geometry": {
        "type": "Polygon",
        "coordinates": [
          [
            [
              687800.0,
              6371600.0
            ],
            [
              687800.0,
              6371700.0
            ],
            [
              687900.0,
              6371700.0
            ],
            [
              687900.0,
              6371600.0
            ],
            [
              687800.0,
              6371600.0
            ]
          ]
        ]
      },
      "properties": {
        "id": "cell-687800-6371600",
        "bounds": [
          687800,
          6371600,
          687900,
          6371700
        ],
        "areaMetres2": 10000.0,
        "priorCorridorAreaMetres2": 0.0,
        "extensionAreaMetres2": 10000.0,
        "reviewableAreaMetres2": 10000.0,
        "priorInspected": false,
        "selected": true,
        "status": "ambiguous",
        "inspected": true,
        "issueIds": [
          "r5-103/island/8"
        ],
        "holes": [],
        "scene": "r5-103",
        "reviewer": "Agent visual inspection of colour/CIR 2026-04-10, LiDAR 2024 and seasonal RGB 2022; explicit full-facility cell review",
        "reviewDate": "2026-09-16",
        "note": "Two small isolated crowns beside the road and bunkers are visible across both imagery dates with coherent height islands. The very small pond-edge object remains uncertain.",
        "treatment": "individuals",
        "acceptedIndividuals": 2,
        "sourceMetadata": "output/visby-tree-pilot/round5/review/r5-103.json",
        "crossPassIssueIds": [
          "r4-r5-103/island/8",
          "r5-roadside-089"
        ]
      }
    },
    {
      "type": "Feature",
      "geometry": {
        "type": "Polygon",
        "coordinates": [
          [
            [
              687900.0,
              6371800.0
            ],
            [
              687900.0,
              6371700.0
            ],
            [
              687800.0,
              6371700.0
            ],
            [
              687800.0,
              6371711.379611894
            ],
            [
              687854.1343380632,
              6371782.897627424
            ],
            [
              687875.009542666,
              6371800.0
            ],
            [
              687900.0,
              6371800.0
            ]
          ]
        ]
      },
      "properties": {
        "id": "cell-687800-6371700",
        "bounds": [
          687800,
          6371700,
          687900,
          6371800
        ],
        "areaMetres2": 6959.876402779403,
        "priorCorridorAreaMetres2": 0.0,
        "extensionAreaMetres2": 6959.876402779403,
        "reviewableAreaMetres2": 6959.876402779403,
        "priorInspected": false,
        "selected": true,
        "status": "ambiguous",
        "inspected": true,
        "issueIds": [
          "r5-104/island/3",
          "r5-low-104"
        ],
        "holes": [],
        "scene": "r5-104",
        "reviewer": "Agent visual inspection of colour/CIR 2026-04-10, LiDAR 2024 and seasonal RGB 2022; explicit full-facility cell review",
        "reviewDate": "2026-09-16",
        "note": "Roadside young-tree row is visible, but the sparse low-height returns do not support a complete set of individual positions and dimensions.",
        "treatment": "uncertain",
        "acceptedIndividuals": 0,
        "sourceMetadata": "output/visby-tree-pilot/round5/review/r5-104.json",
        "crossPassIssueIds": [
          "r4-r5-104/island/3",
          "r5-low-104"
        ]
      }
    },
    {
      "type": "Feature",
      "geometry": {
        "type": "Polygon",
        "coordinates": [
          [
            [
              687900.0,
              6371800.0
            ],
            [
              687875.009542666,
              6371800.0
            ],
            [
              687900.0,
              6371820.473864582
            ],
            [
              687900.0,
              6371800.0
            ]
          ]
        ]
      },
      "properties": {
        "id": "cell-687800-6371800",
        "bounds": [
          687800,
          6371800,
          687900,
          6371900
        ],
        "areaMetres2": 255.82561965360097,
        "priorCorridorAreaMetres2": 0.0,
        "extensionAreaMetres2": 255.82561965360097,
        "reviewableAreaMetres2": 255.82561965360097,
        "priorInspected": false,
        "selected": true,
        "status": "reviewed",
        "inspected": true,
        "issueIds": [],
        "holes": [],
        "scene": "r5-105",
        "reviewer": "Agent visual inspection of colour/CIR 2026-04-10, LiDAR 2024 and seasonal RGB 2022; explicit full-facility cell review",
        "reviewDate": "2026-09-16",
        "note": "The facility portion is a small roadside grass triangle. Tree-like returns elsewhere in the source panel lie outside this facility cell portion.",
        "treatment": "open",
        "acceptedIndividuals": 0,
        "sourceMetadata": "output/visby-tree-pilot/round5/review/r5-105.json",
        "crossPassIssueIds": []
      }
    },
    {
      "type": "Feature",
      "geometry": {
        "type": "Polygon",
        "coordinates": [
          [
            [
              687900.0,
              6370600.0
            ],
            [
              688000.0,
              6370600.0
            ],
            [
              688000.0,
              6370554.581763361
            ],
            [
              687956.6771365581,
              6370545.228023099
            ],
            [
              687900.0,
              6370534.752358486
            ],
            [
              687900.0,
              6370600.0
            ]
          ]
        ]
      },
      "properties": {
        "id": "cell-687900-6370500",
        "bounds": [
          687900,
          6370500,
          688000,
          6370600
        ],
        "areaMetres2": 5571.447621003275,
        "priorCorridorAreaMetres2": 895.4364299000615,
        "extensionAreaMetres2": 4676.011191103214,
        "reviewableAreaMetres2": 4676.011191103214,
        "priorInspected": true,
        "selected": true,
        "status": "ambiguous",
        "inspected": true,
        "issueIds": [
          "r5-low-106"
        ],
        "holes": [
          11,
          17
        ],
        "priorCorridorStatus": "reviewed",
        "scene": "r5-106",
        "reviewer": "Agent visual inspection of colour/CIR 2026-04-10, LiDAR 2024 and seasonal RGB 2022; explicit full-facility cell review",
        "reviewDate": "2026-09-16",
        "note": "Open rough and pond bank dominate. A small woody clump in the extension is visible in imagery without defensible height support; retain as unresolved.",
        "treatment": "uncertain",
        "acceptedIndividuals": 0,
        "sourceMetadata": "output/visby-tree-pilot/round5/review/r5-106.json",
        "crossPassIssueIds": [
          "r5-low-106",
          "r5-low-107"
        ]
      }
    },
    {
      "type": "Feature",
      "geometry": {
        "type": "Polygon",
        "coordinates": [
          [
            [
              687900.0,
              6370600.0
            ],
            [
              687900.0,
              6370700.0
            ],
            [
              688000.0,
              6370700.0
            ],
            [
              688000.0,
              6370600.0
            ],
            [
              687900.0,
              6370600.0
            ]
          ]
        ]
      },
      "properties": {
        "id": "cell-687900-6370600",
        "bounds": [
          687900,
          6370600,
          688000,
          6370700
        ],
        "areaMetres2": 10000.0,
        "priorCorridorAreaMetres2": 9023.305944081596,
        "extensionAreaMetres2": 976.6940559184039,
        "reviewableAreaMetres2": 907.8797935729051,
        "priorInspected": true,
        "selected": true,
        "status": "ambiguous",
        "inspected": true,
        "issueIds": [
          "r5-low-107"
        ],
        "holes": [
          11,
          12,
          17
        ],
        "priorCorridorStatus": "reviewed",
        "scene": "r5-107",
        "reviewer": "Agent visual inspection of colour/CIR 2026-04-10, LiDAR 2024 and seasonal RGB 2022; explicit full-facility cell review",
        "reviewDate": "2026-09-16",
        "note": "New strips are mainly open pond bank and rough; tiny bank vegetation lacks coherent height support. The protected evaluation strips remain unchanged.",
        "treatment": "uncertain",
        "acceptedIndividuals": 0,
        "sourceMetadata": "output/visby-tree-pilot/round5/review/r5-107.json",
        "crossPassIssueIds": [
          "r5-low-107"
        ]
      }
    },
    {
      "type": "Feature",
      "geometry": {
        "type": "Polygon",
        "coordinates": [
          [
            [
              687900.0,
              6370700.0
            ],
            [
              687900.0,
              6370800.0
            ],
            [
              688000.0,
              6370800.0
            ],
            [
              688000.0,
              6370700.0
            ],
            [
              687900.0,
              6370700.0
            ]
          ]
        ]
      },
      "properties": {
        "id": "cell-687900-6370700",
        "bounds": [
          687900,
          6370700,
          688000,
          6370800
        ],
        "areaMetres2": 10000.0,
        "priorCorridorAreaMetres2": 6401.983228685597,
        "extensionAreaMetres2": 3598.0167713143974,
        "reviewableAreaMetres2": 2599.681380415826,
        "priorInspected": true,
        "selected": true,
        "status": "ambiguous",
        "inspected": true,
        "issueIds": [],
        "holes": [
          11,
          12,
          16,
          17
        ],
        "priorCorridorStatus": "ambiguous",
        "scene": "r5-108",
        "reviewer": "Agent visual inspection of colour/CIR 2026-04-10, LiDAR 2024 and seasonal RGB 2022; explicit full-facility cell review",
        "reviewDate": "2026-09-16",
        "note": "Connected crowns at the southern end of a tree belt remain stand coverage. Adjacent purple crowns intersect frozen evaluation and are not edited.",
        "treatment": "woodland",
        "acceptedIndividuals": 0,
        "sourceMetadata": "output/visby-tree-pilot/round5/review/r5-108.json",
        "crossPassIssueIds": [
          "r4-r4-54/island/3",
          "r4-r4-64/dalponte-d9-m5/28",
          "r4-r4-73/dalponte-d9-m5/64",
          "r5-canopy-cell-687900-6370700"
        ]
      }
    },
    {
      "type": "Feature",
      "geometry": {
        "type": "Polygon",
        "coordinates": [
          [
            [
              687900.0,
              6370800.0
            ],
            [
              687900.0,
              6370900.0
            ],
            [
              688000.0,
              6370900.0
            ],
            [
              688000.0,
              6370800.0
            ],
            [
              687900.0,
              6370800.0
            ]
          ]
        ]
      },
      "properties": {
        "id": "cell-687900-6370800",
        "bounds": [
          687900,
          6370800,
          688000,
          6370900
        ],
        "areaMetres2": 10000.0,
        "priorCorridorAreaMetres2": 10000.0,
        "extensionAreaMetres2": 0.0,
        "reviewableAreaMetres2": 0.0,
        "priorInspected": true,
        "selected": false,
        "status": "ambiguous",
        "inspected": true,
        "issueIds": [],
        "holes": [
          12,
          13,
          16,
          17
        ],
        "priorCorridorStatus": "ambiguous",
        "crossPassIssueIds": [
          "r1-ref-hold16b-011",
          "r1-ref-hold16b-015",
          "r1-ref-hold16b-016",
          "runtime-tree-visby-000258",
          "runtime-tree-visby-000296",
          "r4-r4-65/dalponte-d9-m5/10",
          "r4-r4-65/dalponte-d9-m5/11",
          "r4-r4-65/dalponte-d9-m5/15",
          "r4-r4-65/dalponte-d9-m5/17",
          "r4-r4-65/dalponte-d9-m5/28",
          "r5-canopy-cell-687800-6370800",
          "r5-canopy-cell-687900-6370800"
        ]
      }
    },
    {
      "type": "Feature",
      "geometry": {
        "type": "Polygon",
        "coordinates": [
          [
            [
              687900.0,
              6370900.0
            ],
            [
              687900.0,
              6371000.0
            ],
            [
              688000.0,
              6371000.0
            ],
            [
              688000.0,
              6370900.0
            ],
            [
              687900.0,
              6370900.0
            ]
          ]
        ]
      },
      "properties": {
        "id": "cell-687900-6370900",
        "bounds": [
          687900,
          6370900,
          688000,
          6371000
        ],
        "areaMetres2": 10000.0,
        "priorCorridorAreaMetres2": 8439.064403813667,
        "extensionAreaMetres2": 1560.9355961863318,
        "reviewableAreaMetres2": 1560.9355961863318,
        "priorInspected": true,
        "selected": true,
        "status": "ambiguous",
        "inspected": true,
        "issueIds": [
          "r5-109/dalponte-d9-m5/19"
        ],
        "holes": [
          12,
          13,
          16
        ],
        "priorCorridorStatus": "ambiguous",
        "scene": "r5-109",
        "reviewer": "Agent visual inspection of colour/CIR 2026-04-10, LiDAR 2024 and seasonal RGB 2022; explicit full-facility cell review",
        "reviewDate": "2026-09-16",
        "note": "Service-yard edge has two distinguishable tree crowns. A roof-derived segment is rejected and the existing suppressed-tree case remains unresolved.",
        "treatment": "individuals",
        "acceptedIndividuals": 2,
        "sourceMetadata": "output/visby-tree-pilot/round5/review/r5-109.json",
        "crossPassIssueIds": [
          "r1-ref-hold16b-009",
          "runtime-tree-visby-000284",
          "r4-r4-56/dalponte-d9-m5/29",
          "r4-r4-56/dalponte-d9-m5/36",
          "r4-r4-66/dalponte-d9-m5/26",
          "r4-r4-66/dalponte-d9-m5/39",
          "r4-r4-66/dalponte-d9-m5/41",
          "r4-r5-109/dalponte-d9-m5/19",
          "r5-canopy-cell-687800-6370900",
          "r5-canopy-cell-687900-6370900",
          "r5-canopy-cell-687900-6371000"
        ]
      }
    },
    {
      "type": "Feature",
      "geometry": {
        "type": "Polygon",
        "coordinates": [
          [
            [
              687900.0,
              6371000.0
            ],
            [
              687900.0,
              6371100.0
            ],
            [
              688000.0,
              6371100.0
            ],
            [
              688000.0,
              6371000.0
            ],
            [
              687900.0,
              6371000.0
            ]
          ]
        ]
      },
      "properties": {
        "id": "cell-687900-6371000",
        "bounds": [
          687900,
          6371000,
          688000,
          6371100
        ],
        "areaMetres2": 10000.0,
        "priorCorridorAreaMetres2": 5025.84280445438,
        "extensionAreaMetres2": 4974.157195545619,
        "reviewableAreaMetres2": 4974.157195545619,
        "priorInspected": true,
        "selected": true,
        "status": "ambiguous",
        "inspected": true,
        "issueIds": [
          "r5-110/island/26"
        ],
        "holes": [
          12,
          13,
          14,
          16
        ],
        "priorCorridorStatus": "ambiguous",
        "scene": "r5-110",
        "reviewer": "Agent visual inspection of colour/CIR 2026-04-10, LiDAR 2024 and seasonal RGB 2022; explicit full-facility cell review",
        "reviewDate": "2026-09-16",
        "note": "Maintenance yard: long roof segments and stored equipment are not trees. Retain the isolated northern tree and flag sparse eastern boundary vegetation.",
        "treatment": "mixed",
        "acceptedIndividuals": 1,
        "sourceMetadata": "output/visby-tree-pilot/round5/review/r5-110.json",
        "crossPassIssueIds": [
          "r4-r4-67/dalponte-d9-m5/15",
          "r4-r5-110/island/26",
          "r4-r5-111/island/19",
          "r4-r5-111/island/17",
          "r4-r5-124/island/31",
          "r5-canopy-cell-687800-6371000",
          "r5-canopy-cell-687900-6370900",
          "r5-canopy-cell-687900-6371000",
          "r5-canopy-cell-688000-6371000"
        ]
      }
    },
    {
      "type": "Feature",
      "geometry": {
        "type": "Polygon",
        "coordinates": [
          [
            [
              687900.0,
              6371100.0
            ],
            [
              687900.0,
              6371200.0
            ],
            [
              688000.0,
              6371200.0
            ],
            [
              688000.0,
              6371100.0
            ],
            [
              687900.0,
              6371100.0
            ]
          ]
        ]
      },
      "properties": {
        "id": "cell-687900-6371100",
        "bounds": [
          687900,
          6371100,
          688000,
          6371200
        ],
        "areaMetres2": 10000.0,
        "priorCorridorAreaMetres2": 2154.9876798054484,
        "extensionAreaMetres2": 7845.012320194553,
        "reviewableAreaMetres2": 7845.012320194552,
        "priorInspected": true,
        "selected": true,
        "status": "ambiguous",
        "inspected": true,
        "issueIds": [
          "r5-111/island/11",
          "r5-111/island/14",
          "r5-111/dalponte-d9-m5/35",
          "r5-111/island/19",
          "r5-111/island/17"
        ],
        "holes": [
          14,
          15,
          16
        ],
        "priorCorridorStatus": "reviewed",
        "scene": "r5-111",
        "reviewer": "Agent visual inspection of colour/CIR 2026-04-10, LiDAR 2024 and seasonal RGB 2022; explicit full-facility cell review",
        "reviewDate": "2026-09-16",
        "note": "Road and path through a wooded edge. Retain connected northern canopy as woodland and publish distinguishable path-facing/southern crowns. Small low scrub remains uncertain.",
        "treatment": "mixed",
        "acceptedIndividuals": 6,
        "sourceMetadata": "output/visby-tree-pilot/round5/review/r5-111.json",
        "crossPassIssueIds": [
          "r2-review15west/dalponte-d9-m5/32",
          "r2-review15west/dalponte-d9-m5/41",
          "r4-r5-111/island/11",
          "r4-r5-111/island/14",
          "r4-r5-111/dalponte-d9-m5/35",
          "r4-r5-111/island/19",
          "r4-r5-111/island/17",
          "r5-canopy-cell-687800-6371100",
          "r5-canopy-cell-687900-6371100"
        ]
      }
    },
    {
      "type": "Feature",
      "geometry": {
        "type": "Polygon",
        "coordinates": [
          [
            [
              687900.0,
              6371200.0
            ],
            [
              687900.0,
              6371300.0
            ],
            [
              688000.0,
              6371300.0
            ],
            [
              688000.0,
              6371200.0
            ],
            [
              687900.0,
              6371200.0
            ]
          ]
        ]
      },
      "properties": {
        "id": "cell-687900-6371200",
        "bounds": [
          687900,
          6371200,
          688000,
          6371300
        ],
        "areaMetres2": 10000.0,
        "priorCorridorAreaMetres2": 8060.965423482857,
        "extensionAreaMetres2": 1939.0345765171444,
        "reviewableAreaMetres2": 1939.0345765171444,
        "priorInspected": true,
        "selected": true,
        "status": "ambiguous",
        "inspected": true,
        "issueIds": [],
        "holes": [
          15
        ],
        "priorCorridorStatus": "reviewed",
        "scene": "r5-112",
        "reviewer": "Agent visual inspection of colour/CIR 2026-04-10, LiDAR 2024 and seasonal RGB 2022; explicit full-facility cell review",
        "reviewDate": "2026-09-16",
        "note": "Northeastern strip is connected tall woodland; preserve measured stand coverage. Southern crown overlaps an earlier unresolved case, retained without implicit resolution.",
        "treatment": "woodland",
        "acceptedIndividuals": 0,
        "sourceMetadata": "output/visby-tree-pilot/round5/review/r5-112.json",
        "crossPassIssueIds": [
          "r2-review15west/dalponte-d9-m5/32",
          "r5-canopy-cell-687900-6371200"
        ]
      }
    },
    {
      "type": "Feature",
      "geometry": {
        "type": "Polygon",
        "coordinates": [
          [
            [
              687900.0,
              6371300.0
            ],
            [
              687900.0,
              6371400.0
            ],
            [
              688000.0,
              6371400.0
            ],
            [
              688000.0,
              6371300.0
            ],
            [
              687900.0,
              6371300.0
            ]
          ]
        ]
      },
      "properties": {
        "id": "cell-687900-6371300",
        "bounds": [
          687900,
          6371300,
          688000,
          6371400
        ],
        "areaMetres2": 10000.0,
        "priorCorridorAreaMetres2": 1841.9885704638696,
        "extensionAreaMetres2": 8158.011429536128,
        "reviewableAreaMetres2": 8158.011429536128,
        "priorInspected": true,
        "selected": true,
        "status": "ambiguous",
        "inspected": true,
        "issueIds": [
          "r5-113/dalponte-d9-m5/28"
        ],
        "holes": [
          15
        ],
        "priorCorridorStatus": "reviewed",
        "scene": "r5-113",
        "reviewer": "Agent visual inspection of colour/CIR 2026-04-10, LiDAR 2024 and seasonal RGB 2022; explicit full-facility cell review",
        "reviewDate": "2026-09-16",
        "note": "Three distinct crowns along the northern path/open edge are supported across imagery and height. Dense joined woodland interior remains stand-based; narrow eastern fragment is uncertain.",
        "treatment": "mixed",
        "acceptedIndividuals": 3,
        "sourceMetadata": "output/visby-tree-pilot/round5/review/r5-113.json",
        "crossPassIssueIds": [
          "r4-r5-113/dalponte-d9-m5/28"
        ]
      }
    },
    {
      "type": "Feature",
      "geometry": {
        "type": "Polygon",
        "coordinates": [
          [
            [
              687900.0,
              6371400.0
            ],
            [
              687900.0,
              6371500.0
            ],
            [
              688000.0,
              6371500.0
            ],
            [
              688000.0,
              6371400.0
            ],
            [
              687900.0,
              6371400.0
            ]
          ]
        ]
      },
      "properties": {
        "id": "cell-687900-6371400",
        "bounds": [
          687900,
          6371400,
          688000,
          6371500
        ],
        "areaMetres2": 10000.0,
        "priorCorridorAreaMetres2": 3224.395176985186,
        "extensionAreaMetres2": 6775.6048230148135,
        "reviewableAreaMetres2": 6775.604823014815,
        "priorInspected": true,
        "selected": true,
        "status": "reviewed",
        "inspected": true,
        "issueIds": [],
        "holes": [],
        "priorCorridorStatus": "reviewed",
        "scene": "r5-114",
        "reviewer": "Agent visual inspection of colour/CIR 2026-04-10, LiDAR 2024 and seasonal RGB 2022; explicit full-facility cell review",
        "reviewDate": "2026-09-16",
        "note": "Open rough, golf surface and pond banks. Tiny isolated height speckles do not form a defensible tree crown in either imagery date.",
        "treatment": "open",
        "acceptedIndividuals": 0,
        "sourceMetadata": "output/visby-tree-pilot/round5/review/r5-114.json",
        "crossPassIssueIds": []
      }
    },
    {
      "type": "Feature",
      "geometry": {
        "type": "Polygon",
        "coordinates": [
          [
            [
              687900.0,
              6371500.0
            ],
            [
              687900.0,
              6371600.0
            ],
            [
              688000.0,
              6371600.0
            ],
            [
              688000.0,
              6371500.0
            ],
            [
              687900.0,
              6371500.0
            ]
          ]
        ]
      },
      "properties": {
        "id": "cell-687900-6371500",
        "bounds": [
          687900,
          6371500,
          688000,
          6371600
        ],
        "areaMetres2": 10000.0,
        "priorCorridorAreaMetres2": 0.0,
        "extensionAreaMetres2": 10000.0,
        "reviewableAreaMetres2": 10000.0,
        "priorInspected": false,
        "selected": true,
        "status": "ambiguous",
        "inspected": true,
        "issueIds": [
          "r5-115/island/8"
        ],
        "holes": [],
        "scene": "r5-115",
        "reviewer": "Agent visual inspection of colour/CIR 2026-04-10, LiDAR 2024 and seasonal RGB 2022; explicit full-facility cell review",
        "reviewDate": "2026-09-16",
        "note": "Pond bank has one low irregular woody clump; its sparse height extent does not establish a single distinct tree/base.",
        "treatment": "uncertain",
        "acceptedIndividuals": 0,
        "sourceMetadata": "output/visby-tree-pilot/round5/review/r5-115.json",
        "crossPassIssueIds": [
          "r4-r5-115/island/8",
          "r5-canopy-cell-687900-6371500"
        ]
      }
    },
    {
      "type": "Feature",
      "geometry": {
        "type": "Polygon",
        "coordinates": [
          [
            [
              687900.0,
              6371600.0
            ],
            [
              687900.0,
              6371700.0
            ],
            [
              688000.0,
              6371700.0
            ],
            [
              688000.0,
              6371600.0
            ],
            [
              687900.0,
              6371600.0
            ]
          ]
        ]
      },
      "properties": {
        "id": "cell-687900-6371600",
        "bounds": [
          687900,
          6371600,
          688000,
          6371700
        ],
        "areaMetres2": 10000.0,
        "priorCorridorAreaMetres2": 0.0,
        "extensionAreaMetres2": 10000.0,
        "reviewableAreaMetres2": 10000.0,
        "priorInspected": false,
        "selected": true,
        "status": "ambiguous",
        "inspected": true,
        "issueIds": [
          "r5-116/island/1",
          "r5-116/island/6",
          "r5-low-116"
        ],
        "holes": [],
        "scene": "r5-116",
        "reviewer": "Agent visual inspection of colour/CIR 2026-04-10, LiDAR 2024 and seasonal RGB 2022; explicit full-facility cell review",
        "reviewDate": "2026-09-16",
        "note": "Small trees line the pond bends, but only sparse low islands are sampled. Keep the visible bank vegetation unresolved rather than invent positions for unmeasured crowns.",
        "treatment": "uncertain",
        "acceptedIndividuals": 0,
        "sourceMetadata": "output/visby-tree-pilot/round5/review/r5-116.json",
        "crossPassIssueIds": [
          "r4-r5-103/island/8",
          "r4-r5-116/island/1",
          "r4-r5-116/island/6",
          "r5-low-116"
        ]
      }
    },
    {
      "type": "Feature",
      "geometry": {
        "type": "Polygon",
        "coordinates": [
          [
            [
              688000.0,
              6371700.0
            ],
            [
              687900.0,
              6371700.0
            ],
            [
              687900.0,
              6371800.0
            ],
            [
              687965.0023249962,
              6371800.0
            ],
            [
              688000.0,
              6371748.516882623
            ],
            [
              688000.0,
              6371700.0
            ]
          ]
        ]
      },
      "properties": {
        "id": "cell-687900-6371700",
        "bounds": [
          687900,
          6371700,
          688000,
          6371800
        ],
        "areaMetres2": 9099.105294921033,
        "priorCorridorAreaMetres2": 0.0,
        "extensionAreaMetres2": 9099.105294921033,
        "reviewableAreaMetres2": 9099.105294921035,
        "priorInspected": false,
        "selected": true,
        "status": "ambiguous",
        "inspected": true,
        "issueIds": [
          "r5-low-117"
        ],
        "holes": [],
        "scene": "r5-117",
        "reviewer": "Agent visual inspection of colour/CIR 2026-04-10, LiDAR 2024 and seasonal RGB 2022; explicit full-facility cell review",
        "reviewDate": "2026-09-16",
        "note": "Golf surface and rough are open except a small southern woody clump visible in imagery without coherent height evidence.",
        "treatment": "uncertain",
        "acceptedIndividuals": 0,
        "sourceMetadata": "output/visby-tree-pilot/round5/review/r5-117.json",
        "crossPassIssueIds": [
          "r5-low-117"
        ]
      }
    },
    {
      "type": "Feature",
      "geometry": {
        "type": "Polygon",
        "coordinates": [
          [
            [
              687900.0,
              6371800.0
            ],
            [
              687900.0,
              6371820.473864582
            ],
            [
              687932.8110040042,
              6371847.354847343
            ],
            [
              687965.0023249962,
              6371800.0
            ],
            [
              687900.0,
              6371800.0
            ]
          ]
        ]
      },
      "properties": {
        "id": "cell-687900-6371800",
        "bounds": [
          687900,
          6371800,
          688000,
          6371900
        ],
        "areaMetres2": 1874.9716149540973,
        "priorCorridorAreaMetres2": 0.0,
        "extensionAreaMetres2": 1874.9716149540973,
        "reviewableAreaMetres2": 1874.9716149540973,
        "priorInspected": false,
        "selected": true,
        "status": "ambiguous",
        "inspected": true,
        "issueIds": [
          "r5-118/island/4"
        ],
        "holes": [],
        "scene": "r5-118",
        "reviewer": "Agent visual inspection of colour/CIR 2026-04-10, LiDAR 2024 and seasonal RGB 2022; explicit full-facility cell review",
        "reviewDate": "2026-09-16",
        "note": "Road junction and grass triangle contain one sparse low candidate; source evidence is insufficient for a precise individual.",
        "treatment": "uncertain",
        "acceptedIndividuals": 0,
        "sourceMetadata": "output/visby-tree-pilot/round5/review/r5-118.json",
        "crossPassIssueIds": [
          "r4-r5-118/island/4"
        ]
      }
    },
    {
      "type": "Feature",
      "geometry": {
        "type": "Polygon",
        "coordinates": [
          [
            [
              688000.0,
              6370600.0
            ],
            [
              688100.0,
              6370600.0
            ],
            [
              688100.0,
              6370576.17253442
            ],
            [
              688000.0,
              6370554.581763361
            ],
            [
              688000.0,
              6370600.0
            ]
          ]
        ]
      },
      "properties": {
        "id": "cell-688000-6370500",
        "bounds": [
          688000,
          6370500,
          688100,
          6370600
        ],
        "areaMetres2": 3462.285110959783,
        "priorCorridorAreaMetres2": 0.0,
        "extensionAreaMetres2": 3462.285110959783,
        "reviewableAreaMetres2": 3462.285110959783,
        "priorInspected": false,
        "selected": true,
        "status": "reviewed",
        "inspected": true,
        "issueIds": [],
        "holes": [
          11
        ],
        "scene": "r5-119",
        "reviewer": "Agent visual inspection of colour/CIR 2026-04-10, LiDAR 2024 and seasonal RGB 2022; explicit full-facility cell review",
        "reviewDate": "2026-09-16",
        "note": "Owned northern strip is grass/low rough and exposed pale ground; no corroborated tree crown. Larger dark patches are surface vegetation, not coherent canopy height.",
        "treatment": "open",
        "acceptedIndividuals": 0,
        "sourceMetadata": "output/visby-tree-pilot/round5/review/r5-119.json",
        "crossPassIssueIds": []
      }
    },
    {
      "type": "Feature",
      "geometry": {
        "type": "Polygon",
        "coordinates": [
          [
            [
              688000.0,
              6370600.0
            ],
            [
              688000.0,
              6370700.0
            ],
            [
              688100.0,
              6370700.0
            ],
            [
              688100.0,
              6370600.0
            ],
            [
              688000.0,
              6370600.0
            ]
          ]
        ]
      },
      "properties": {
        "id": "cell-688000-6370600",
        "bounds": [
          688000,
          6370600,
          688100,
          6370700
        ],
        "areaMetres2": 10000.0,
        "priorCorridorAreaMetres2": 8710.770019045895,
        "extensionAreaMetres2": 1289.2299809541096,
        "reviewableAreaMetres2": 472.9914564715159,
        "priorInspected": true,
        "selected": true,
        "status": "ambiguous",
        "inspected": true,
        "issueIds": [],
        "holes": [
          11,
          12
        ],
        "priorCorridorStatus": "ambiguous",
        "scene": "r5-120",
        "reviewer": "Agent visual inspection of colour/CIR 2026-04-10, LiDAR 2024 and seasonal RGB 2022; explicit full-facility cell review",
        "reviewDate": "2026-09-16",
        "note": "Editable portion is the narrow southern rough strip. Visible pond-bank crowns within the purple evaluation window remain protected and unchanged.",
        "treatment": "open",
        "acceptedIndividuals": 0,
        "sourceMetadata": "output/visby-tree-pilot/round5/review/r5-120.json",
        "crossPassIssueIds": [
          "r4-low-bunker-72"
        ]
      }
    },
    {
      "type": "Feature",
      "geometry": {
        "type": "Polygon",
        "coordinates": [
          [
            [
              688000.0,
              6370700.0
            ],
            [
              688000.0,
              6370800.0
            ],
            [
              688100.0,
              6370800.0
            ],
            [
              688100.0,
              6370700.0
            ],
            [
              688000.0,
              6370700.0
            ]
          ]
        ]
      },
      "properties": {
        "id": "cell-688000-6370700",
        "bounds": [
          688000,
          6370700,
          688100,
          6370800
        ],
        "areaMetres2": 10000.0,
        "priorCorridorAreaMetres2": 7090.02630165554,
        "extensionAreaMetres2": 2909.97369834446,
        "reviewableAreaMetres2": 2747.9902158763953,
        "priorInspected": true,
        "selected": true,
        "status": "ambiguous",
        "inspected": true,
        "issueIds": [],
        "holes": [
          11,
          12,
          13,
          16
        ],
        "priorCorridorStatus": "ambiguous",
        "scene": "r5-121",
        "reviewer": "Agent visual inspection of colour/CIR 2026-04-10, LiDAR 2024 and seasonal RGB 2022; explicit full-facility cell review",
        "reviewDate": "2026-09-16",
        "note": "Tall continuous woodland in the eastern facility extension. Preserve density treatment and frozen evaluation crown overlaps without claiming individual stems.",
        "treatment": "woodland",
        "acceptedIndividuals": 0,
        "sourceMetadata": "output/visby-tree-pilot/round5/review/r5-121.json",
        "crossPassIssueIds": [
          "r4-r4-73/dalponte-d9-m5/64",
          "r5-canopy-cell-688000-6370700"
        ]
      }
    },
    {
      "type": "Feature",
      "geometry": {
        "type": "Polygon",
        "coordinates": [
          [
            [
              688000.0,
              6370800.0
            ],
            [
              688000.0,
              6370900.0
            ],
            [
              688100.0,
              6370900.0
            ],
            [
              688100.0,
              6370800.0
            ],
            [
              688000.0,
              6370800.0
            ]
          ]
        ]
      },
      "properties": {
        "id": "cell-688000-6370800",
        "bounds": [
          688000,
          6370800,
          688100,
          6370900
        ],
        "areaMetres2": 10000.0,
        "priorCorridorAreaMetres2": 6481.361480661875,
        "extensionAreaMetres2": 3518.638519338123,
        "reviewableAreaMetres2": 2769.172507894682,
        "priorInspected": true,
        "selected": true,
        "status": "ambiguous",
        "inspected": true,
        "issueIds": [],
        "holes": [
          12,
          13,
          16
        ],
        "priorCorridorStatus": "ambiguous",
        "scene": "r5-122",
        "reviewer": "Agent visual inspection of colour/CIR 2026-04-10, LiDAR 2024 and seasonal RGB 2022; explicit full-facility cell review",
        "reviewDate": "2026-09-16",
        "note": "Distinguishable crowns face the northern clearing; dense southern woodland stays area-based. Older unresolved and protected segments remain untouched.",
        "treatment": "mixed",
        "acceptedIndividuals": 4,
        "sourceMetadata": "output/visby-tree-pilot/round5/review/r5-122.json",
        "crossPassIssueIds": [
          "r2-review13/dalponte-d9-m5/26",
          "r2-review13/dalponte-d9-m5/29",
          "r4-r4-74/dalponte-d9-m5/17",
          "r4-r4-74/dalponte-d9-m5/22",
          "r5-canopy-cell-688000-6370800"
        ]
      }
    },
    {
      "type": "Feature",
      "geometry": {
        "type": "Polygon",
        "coordinates": [
          [
            [
              688000.0,
              6370900.0
            ],
            [
              688000.0,
              6371000.0
            ],
            [
              688100.0,
              6371000.0
            ],
            [
              688100.0,
              6370900.0
            ],
            [
              688000.0,
              6370900.0
            ]
          ]
        ]
      },
      "properties": {
        "id": "cell-688000-6370900",
        "bounds": [
          688000,
          6370900,
          688100,
          6371000
        ],
        "areaMetres2": 10000.0,
        "priorCorridorAreaMetres2": 3640.831149792869,
        "extensionAreaMetres2": 6359.168850207131,
        "reviewableAreaMetres2": 6359.168850207132,
        "priorInspected": true,
        "selected": true,
        "status": "ambiguous",
        "inspected": true,
        "issueIds": [],
        "holes": [
          12,
          13,
          14
        ],
        "priorCorridorStatus": "ambiguous",
        "scene": "r5-123",
        "reviewer": "Agent visual inspection of colour/CIR 2026-04-10, LiDAR 2024 and seasonal RGB 2022; explicit full-facility cell review",
        "reviewDate": "2026-09-16",
        "note": "One yard-edge tree and two path-facing crowns are distinct across height and seasonal imagery. The connected eastern woodland interior retains stand coverage.",
        "treatment": "mixed",
        "acceptedIndividuals": 3,
        "sourceMetadata": "output/visby-tree-pilot/round5/review/r5-123.json",
        "crossPassIssueIds": [
          "r4-r4-75/island/15",
          "r5-canopy-cell-688000-6370900",
          "r5-canopy-cell-688100-6370900"
        ]
      }
    },
    {
      "type": "Feature",
      "geometry": {
        "type": "Polygon",
        "coordinates": [
          [
            [
              688000.0,
              6371000.0
            ],
            [
              688000.0,
              6371100.0
            ],
            [
              688100.0,
              6371100.0
            ],
            [
              688100.0,
              6371000.0
            ],
            [
              688000.0,
              6371000.0
            ]
          ]
        ]
      },
      "properties": {
        "id": "cell-688000-6371000",
        "bounds": [
          688000,
          6371000,
          688100,
          6371100
        ],
        "areaMetres2": 10000.0,
        "priorCorridorAreaMetres2": 3921.178230286194,
        "extensionAreaMetres2": 6078.821769713808,
        "reviewableAreaMetres2": 6078.821769713806,
        "priorInspected": true,
        "selected": true,
        "status": "ambiguous",
        "inspected": true,
        "issueIds": [
          "r5-124/island/27",
          "r5-124/island/31",
          "r5-124/dalponte-d9-m5/8",
          "r5-124/island/32",
          "r5-124/island/33",
          "r5-124/island/40"
        ],
        "holes": [
          13,
          14,
          15
        ],
        "priorCorridorStatus": "ambiguous",
        "scene": "r5-124",
        "reviewer": "Agent visual inspection of colour/CIR 2026-04-10, LiDAR 2024 and seasonal RGB 2022; explicit full-facility cell review",
        "reviewDate": "2026-09-16",
        "note": "Three supported southern crowns are distinguishable beside the service yard. Low scrub fragments remain uncertain, and the rectangular equipment/shed segment is rejected.",
        "treatment": "mixed",
        "acceptedIndividuals": 3,
        "sourceMetadata": "output/visby-tree-pilot/round5/review/r5-124.json",
        "crossPassIssueIds": [
          "r4-r4-76/island/20",
          "r4-r4-76/dalponte-d9-m5/2",
          "r4-r4-76/dalponte-d9-m5/3",
          "r4-r4-76/dalponte-d9-m5/6",
          "r4-r5-110/island/26",
          "r4-r5-124/island/27",
          "r4-r5-124/island/31",
          "r4-r5-124/dalponte-d9-m5/8",
          "r4-r5-124/island/32",
          "r4-r5-124/island/33",
          "r4-r5-124/island/40",
          "r5-canopy-cell-687900-6371000",
          "r5-canopy-cell-688000-6371000"
        ]
      }
    },
    {
      "type": "Feature",
      "geometry": {
        "type": "Polygon",
        "coordinates": [
          [
            [
              688000.0,
              6371100.0
            ],
            [
              688000.0,
              6371200.0
            ],
            [
              688100.0,
              6371200.0
            ],
            [
              688100.0,
              6371100.0
            ],
            [
              688000.0,
              6371100.0
            ]
          ]
        ]
      },
      "properties": {
        "id": "cell-688000-6371100",
        "bounds": [
          688000,
          6371100,
          688100,
          6371200
        ],
        "areaMetres2": 10000.0,
        "priorCorridorAreaMetres2": 7402.618635937848,
        "extensionAreaMetres2": 2597.3813640621534,
        "reviewableAreaMetres2": 2597.3813640621543,
        "priorInspected": true,
        "selected": true,
        "status": "ambiguous",
        "inspected": true,
        "issueIds": [
          "r5-125/island/19"
        ],
        "holes": [
          14,
          15
        ],
        "priorCorridorStatus": "ambiguous",
        "scene": "r5-125",
        "reviewer": "Agent visual inspection of colour/CIR 2026-04-10, LiDAR 2024 and seasonal RGB 2022; explicit full-facility cell review",
        "reviewDate": "2026-09-16",
        "note": "Mostly rough and paths; low woody vegetation beside the southwestern green produces only a tiny fragmented height candidate.",
        "treatment": "uncertain",
        "acceptedIndividuals": 0,
        "sourceMetadata": "output/visby-tree-pilot/round5/review/r5-125.json",
        "crossPassIssueIds": [
          "r4-r4-77/dalponte-d9-m5/8",
          "r4-r4-77/dalponte-d9-m5/9",
          "r4-r4-77/island/18",
          "r4-r5-111/island/14",
          "r4-r5-125/island/19",
          "r5-canopy-cell-688000-6371100",
          "r5-canopy-cell-688000-6371200",
          "r5-canopy-cell-688100-6371100"
        ]
      }
    },
    {
      "type": "Feature",
      "geometry": {
        "type": "Polygon",
        "coordinates": [
          [
            [
              688000.0,
              6371200.0
            ],
            [
              688000.0,
              6371300.0
            ],
            [
              688100.0,
              6371300.0
            ],
            [
              688100.0,
              6371200.0
            ],
            [
              688000.0,
              6371200.0
            ]
          ]
        ]
      },
      "properties": {
        "id": "cell-688000-6371200",
        "bounds": [
          688000,
          6371200,
          688100,
          6371300
        ],
        "areaMetres2": 10000.0,
        "priorCorridorAreaMetres2": 2853.2910455646474,
        "extensionAreaMetres2": 7146.708954435353,
        "reviewableAreaMetres2": 7146.708954435353,
        "priorInspected": true,
        "selected": true,
        "status": "ambiguous",
        "inspected": true,
        "issueIds": [
          "r5-126/island/3"
        ],
        "holes": [
          15
        ],
        "priorCorridorStatus": "ambiguous",
        "scene": "r5-126",
        "reviewer": "Agent visual inspection of colour/CIR 2026-04-10, LiDAR 2024 and seasonal RGB 2022; explicit full-facility cell review",
        "reviewDate": "2026-09-16",
        "note": "Connected low deciduous grove remains measured woodland. Its taller right-facing crown is distinct; tiny isolated eastern low return remains uncertain.",
        "treatment": "mixed",
        "acceptedIndividuals": 1,
        "sourceMetadata": "output/visby-tree-pilot/round5/review/r5-126.json",
        "crossPassIssueIds": [
          "r4-r4-78/dalponte-d9-m5/28",
          "r4-r4-78/dalponte-d9-m5/29",
          "r4-r5-126/island/3",
          "r5-canopy-cell-688000-6371100",
          "r5-canopy-cell-688000-6371200"
        ]
      }
    },
    {
      "type": "Feature",
      "geometry": {
        "type": "Polygon",
        "coordinates": [
          [
            [
              688000.0,
              6371300.0
            ],
            [
              688000.0,
              6371400.0
            ],
            [
              688100.0,
              6371400.0
            ],
            [
              688100.0,
              6371300.0
            ],
            [
              688000.0,
              6371300.0
            ]
          ]
        ]
      },
      "properties": {
        "id": "cell-688000-6371300",
        "bounds": [
          688000,
          6371300,
          688100,
          6371400
        ],
        "areaMetres2": 10000.0,
        "priorCorridorAreaMetres2": 0.0,
        "extensionAreaMetres2": 10000.0,
        "reviewableAreaMetres2": 10000.0,
        "priorInspected": false,
        "selected": true,
        "status": "ambiguous",
        "inspected": true,
        "issueIds": [],
        "holes": [],
        "scene": "r5-127",
        "reviewer": "Agent visual inspection of colour/CIR 2026-04-10, LiDAR 2024 and seasonal RGB 2022; explicit full-facility cell review",
        "reviewDate": "2026-09-16",
        "note": "Two additional small pond-end crowns are spatially distinct in height and seasonal imagery beside two retained crowns.",
        "treatment": "individuals",
        "acceptedIndividuals": 2,
        "sourceMetadata": "output/visby-tree-pilot/round5/review/r5-127.json",
        "crossPassIssueIds": [
          "r5-canopy-cell-688000-6371300"
        ]
      }
    },
    {
      "type": "Feature",
      "geometry": {
        "type": "Polygon",
        "coordinates": [
          [
            [
              688100.0,
              6371400.0
            ],
            [
              688000.0,
              6371400.0
            ],
            [
              688000.0,
              6371500.0
            ],
            [
              688099.8021850813,
              6371500.0
            ],
            [
              688100.0,
              6371499.5910052005
            ],
            [
              688100.0,
              6371400.0
            ]
          ]
        ]
      },
      "properties": {
        "id": "cell-688000-6371400",
        "bounds": [
          688000,
          6371400,
          688100,
          6371500
        ],
        "areaMetres2": 9999.959547363494,
        "priorCorridorAreaMetres2": 0.0,
        "extensionAreaMetres2": 9999.959547363494,
        "reviewableAreaMetres2": 9999.959547363494,
        "priorInspected": false,
        "selected": true,
        "status": "ambiguous",
        "inspected": true,
        "issueIds": [
          "r5-128/island/7",
          "r5-128/dalponte-d9-m5/11"
        ],
        "holes": [],
        "scene": "r5-128",
        "reviewer": "Agent visual inspection of colour/CIR 2026-04-10, LiDAR 2024 and seasonal RGB 2022; explicit full-facility cell review",
        "reviewDate": "2026-09-16",
        "note": "One small discrete eastern crown is supported. A narrow leafless/dead-looking stem and a broad low boundary segment remain uncertain; infrared absence is not used to remove either.",
        "treatment": "individuals",
        "acceptedIndividuals": 1,
        "sourceMetadata": "output/visby-tree-pilot/round5/review/r5-128.json",
        "crossPassIssueIds": [
          "r4-r5-128/island/7",
          "r4-r5-128/dalponte-d9-m5/11",
          "r5-canopy-cell-688000-6371400"
        ]
      }
    },
    {
      "type": "Feature",
      "geometry": {
        "type": "Polygon",
        "coordinates": [
          [
            [
              688000.0,
              6371500.0
            ],
            [
              688000.0,
              6371600.0
            ],
            [
              688058.9550072026,
              6371600.0
            ],
            [
              688087.8772926407,
              6371524.655465976
            ],
            [
              688099.8021850813,
              6371500.0
            ],
            [
              688000.0,
              6371500.0
            ]
          ]
        ]
      },
      "properties": {
        "id": "cell-688000-6371500",
        "bounds": [
          688000,
          6371500,
          688100,
          6371600
        ],
        "areaMetres2": 7845.168094374758,
        "priorCorridorAreaMetres2": 0.0,
        "extensionAreaMetres2": 7845.168094374758,
        "reviewableAreaMetres2": 7845.168094374758,
        "priorInspected": false,
        "selected": true,
        "status": "ambiguous",
        "inspected": true,
        "issueIds": [],
        "holes": [],
        "scene": "r5-129",
        "reviewer": "Agent visual inspection of colour/CIR 2026-04-10, LiDAR 2024 and seasonal RGB 2022; explicit full-facility cell review",
        "reviewDate": "2026-09-16",
        "note": "Retain the existing individual beside the bunker and existing boundary vegetation. Most tall eastern trees are outside the reviewed facility polygon; no distinct unrepresented focus crown here.",
        "treatment": "individuals",
        "acceptedIndividuals": 0,
        "sourceMetadata": "output/visby-tree-pilot/round5/review/r5-129.json",
        "crossPassIssueIds": [
          "r5-canopy-cell-688000-6371500"
        ]
      }
    },
    {
      "type": "Feature",
      "geometry": {
        "type": "Polygon",
        "coordinates": [
          [
            [
              688000.0,
              6371600.0
            ],
            [
              688000.0,
              6371700.0
            ],
            [
              688020.5683003061,
              6371700.0
            ],
            [
              688058.9550072026,
              6371600.0
            ],
            [
              688000.0,
              6371600.0
            ]
          ]
        ]
      },
      "properties": {
        "id": "cell-688000-6371600",
        "bounds": [
          688000,
          6371600,
          688100,
          6371700
        ],
        "areaMetres2": 3976.1653754336294,
        "priorCorridorAreaMetres2": 0.0,
        "extensionAreaMetres2": 3976.1653754336294,
        "reviewableAreaMetres2": 3976.1653754336294,
        "priorInspected": false,
        "selected": true,
        "status": "reviewed",
        "inspected": true,
        "issueIds": [],
        "holes": [],
        "scene": "r5-130",
        "reviewer": "Agent visual inspection of colour/CIR 2026-04-10, LiDAR 2024 and seasonal RGB 2022; explicit full-facility cell review",
        "reviewDate": "2026-09-16",
        "note": "Facility portion is the western grass strip. Tall garden trees and buildings lie east of the full facility boundary, not merely outside the new-review polygon.",
        "treatment": "open",
        "acceptedIndividuals": 0,
        "sourceMetadata": "output/visby-tree-pilot/round5/review/r5-130.json",
        "crossPassIssueIds": []
      }
    },
    {
      "type": "Feature",
      "geometry": {
        "type": "Polygon",
        "coordinates": [
          [
            [
              688000.0,
              6371700.0
            ],
            [
              688000.0,
              6371748.516882623
            ],
            [
              688004.4663478523,
              6371741.946688726
            ],
            [
              688020.5683003061,
              6371700.0
            ],
            [
              688000.0,
              6371700.0
            ]
          ]
        ]
      },
      "properties": {
        "id": "cell-688000-6371700",
        "bounds": [
          688000,
          6371700,
          688100,
          6371800
        ],
        "areaMetres2": 539.7326825272626,
        "priorCorridorAreaMetres2": 0.0,
        "extensionAreaMetres2": 539.7326825272626,
        "reviewableAreaMetres2": 539.7326825272626,
        "priorInspected": false,
        "selected": true,
        "status": "reviewed",
        "inspected": true,
        "issueIds": [],
        "holes": [],
        "scene": "r5-131",
        "reviewer": "Agent visual inspection of colour/CIR 2026-04-10, LiDAR 2024 and seasonal RGB 2022; explicit full-facility cell review",
        "reviewDate": "2026-09-16",
        "note": "Narrow facility corner is open grass along the field boundary; no coherent canopy in colour, seasonal or height sources.",
        "treatment": "open",
        "acceptedIndividuals": 0,
        "sourceMetadata": "output/visby-tree-pilot/round5/review/r5-131.json",
        "crossPassIssueIds": []
      }
    },
    {
      "type": "Feature",
      "geometry": {
        "type": "Polygon",
        "coordinates": [
          [
            [
              688100.0,
              6370600.0
            ],
            [
              688151.3404964907,
              6370600.0
            ],
            [
              688150.4708467029,
              6370587.069579383
            ],
            [
              688100.0,
              6370576.17253442
            ],
            [
              688100.0,
              6370600.0
            ]
          ]
        ]
      },
      "properties": {
        "id": "cell-688100-6370500",
        "bounds": [
          688100,
          6370500,
          688200,
          6370600
        ],
        "areaMetres2": 933.2232884458549,
        "priorCorridorAreaMetres2": 0.0,
        "extensionAreaMetres2": 933.2232884458549,
        "reviewableAreaMetres2": 933.2232884458549,
        "priorInspected": false,
        "selected": true,
        "status": "ambiguous",
        "inspected": true,
        "issueIds": [
          "r5-132/island/3",
          "r5-132/island/4",
          "r5-132/island/5"
        ],
        "holes": [
          11
        ],
        "scene": "r5-132",
        "reviewer": "Agent visual inspection of colour/CIR 2026-04-10, LiDAR 2024 and seasonal RGB 2022; explicit full-facility cell review",
        "reviewDate": "2026-09-16",
        "note": "Three young/low coastal woody crowns lie within the northern facility strip, with sparse or irregular height islands; exact individual placement remains unresolved.",
        "treatment": "uncertain",
        "acceptedIndividuals": 0,
        "sourceMetadata": "output/visby-tree-pilot/round5/review/r5-132.json",
        "crossPassIssueIds": [
          "r4-r5-132/island/3",
          "r4-r5-132/island/4",
          "r4-r5-132/island/5"
        ]
      }
    },
    {
      "type": "Feature",
      "geometry": {
        "type": "Polygon",
        "coordinates": [
          [
            [
              688100.0,
              6370600.0
            ],
            [
              688100.0,
              6370700.0
            ],
            [
              688158.0661074637,
              6370700.0
            ],
            [
              688151.3404964907,
              6370600.0
            ],
            [
              688100.0,
              6370600.0
            ]
          ]
        ]
      },
      "properties": {
        "id": "cell-688100-6370600",
        "bounds": [
          688100,
          6370600,
          688200,
          6370700
        ],
        "areaMetres2": 5470.330197719159,
        "priorCorridorAreaMetres2": 2756.893532293796,
        "extensionAreaMetres2": 2713.4366654253636,
        "reviewableAreaMetres2": 2713.4366654253627,
        "priorInspected": true,
        "selected": true,
        "status": "ambiguous",
        "inspected": true,
        "issueIds": [
          "r5-133/dalponte-d9-m5/10",
          "r5-133/island/8",
          "r5-133/island/12"
        ],
        "holes": [
          11,
          12
        ],
        "priorCorridorStatus": "ambiguous",
        "scene": "r5-133",
        "reviewer": "Agent visual inspection of colour/CIR 2026-04-10, LiDAR 2024 and seasonal RGB 2022; explicit full-facility cell review",
        "reviewDate": "2026-09-16",
        "note": "Distinct isolated crown beside the golf surface and small pond-corner crown are supported across source dates. Northern fragment and tiny coastal young trees remain uncertain.",
        "treatment": "individuals",
        "acceptedIndividuals": 2,
        "sourceMetadata": "output/visby-tree-pilot/round5/review/r5-133.json",
        "crossPassIssueIds": [
          "r4-r4-79/island/13",
          "r4-r5-133/dalponte-d9-m5/10",
          "r4-r5-133/island/8",
          "r4-r5-133/island/12"
        ]
      }
    },
    {
      "type": "Feature",
      "geometry": {
        "type": "Polygon",
        "coordinates": [
          [
            [
              688100.0,
              6370700.0
            ],
            [
              688100.0,
              6370800.0
            ],
            [
              688200.0,
              6370800.0
            ],
            [
              688200.0,
              6370799.651002682
            ],
            [
              688163.5722235737,
              6370781.867894713
            ],
            [
              688158.0661074637,
              6370700.0
            ],
            [
              688100.0,
              6370700.0
            ]
          ]
        ]
      },
      "properties": {
        "id": "cell-688100-6370700",
        "bounds": [
          688100,
          6370700,
          688200,
          6370800
        ],
        "areaMetres2": 6468.44802729298,
        "priorCorridorAreaMetres2": 0.3748271097524088,
        "extensionAreaMetres2": 6468.073200183228,
        "reviewableAreaMetres2": 6468.0732001832275,
        "priorInspected": true,
        "selected": true,
        "status": "ambiguous",
        "inspected": true,
        "issueIds": [
          "r5-134/island/6",
          "r5-134/island/7",
          "r5-134/island/9",
          "r5-134/island/19",
          "r5-134/dalponte-d9-m5/28"
        ],
        "holes": [
          11,
          12,
          13
        ],
        "priorCorridorStatus": "reviewed",
        "scene": "r5-134",
        "reviewer": "Agent visual inspection of colour/CIR 2026-04-10, LiDAR 2024 and seasonal RGB 2022; explicit full-facility cell review",
        "reviewDate": "2026-09-16",
        "note": "Distinct path-facing woodland-edge crowns are retained as individuals; joined woodland stays density-based. Small young trees along the track remain unresolved.",
        "treatment": "mixed",
        "acceptedIndividuals": 3,
        "sourceMetadata": "output/visby-tree-pilot/round5/review/r5-134.json",
        "crossPassIssueIds": [
          "r4-r5-133/dalponte-d9-m5/10",
          "r4-r5-133/island/8",
          "r4-r5-134/island/6",
          "r4-r5-134/island/7",
          "r4-r5-134/island/9",
          "r4-r5-134/island/19",
          "r4-r5-134/dalponte-d9-m5/28",
          "r5-canopy-cell-688100-6370700"
        ]
      }
    },
    {
      "type": "Feature",
      "geometry": {
        "type": "Polygon",
        "coordinates": [
          [
            [
              688100.0,
              6370800.0
            ],
            [
              688100.0,
              6370900.0
            ],
            [
              688200.0,
              6370900.0
            ],
            [
              688200.0,
              6370800.0
            ],
            [
              688100.0,
              6370800.0
            ]
          ]
        ]
      },
      "properties": {
        "id": "cell-688100-6370800",
        "bounds": [
          688100,
          6370800,
          688200,
          6370900
        ],
        "areaMetres2": 10000.0,
        "priorCorridorAreaMetres2": 8390.04311054445,
        "extensionAreaMetres2": 1609.9568894555455,
        "reviewableAreaMetres2": 1609.956889455545,
        "priorInspected": true,
        "selected": true,
        "status": "ambiguous",
        "inspected": true,
        "issueIds": [],
        "holes": [
          12,
          13
        ],
        "priorCorridorStatus": "ambiguous",
        "scene": "r5-135",
        "reviewer": "Agent visual inspection of colour/CIR 2026-04-10, LiDAR 2024 and seasonal RGB 2022; explicit full-facility cell review",
        "reviewDate": "2026-09-16",
        "note": "Three tall woodland-edge crowns and two small isolated track-side crowns are distinguishable across imagery and coherent height islands.",
        "treatment": "individuals",
        "acceptedIndividuals": 5,
        "sourceMetadata": "output/visby-tree-pilot/round5/review/r5-135.json",
        "crossPassIssueIds": [
          "r1-ref-cal13-034",
          "r4-r4-81/island/5",
          "r4-r4-81/island/7",
          "r4-r4-81/island/8",
          "r4-r4-81/island/9",
          "r5-canopy-cell-688100-6370800",
          "r5-canopy-cell-688100-6370900"
        ]
      }
    },
    {
      "type": "Feature",
      "geometry": {
        "type": "Polygon",
        "coordinates": [
          [
            [
              688100.0,
              6370900.0
            ],
            [
              688100.0,
              6371000.0
            ],
            [
              688200.0,
              6371000.0
            ],
            [
              688200.0,
              6370900.0
            ],
            [
              688100.0,
              6370900.0
            ]
          ]
        ]
      },
      "properties": {
        "id": "cell-688100-6370900",
        "bounds": [
          688100,
          6370900,
          688200,
          6371000
        ],
        "areaMetres2": 10000.0,
        "priorCorridorAreaMetres2": 3924.582525532459,
        "extensionAreaMetres2": 6075.417474467538,
        "reviewableAreaMetres2": 6075.41747446754,
        "priorInspected": true,
        "selected": true,
        "status": "ambiguous",
        "inspected": true,
        "issueIds": [],
        "holes": [
          13,
          14
        ],
        "priorCorridorStatus": "ambiguous",
        "scene": "r5-136",
        "reviewer": "Agent visual inspection of colour/CIR 2026-04-10, LiDAR 2024 and seasonal RGB 2022; explicit full-facility cell review",
        "reviewDate": "2026-09-16",
        "note": "Dense connected grove already contains many retained individual records. New peaks remain measured woodland; earlier unresolved overlapping crown cases stay open.",
        "treatment": "woodland",
        "acceptedIndividuals": 0,
        "sourceMetadata": "output/visby-tree-pilot/round5/review/r5-136.json",
        "crossPassIssueIds": [
          "r1-ref-cal13-020",
          "r4-r4-82/dalponte-d9-m5/8",
          "r4-low-scrub-83",
          "r5-canopy-cell-688000-6370900",
          "r5-canopy-cell-688100-6370800",
          "r5-canopy-cell-688100-6370900",
          "r5-canopy-cell-688200-6370900"
        ]
      }
    },
    {
      "type": "Feature",
      "geometry": {
        "type": "Polygon",
        "coordinates": [
          [
            [
              688100.0,
              6371000.0
            ],
            [
              688100.0,
              6371100.0
            ],
            [
              688200.0,
              6371100.0
            ],
            [
              688200.0,
              6371000.0
            ],
            [
              688100.0,
              6371000.0
            ]
          ]
        ]
      },
      "properties": {
        "id": "cell-688100-6371000",
        "bounds": [
          688100,
          6371000,
          688200,
          6371100
        ],
        "areaMetres2": 10000.0,
        "priorCorridorAreaMetres2": 7643.219854896889,
        "extensionAreaMetres2": 2356.7801451031173,
        "reviewableAreaMetres2": 2356.7801451031173,
        "priorInspected": true,
        "selected": true,
        "status": "ambiguous",
        "inspected": true,
        "issueIds": [],
        "holes": [
          14
        ],
        "priorCorridorStatus": "ambiguous",
        "scene": "r5-137",
        "reviewer": "Agent visual inspection of colour/CIR 2026-04-10, LiDAR 2024 and seasonal RGB 2022; explicit full-facility cell review",
        "reviewDate": "2026-09-16",
        "note": "Single southwestern canopy projection beside open practice/tee surroundings is distinguishable in LiDAR and both imagery dates.",
        "treatment": "individuals",
        "acceptedIndividuals": 1,
        "sourceMetadata": "output/visby-tree-pilot/round5/review/r5-137.json",
        "crossPassIssueIds": [
          "r4-r4-83/dalponte-d9-m5/5",
          "r4-r4-83/island/11",
          "r4-r4-83/island/15",
          "r4-r4-84/island/23",
          "r4-low-scrub-83"
        ]
      }
    },
    {
      "type": "Feature",
      "geometry": {
        "type": "Polygon",
        "coordinates": [
          [
            [
              688100.0,
              6371100.0
            ],
            [
              688100.0,
              6371200.0
            ],
            [
              688200.0,
              6371200.0
            ],
            [
              688200.0,
              6371100.0
            ],
            [
              688100.0,
              6371100.0
            ]
          ]
        ]
      },
      "properties": {
        "id": "cell-688100-6371100",
        "bounds": [
          688100,
          6371100,
          688200,
          6371200
        ],
        "areaMetres2": 10000.0,
        "priorCorridorAreaMetres2": 2258.925359379223,
        "extensionAreaMetres2": 7741.074640620776,
        "reviewableAreaMetres2": 7741.074640620776,
        "priorInspected": true,
        "selected": true,
        "status": "ambiguous",
        "inspected": true,
        "issueIds": [
          "r5-low-138"
        ],
        "holes": [
          14,
          15
        ],
        "priorCorridorStatus": "ambiguous",
        "scene": "r5-138",
        "reviewer": "Agent visual inspection of colour/CIR 2026-04-10, LiDAR 2024 and seasonal RGB 2022; explicit full-facility cell review",
        "reviewDate": "2026-09-16",
        "note": "Connected low deciduous grove beside the path retains measured woodland treatment. Keep the earlier ambiguous crown case unresolved and flag an isolated low clump without height.",
        "treatment": "woodland",
        "acceptedIndividuals": 0,
        "sourceMetadata": "output/visby-tree-pilot/round5/review/r5-138.json",
        "crossPassIssueIds": [
          "r1-ref-cal14-005",
          "r1-ref-cal14-006",
          "r4-r4-77/dalponte-d9-m5/9",
          "r4-r4-83/dalponte-d9-m5/5",
          "r4-r4-84/island/21",
          "r4-r4-84/island/23",
          "r5-low-138",
          "r5-canopy-cell-688000-6371100",
          "r5-canopy-cell-688100-6371100"
        ]
      }
    },
    {
      "type": "Feature",
      "geometry": {
        "type": "Polygon",
        "coordinates": [
          [
            [
              688100.0,
              6371200.0
            ],
            [
              688100.0,
              6371300.0
            ],
            [
              688200.0,
              6371300.0
            ],
            [
              688200.0,
              6371200.0
            ],
            [
              688100.0,
              6371200.0
            ]
          ]
        ]
      },
      "properties": {
        "id": "cell-688100-6371200",
        "bounds": [
          688100,
          6371200,
          688200,
          6371300
        ],
        "areaMetres2": 10000.0,
        "priorCorridorAreaMetres2": 1681.282288608844,
        "extensionAreaMetres2": 8318.717711391158,
        "reviewableAreaMetres2": 8318.717711391157,
        "priorInspected": true,
        "selected": true,
        "status": "ambiguous",
        "inspected": true,
        "issueIds": [
          "r5-139/dalponte-d9-m5/1",
          "r5-139/island/11",
          "r5-139/dalponte-d9-m5/4"
        ],
        "holes": [
          15
        ],
        "priorCorridorStatus": "reviewed",
        "scene": "r5-139",
        "reviewer": "Agent visual inspection of colour/CIR 2026-04-10, LiDAR 2024 and seasonal RGB 2022; explicit full-facility cell review",
        "reviewDate": "2026-09-16",
        "note": "One compact crown beside the path has coherent height and imagery. Joined western and broad low eastern segments do not establish separate stems.",
        "treatment": "individuals",
        "acceptedIndividuals": 1,
        "sourceMetadata": "output/visby-tree-pilot/round5/review/r5-139.json",
        "crossPassIssueIds": [
          "r4-r5-139/dalponte-d9-m5/1",
          "r4-r5-139/island/11",
          "r4-r5-139/dalponte-d9-m5/4",
          "r5-canopy-cell-688100-6371200"
        ]
      }
    },
    {
      "type": "Feature",
      "geometry": {
        "type": "Polygon",
        "coordinates": [
          [
            [
              688200.0,
              6371300.0
            ],
            [
              688100.0,
              6371300.0
            ],
            [
              688100.0,
              6371400.0
            ],
            [
              688149.1645067595,
              6371400.0
            ],
            [
              688200.0,
              6371331.974233303
            ],
            [
              688200.0,
              6371300.0
            ]
          ]
        ]
      },
      "properties": {
        "id": "cell-688100-6371300",
        "bounds": [
          688100,
          6371300,
          688200,
          6371400
        ],
        "areaMetres2": 8270.938298452797,
        "priorCorridorAreaMetres2": 0.0,
        "extensionAreaMetres2": 8270.938298452797,
        "reviewableAreaMetres2": 8270.938298452797,
        "priorInspected": false,
        "selected": true,
        "status": "ambiguous",
        "inspected": true,
        "issueIds": [
          "r5-140/island/9",
          "r5-140/island/13"
        ],
        "holes": [],
        "scene": "r5-140",
        "reviewer": "Agent visual inspection of colour/CIR 2026-04-10, LiDAR 2024 and seasonal RGB 2022; explicit full-facility cell review",
        "reviewDate": "2026-09-16",
        "note": "Eastern member of the isolated two-crown group is distinct in height and summer imagery; two small boundary fragments remain uncertain.",
        "treatment": "individuals",
        "acceptedIndividuals": 1,
        "sourceMetadata": "output/visby-tree-pilot/round5/review/r5-140.json",
        "crossPassIssueIds": [
          "r4-r5-140/island/9",
          "r4-r5-140/island/13",
          "r5-canopy-cell-688100-6371300"
        ]
      }
    },
    {
      "type": "Feature",
      "geometry": {
        "type": "Polygon",
        "coordinates": [
          [
            [
              688100.0,
              6371400.0
            ],
            [
              688100.0,
              6371499.5910052005
            ],
            [
              688146.3406987793,
              6371403.778692614
            ],
            [
              688149.1645067595,
              6371400.0
            ],
            [
              688100.0,
              6371400.0
            ]
          ]
        ]
      },
      "properties": {
        "id": "cell-688100-6371400",
        "bounds": [
          688100,
          6371400,
          688200,
          6371500
        ],
        "areaMetres2": 2400.4471658524726,
        "priorCorridorAreaMetres2": 0.0,
        "extensionAreaMetres2": 2400.4471658524726,
        "reviewableAreaMetres2": 2400.4471658524726,
        "priorInspected": false,
        "selected": true,
        "status": "ambiguous",
        "inspected": true,
        "issueIds": [
          "r5-141/dalponte-d9-m5/48"
        ],
        "holes": [],
        "scene": "r5-141",
        "reviewer": "Agent visual inspection of colour/CIR 2026-04-10, LiDAR 2024 and seasonal RGB 2022; explicit full-facility cell review",
        "reviewDate": "2026-09-16",
        "note": "Two distinguishable crowns on the facility side of the residential boundary are supported by separate height peaks. Southern irregular segment joins an existing crown.",
        "treatment": "individuals",
        "acceptedIndividuals": 2,
        "sourceMetadata": "output/visby-tree-pilot/round5/review/r5-141.json",
        "crossPassIssueIds": [
          "r4-r5-128/dalponte-d9-m5/11",
          "r4-r5-141/dalponte-d9-m5/48",
          "r5-canopy-cell-688100-6371400"
        ]
      }
    },
    {
      "type": "Feature",
      "geometry": {
        "type": "Polygon",
        "coordinates": [
          [
            [
              688200.0,
              6370800.0
            ],
            [
              688200.714902946,
              6370800.0
            ],
            [
              688200.0,
              6370799.651002682
            ],
            [
              688200.0,
              6370800.0
            ]
          ]
        ]
      },
      "properties": {
        "id": "cell-688200-6370700",
        "bounds": [
          688200,
          6370700,
          688300,
          6370800
        ],
        "areaMetres2": 0.12474960546329818,
        "priorCorridorAreaMetres2": 0.0,
        "extensionAreaMetres2": 0.12474960546329818,
        "reviewableAreaMetres2": 0.12474960546329818,
        "priorInspected": false,
        "selected": true,
        "status": "reviewed",
        "inspected": true,
        "issueIds": [],
        "holes": [
          13
        ],
        "scene": "r5-142",
        "reviewer": "Agent visual inspection of colour/CIR 2026-04-10, LiDAR 2024 and seasonal RGB 2022; explicit full-facility cell review",
        "reviewDate": "2026-09-16",
        "note": "Only a tiny northwestern boundary sliver belongs to the facility. Visible coastal trees elsewhere in this source panel are outside this facility cell portion.",
        "treatment": "open",
        "acceptedIndividuals": 0,
        "sourceMetadata": "output/visby-tree-pilot/round5/review/r5-142.json",
        "crossPassIssueIds": []
      }
    },
    {
      "type": "Feature",
      "geometry": {
        "type": "Polygon",
        "coordinates": [
          [
            [
              688200.0,
              6370800.0
            ],
            [
              688200.0,
              6370900.0
            ],
            [
              688300.0,
              6370900.0
            ],
            [
              688300.0,
              6370848.468442871
            ],
            [
              688200.714902946,
              6370800.0
            ],
            [
              688200.0,
              6370800.0
            ]
          ]
        ]
      },
      "properties": {
        "id": "cell-688200-6370800",
        "bounds": [
          688200,
          6370800,
          688300,
          6370900
        ],
        "areaMetres2": 7593.902972737228,
        "priorCorridorAreaMetres2": 5372.986517910087,
        "extensionAreaMetres2": 2220.9164548271415,
        "reviewableAreaMetres2": 2220.9164548271415,
        "priorInspected": true,
        "selected": true,
        "status": "ambiguous",
        "inspected": true,
        "issueIds": [
          "r5-143/island/11"
        ],
        "holes": [
          13
        ],
        "priorCorridorStatus": "ambiguous",
        "scene": "r5-143",
        "reviewer": "Agent visual inspection of colour/CIR 2026-04-10, LiDAR 2024 and seasonal RGB 2022; explicit full-facility cell review",
        "reviewDate": "2026-09-16",
        "note": "Narrow facility extension is mainly rough; the elongated northwestern canopy fragment does not define one individual crown.",
        "treatment": "uncertain",
        "acceptedIndividuals": 0,
        "sourceMetadata": "output/visby-tree-pilot/round5/review/r5-143.json",
        "crossPassIssueIds": [
          "r4-r4-86/island/6",
          "r4-r4-86/island/7",
          "r4-r4-86/island/8",
          "r4-r5-143/island/11",
          "r5-canopy-cell-688200-6370800"
        ]
      }
    },
    {
      "type": "Feature",
      "geometry": {
        "type": "Polygon",
        "coordinates": [
          [
            [
              688200.0,
              6370900.0
            ],
            [
              688200.0,
              6371000.0
            ],
            [
              688300.0,
              6371000.0
            ],
            [
              688300.0,
              6370900.0
            ],
            [
              688200.0,
              6370900.0
            ]
          ]
        ]
      },
      "properties": {
        "id": "cell-688200-6370900",
        "bounds": [
          688200,
          6370900,
          688300,
          6371000
        ],
        "areaMetres2": 10000.0,
        "priorCorridorAreaMetres2": 8497.651786495711,
        "extensionAreaMetres2": 1502.3482135042884,
        "reviewableAreaMetres2": 1502.3482135042884,
        "priorInspected": true,
        "selected": true,
        "status": "ambiguous",
        "inspected": true,
        "issueIds": [
          "r5-144/dalponte-d9-m5/3",
          "r5-144/dalponte-d9-m5/14"
        ],
        "holes": [
          13,
          14
        ],
        "priorCorridorStatus": "ambiguous",
        "scene": "r5-144",
        "reviewer": "Agent visual inspection of colour/CIR 2026-04-10, LiDAR 2024 and seasonal RGB 2022; explicit full-facility cell review",
        "reviewDate": "2026-09-16",
        "note": "Two path-facing taller crowns are distinguishable. Broad low connected canopy remains stand treatment, while tiny and prior unresolved fragments stay open.",
        "treatment": "mixed",
        "acceptedIndividuals": 2,
        "sourceMetadata": "output/visby-tree-pilot/round5/review/r5-144.json",
        "crossPassIssueIds": [
          "r4-r4-87/dalponte-d9-m5/12",
          "r4-r4-87/dalponte-d9-m5/17",
          "r4-r4-87/island/10",
          "r4-r5-144/dalponte-d9-m5/3",
          "r4-r5-144/dalponte-d9-m5/14",
          "r5-canopy-cell-688100-6370900",
          "r5-canopy-cell-688200-6370900"
        ]
      }
    },
    {
      "type": "Feature",
      "geometry": {
        "type": "Polygon",
        "coordinates": [
          [
            [
              688300.0,
              6371000.0
            ],
            [
              688200.0,
              6371000.0
            ],
            [
              688200.0,
              6371100.0
            ],
            [
              688285.136612556,
              6371100.0
            ],
            [
              688300.0,
              6371081.091710109
            ],
            [
              688300.0,
              6371000.0
            ]
          ]
        ]
      },
      "properties": {
        "id": "cell-688200-6371000",
        "bounds": [
          688200,
          6371000,
          688300,
          6371100
        ],
        "areaMetres2": 9859.479380724724,
        "priorCorridorAreaMetres2": 3975.7642806177714,
        "extensionAreaMetres2": 5883.715100106953,
        "reviewableAreaMetres2": 5883.715100106954,
        "priorInspected": true,
        "selected": true,
        "status": "reviewed",
        "inspected": true,
        "issueIds": [],
        "holes": [
          14
        ],
        "priorCorridorStatus": "reviewed",
        "scene": "r5-145",
        "reviewer": "Agent visual inspection of colour/CIR 2026-04-10, LiDAR 2024 and seasonal RGB 2022; explicit full-facility cell review",
        "reviewDate": "2026-09-16",
        "note": "Two distinguishable leafless edge crowns face the open golf surface. Tall connected canopy behind them remains woodland; infrared colour alone is not a tree-removal signal.",
        "treatment": "mixed",
        "acceptedIndividuals": 2,
        "sourceMetadata": "output/visby-tree-pilot/round5/review/r5-145.json",
        "crossPassIssueIds": []
      }
    },
    {
      "type": "Feature",
      "geometry": {
        "type": "Polygon",
        "coordinates": [
          [
            [
              688200.0,
              6371100.0
            ],
            [
              688200.0,
              6371200.0
            ],
            [
              688246.7724368225,
              6371200.0
            ],
            [
              688250.115748062,
              6371172.490523593
            ],
            [
              688254.124611053,
              6371139.451566255
            ],
            [
              688285.136612556,
              6371100.0
            ],
            [
              688200.0,
              6371100.0
            ]
          ]
        ]
      },
      "properties": {
        "id": "cell-688200-6371100",
        "bounds": [
          688200,
          6371100,
          688300,
          6371200
        ],
        "areaMetres2": 5801.704701924169,
        "priorCorridorAreaMetres2": 0.0,
        "extensionAreaMetres2": 5801.704701924169,
        "reviewableAreaMetres2": 5801.704701924169,
        "priorInspected": false,
        "selected": true,
        "status": "ambiguous",
        "inspected": true,
        "issueIds": [
          "r5-146/dalponte-d9-m5/16"
        ],
        "holes": [
          14
        ],
        "scene": "r5-146",
        "reviewer": "Agent visual inspection of colour/CIR 2026-04-10, LiDAR 2024 and seasonal RGB 2022; explicit full-facility cell review",
        "reviewDate": "2026-09-16",
        "note": "Continuous deciduous boundary belt has joined low canopy and a taller southern end. Preserve measured woodland and hold the tiny uncertain western fragment.",
        "treatment": "woodland",
        "acceptedIndividuals": 0,
        "sourceMetadata": "output/visby-tree-pilot/round5/review/r5-146.json",
        "crossPassIssueIds": [
          "r4-r5-146/dalponte-d9-m5/16",
          "r5-canopy-cell-688200-6371100"
        ]
      }
    },
    {
      "type": "Feature",
      "geometry": {
        "type": "Polygon",
        "coordinates": [
          [
            [
              688200.0,
              6371200.0
            ],
            [
              688200.0,
              6371300.0
            ],
            [
              688223.8942683031,
              6371300.0
            ],
            [
              688238.5877526352,
              6371280.337841271
            ],
            [
              688243.7126061032,
              6371225.219581112
            ],
            [
              688245.975148437,
              6371206.560258517
            ],
            [
              688246.7724368225,
              6371200.0
            ],
            [
              688200.0,
              6371200.0
            ]
          ]
        ]
      },
      "properties": {
        "id": "cell-688200-6371200",
        "bounds": [
          688200,
          6371200,
          688300,
          6371300
        ],
        "areaMetres2": 4023.3724392227,
        "priorCorridorAreaMetres2": 0.0,
        "extensionAreaMetres2": 4023.3724392227,
        "reviewableAreaMetres2": 4023.3724392227,
        "priorInspected": false,
        "selected": true,
        "status": "ambiguous",
        "inspected": true,
        "issueIds": [],
        "holes": [],
        "scene": "r5-147",
        "reviewer": "Agent visual inspection of colour/CIR 2026-04-10, LiDAR 2024 and seasonal RGB 2022; explicit full-facility cell review",
        "reviewDate": "2026-09-16",
        "note": "One distinguishable western crown faces the open rough. The broad southern low canopy segment remains connected woodland treatment.",
        "treatment": "mixed",
        "acceptedIndividuals": 1,
        "sourceMetadata": "output/visby-tree-pilot/round5/review/r5-147.json",
        "crossPassIssueIds": [
          "r4-r5-139/dalponte-d9-m5/4",
          "r5-canopy-cell-688200-6371200"
        ]
      }
    },
    {
      "type": "Feature",
      "geometry": {
        "type": "Polygon",
        "coordinates": [
          [
            [
              688200.0,
              6371300.0
            ],
            [
              688200.0,
              6371331.974233303
            ],
            [
              688223.8942683031,
              6371300.0
            ],
            [
              688200.0,
              6371300.0
            ]
          ]
        ]
      },
      "properties": {
        "id": "cell-688200-6371300",
        "bounds": [
          688200,
          6371300,
          688300,
          6371400
        ],
        "areaMetres2": 382.0004546659059,
        "priorCorridorAreaMetres2": 0.0,
        "extensionAreaMetres2": 382.0004546659059,
        "reviewableAreaMetres2": 382.0004546659059,
        "priorInspected": false,
        "selected": true,
        "status": "reviewed",
        "inspected": true,
        "issueIds": [],
        "holes": [],
        "scene": "r5-148",
        "reviewer": "Agent visual inspection of colour/CIR 2026-04-10, LiDAR 2024 and seasonal RGB 2022; explicit full-facility cell review",
        "reviewDate": "2026-09-16",
        "note": "Only the small southwestern grass triangle lies within the facility; residential trees and houses in the rest of the source panel remain outside this review scope.",
        "treatment": "open",
        "acceptedIndividuals": 0,
        "sourceMetadata": "output/visby-tree-pilot/round5/review/r5-148.json",
        "crossPassIssueIds": []
      }
    },
    {
      "type": "Feature",
      "geometry": {
        "type": "Polygon",
        "coordinates": [
          [
            [
              688300.0,
              6370900.0
            ],
            [
              688400.0,
              6370900.0
            ],
            [
              688400.0,
              6370897.28588306
            ],
            [
              688300.0,
              6370848.468442871
            ],
            [
              688300.0,
              6370900.0
            ]
          ]
        ]
      },
      "properties": {
        "id": "cell-688300-6370800",
        "bounds": [
          688300,
          6370800,
          688400,
          6370900
        ],
        "areaMetres2": 2712.283703451976,
        "priorCorridorAreaMetres2": 1219.2859498763369,
        "extensionAreaMetres2": 1492.9977535756393,
        "reviewableAreaMetres2": 1492.9977535756393,
        "priorInspected": true,
        "selected": true,
        "status": "ambiguous",
        "inspected": true,
        "issueIds": [],
        "holes": [
          13
        ],
        "priorCorridorStatus": "ambiguous",
        "scene": "r5-149",
        "reviewer": "Agent visual inspection of colour/CIR 2026-04-10, LiDAR 2024 and seasonal RGB 2022; explicit full-facility cell review",
        "reviewDate": "2026-09-16",
        "note": "Connected low deciduous grove is represented as measured woodland, retaining prior unresolved crown cases. No individual stem count is inferred from four segments.",
        "treatment": "woodland",
        "acceptedIndividuals": 0,
        "sourceMetadata": "output/visby-tree-pilot/round5/review/r5-149.json",
        "crossPassIssueIds": [
          "r4-r4-89/dalponte-d9-m5/9",
          "r4-low-edge-90"
        ]
      }
    },
    {
      "type": "Feature",
      "geometry": {
        "type": "Polygon",
        "coordinates": [
          [
            [
              688400.0,
              6370900.0
            ],
            [
              688300.0,
              6370900.0
            ],
            [
              688300.0,
              6371000.0
            ],
            [
              688363.7443953312,
              6371000.0
            ],
            [
              688400.0,
              6370953.877843403
            ],
            [
              688400.0,
              6370900.0
            ]
          ]
        ]
      },
      "properties": {
        "id": "cell-688300-6370900",
        "bounds": [
          688300,
          6370900,
          688400,
          6371000
        ],
        "areaMetres2": 9163.906661979086,
        "priorCorridorAreaMetres2": 3568.529323135348,
        "extensionAreaMetres2": 5595.377338843737,
        "reviewableAreaMetres2": 5595.377338843738,
        "priorInspected": true,
        "selected": true,
        "status": "ambiguous",
        "inspected": true,
        "issueIds": [
          "r5-150/dalponte-d9-m5/14",
          "r5-150/dalponte-d9-m5/13"
        ],
        "holes": [
          13
        ],
        "priorCorridorStatus": "ambiguous",
        "scene": "r5-150",
        "reviewer": "Agent visual inspection of colour/CIR 2026-04-10, LiDAR 2024 and seasonal RGB 2022; explicit full-facility cell review",
        "reviewDate": "2026-09-16",
        "note": "Two compact western-facing crowns are distinguishable on grove edges. Joined deciduous interiors retain woodland treatment; tiny fragmented candidates remain uncertain.",
        "treatment": "mixed",
        "acceptedIndividuals": 2,
        "sourceMetadata": "output/visby-tree-pilot/round5/review/r5-150.json",
        "crossPassIssueIds": [
          "r4-low-edge-90",
          "r4-r5-150/dalponte-d9-m5/14",
          "r4-r5-150/dalponte-d9-m5/13",
          "r4-r5-151/dalponte-d9-m5/28",
          "r5-canopy-cell-688300-6370900"
        ]
      }
    },
    {
      "type": "Feature",
      "geometry": {
        "type": "Polygon",
        "coordinates": [
          [
            [
              688300.0,
              6371000.0
            ],
            [
              688300.0,
              6371081.091710109
            ],
            [
              688363.7443953312,
              6371000.0
            ],
            [
              688300.0,
              6371000.0
            ]
          ]
        ]
      },
      "properties": {
        "id": "cell-688300-6371000",
        "bounds": [
          688300,
          6371000,
          688400,
          6371100
        ],
        "areaMetres2": 2584.571013645882,
        "priorCorridorAreaMetres2": 1404.1039850997295,
        "extensionAreaMetres2": 1180.4670285461525,
        "reviewableAreaMetres2": 1180.467028546152,
        "priorInspected": true,
        "selected": true,
        "status": "ambiguous",
        "inspected": true,
        "issueIds": [
          "r5-151/dalponte-d9-m5/28"
        ],
        "holes": [],
        "priorCorridorStatus": "reviewed",
        "scene": "r5-151",
        "reviewer": "Agent visual inspection of colour/CIR 2026-04-10, LiDAR 2024 and seasonal RGB 2022; explicit full-facility cell review",
        "reviewDate": "2026-09-16",
        "note": "Two large distinguishable boundary crowns face open golf/field land. Joined tall canopy at the western edge retains woodland; the tiny southern return is uncertain.",
        "treatment": "mixed",
        "acceptedIndividuals": 2,
        "sourceMetadata": "output/visby-tree-pilot/round5/review/r5-151.json",
        "crossPassIssueIds": [
          "r4-r5-151/dalponte-d9-m5/28",
          "r5-canopy-cell-688300-6371000"
        ]
      }
    },
    {
      "type": "Feature",
      "geometry": {
        "type": "Polygon",
        "coordinates": [
          [
            [
              688400.0,
              6370900.0
            ],
            [
              688405.5597281004,
              6370900.0
            ],
            [
              688400.0,
              6370897.28588306
            ],
            [
              688400.0,
              6370900.0
            ]
          ]
        ]
      },
      "properties": {
        "id": "cell-688400-6370800",
        "bounds": [
          688400,
          6370800,
          688500,
          6370900
        ],
        "areaMetres2": 7.544876110349844,
        "priorCorridorAreaMetres2": 0.0,
        "extensionAreaMetres2": 7.544876110349844,
        "reviewableAreaMetres2": 7.544876110349844,
        "priorInspected": false,
        "selected": true,
        "status": "reviewed",
        "inspected": true,
        "issueIds": [],
        "holes": [],
        "scene": "r5-152",
        "reviewer": "Agent visual inspection of colour/CIR 2026-04-10, LiDAR 2024 and seasonal RGB 2022; explicit full-facility cell review",
        "reviewDate": "2026-09-16",
        "note": "Facility portion is a tiny northwestern grass triangle. Wet hollows and their low vegetation elsewhere in the panel lie outside the facility boundary.",
        "treatment": "open",
        "acceptedIndividuals": 0,
        "sourceMetadata": "output/visby-tree-pilot/round5/review/r5-152.json",
        "crossPassIssueIds": []
      }
    },
    {
      "type": "Feature",
      "geometry": {
        "type": "Polygon",
        "coordinates": [
          [
            [
              688400.0,
              6370900.0
            ],
            [
              688400.0,
              6370953.877843403
            ],
            [
              688432.1488042905,
              6370912.980106366
            ],
            [
              688405.5597281004,
              6370900.0
            ],
            [
              688400.0,
              6370900.0
            ]
          ]
        ]
      },
      "properties": {
        "id": "cell-688400-6370900",
        "bounds": [
          688400,
          6370900,
          688500,
          6371000
        ],
        "areaMetres2": 902.1370526359398,
        "priorCorridorAreaMetres2": 0.0,
        "extensionAreaMetres2": 902.1370526359398,
        "reviewableAreaMetres2": 902.1370526359398,
        "priorInspected": false,
        "selected": true,
        "status": "reviewed",
        "inspected": true,
        "issueIds": [],
        "holes": [],
        "scene": "r5-153",
        "reviewer": "Agent visual inspection of colour/CIR 2026-04-10, LiDAR 2024 and seasonal RGB 2022; explicit full-facility cell review",
        "reviewDate": "2026-09-16",
        "note": "Owned southwestern triangle contains track and low rough, with no coherent supported tree crown in the four source layers.",
        "treatment": "open",
        "acceptedIndividuals": 0,
        "sourceMetadata": "output/visby-tree-pilot/round5/review/r5-153.json",
        "crossPassIssueIds": []
      }
    }
  ]
}
