{
  "type": "FeatureCollection",
  "name": "Visby national water breaks, clipped to retained terrain",
  "crs": {
    "type": "name",
    "properties": {
      "name": "EPSG:3006"
    }
  },
  "coordinateOrder": [
    "easting",
    "northing",
    "heightRH2000"
  ],
  "verticalCrs": "EPSG:5613",
  "licence": "CC-BY-4.0",
  "attribution": "Markhöjdmodell Nedladdning, © Lantmäteriet, processed data, CC BY 4.0.",
  "bboxEpsg3006": [
    685700.5,
    6368903.5,
    689796.5,
    6372999.5
  ],
  "features": [
    {
      "type": "Feature",
      "id": "lm-636-68-water-1",
      "properties": {
        "sourceId": "water-breaks-lm-1m",
        "sourceItemId": "636_68",
        "sourceFid": 1,
        "sourceFeatureId": "636_68/polygons/1",
        "sourceSha256": "4eefba0956978ce80962f7ef667d0e66a8bd2eea6faefea3f61a23f700dcc69e",
        "sourceClassification": 1,
        "heightRH2000": 0.23,
        "kind": "flattened-water-surface",
        "sourceHeightRangeRH2000": [
          0.184,
          0.23
        ],
        "clippedHeightRangeRH2000": [
          0.22999999999999884,
          0.23
        ],
        "constantSourceHeight": false,
        "heightTreatment": "representative-median-of-clipped-source-vertex-Z",
        "shoreline": {
          "lines": [
            [
              [
                685700.5,
                6369619.857818182,
                0.23
              ],
              [
                685705.9,
                6369624.06,
                0.23
              ],
              [
                685717.97,
                6369626.76,
                0.23
              ],
              [
                685719.92,
                6369634.59,
                0.23
              ],
              [
                685718.22,
                6369640.83,
                0.23
              ],
              [
                685729.6,
                6369652.39,
                0.23
              ],
              [
                685738.13,
                6369661.88,
                0.23
              ],
              [
                685748.4,
                6369671.24,
                0.23
              ],
              [
                685758.2,
                6369679.98,
                0.23
              ],
              [
                685759.1,
                6369680.58,
                0.23
              ],
              [
                685760.83,
                6369682.32,
                0.23
              ],
              [
                685765.12,
                6369686.14,
                0.23
              ],
              [
                685770.55,
                6369691.46,
                0.23
              ],
              [
                685777.56,
                6369698.24,
                0.23
              ],
              [
                685785.43,
                6369705.3,
                0.23
              ],
              [
                685790.93,
                6369712.84,
                0.23
              ],
              [
                685794.55,
                6369717.74,
                0.23
              ],
              [
                685795.32,
                6369719.65,
                0.23
              ],
              [
                685797.48,
                6369721.27,
                0.23
              ],
              [
                685797.46,
                6369724.93,
                0.23
              ],
              [
                685799.27,
                6369729.72,
                0.23
              ],
              [
                685799.85,
                6369735.85,
                0.23
              ],
              [
                685800.03,
                6369739.97,
                0.23
              ],
              [
                685801.0,
                6369744.21,
                0.23
              ],
              [
                685805.4,
                6369754.79,
                0.23
              ],
              [
                685813.03,
                6369761.7,
                0.23
              ],
              [
                685815.68,
                6369768.02,
                0.23
              ],
              [
                685816.63,
                6369769.05,
                0.23
              ],
              [
                685819.21,
                6369776.45,
                0.23
              ],
              [
                685821.54,
                6369781.23,
                0.23
              ],
              [
                685825.21,
                6369786.9,
                0.23
              ],
              [
                685826.88,
                6369789.22,
                0.23
              ],
              [
                685838.63,
                6369803.92,
                0.23
              ],
              [
                685839.74,
                6369804.93,
                0.23
              ],
              [
                685844.91,
                6369809.76,
                0.23
              ],
              [
                685846.46,
                6369812.02,
                0.23
              ],
              [
                685846.59,
                6369813.88,
                0.23
              ],
              [
                685848.03,
                6369815.68,
                0.23
              ],
              [
                685847.16,
                6369820.99,
                0.23
              ],
              [
                685848.23,
                6369831.19,
                0.23
              ],
              [
                685848.33,
                6369831.98,
                0.23
              ],
              [
                685850.46,
                6369840.02,
                0.23
              ],
              [
                685850.46,
                6369845.79,
                0.23
              ],
              [
                685850.9,
                6369848.0,
                0.23
              ],
              [
                685851.29,
                6369853.27,
                0.23
              ],
              [
                685851.19,
                6369859.74,
                0.23
              ],
              [
                685851.96,
                6369867.39,
                0.23
              ],
              [
                685850.86,
                6369873.72,
                0.23
              ],
              [
                685850.49,
                6369878.55,
                0.23
              ],
              [
                685850.51,
                6369899.64,
                0.23
              ],
              [
                685853.09,
                6369910.68,
                0.23
              ],
              [
                685852.69,
                6369915.54,
                0.23
              ],
              [
                685854.37,
                6369920.4,
                0.23
              ],
              [
                685856.87,
                6369925.59,
                0.23
              ],
              [
                685859.41,
                6369931.06,
                0.23
              ],
              [
                685863.56,
                6369936.12,
                0.23
              ],
              [
                685865.01,
                6369943.19,
                0.23
              ],
              [
                685865.22,
                6369943.66,
                0.23
              ],
              [
                685868.49,
                6369951.82,
                0.23
              ],
              [
                685870.94,
                6369958.61,
                0.23
              ],
              [
                685874.31,
                6369966.81,
                0.23
              ],
              [
                685878.35,
                6369974.25,
                0.23
              ],
              [
                685884.41,
                6369984.31,
                0.23
              ],
              [
                685888.75,
                6369990.67,
                0.23
              ],
              [
                685893.94,
                6369995.86,
                0.23
              ],
              [
                685895.34,
                6370000.0,
                0.23
              ]
            ],
            [
              [
                688758.1,
                6370000.0,
                0.23
              ],
              [
                688760.07,
                6369992.64,
                0.23
              ],
              [
                688761.38,
                6369983.15,
                0.23
              ],
              [
                688762.3,
                6369979.4,
                0.23
              ],
              [
                688763.85,
                6369975.92,
                0.23
              ],
              [
                688767.99,
                6369964.3,
                0.23
              ],
              [
                688770.51,
                6369960.24,
                0.23
              ],
              [
                688773.93,
                6369953.09,
                0.23
              ],
              [
                688775.04,
                6369948.18,
                0.23
              ],
              [
                688776.01,
                6369940.97,
                0.23
              ],
              [
                688776.71,
                6369938.18,
                0.23
              ],
              [
                688776.18,
                6369933.55,
                0.23
              ],
              [
                688776.92,
                6369929.6,
                0.23
              ],
              [
                688779.37,
                6369925.32,
                0.23
              ],
              [
                688780.03,
                6369925.01,
                0.23
              ],
              [
                688782.04,
                6369917.06,
                0.23
              ],
              [
                688788.61,
                6369904.04,
                0.23
              ],
              [
                688792.03,
                6369892.05,
                0.23
              ],
              [
                688792.14,
                6369891.86,
                0.23
              ],
              [
                688792.04,
                6369887.33,
                0.23
              ],
              [
                688791.78,
                6369882.89,
                0.23
              ],
              [
                688791.87,
                6369880.67,
                0.23
              ],
              [
                688793.02,
                6369879.25,
                0.23
              ],
              [
                688794.81,
                6369878.88,
                0.23
              ],
              [
                688800.17,
                6369880.37,
                0.23
              ],
              [
                688806.29,
                6369878.37,
                0.23
              ],
              [
                688815.39,
                6369873.41,
                0.23
              ],
              [
                688816.93,
                6369872.15,
                0.23
              ],
              [
                688833.59,
                6369864.01,
                0.23
              ],
              [
                688863.58,
                6369834.05,
                0.23
              ],
              [
                688866.99,
                6369827.05,
                0.23
              ],
              [
                688871.51,
                6369821.54,
                0.23
              ],
              [
                688874.3,
                6369816.51,
                0.23
              ],
              [
                688877.04,
                6369807.06,
                0.23
              ],
              [
                688883.58,
                6369799.05,
                0.23
              ],
              [
                688886.63,
                6369792.97,
                0.23
              ],
              [
                688888.43,
                6369788.83,
                0.23
              ],
              [
                688891.6,
                6369779.85,
                0.23
              ],
              [
                688892.62,
                6369774.92,
                0.23
              ],
              [
                688895.16,
                6369769.63,
                0.23
              ],
              [
                688897.52,
                6369763.59,
                0.23
              ],
              [
                688898.48,
                6369758.55,
                0.23
              ],
              [
                688899.24,
                6369748.46,
                0.23
              ],
              [
                688900.03,
                6369740.07,
                0.23
              ],
              [
                688900.46,
                6369732.43,
                0.23
              ],
              [
                688900.49,
                6369731.19,
                0.23
              ],
              [
                688899.52,
                6369723.41,
                0.23
              ],
              [
                688901.3,
                6369710.97,
                0.23
              ],
              [
                688901.01,
                6369706.05,
                0.23
              ],
              [
                688898.95,
                6369696.66,
                0.23
              ],
              [
                688898.76,
                6369696.33,
                0.23
              ],
              [
                688893.42,
                6369689.92,
                0.23
              ],
              [
                688890.51,
                6369689.93,
                0.23
              ],
              [
                688888.45,
                6369690.32,
                0.23
              ],
              [
                688885.52,
                6369690.23,
                0.23
              ],
              [
                688884.71,
                6369689.14,
                0.23
              ],
              [
                688884.68,
                6369687.43,
                0.23
              ],
              [
                688886.11,
                6369686.71,
                0.23
              ],
              [
                688892.02,
                6369685.56,
                0.23
              ],
              [
                688894.69,
                6369681.92,
                0.23
              ],
              [
                688897.86,
                6369676.25,
                0.23
              ],
              [
                688901.25,
                6369670.01,
                0.23
              ],
              [
                688902.8,
                6369663.1,
                0.23
              ],
              [
                688904.93,
                6369657.5,
                0.23
              ],
              [
                688908.0,
                6369646.65,
                0.23
              ],
              [
                688910.19,
                6369636.96,
                0.23
              ],
              [
                688912.63,
                6369625.13,
                0.23
              ],
              [
                688911.47,
                6369618.18,
                0.23
              ],
              [
                688906.84,
                6369610.17,
                0.23
              ],
              [
                688905.75,
                6369603.94,
                0.23
              ],
              [
                688904.07,
                6369599.03,
                0.23
              ],
              [
                688906.45,
                6369594.16,
                0.23
              ],
              [
                688907.03,
                6369587.04,
                0.23
              ],
              [
                688909.4,
                6369584.13,
                0.23
              ],
              [
                688909.8,
                6369579.0,
                0.23
              ],
              [
                688912.62,
                6369573.67,
                0.23
              ],
              [
                688914.89,
                6369570.68,
                0.23
              ],
              [
                688917.42,
                6369568.0,
                0.23
              ],
              [
                688917.55,
                6369567.62,
                0.23
              ],
              [
                688918.46,
                6369566.9,
                0.23
              ],
              [
                688928.59,
                6369556.2,
                0.23
              ],
              [
                688932.11,
                6369552.05,
                0.23
              ],
              [
                688936.09,
                6369546.41,
                0.23
              ],
              [
                688944.3,
                6369539.3,
                0.23
              ],
              [
                688945.23,
                6369536.47,
                0.23
              ],
              [
                688947.53,
                6369530.13,
                0.23
              ],
              [
                688951.54,
                6369523.75,
                0.23
              ],
              [
                688952.03,
                6369522.05,
                0.23
              ],
              [
                688955.84,
                6369514.51,
                0.23
              ],
              [
                688956.98,
                6369510.19,
                0.23
              ],
              [
                688958.31,
                6369506.85,
                0.23
              ],
              [
                688961.77,
                6369499.03,
                0.23
              ],
              [
                688963.84,
                6369491.91,
                0.23
              ],
              [
                688964.83,
                6369487.29,
                0.23
              ],
              [
                688967.23,
                6369477.39,
                0.23
              ],
              [
                688969.26,
                6369467.09,
                0.23
              ],
              [
                688969.05,
                6369462.24,
                0.23
              ],
              [
                688968.87,
                6369459.6,
                0.23
              ],
              [
                688970.3,
                6369457.47,
                0.23
              ],
              [
                688972.94,
                6369455.01,
                0.23
              ],
              [
                688974.68,
                6369451.53,
                0.23
              ],
              [
                688978.76,
                6369445.0,
                0.23
              ],
              [
                688980.77,
                6369442.34,
                0.23
              ],
              [
                688983.47,
                6369433.97,
                0.23
              ],
              [
                688984.49,
                6369428.48,
                0.23
              ],
              [
                688985.68,
                6369424.93,
                0.23
              ],
              [
                688986.23,
                6369421.75,
                0.23
              ],
              [
                688985.56,
                6369419.48,
                0.23
              ],
              [
                688983.89,
                6369416.32,
                0.23
              ],
              [
                688984.27,
                6369413.96,
                0.23
              ],
              [
                688985.55,
                6369412.0,
                0.23
              ],
              [
                688987.72,
                6369409.87,
                0.23
              ],
              [
                688989.57,
                6369406.3,
                0.23
              ],
              [
                688990.34,
                6369401.66,
                0.23
              ],
              [
                688989.5,
                6369394.84,
                0.23
              ],
              [
                688988.04,
                6369387.96,
                0.23
              ],
              [
                688987.62,
                6369388.21,
                0.23
              ],
              [
                688990.56,
                6369379.81,
                0.23
              ],
              [
                688991.96,
                6369378.1,
                0.23
              ],
              [
                688994.86,
                6369376.48,
                0.23
              ],
              [
                688997.5,
                6369371.85,
                0.23
              ],
              [
                689000.0,
                6369366.73,
                0.23
              ],
              [
                689004.47,
                6369360.13,
                0.23
              ],
              [
                689005.37,
                6369355.7,
                0.23
              ],
              [
                689003.98,
                6369353.43,
                0.23
              ],
              [
                689002.05,
                6369352.08,
                0.23
              ],
              [
                689002.1,
                6369350.8,
                0.23
              ],
              [
                689004.4,
                6369350.34,
                0.23
              ],
              [
                689008.5,
                6369349.87,
                0.23
              ],
              [
                689010.97,
                6369349.5,
                0.23
              ],
              [
                689012.84,
                6369347.44,
                0.23
              ],
              [
                689013.12,
                6369346.32,
                0.23
              ],
              [
                689010.81,
                6369344.11,
                0.23
              ],
              [
                689005.59,
                6369342.26,
                0.23
              ],
              [
                689003.98,
                6369339.78,
                0.23
              ],
              [
                689003.89,
                6369338.08,
                0.23
              ],
              [
                689007.55,
                6369338.14,
                0.23
              ],
              [
                689009.48,
                6369336.61,
                0.23
              ],
              [
                689008.1,
                6369333.36,
                0.23
              ],
              [
                689004.95,
                6369331.54,
                0.23
              ],
              [
                689002.89,
                6369327.48,
                0.23
              ],
              [
                689003.67,
                6369324.65,
                0.23
              ],
              [
                689007.46,
                6369318.51,
                0.23
              ],
              [
                689011.79,
                6369309.83,
                0.23
              ],
              [
                689019.84,
                6369305.27,
                0.23
              ],
              [
                689025.6,
                6369303.8,
                0.23
              ],
              [
                689028.55,
                6369303.88,
                0.23
              ],
              [
                689031.31,
                6369302.52,
                0.23
              ],
              [
                689035.5,
                6369302.61,
                0.23
              ],
              [
                689038.66,
                6369300.45,
                0.23
              ],
              [
                689040.97,
                6369294.97,
                0.23
              ],
              [
                689042.69,
                6369289.53,
                0.23
              ],
              [
                689045.15,
                6369278.69,
                0.23
              ],
              [
                689048.49,
                6369267.17,
                0.23
              ],
              [
                689050.17,
                6369259.53,
                0.23
              ],
              [
                689050.7,
                6369250.0,
                0.23
              ],
              [
                689050.73,
                6369244.66,
                0.23
              ],
              [
                689047.9,
                6369241.95,
                0.23
              ],
              [
                689050.74,
                6369239.98,
                0.23
              ],
              [
                689050.75,
                6369238.04,
                0.23
              ],
              [
                689049.84,
                6369231.11,
                0.23
              ],
              [
                689049.15,
                6369224.06,
                0.23
              ],
              [
                689049.77,
                6369218.94,
                0.23
              ],
              [
                689049.73,
                6369211.82,
                0.23
              ],
              [
                689049.38,
                6369208.87,
                0.23
              ],
              [
                689047.45,
                6369203.78,
                0.23
              ],
              [
                689048.45,
                6369198.45,
                0.23
              ],
              [
                689048.3,
                6369192.46,
                0.23
              ],
              [
                689045.95,
                6369180.72,
                0.23
              ],
              [
                689043.68,
                6369171.44,
                0.23
              ],
              [
                689039.34,
                6369161.68,
                0.23
              ],
              [
                689034.03,
                6369153.68,
                0.23
              ],
              [
                689032.57,
                6369152.56,
                0.23
              ],
              [
                689032.26,
                6369151.64,
                0.23
              ],
              [
                689024.67,
                6369143.43,
                0.23
              ],
              [
                689020.71,
                6369137.32,
                0.23
              ],
              [
                689019.31,
                6369134.95,
                0.23
              ],
              [
                689014.39,
                6369128.12,
                0.23
              ],
              [
                689009.65,
                6369122.39,
                0.23
              ],
              [
                689003.52,
                6369118.93,
                0.23
              ],
              [
                688998.33,
                6369118.92,
                0.23
              ],
              [
                688994.98,
                6369120.96,
                0.23
              ],
              [
                688991.47,
                6369119.93,
                0.23
              ],
              [
                688983.59,
                6369112.65,
                0.23
              ],
              [
                688981.54,
                6369108.57,
                0.23
              ],
              [
                688982.32,
                6369104.65,
                0.23
              ],
              [
                688983.86,
                6369101.99,
                0.23
              ],
              [
                688985.59,
                6369099.64,
                0.23
              ],
              [
                688984.62,
                6369095.2,
                0.23
              ],
              [
                688982.99,
                6369090.87,
                0.23
              ],
              [
                688980.57,
                6369087.6,
                0.23
              ],
              [
                688974.65,
                6369088.04,
                0.23
              ],
              [
                688970.41,
                6369087.45,
                0.23
              ],
              [
                688967.72,
                6369084.92,
                0.23
              ],
              [
                688965.82,
                6369080.61,
                0.23
              ],
              [
                688965.75,
                6369075.77,
                0.23
              ],
              [
                688966.6,
                6369070.79,
                0.23
              ],
              [
                688967.74,
                6369064.63,
                0.23
              ],
              [
                688970.04,
                6369059.2,
                0.23
              ],
              [
                688972.4,
                6369055.76,
                0.23
              ],
              [
                688973.21,
                6369050.48,
                0.23
              ],
              [
                688972.3,
                6369044.78,
                0.23
              ],
              [
                688971.37,
                6369038.51,
                0.23
              ],
              [
                688973.23,
                6369031.29,
                0.23
              ],
              [
                688976.58,
                6369025.79,
                0.23
              ],
              [
                688975.26,
                6369019.01,
                0.23
              ],
              [
                688972.86,
                6369014.79,
                0.23
              ],
              [
                688971.93,
                6369004.03,
                0.23
              ],
              [
                688974.38,
                6368996.5,
                0.23
              ],
              [
                688976.9,
                6368990.55,
                0.23
              ],
              [
                688981.14,
                6368984.45,
                0.23
              ],
              [
                688982.08,
                6368975.72,
                0.23
              ],
              [
                688981.3,
                6368969.33,
                0.23
              ],
              [
                688977.91,
                6368963.91,
                0.23
              ],
              [
                688976.03,
                6368959.54,
                0.23
              ],
              [
                688976.41,
                6368954.19,
                0.23
              ],
              [
                688980.05,
                6368947.9,
                0.23
              ],
              [
                688980.76,
                6368943.45,
                0.23
              ],
              [
                688980.12,
                6368939.97,
                0.23
              ],
              [
                688977.06,
                6368934.92,
                0.23
              ],
              [
                688974.56,
                6368930.4,
                0.23
              ],
              [
                688971.94,
                6368924.43,
                0.23
              ],
              [
                688972.6,
                6368917.97,
                0.23
              ],
              [
                688974.52,
                6368912.05,
                0.23
              ],
              [
                688973.3,
                6368905.68,
                0.23
              ],
              [
                688973.6856923077,
                6368903.5,
                0.23
              ]
            ]
          ],
          "coordinateOrder": [
            "easting",
            "northing",
            "heightRH2000"
          ],
          "source": "canonical-water-boundary-minus-AOI-and-source-item-rectangle-edges",
          "suppressedArtificialEdges": 4,
          "reviewStatus": "source-derived-water-boundary-not-surveyed-shore"
        },
        "waterKind": "sea",
        "isSea": true,
        "seaAssociation": "contains-declared-offshore-reference-point",
        "offshoreReferenceEpsg3006": [
          686000,
          6369500
        ],
        "geometryUse": "source-derived-candidate",
        "reviewStatus": "source-topology-checked-not-field-reviewed",
        "clipBoundaryIsShore": false,
        "bathymetry": null
      },
      "geometry": {
        "type": "Polygon",
        "coordinates": [
          [
            [
              685705.9,
              6369624.06,
              0.23
            ],
            [
              685717.97,
              6369626.76,
              0.23
            ],
            [
              685719.92,
              6369634.59,
              0.23
            ],
            [
              685718.22,
              6369640.83,
              0.23
            ],
            [
              685729.6,
              6369652.39,
              0.23
            ],
            [
              685738.13,
              6369661.88,
              0.23
            ],
            [
              685748.4,
              6369671.24,
              0.23
            ],
            [
              685758.2,
              6369679.98,
              0.23
            ],
            [
              685759.1,
              6369680.58,
              0.23
            ],
            [
              685760.83,
              6369682.32,
              0.23
            ],
            [
              685765.12,
              6369686.14,
              0.23
            ],
            [
              685770.55,
              6369691.46,
              0.23
            ],
            [
              685777.56,
              6369698.24,
              0.23
            ],
            [
              685785.43,
              6369705.3,
              0.23
            ],
            [
              685790.93,
              6369712.84,
              0.23
            ],
            [
              685794.55,
              6369717.74,
              0.23
            ],
            [
              685795.32,
              6369719.65,
              0.23
            ],
            [
              685797.48,
              6369721.27,
              0.23
            ],
            [
              685797.46,
              6369724.93,
              0.23
            ],
            [
              685799.27,
              6369729.72,
              0.23
            ],
            [
              685799.85,
              6369735.85,
              0.23
            ],
            [
              685800.03,
              6369739.97,
              0.23
            ],
            [
              685801.0,
              6369744.21,
              0.23
            ],
            [
              685805.4,
              6369754.79,
              0.23
            ],
            [
              685813.03,
              6369761.7,
              0.23
            ],
            [
              685815.68,
              6369768.02,
              0.23
            ],
            [
              685816.63,
              6369769.05,
              0.23
            ],
            [
              685819.21,
              6369776.45,
              0.23
            ],
            [
              685821.54,
              6369781.23,
              0.23
            ],
            [
              685825.21,
              6369786.9,
              0.23
            ],
            [
              685826.88,
              6369789.22,
              0.23
            ],
            [
              685838.63,
              6369803.92,
              0.23
            ],
            [
              685839.74,
              6369804.93,
              0.23
            ],
            [
              685844.91,
              6369809.76,
              0.23
            ],
            [
              685846.46,
              6369812.02,
              0.23
            ],
            [
              685846.59,
              6369813.88,
              0.23
            ],
            [
              685848.03,
              6369815.68,
              0.23
            ],
            [
              685847.16,
              6369820.99,
              0.23
            ],
            [
              685848.23,
              6369831.19,
              0.23
            ],
            [
              685848.33,
              6369831.98,
              0.23
            ],
            [
              685850.46,
              6369840.02,
              0.23
            ],
            [
              685850.46,
              6369845.79,
              0.23
            ],
            [
              685850.9,
              6369848.0,
              0.23
            ],
            [
              685851.29,
              6369853.27,
              0.23
            ],
            [
              685851.19,
              6369859.74,
              0.23
            ],
            [
              685851.96,
              6369867.39,
              0.23
            ],
            [
              685850.86,
              6369873.72,
              0.23
            ],
            [
              685850.49,
              6369878.55,
              0.23
            ],
            [
              685850.51,
              6369899.64,
              0.23
            ],
            [
              685853.09,
              6369910.68,
              0.23
            ],
            [
              685852.69,
              6369915.54,
              0.23
            ],
            [
              685854.37,
              6369920.4,
              0.23
            ],
            [
              685856.87,
              6369925.59,
              0.23
            ],
            [
              685859.41,
              6369931.06,
              0.23
            ],
            [
              685863.56,
              6369936.12,
              0.23
            ],
            [
              685865.01,
              6369943.19,
              0.23
            ],
            [
              685865.22,
              6369943.66,
              0.23
            ],
            [
              685868.49,
              6369951.82,
              0.23
            ],
            [
              685870.94,
              6369958.61,
              0.23
            ],
            [
              685874.31,
              6369966.81,
              0.23
            ],
            [
              685878.35,
              6369974.25,
              0.23
            ],
            [
              685884.41,
              6369984.31,
              0.23
            ],
            [
              685888.75,
              6369990.67,
              0.23
            ],
            [
              685893.94,
              6369995.86,
              0.23
            ],
            [
              685895.34,
              6370000.0,
              0.23
            ],
            [
              687500.0,
              6370000.0,
              0.23
            ],
            [
              688758.1,
              6370000.0,
              0.23
            ],
            [
              688760.07,
              6369992.64,
              0.23
            ],
            [
              688761.38,
              6369983.15,
              0.23
            ],
            [
              688762.3,
              6369979.4,
              0.23
            ],
            [
              688763.85,
              6369975.92,
              0.23
            ],
            [
              688767.99,
              6369964.3,
              0.23
            ],
            [
              688770.51,
              6369960.24,
              0.23
            ],
            [
              688773.93,
              6369953.09,
              0.23
            ],
            [
              688775.04,
              6369948.18,
              0.23
            ],
            [
              688776.01,
              6369940.97,
              0.23
            ],
            [
              688776.71,
              6369938.18,
              0.23
            ],
            [
              688776.18,
              6369933.55,
              0.23
            ],
            [
              688776.92,
              6369929.6,
              0.23
            ],
            [
              688779.37,
              6369925.32,
              0.23
            ],
            [
              688780.03,
              6369925.01,
              0.23
            ],
            [
              688782.04,
              6369917.06,
              0.23
            ],
            [
              688788.61,
              6369904.04,
              0.23
            ],
            [
              688792.03,
              6369892.05,
              0.23
            ],
            [
              688792.14,
              6369891.86,
              0.23
            ],
            [
              688792.04,
              6369887.33,
              0.23
            ],
            [
              688791.78,
              6369882.89,
              0.23
            ],
            [
              688791.87,
              6369880.67,
              0.23
            ],
            [
              688793.02,
              6369879.25,
              0.23
            ],
            [
              688794.81,
              6369878.88,
              0.23
            ],
            [
              688800.17,
              6369880.37,
              0.23
            ],
            [
              688806.29,
              6369878.37,
              0.23
            ],
            [
              688815.39,
              6369873.41,
              0.23
            ],
            [
              688816.93,
              6369872.15,
              0.23
            ],
            [
              688833.59,
              6369864.01,
              0.23
            ],
            [
              688863.58,
              6369834.05,
              0.23
            ],
            [
              688866.99,
              6369827.05,
              0.23
            ],
            [
              688871.51,
              6369821.54,
              0.23
            ],
            [
              688874.3,
              6369816.51,
              0.23
            ],
            [
              688877.04,
              6369807.06,
              0.23
            ],
            [
              688883.58,
              6369799.05,
              0.23
            ],
            [
              688886.63,
              6369792.97,
              0.23
            ],
            [
              688888.43,
              6369788.83,
              0.23
            ],
            [
              688891.6,
              6369779.85,
              0.23
            ],
            [
              688892.62,
              6369774.92,
              0.23
            ],
            [
              688895.16,
              6369769.63,
              0.23
            ],
            [
              688897.52,
              6369763.59,
              0.23
            ],
            [
              688898.48,
              6369758.55,
              0.23
            ],
            [
              688899.24,
              6369748.46,
              0.23
            ],
            [
              688900.03,
              6369740.07,
              0.23
            ],
            [
              688900.46,
              6369732.43,
              0.23
            ],
            [
              688900.49,
              6369731.19,
              0.23
            ],
            [
              688899.52,
              6369723.41,
              0.23
            ],
            [
              688901.3,
              6369710.97,
              0.23
            ],
            [
              688901.01,
              6369706.05,
              0.23
            ],
            [
              688898.95,
              6369696.66,
              0.23
            ],
            [
              688898.76,
              6369696.33,
              0.23
            ],
            [
              688893.42,
              6369689.92,
              0.23
            ],
            [
              688890.51,
              6369689.93,
              0.23
            ],
            [
              688888.45,
              6369690.32,
              0.23
            ],
            [
              688885.52,
              6369690.23,
              0.23
            ],
            [
              688884.71,
              6369689.14,
              0.23
            ],
            [
              688884.68,
              6369687.43,
              0.23
            ],
            [
              688886.11,
              6369686.71,
              0.23
            ],
            [
              688892.02,
              6369685.56,
              0.23
            ],
            [
              688894.69,
              6369681.92,
              0.23
            ],
            [
              688897.86,
              6369676.25,
              0.23
            ],
            [
              688901.25,
              6369670.01,
              0.23
            ],
            [
              688902.8,
              6369663.1,
              0.23
            ],
            [
              688904.93,
              6369657.5,
              0.23
            ],
            [
              688908.0,
              6369646.65,
              0.23
            ],
            [
              688910.19,
              6369636.96,
              0.23
            ],
            [
              688912.63,
              6369625.13,
              0.23
            ],
            [
              688911.47,
              6369618.18,
              0.23
            ],
            [
              688906.84,
              6369610.17,
              0.23
            ],
            [
              688905.75,
              6369603.94,
              0.23
            ],
            [
              688904.07,
              6369599.03,
              0.23
            ],
            [
              688906.45,
              6369594.16,
              0.23
            ],
            [
              688907.03,
              6369587.04,
              0.23
            ],
            [
              688909.4,
              6369584.13,
              0.23
            ],
            [
              688909.8,
              6369579.0,
              0.23
            ],
            [
              688912.62,
              6369573.67,
              0.23
            ],
            [
              688914.89,
              6369570.68,
              0.23
            ],
            [
              688917.42,
              6369568.0,
              0.23
            ],
            [
              688917.55,
              6369567.62,
              0.23
            ],
            [
              688918.46,
              6369566.9,
              0.23
            ],
            [
              688928.59,
              6369556.2,
              0.23
            ],
            [
              688932.11,
              6369552.05,
              0.23
            ],
            [
              688936.09,
              6369546.41,
              0.23
            ],
            [
              688944.3,
              6369539.3,
              0.23
            ],
            [
              688945.23,
              6369536.47,
              0.23
            ],
            [
              688947.53,
              6369530.13,
              0.23
            ],
            [
              688951.54,
              6369523.75,
              0.23
            ],
            [
              688952.03,
              6369522.05,
              0.23
            ],
            [
              688955.84,
              6369514.51,
              0.23
            ],
            [
              688956.98,
              6369510.19,
              0.23
            ],
            [
              688958.31,
              6369506.85,
              0.23
            ],
            [
              688961.77,
              6369499.03,
              0.23
            ],
            [
              688963.84,
              6369491.91,
              0.23
            ],
            [
              688964.83,
              6369487.29,
              0.23
            ],
            [
              688967.23,
              6369477.39,
              0.23
            ],
            [
              688969.26,
              6369467.09,
              0.23
            ],
            [
              688969.05,
              6369462.24,
              0.23
            ],
            [
              688968.87,
              6369459.6,
              0.23
            ],
            [
              688970.3,
              6369457.47,
              0.23
            ],
            [
              688972.94,
              6369455.01,
              0.23
            ],
            [
              688974.68,
              6369451.53,
              0.23
            ],
            [
              688978.76,
              6369445.0,
              0.23
            ],
            [
              688980.77,
              6369442.34,
              0.23
            ],
            [
              688983.47,
              6369433.97,
              0.23
            ],
            [
              688984.49,
              6369428.48,
              0.23
            ],
            [
              688985.68,
              6369424.93,
              0.23
            ],
            [
              688986.23,
              6369421.75,
              0.23
            ],
            [
              688985.56,
              6369419.48,
              0.23
            ],
            [
              688983.89,
              6369416.32,
              0.23
            ],
            [
              688984.27,
              6369413.96,
              0.23
            ],
            [
              688985.55,
              6369412.0,
              0.23
            ],
            [
              688987.72,
              6369409.87,
              0.23
            ],
            [
              688989.57,
              6369406.3,
              0.23
            ],
            [
              688990.34,
              6369401.66,
              0.23
            ],
            [
              688989.5,
              6369394.84,
              0.23
            ],
            [
              688988.04,
              6369387.96,
              0.23
            ],
            [
              688987.62,
              6369388.21,
              0.23
            ],
            [
              688990.56,
              6369379.81,
              0.23
            ],
            [
              688991.96,
              6369378.1,
              0.23
            ],
            [
              688994.86,
              6369376.48,
              0.23
            ],
            [
              688997.5,
              6369371.85,
              0.23
            ],
            [
              689000.0,
              6369366.73,
              0.23
            ],
            [
              689004.47,
              6369360.13,
              0.23
            ],
            [
              689005.37,
              6369355.7,
              0.23
            ],
            [
              689003.98,
              6369353.43,
              0.23
            ],
            [
              689002.05,
              6369352.08,
              0.23
            ],
            [
              689002.1,
              6369350.8,
              0.23
            ],
            [
              689004.4,
              6369350.34,
              0.23
            ],
            [
              689008.5,
              6369349.87,
              0.23
            ],
            [
              689010.97,
              6369349.5,
              0.23
            ],
            [
              689012.84,
              6369347.44,
              0.23
            ],
            [
              689013.12,
              6369346.32,
              0.23
            ],
            [
              689010.81,
              6369344.11,
              0.23
            ],
            [
              689005.59,
              6369342.26,
              0.23
            ],
            [
              689003.98,
              6369339.78,
              0.23
            ],
            [
              689003.89,
              6369338.08,
              0.23
            ],
            [
              689007.55,
              6369338.14,
              0.23
            ],
            [
              689009.48,
              6369336.61,
              0.23
            ],
            [
              689008.1,
              6369333.36,
              0.23
            ],
            [
              689004.95,
              6369331.54,
              0.23
            ],
            [
              689002.89,
              6369327.48,
              0.23
            ],
            [
              689003.67,
              6369324.65,
              0.23
            ],
            [
              689007.46,
              6369318.51,
              0.23
            ],
            [
              689011.79,
              6369309.83,
              0.23
            ],
            [
              689019.84,
              6369305.27,
              0.23
            ],
            [
              689025.6,
              6369303.8,
              0.23
            ],
            [
              689028.55,
              6369303.88,
              0.23
            ],
            [
              689031.31,
              6369302.52,
              0.23
            ],
            [
              689035.5,
              6369302.61,
              0.23
            ],
            [
              689038.66,
              6369300.45,
              0.23
            ],
            [
              689040.97,
              6369294.97,
              0.23
            ],
            [
              689042.69,
              6369289.53,
              0.23
            ],
            [
              689045.15,
              6369278.69,
              0.23
            ],
            [
              689048.49,
              6369267.17,
              0.23
            ],
            [
              689050.17,
              6369259.53,
              0.23
            ],
            [
              689050.7,
              6369250.0,
              0.23
            ],
            [
              689050.73,
              6369244.66,
              0.23
            ],
            [
              689047.9,
              6369241.95,
              0.23
            ],
            [
              689050.74,
              6369239.98,
              0.23
            ],
            [
              689050.75,
              6369238.04,
              0.23
            ],
            [
              689049.84,
              6369231.11,
              0.23
            ],
            [
              689049.15,
              6369224.06,
              0.23
            ],
            [
              689049.77,
              6369218.94,
              0.23
            ],
            [
              689049.73,
              6369211.82,
              0.23
            ],
            [
              689049.38,
              6369208.87,
              0.23
            ],
            [
              689047.45,
              6369203.78,
              0.23
            ],
            [
              689048.45,
              6369198.45,
              0.23
            ],
            [
              689048.3,
              6369192.46,
              0.23
            ],
            [
              689045.95,
              6369180.72,
              0.23
            ],
            [
              689043.68,
              6369171.44,
              0.23
            ],
            [
              689039.34,
              6369161.68,
              0.23
            ],
            [
              689034.03,
              6369153.68,
              0.23
            ],
            [
              689032.57,
              6369152.56,
              0.23
            ],
            [
              689032.26,
              6369151.64,
              0.23
            ],
            [
              689024.67,
              6369143.43,
              0.23
            ],
            [
              689020.71,
              6369137.32,
              0.23
            ],
            [
              689019.31,
              6369134.95,
              0.23
            ],
            [
              689014.39,
              6369128.12,
              0.23
            ],
            [
              689009.65,
              6369122.39,
              0.23
            ],
            [
              689003.52,
              6369118.93,
              0.23
            ],
            [
              688998.33,
              6369118.92,
              0.23
            ],
            [
              688994.98,
              6369120.96,
              0.23
            ],
            [
              688991.47,
              6369119.93,
              0.23
            ],
            [
              688983.59,
              6369112.65,
              0.23
            ],
            [
              688981.54,
              6369108.57,
              0.23
            ],
            [
              688982.32,
              6369104.65,
              0.23
            ],
            [
              688983.86,
              6369101.99,
              0.23
            ],
            [
              688985.59,
              6369099.64,
              0.23
            ],
            [
              688984.62,
              6369095.2,
              0.23
            ],
            [
              688982.99,
              6369090.87,
              0.23
            ],
            [
              688980.57,
              6369087.6,
              0.23
            ],
            [
              688974.65,
              6369088.04,
              0.23
            ],
            [
              688970.41,
              6369087.45,
              0.23
            ],
            [
              688967.72,
              6369084.92,
              0.23
            ],
            [
              688965.82,
              6369080.61,
              0.23
            ],
            [
              688965.75,
              6369075.77,
              0.23
            ],
            [
              688966.6,
              6369070.79,
              0.23
            ],
            [
              688967.74,
              6369064.63,
              0.23
            ],
            [
              688970.04,
              6369059.2,
              0.23
            ],
            [
              688972.4,
              6369055.76,
              0.23
            ],
            [
              688973.21,
              6369050.48,
              0.23
            ],
            [
              688972.3,
              6369044.78,
              0.23
            ],
            [
              688971.37,
              6369038.51,
              0.23
            ],
            [
              688973.23,
              6369031.29,
              0.23
            ],
            [
              688976.58,
              6369025.79,
              0.23
            ],
            [
              688975.26,
              6369019.01,
              0.23
            ],
            [
              688972.86,
              6369014.79,
              0.23
            ],
            [
              688971.93,
              6369004.03,
              0.23
            ],
            [
              688974.38,
              6368996.5,
              0.23
            ],
            [
              688976.9,
              6368990.55,
              0.23
            ],
            [
              688981.14,
              6368984.45,
              0.23
            ],
            [
              688982.08,
              6368975.72,
              0.23
            ],
            [
              688981.3,
              6368969.33,
              0.23
            ],
            [
              688977.91,
              6368963.91,
              0.23
            ],
            [
              688976.03,
              6368959.54,
              0.23
            ],
            [
              688976.41,
              6368954.19,
              0.23
            ],
            [
              688980.05,
              6368947.9,
              0.23
            ],
            [
              688980.76,
              6368943.45,
              0.23
            ],
            [
              688980.12,
              6368939.97,
              0.23
            ],
            [
              688977.06,
              6368934.92,
              0.23
            ],
            [
              688974.56,
              6368930.4,
              0.23
            ],
            [
              688971.94,
              6368924.43,
              0.23
            ],
            [
              688972.6,
              6368917.97,
              0.23
            ],
            [
              688974.52,
              6368912.05,
              0.23
            ],
            [
              688973.3,
              6368905.68,
              0.23
            ],
            [
              688973.6856923077,
              6368903.5,
              0.23
            ],
            [
              685700.5,
              6368903.5,
              0.22999999999999884
            ],
            [
              685700.5,
              6369619.857818182,
              0.23
            ],
            [
              685705.9,
              6369624.06,
              0.23
            ]
          ]
        ]
      }
    },
    {
      "type": "Feature",
      "id": "lm-637-68-water-1",
      "properties": {
        "sourceId": "water-breaks-lm-1m",
        "sourceItemId": "637_68",
        "sourceFid": 1,
        "sourceFeatureId": "637_68/polygons/1",
        "sourceSha256": "40662aea9102a76b6253ccec54832b0b61542b7199b1881476d2449e69176348",
        "sourceClassification": 1,
        "heightRH2000": 1.5,
        "kind": "flattened-water-surface",
        "sourceHeightRangeRH2000": [
          1.5,
          1.5
        ],
        "clippedHeightRangeRH2000": [
          1.5,
          1.5
        ],
        "constantSourceHeight": true,
        "heightTreatment": "source-constant",
        "shoreline": {
          "lines": [
            [
              [
                687375.6,
                6370709.91,
                1.5
              ],
              [
                687373.55,
                6370715.26,
                1.5
              ],
              [
                687375.6,
                6370719.68,
                1.5
              ],
              [
                687380.25,
                6370723.36,
                1.5
              ],
              [
                687385.21,
                6370725.77,
                1.5
              ],
              [
                687393.14,
                6370727.15,
                1.5
              ],
              [
                687395.86,
                6370726.1,
                1.5
              ],
              [
                687404.55,
                6370725.03,
                1.5
              ],
              [
                687407.85,
                6370722.6,
                1.5
              ],
              [
                687409.03,
                6370720.69,
                1.5
              ],
              [
                687409.28,
                6370720.05,
                1.5
              ],
              [
                687407.45,
                6370713.79,
                1.5
              ],
              [
                687407.5,
                6370711.17,
                1.5
              ],
              [
                687406.12,
                6370709.49,
                1.5
              ],
              [
                687401.02,
                6370706.74,
                1.5
              ],
              [
                687393.89,
                6370705.06,
                1.5
              ],
              [
                687389.73,
                6370704.38,
                1.5
              ],
              [
                687385.29,
                6370703.83,
                1.5
              ],
              [
                687380.92,
                6370705.1,
                1.5
              ],
              [
                687375.6,
                6370709.91,
                1.5
              ]
            ]
          ],
          "coordinateOrder": [
            "easting",
            "northing",
            "heightRH2000"
          ],
          "source": "canonical-water-boundary-minus-AOI-and-source-item-rectangle-edges",
          "suppressedArtificialEdges": 0,
          "reviewStatus": "source-derived-water-boundary-not-surveyed-shore"
        },
        "waterKind": "inland-water",
        "isSea": false,
        "seaAssociation": null,
        "offshoreReferenceEpsg3006": null,
        "geometryUse": "source-derived-candidate",
        "reviewStatus": "source-topology-checked-not-field-reviewed",
        "clipBoundaryIsShore": false,
        "bathymetry": null
      },
      "geometry": {
        "type": "Polygon",
        "coordinates": [
          [
            [
              687375.6,
              6370709.91,
              1.5
            ],
            [
              687373.55,
              6370715.26,
              1.5
            ],
            [
              687375.6,
              6370719.68,
              1.5
            ],
            [
              687380.25,
              6370723.36,
              1.5
            ],
            [
              687385.21,
              6370725.77,
              1.5
            ],
            [
              687393.14,
              6370727.15,
              1.5
            ],
            [
              687395.86,
              6370726.1,
              1.5
            ],
            [
              687404.55,
              6370725.03,
              1.5
            ],
            [
              687407.85,
              6370722.6,
              1.5
            ],
            [
              687409.03,
              6370720.69,
              1.5
            ],
            [
              687409.28,
              6370720.05,
              1.5
            ],
            [
              687407.45,
              6370713.79,
              1.5
            ],
            [
              687407.5,
              6370711.17,
              1.5
            ],
            [
              687406.12,
              6370709.49,
              1.5
            ],
            [
              687401.02,
              6370706.74,
              1.5
            ],
            [
              687393.89,
              6370705.06,
              1.5
            ],
            [
              687389.73,
              6370704.38,
              1.5
            ],
            [
              687385.29,
              6370703.83,
              1.5
            ],
            [
              687380.92,
              6370705.1,
              1.5
            ],
            [
              687375.6,
              6370709.91,
              1.5
            ]
          ]
        ]
      }
    },
    {
      "type": "Feature",
      "id": "lm-637-68-water-2",
      "properties": {
        "sourceId": "water-breaks-lm-1m",
        "sourceItemId": "637_68",
        "sourceFid": 2,
        "sourceFeatureId": "637_68/polygons/2",
        "sourceSha256": "40662aea9102a76b6253ccec54832b0b61542b7199b1881476d2449e69176348",
        "sourceClassification": 1,
        "heightRH2000": 0.73,
        "kind": "flattened-water-surface",
        "sourceHeightRangeRH2000": [
          0.73,
          0.73
        ],
        "clippedHeightRangeRH2000": [
          0.73,
          0.73
        ],
        "constantSourceHeight": true,
        "heightTreatment": "source-constant",
        "shoreline": {
          "lines": [
            [
              [
                687827.48,
                6370726.73,
                0.73
              ],
              [
                687820.09,
                6370731.02,
                0.73
              ],
              [
                687810.15,
                6370737.28,
                0.73
              ],
              [
                687801.17,
                6370740.72,
                0.73
              ],
              [
                687793.89,
                6370739.84,
                0.73
              ],
              [
                687786.99,
                6370738.21,
                0.73
              ],
              [
                687781.45,
                6370736.51,
                0.73
              ],
              [
                687776.75,
                6370736.48,
                0.73
              ],
              [
                687770.59,
                6370737.13,
                0.73
              ],
              [
                687763.21,
                6370740.05,
                0.73
              ],
              [
                687749.41,
                6370745.02,
                0.73
              ],
              [
                687747.5,
                6370747.52,
                0.73
              ],
              [
                687741.3,
                6370749.56,
                0.73
              ],
              [
                687738.55,
                6370751.84,
                0.73
              ],
              [
                687733.36,
                6370756.75,
                0.73
              ],
              [
                687729.84,
                6370762.12,
                0.73
              ],
              [
                687726.38,
                6370768.86,
                0.73
              ],
              [
                687723.62,
                6370774.76,
                0.73
              ],
              [
                687721.69,
                6370779.54,
                0.73
              ],
              [
                687720.97,
                6370785.76,
                0.73
              ],
              [
                687721.48,
                6370789.41,
                0.73
              ],
              [
                687723.6,
                6370791.62,
                0.73
              ],
              [
                687726.32,
                6370792.7,
                0.73
              ],
              [
                687729.28,
                6370793.63,
                0.73
              ],
              [
                687731.93,
                6370795.39,
                0.73
              ],
              [
                687734.27,
                6370797.3,
                0.73
              ],
              [
                687740.14,
                6370804.77,
                0.73
              ],
              [
                687745.81,
                6370811.03,
                0.73
              ],
              [
                687752.88,
                6370816.15,
                0.73
              ],
              [
                687762.96,
                6370817.63,
                0.73
              ],
              [
                687772.86,
                6370814.29,
                0.73
              ],
              [
                687784.35,
                6370813.72,
                0.73
              ],
              [
                687790.55,
                6370812.87,
                0.73
              ],
              [
                687798.16,
                6370809.5,
                0.73
              ],
              [
                687804.68,
                6370800.85,
                0.73
              ],
              [
                687805.92,
                6370799.87,
                0.73
              ],
              [
                687807.5,
                6370797.62,
                0.73
              ],
              [
                687812.54,
                6370793.96,
                0.73
              ],
              [
                687817.2,
                6370788.59,
                0.73
              ],
              [
                687823.68,
                6370783.61,
                0.73
              ],
              [
                687829.65,
                6370783.44,
                0.73
              ],
              [
                687838.34,
                6370786.51,
                0.73
              ],
              [
                687849.97,
                6370793.06,
                0.73
              ],
              [
                687852.42,
                6370800.66,
                0.73
              ],
              [
                687853.91,
                6370812.15,
                0.73
              ],
              [
                687853.82,
                6370813.03,
                0.73
              ],
              [
                687854.02,
                6370814.42,
                0.73
              ],
              [
                687853.61,
                6370815.3,
                0.73
              ],
              [
                687853.14,
                6370820.17,
                0.73
              ],
              [
                687847.77,
                6370829.06,
                0.73
              ],
              [
                687843.55,
                6370836.47,
                0.73
              ],
              [
                687838.03,
                6370848.1,
                0.73
              ],
              [
                687836.16,
                6370850.12,
                0.73
              ],
              [
                687834.64,
                6370855.09,
                0.73
              ],
              [
                687823.29,
                6370865.3,
                0.73
              ],
              [
                687814.4,
                6370881.27,
                0.73
              ],
              [
                687807.97,
                6370893.37,
                0.73
              ],
              [
                687802.52,
                6370898.36,
                0.73
              ],
              [
                687797.46,
                6370899.8,
                0.73
              ],
              [
                687791.24,
                6370902.03,
                0.73
              ],
              [
                687788.45,
                6370905.21,
                0.73
              ],
              [
                687788.06,
                6370909.91,
                0.73
              ],
              [
                687788.7,
                6370914.05,
                0.73
              ],
              [
                687790.98,
                6370915.8,
                0.73
              ],
              [
                687794.53,
                6370916.52,
                0.73
              ],
              [
                687800.24,
                6370919.45,
                0.73
              ],
              [
                687802.26,
                6370923.95,
                0.73
              ],
              [
                687802.0,
                6370926.81,
                0.73
              ],
              [
                687803.58,
                6370929.58,
                0.73
              ],
              [
                687806.19,
                6370932.25,
                0.73
              ],
              [
                687810.19,
                6370933.44,
                0.73
              ],
              [
                687815.26,
                6370931.88,
                0.73
              ],
              [
                687825.79,
                6370923.62,
                0.73
              ],
              [
                687839.92,
                6370910.8,
                0.73
              ],
              [
                687849.66,
                6370900.68,
                0.73
              ],
              [
                687855.6,
                6370892.37,
                0.73
              ],
              [
                687860.86,
                6370883.93,
                0.73
              ],
              [
                687862.74,
                6370879.01,
                0.73
              ],
              [
                687863.61,
                6370873.06,
                0.73
              ],
              [
                687863.56,
                6370866.29,
                0.73
              ],
              [
                687863.52,
                6370859.74,
                0.73
              ],
              [
                687863.11,
                6370854.7,
                0.73
              ],
              [
                687862.25,
                6370848.49,
                0.73
              ],
              [
                687864.37,
                6370843.69,
                0.73
              ],
              [
                687868.76,
                6370840.53,
                0.73
              ],
              [
                687873.61,
                6370837.59,
                0.73
              ],
              [
                687878.5,
                6370830.99,
                0.73
              ],
              [
                687879.49,
                6370823.88,
                0.73
              ],
              [
                687878.41,
                6370817.22,
                0.73
              ],
              [
                687877.78,
                6370812.16,
                0.73
              ],
              [
                687878.74,
                6370807.58,
                0.73
              ],
              [
                687882.7,
                6370802.35,
                0.73
              ],
              [
                687893.57,
                6370793.97,
                0.73
              ],
              [
                687895.24,
                6370787.79,
                0.73
              ],
              [
                687893.78,
                6370776.44,
                0.73
              ],
              [
                687882.57,
                6370767.56,
                0.73
              ],
              [
                687881.02,
                6370764.23,
                0.73
              ],
              [
                687868.24,
                6370717.74,
                0.73
              ],
              [
                687864.52,
                6370717.71,
                0.73
              ],
              [
                687857.4,
                6370718.78,
                0.73
              ],
              [
                687854.13,
                6370724.02,
                0.73
              ],
              [
                687849.5,
                6370727.65,
                0.73
              ],
              [
                687843.98,
                6370728.97,
                0.73
              ],
              [
                687834.36,
                6370727.26,
                0.73
              ],
              [
                687827.48,
                6370726.73,
                0.73
              ]
            ]
          ],
          "coordinateOrder": [
            "easting",
            "northing",
            "heightRH2000"
          ],
          "source": "canonical-water-boundary-minus-AOI-and-source-item-rectangle-edges",
          "suppressedArtificialEdges": 0,
          "reviewStatus": "source-derived-water-boundary-not-surveyed-shore"
        },
        "waterKind": "inland-water",
        "isSea": false,
        "seaAssociation": null,
        "offshoreReferenceEpsg3006": null,
        "geometryUse": "source-derived-candidate",
        "reviewStatus": "source-topology-checked-not-field-reviewed",
        "clipBoundaryIsShore": false,
        "bathymetry": null
      },
      "geometry": {
        "type": "Polygon",
        "coordinates": [
          [
            [
              687827.48,
              6370726.73,
              0.73
            ],
            [
              687820.09,
              6370731.02,
              0.73
            ],
            [
              687810.15,
              6370737.28,
              0.73
            ],
            [
              687801.17,
              6370740.72,
              0.73
            ],
            [
              687793.89,
              6370739.84,
              0.73
            ],
            [
              687786.99,
              6370738.21,
              0.73
            ],
            [
              687781.45,
              6370736.51,
              0.73
            ],
            [
              687776.75,
              6370736.48,
              0.73
            ],
            [
              687770.59,
              6370737.13,
              0.73
            ],
            [
              687763.21,
              6370740.05,
              0.73
            ],
            [
              687749.41,
              6370745.02,
              0.73
            ],
            [
              687747.5,
              6370747.52,
              0.73
            ],
            [
              687741.3,
              6370749.56,
              0.73
            ],
            [
              687738.55,
              6370751.84,
              0.73
            ],
            [
              687733.36,
              6370756.75,
              0.73
            ],
            [
              687729.84,
              6370762.12,
              0.73
            ],
            [
              687726.38,
              6370768.86,
              0.73
            ],
            [
              687723.62,
              6370774.76,
              0.73
            ],
            [
              687721.69,
              6370779.54,
              0.73
            ],
            [
              687720.97,
              6370785.76,
              0.73
            ],
            [
              687721.48,
              6370789.41,
              0.73
            ],
            [
              687723.6,
              6370791.62,
              0.73
            ],
            [
              687726.32,
              6370792.7,
              0.73
            ],
            [
              687729.28,
              6370793.63,
              0.73
            ],
            [
              687731.93,
              6370795.39,
              0.73
            ],
            [
              687734.27,
              6370797.3,
              0.73
            ],
            [
              687740.14,
              6370804.77,
              0.73
            ],
            [
              687745.81,
              6370811.03,
              0.73
            ],
            [
              687752.88,
              6370816.15,
              0.73
            ],
            [
              687762.96,
              6370817.63,
              0.73
            ],
            [
              687772.86,
              6370814.29,
              0.73
            ],
            [
              687784.35,
              6370813.72,
              0.73
            ],
            [
              687790.55,
              6370812.87,
              0.73
            ],
            [
              687798.16,
              6370809.5,
              0.73
            ],
            [
              687804.68,
              6370800.85,
              0.73
            ],
            [
              687805.92,
              6370799.87,
              0.73
            ],
            [
              687807.5,
              6370797.62,
              0.73
            ],
            [
              687812.54,
              6370793.96,
              0.73
            ],
            [
              687817.2,
              6370788.59,
              0.73
            ],
            [
              687823.68,
              6370783.61,
              0.73
            ],
            [
              687829.65,
              6370783.44,
              0.73
            ],
            [
              687838.34,
              6370786.51,
              0.73
            ],
            [
              687849.97,
              6370793.06,
              0.73
            ],
            [
              687852.42,
              6370800.66,
              0.73
            ],
            [
              687853.91,
              6370812.15,
              0.73
            ],
            [
              687853.82,
              6370813.03,
              0.73
            ],
            [
              687854.02,
              6370814.42,
              0.73
            ],
            [
              687853.61,
              6370815.3,
              0.73
            ],
            [
              687853.14,
              6370820.17,
              0.73
            ],
            [
              687847.77,
              6370829.06,
              0.73
            ],
            [
              687843.55,
              6370836.47,
              0.73
            ],
            [
              687838.03,
              6370848.1,
              0.73
            ],
            [
              687836.16,
              6370850.12,
              0.73
            ],
            [
              687834.64,
              6370855.09,
              0.73
            ],
            [
              687823.29,
              6370865.3,
              0.73
            ],
            [
              687814.4,
              6370881.27,
              0.73
            ],
            [
              687807.97,
              6370893.37,
              0.73
            ],
            [
              687802.52,
              6370898.36,
              0.73
            ],
            [
              687797.46,
              6370899.8,
              0.73
            ],
            [
              687791.24,
              6370902.03,
              0.73
            ],
            [
              687788.45,
              6370905.21,
              0.73
            ],
            [
              687788.06,
              6370909.91,
              0.73
            ],
            [
              687788.7,
              6370914.05,
              0.73
            ],
            [
              687790.98,
              6370915.8,
              0.73
            ],
            [
              687794.53,
              6370916.52,
              0.73
            ],
            [
              687800.24,
              6370919.45,
              0.73
            ],
            [
              687802.26,
              6370923.95,
              0.73
            ],
            [
              687802.0,
              6370926.81,
              0.73
            ],
            [
              687803.58,
              6370929.58,
              0.73
            ],
            [
              687806.19,
              6370932.25,
              0.73
            ],
            [
              687810.19,
              6370933.44,
              0.73
            ],
            [
              687815.26,
              6370931.88,
              0.73
            ],
            [
              687825.79,
              6370923.62,
              0.73
            ],
            [
              687839.92,
              6370910.8,
              0.73
            ],
            [
              687849.66,
              6370900.68,
              0.73
            ],
            [
              687855.6,
              6370892.37,
              0.73
            ],
            [
              687860.86,
              6370883.93,
              0.73
            ],
            [
              687862.74,
              6370879.01,
              0.73
            ],
            [
              687863.61,
              6370873.06,
              0.73
            ],
            [
              687863.56,
              6370866.29,
              0.73
            ],
            [
              687863.52,
              6370859.74,
              0.73
            ],
            [
              687863.11,
              6370854.7,
              0.73
            ],
            [
              687862.25,
              6370848.49,
              0.73
            ],
            [
              687864.37,
              6370843.69,
              0.73
            ],
            [
              687868.76,
              6370840.53,
              0.73
            ],
            [
              687873.61,
              6370837.59,
              0.73
            ],
            [
              687878.5,
              6370830.99,
              0.73
            ],
            [
              687879.49,
              6370823.88,
              0.73
            ],
            [
              687878.41,
              6370817.22,
              0.73
            ],
            [
              687877.78,
              6370812.16,
              0.73
            ],
            [
              687878.74,
              6370807.58,
              0.73
            ],
            [
              687882.7,
              6370802.35,
              0.73
            ],
            [
              687893.57,
              6370793.97,
              0.73
            ],
            [
              687895.24,
              6370787.79,
              0.73
            ],
            [
              687893.78,
              6370776.44,
              0.73
            ],
            [
              687882.57,
              6370767.56,
              0.73
            ],
            [
              687881.02,
              6370764.23,
              0.73
            ],
            [
              687868.24,
              6370717.74,
              0.73
            ],
            [
              687864.52,
              6370717.71,
              0.73
            ],
            [
              687857.4,
              6370718.78,
              0.73
            ],
            [
              687854.13,
              6370724.02,
              0.73
            ],
            [
              687849.5,
              6370727.65,
              0.73
            ],
            [
              687843.98,
              6370728.97,
              0.73
            ],
            [
              687834.36,
              6370727.26,
              0.73
            ],
            [
              687827.48,
              6370726.73,
              0.73
            ]
          ]
        ]
      }
    },
    {
      "type": "Feature",
      "id": "lm-637-68-water-3",
      "properties": {
        "sourceId": "water-breaks-lm-1m",
        "sourceItemId": "637_68",
        "sourceFid": 3,
        "sourceFeatureId": "637_68/polygons/3",
        "sourceSha256": "40662aea9102a76b6253ccec54832b0b61542b7199b1881476d2449e69176348",
        "sourceClassification": 1,
        "heightRH2000": 0.95,
        "kind": "flattened-water-surface",
        "sourceHeightRangeRH2000": [
          0.95,
          0.95
        ],
        "clippedHeightRangeRH2000": [
          0.95,
          0.95
        ],
        "constantSourceHeight": true,
        "heightTreatment": "source-constant",
        "shoreline": {
          "lines": [
            [
              [
                687581.82,
                6370874.07,
                0.95
              ],
              [
                687589.42,
                6370884.99,
                0.95
              ],
              [
                687589.81,
                6370885.22,
                0.95
              ],
              [
                687594.53,
                6370887.76,
                0.95
              ],
              [
                687598.09,
                6370887.99,
                0.95
              ],
              [
                687599.46,
                6370890.0,
                0.95
              ],
              [
                687599.8,
                6370890.12,
                0.95
              ],
              [
                687604.22,
                6370890.34,
                0.95
              ],
              [
                687609.41,
                6370888.49,
                0.95
              ],
              [
                687612.46,
                6370885.17,
                0.95
              ],
              [
                687614.18,
                6370880.55,
                0.95
              ],
              [
                687614.66,
                6370875.69,
                0.95
              ],
              [
                687614.24,
                6370873.38,
                0.95
              ],
              [
                687611.95,
                6370871.9,
                0.95
              ],
              [
                687607.69,
                6370868.3,
                0.95
              ],
              [
                687602.85,
                6370867.69,
                0.95
              ],
              [
                687595.66,
                6370869.09,
                0.95
              ],
              [
                687586.02,
                6370866.88,
                0.95
              ],
              [
                687581.98,
                6370870.68,
                0.95
              ],
              [
                687581.82,
                6370874.07,
                0.95
              ]
            ]
          ],
          "coordinateOrder": [
            "easting",
            "northing",
            "heightRH2000"
          ],
          "source": "canonical-water-boundary-minus-AOI-and-source-item-rectangle-edges",
          "suppressedArtificialEdges": 0,
          "reviewStatus": "source-derived-water-boundary-not-surveyed-shore"
        },
        "waterKind": "inland-water",
        "isSea": false,
        "seaAssociation": null,
        "offshoreReferenceEpsg3006": null,
        "geometryUse": "source-derived-candidate",
        "reviewStatus": "source-topology-checked-not-field-reviewed",
        "clipBoundaryIsShore": false,
        "bathymetry": null
      },
      "geometry": {
        "type": "Polygon",
        "coordinates": [
          [
            [
              687581.82,
              6370874.07,
              0.95
            ],
            [
              687589.42,
              6370884.99,
              0.95
            ],
            [
              687589.81,
              6370885.22,
              0.95
            ],
            [
              687594.53,
              6370887.76,
              0.95
            ],
            [
              687598.09,
              6370887.99,
              0.95
            ],
            [
              687599.46,
              6370890.0,
              0.95
            ],
            [
              687599.8,
              6370890.12,
              0.95
            ],
            [
              687604.22,
              6370890.34,
              0.95
            ],
            [
              687609.41,
              6370888.49,
              0.95
            ],
            [
              687612.46,
              6370885.17,
              0.95
            ],
            [
              687614.18,
              6370880.55,
              0.95
            ],
            [
              687614.66,
              6370875.69,
              0.95
            ],
            [
              687614.24,
              6370873.38,
              0.95
            ],
            [
              687611.95,
              6370871.9,
              0.95
            ],
            [
              687607.69,
              6370868.3,
              0.95
            ],
            [
              687602.85,
              6370867.69,
              0.95
            ],
            [
              687595.66,
              6370869.09,
              0.95
            ],
            [
              687586.02,
              6370866.88,
              0.95
            ],
            [
              687581.98,
              6370870.68,
              0.95
            ],
            [
              687581.82,
              6370874.07,
              0.95
            ]
          ]
        ]
      }
    },
    {
      "type": "Feature",
      "id": "lm-637-68-water-4",
      "properties": {
        "sourceId": "water-breaks-lm-1m",
        "sourceItemId": "637_68",
        "sourceFid": 4,
        "sourceFeatureId": "637_68/polygons/4",
        "sourceSha256": "40662aea9102a76b6253ccec54832b0b61542b7199b1881476d2449e69176348",
        "sourceClassification": 1,
        "heightRH2000": 1.7,
        "kind": "flattened-water-surface",
        "sourceHeightRangeRH2000": [
          1.7,
          1.7
        ],
        "clippedHeightRangeRH2000": [
          1.7,
          1.7
        ],
        "constantSourceHeight": true,
        "heightTreatment": "source-constant",
        "shoreline": {
          "lines": [
            [
              [
                687284.39,
                6370943.52,
                1.7
              ],
              [
                687295.31,
                6370947.87,
                1.7
              ],
              [
                687298.22,
                6370949.36,
                1.7
              ],
              [
                687303.15,
                6370948.99,
                1.7
              ],
              [
                687303.53,
                6370948.92,
                1.7
              ],
              [
                687305.77,
                6370946.65,
                1.7
              ],
              [
                687308.11,
                6370942.65,
                1.7
              ],
              [
                687309.37,
                6370938.47,
                1.7
              ],
              [
                687309.53,
                6370936.86,
                1.7
              ],
              [
                687308.9,
                6370931.53,
                1.7
              ],
              [
                687299.5,
                6370920.99,
                1.7
              ],
              [
                687278.95,
                6370906.55,
                1.7
              ],
              [
                687275.0,
                6370905.78,
                1.7
              ],
              [
                687261.43,
                6370911.15,
                1.7
              ],
              [
                687258.6,
                6370914.03,
                1.7
              ],
              [
                687258.31,
                6370917.46,
                1.7
              ],
              [
                687263.51,
                6370926.03,
                1.7
              ],
              [
                687268.46,
                6370931.79,
                1.7
              ],
              [
                687271.96,
                6370934.94,
                1.7
              ],
              [
                687276.03,
                6370938.58,
                1.7
              ],
              [
                687280.44,
                6370941.53,
                1.7
              ],
              [
                687284.39,
                6370943.52,
                1.7
              ]
            ]
          ],
          "coordinateOrder": [
            "easting",
            "northing",
            "heightRH2000"
          ],
          "source": "canonical-water-boundary-minus-AOI-and-source-item-rectangle-edges",
          "suppressedArtificialEdges": 0,
          "reviewStatus": "source-derived-water-boundary-not-surveyed-shore"
        },
        "waterKind": "inland-water",
        "isSea": false,
        "seaAssociation": null,
        "offshoreReferenceEpsg3006": null,
        "geometryUse": "source-derived-candidate",
        "reviewStatus": "source-topology-checked-not-field-reviewed",
        "clipBoundaryIsShore": false,
        "bathymetry": null
      },
      "geometry": {
        "type": "Polygon",
        "coordinates": [
          [
            [
              687284.39,
              6370943.52,
              1.7
            ],
            [
              687295.31,
              6370947.87,
              1.7
            ],
            [
              687298.22,
              6370949.36,
              1.7
            ],
            [
              687303.15,
              6370948.99,
              1.7
            ],
            [
              687303.53,
              6370948.92,
              1.7
            ],
            [
              687305.77,
              6370946.65,
              1.7
            ],
            [
              687308.11,
              6370942.65,
              1.7
            ],
            [
              687309.37,
              6370938.47,
              1.7
            ],
            [
              687309.53,
              6370936.86,
              1.7
            ],
            [
              687308.9,
              6370931.53,
              1.7
            ],
            [
              687299.5,
              6370920.99,
              1.7
            ],
            [
              687278.95,
              6370906.55,
              1.7
            ],
            [
              687275.0,
              6370905.78,
              1.7
            ],
            [
              687261.43,
              6370911.15,
              1.7
            ],
            [
              687258.6,
              6370914.03,
              1.7
            ],
            [
              687258.31,
              6370917.46,
              1.7
            ],
            [
              687263.51,
              6370926.03,
              1.7
            ],
            [
              687268.46,
              6370931.79,
              1.7
            ],
            [
              687271.96,
              6370934.94,
              1.7
            ],
            [
              687276.03,
              6370938.58,
              1.7
            ],
            [
              687280.44,
              6370941.53,
              1.7
            ],
            [
              687284.39,
              6370943.52,
              1.7
            ]
          ]
        ]
      }
    },
    {
      "type": "Feature",
      "id": "lm-637-68-water-5",
      "properties": {
        "sourceId": "water-breaks-lm-1m",
        "sourceItemId": "637_68",
        "sourceFid": 5,
        "sourceFeatureId": "637_68/polygons/5",
        "sourceSha256": "40662aea9102a76b6253ccec54832b0b61542b7199b1881476d2449e69176348",
        "sourceClassification": 1,
        "heightRH2000": 0.35,
        "kind": "flattened-water-surface",
        "sourceHeightRangeRH2000": [
          0.35,
          0.35
        ],
        "clippedHeightRangeRH2000": [
          0.35,
          0.35
        ],
        "constantSourceHeight": true,
        "heightTreatment": "source-constant",
        "shoreline": {
          "lines": [
            [
              [
                687629.19,
                6370911.33,
                0.35
              ],
              [
                687630.06,
                6370914.5,
                0.35
              ],
              [
                687630.78,
                6370918.02,
                0.35
              ],
              [
                687630.82,
                6370924.72,
                0.35
              ],
              [
                687628.24,
                6370928.63,
                0.35
              ],
              [
                687627.44,
                6370929.84,
                0.35
              ],
              [
                687625.16,
                6370931.58,
                0.35
              ],
              [
                687623.14,
                6370934.09,
                0.35
              ],
              [
                687622.22,
                6370935.53,
                0.35
              ],
              [
                687621.47,
                6370936.2,
                0.35
              ],
              [
                687620.1,
                6370944.59,
                0.35
              ],
              [
                687623.98,
                6370955.95,
                0.35
              ],
              [
                687625.05,
                6370969.68,
                0.35
              ],
              [
                687626.65,
                6370973.08,
                0.35
              ],
              [
                687633.29,
                6370977.01,
                0.35
              ],
              [
                687635.33,
                6370977.09,
                0.35
              ],
              [
                687646.01,
                6370976.86,
                0.35
              ],
              [
                687647.39,
                6370976.41,
                0.35
              ],
              [
                687649.94,
                6370973.57,
                0.35
              ],
              [
                687651.38,
                6370968.08,
                0.35
              ],
              [
                687653.26,
                6370962.82,
                0.35
              ],
              [
                687657.95,
                6370942.67,
                0.35
              ],
              [
                687659.53,
                6370934.31,
                0.35
              ],
              [
                687659.57,
                6370930.09,
                0.35
              ],
              [
                687658.9,
                6370926.53,
                0.35
              ],
              [
                687653.94,
                6370916.5,
                0.35
              ],
              [
                687647.09,
                6370908.14,
                0.35
              ],
              [
                687645.92,
                6370903.85,
                0.35
              ],
              [
                687645.28,
                6370902.65,
                0.35
              ],
              [
                687639.79,
                6370893.63,
                0.35
              ],
              [
                687639.43,
                6370892.05,
                0.35
              ],
              [
                687633.56,
                6370886.23,
                0.35
              ],
              [
                687626.47,
                6370886.19,
                0.35
              ],
              [
                687621.98,
                6370890.68,
                0.35
              ],
              [
                687621.82,
                6370894.07,
                0.35
              ],
              [
                687627.92,
                6370902.01,
                0.35
              ],
              [
                687628.98,
                6370905.88,
                0.35
              ],
              [
                687629.19,
                6370911.33,
                0.35
              ]
            ]
          ],
          "coordinateOrder": [
            "easting",
            "northing",
            "heightRH2000"
          ],
          "source": "canonical-water-boundary-minus-AOI-and-source-item-rectangle-edges",
          "suppressedArtificialEdges": 0,
          "reviewStatus": "source-derived-water-boundary-not-surveyed-shore"
        },
        "waterKind": "inland-water",
        "isSea": false,
        "seaAssociation": null,
        "offshoreReferenceEpsg3006": null,
        "geometryUse": "source-derived-candidate",
        "reviewStatus": "source-topology-checked-not-field-reviewed",
        "clipBoundaryIsShore": false,
        "bathymetry": null
      },
      "geometry": {
        "type": "Polygon",
        "coordinates": [
          [
            [
              687629.19,
              6370911.33,
              0.35
            ],
            [
              687630.06,
              6370914.5,
              0.35
            ],
            [
              687630.78,
              6370918.02,
              0.35
            ],
            [
              687630.82,
              6370924.72,
              0.35
            ],
            [
              687628.24,
              6370928.63,
              0.35
            ],
            [
              687627.44,
              6370929.84,
              0.35
            ],
            [
              687625.16,
              6370931.58,
              0.35
            ],
            [
              687623.14,
              6370934.09,
              0.35
            ],
            [
              687622.22,
              6370935.53,
              0.35
            ],
            [
              687621.47,
              6370936.2,
              0.35
            ],
            [
              687620.1,
              6370944.59,
              0.35
            ],
            [
              687623.98,
              6370955.95,
              0.35
            ],
            [
              687625.05,
              6370969.68,
              0.35
            ],
            [
              687626.65,
              6370973.08,
              0.35
            ],
            [
              687633.29,
              6370977.01,
              0.35
            ],
            [
              687635.33,
              6370977.09,
              0.35
            ],
            [
              687646.01,
              6370976.86,
              0.35
            ],
            [
              687647.39,
              6370976.41,
              0.35
            ],
            [
              687649.94,
              6370973.57,
              0.35
            ],
            [
              687651.38,
              6370968.08,
              0.35
            ],
            [
              687653.26,
              6370962.82,
              0.35
            ],
            [
              687657.95,
              6370942.67,
              0.35
            ],
            [
              687659.53,
              6370934.31,
              0.35
            ],
            [
              687659.57,
              6370930.09,
              0.35
            ],
            [
              687658.9,
              6370926.53,
              0.35
            ],
            [
              687653.94,
              6370916.5,
              0.35
            ],
            [
              687647.09,
              6370908.14,
              0.35
            ],
            [
              687645.92,
              6370903.85,
              0.35
            ],
            [
              687645.28,
              6370902.65,
              0.35
            ],
            [
              687639.79,
              6370893.63,
              0.35
            ],
            [
              687639.43,
              6370892.05,
              0.35
            ],
            [
              687633.56,
              6370886.23,
              0.35
            ],
            [
              687626.47,
              6370886.19,
              0.35
            ],
            [
              687621.98,
              6370890.68,
              0.35
            ],
            [
              687621.82,
              6370894.07,
              0.35
            ],
            [
              687627.92,
              6370902.01,
              0.35
            ],
            [
              687628.98,
              6370905.88,
              0.35
            ],
            [
              687629.19,
              6370911.33,
              0.35
            ]
          ]
        ]
      }
    },
    {
      "type": "Feature",
      "id": "lm-637-68-water-6",
      "properties": {
        "sourceId": "water-breaks-lm-1m",
        "sourceItemId": "637_68",
        "sourceFid": 6,
        "sourceFeatureId": "637_68/polygons/6",
        "sourceSha256": "40662aea9102a76b6253ccec54832b0b61542b7199b1881476d2449e69176348",
        "sourceClassification": 1,
        "heightRH2000": 1.21,
        "kind": "flattened-water-surface",
        "sourceHeightRangeRH2000": [
          1.21,
          1.21
        ],
        "clippedHeightRangeRH2000": [
          1.21,
          1.21
        ],
        "constantSourceHeight": true,
        "heightTreatment": "source-constant",
        "shoreline": {
          "lines": [
            [
              [
                687624.77,
                6371294.71,
                1.21
              ],
              [
                687627.89,
                6371294.5,
                1.21
              ],
              [
                687642.0,
                6371288.86,
                1.21
              ],
              [
                687647.6,
                6371285.47,
                1.21
              ],
              [
                687656.72,
                6371276.36,
                1.21
              ],
              [
                687657.98,
                6371275.0,
                1.21
              ],
              [
                687660.23,
                6371271.25,
                1.21
              ],
              [
                687661.34,
                6371266.83,
                1.21
              ],
              [
                687660.95,
                6371260.37,
                1.21
              ],
              [
                687661.69,
                6371258.23,
                1.21
              ],
              [
                687664.61,
                6371254.44,
                1.21
              ],
              [
                687664.68,
                6371249.65,
                1.21
              ],
              [
                687661.5,
                6371240.1,
                1.21
              ],
              [
                687663.0,
                6371235.39,
                1.21
              ],
              [
                687661.66,
                6371224.49,
                1.21
              ],
              [
                687662.21,
                6371219.0,
                1.21
              ],
              [
                687661.86,
                6371208.95,
                1.21
              ],
              [
                687661.69,
                6371208.66,
                1.21
              ],
              [
                687659.86,
                6371205.63,
                1.21
              ],
              [
                687653.87,
                6371198.52,
                1.21
              ],
              [
                687650.36,
                6371194.98,
                1.21
              ],
              [
                687643.47,
                6371188.98,
                1.21
              ],
              [
                687635.63,
                6371182.36,
                1.21
              ],
              [
                687633.43,
                6371179.52,
                1.21
              ],
              [
                687632.08,
                6371178.16,
                1.21
              ],
              [
                687631.6,
                6371177.15,
                1.21
              ],
              [
                687625.86,
                6371169.71,
                1.21
              ],
              [
                687617.63,
                6371159.77,
                1.21
              ],
              [
                687614.07,
                6371152.77,
                1.21
              ],
              [
                687611.28,
                6371148.14,
                1.21
              ],
              [
                687611.06,
                6371146.98,
                1.21
              ],
              [
                687608.4,
                6371142.04,
                1.21
              ],
              [
                687604.87,
                6371139.97,
                1.21
              ],
              [
                687602.05,
                6371140.64,
                1.21
              ],
              [
                687599.91,
                6371140.37,
                1.21
              ],
              [
                687597.06,
                6371138.42,
                1.21
              ],
              [
                687594.95,
                6371136.82,
                1.21
              ],
              [
                687590.18,
                6371137.14,
                1.21
              ],
              [
                687583.67,
                6371141.9,
                1.21
              ],
              [
                687578.91,
                6371146.35,
                1.21
              ],
              [
                687573.99,
                6371150.16,
                1.21
              ],
              [
                687567.64,
                6371151.9,
                1.21
              ],
              [
                687562.48,
                6371151.6,
                1.21
              ],
              [
                687562.04,
                6371151.75,
                1.21
              ],
              [
                687559.56,
                6371160.08,
                1.21
              ],
              [
                687560.12,
                6371162.11,
                1.21
              ],
              [
                687562.04,
                6371164.27,
                1.21
              ],
              [
                687562.0,
                6371167.38,
                1.21
              ],
              [
                687566.59,
                6371182.28,
                1.21
              ],
              [
                687567.94,
                6371187.32,
                1.21
              ],
              [
                687577.07,
                6371205.39,
                1.21
              ],
              [
                687577.4,
                6371205.73,
                1.21
              ],
              [
                687581.66,
                6371210.45,
                1.21
              ],
              [
                687583.97,
                6371216.7,
                1.21
              ],
              [
                687587.97,
                6371232.12,
                1.21
              ],
              [
                687588.35,
                6371233.07,
                1.21
              ],
              [
                687592.92,
                6371242.01,
                1.21
              ],
              [
                687593.91,
                6371247.2,
                1.21
              ],
              [
                687596.96,
                6371254.94,
                1.21
              ],
              [
                687603.53,
                6371274.71,
                1.21
              ],
              [
                687608.08,
                6371281.29,
                1.21
              ],
              [
                687608.1,
                6371281.33,
                1.21
              ],
              [
                687615.52,
                6371289.16,
                1.21
              ],
              [
                687621.07,
                6371293.6,
                1.21
              ],
              [
                687624.77,
                6371294.71,
                1.21
              ]
            ]
          ],
          "coordinateOrder": [
            "easting",
            "northing",
            "heightRH2000"
          ],
          "source": "canonical-water-boundary-minus-AOI-and-source-item-rectangle-edges",
          "suppressedArtificialEdges": 0,
          "reviewStatus": "source-derived-water-boundary-not-surveyed-shore"
        },
        "waterKind": "inland-water",
        "isSea": false,
        "seaAssociation": null,
        "offshoreReferenceEpsg3006": null,
        "geometryUse": "source-derived-candidate",
        "reviewStatus": "source-topology-checked-not-field-reviewed",
        "clipBoundaryIsShore": false,
        "bathymetry": null
      },
      "geometry": {
        "type": "Polygon",
        "coordinates": [
          [
            [
              687624.77,
              6371294.71,
              1.21
            ],
            [
              687627.89,
              6371294.5,
              1.21
            ],
            [
              687642.0,
              6371288.86,
              1.21
            ],
            [
              687647.6,
              6371285.47,
              1.21
            ],
            [
              687656.72,
              6371276.36,
              1.21
            ],
            [
              687657.98,
              6371275.0,
              1.21
            ],
            [
              687660.23,
              6371271.25,
              1.21
            ],
            [
              687661.34,
              6371266.83,
              1.21
            ],
            [
              687660.95,
              6371260.37,
              1.21
            ],
            [
              687661.69,
              6371258.23,
              1.21
            ],
            [
              687664.61,
              6371254.44,
              1.21
            ],
            [
              687664.68,
              6371249.65,
              1.21
            ],
            [
              687661.5,
              6371240.1,
              1.21
            ],
            [
              687663.0,
              6371235.39,
              1.21
            ],
            [
              687661.66,
              6371224.49,
              1.21
            ],
            [
              687662.21,
              6371219.0,
              1.21
            ],
            [
              687661.86,
              6371208.95,
              1.21
            ],
            [
              687661.69,
              6371208.66,
              1.21
            ],
            [
              687659.86,
              6371205.63,
              1.21
            ],
            [
              687653.87,
              6371198.52,
              1.21
            ],
            [
              687650.36,
              6371194.98,
              1.21
            ],
            [
              687643.47,
              6371188.98,
              1.21
            ],
            [
              687635.63,
              6371182.36,
              1.21
            ],
            [
              687633.43,
              6371179.52,
              1.21
            ],
            [
              687632.08,
              6371178.16,
              1.21
            ],
            [
              687631.6,
              6371177.15,
              1.21
            ],
            [
              687625.86,
              6371169.71,
              1.21
            ],
            [
              687617.63,
              6371159.77,
              1.21
            ],
            [
              687614.07,
              6371152.77,
              1.21
            ],
            [
              687611.28,
              6371148.14,
              1.21
            ],
            [
              687611.06,
              6371146.98,
              1.21
            ],
            [
              687608.4,
              6371142.04,
              1.21
            ],
            [
              687604.87,
              6371139.97,
              1.21
            ],
            [
              687602.05,
              6371140.64,
              1.21
            ],
            [
              687599.91,
              6371140.37,
              1.21
            ],
            [
              687597.06,
              6371138.42,
              1.21
            ],
            [
              687594.95,
              6371136.82,
              1.21
            ],
            [
              687590.18,
              6371137.14,
              1.21
            ],
            [
              687583.67,
              6371141.9,
              1.21
            ],
            [
              687578.91,
              6371146.35,
              1.21
            ],
            [
              687573.99,
              6371150.16,
              1.21
            ],
            [
              687567.64,
              6371151.9,
              1.21
            ],
            [
              687562.48,
              6371151.6,
              1.21
            ],
            [
              687562.04,
              6371151.75,
              1.21
            ],
            [
              687559.56,
              6371160.08,
              1.21
            ],
            [
              687560.12,
              6371162.11,
              1.21
            ],
            [
              687562.04,
              6371164.27,
              1.21
            ],
            [
              687562.0,
              6371167.38,
              1.21
            ],
            [
              687566.59,
              6371182.28,
              1.21
            ],
            [
              687567.94,
              6371187.32,
              1.21
            ],
            [
              687577.07,
              6371205.39,
              1.21
            ],
            [
              687577.4,
              6371205.73,
              1.21
            ],
            [
              687581.66,
              6371210.45,
              1.21
            ],
            [
              687583.97,
              6371216.7,
              1.21
            ],
            [
              687587.97,
              6371232.12,
              1.21
            ],
            [
              687588.35,
              6371233.07,
              1.21
            ],
            [
              687592.92,
              6371242.01,
              1.21
            ],
            [
              687593.91,
              6371247.2,
              1.21
            ],
            [
              687596.96,
              6371254.94,
              1.21
            ],
            [
              687603.53,
              6371274.71,
              1.21
            ],
            [
              687608.08,
              6371281.29,
              1.21
            ],
            [
              687608.1,
              6371281.33,
              1.21
            ],
            [
              687615.52,
              6371289.16,
              1.21
            ],
            [
              687621.07,
              6371293.6,
              1.21
            ],
            [
              687624.77,
              6371294.71,
              1.21
            ]
          ]
        ]
      }
    },
    {
      "type": "Feature",
      "id": "lm-637-68-water-7",
      "properties": {
        "sourceId": "water-breaks-lm-1m",
        "sourceItemId": "637_68",
        "sourceFid": 7,
        "sourceFeatureId": "637_68/polygons/7",
        "sourceSha256": "40662aea9102a76b6253ccec54832b0b61542b7199b1881476d2449e69176348",
        "sourceClassification": 1,
        "heightRH2000": 0.23,
        "kind": "flattened-water-surface",
        "sourceHeightRangeRH2000": [
          0.22999999999999937,
          0.2900000000000018
        ],
        "clippedHeightRangeRH2000": [
          0.22999999999999937,
          0.23
        ],
        "constantSourceHeight": false,
        "heightTreatment": "representative-median-of-clipped-source-vertex-Z",
        "shoreline": {
          "lines": [
            [
              [
                685895.34,
                6370000.0,
                0.23
              ],
              [
                685895.88,
                6370001.62,
                0.23
              ],
              [
                685895.81,
                6370002.35,
                0.23
              ],
              [
                685895.43,
                6370006.0,
                0.23
              ],
              [
                685894.72,
                6370008.29,
                0.23
              ],
              [
                685893.13,
                6370015.19,
                0.23
              ],
              [
                685892.61,
                6370018.63,
                0.23
              ],
              [
                685891.48,
                6370026.11,
                0.23
              ],
              [
                685895.46,
                6370039.97,
                0.23
              ],
              [
                685895.76,
                6370055.95,
                0.23
              ],
              [
                685898.37,
                6370072.11,
                0.23
              ],
              [
                685901.82,
                6370088.56,
                0.23
              ],
              [
                685903.51,
                6370095.65,
                0.23
              ],
              [
                685907.03,
                6370108.1,
                0.23
              ],
              [
                685938.06,
                6370180.68,
                0.23
              ],
              [
                685937.61,
                6370183.5,
                0.23
              ],
              [
                685933.32,
                6370186.62,
                0.23
              ],
              [
                685933.76,
                6370187.71,
                0.23
              ],
              [
                685937.48,
                6370191.27,
                0.23
              ],
              [
                685938.18,
                6370194.09,
                0.23
              ],
              [
                685936.68,
                6370198.92,
                0.23
              ],
              [
                685937.16,
                6370201.86,
                0.23
              ],
              [
                685936.86,
                6370210.25,
                0.23
              ],
              [
                685935.76,
                6370221.11,
                0.23
              ],
              [
                685933.68,
                6370232.55,
                0.23
              ],
              [
                685932.14,
                6370244.85,
                0.23
              ],
              [
                685930.51,
                6370260.36,
                0.23
              ],
              [
                685930.51,
                6370270.42,
                0.23
              ],
              [
                685930.72,
                6370275.07,
                0.23
              ],
              [
                685932.99,
                6370283.56,
                0.23
              ],
              [
                685935.65,
                6370296.01,
                0.23
              ],
              [
                685938.23,
                6370304.97,
                0.23
              ],
              [
                685938.9,
                6370313.8,
                0.23
              ],
              [
                685936.53,
                6370331.98,
                0.23
              ],
              [
                685936.09,
                6370340.77,
                0.23
              ],
              [
                685937.44,
                6370353.21,
                0.23
              ],
              [
                685940.09,
                6370370.27,
                0.23
              ],
              [
                685943.31,
                6370390.04,
                0.23
              ],
              [
                685945.82,
                6370400.75,
                0.23
              ],
              [
                685950.06,
                6370410.29,
                0.23
              ],
              [
                685958.63,
                6370424.78,
                0.23
              ],
              [
                685961.92,
                6370428.9,
                0.23
              ],
              [
                685968.05,
                6370428.07,
                0.23
              ],
              [
                685975.59,
                6370422.09,
                0.23
              ],
              [
                685977.85,
                6370422.05,
                0.23
              ],
              [
                685978.11,
                6370424.16,
                0.23
              ],
              [
                685967.64,
                6370436.19,
                0.23
              ],
              [
                685968.58,
                6370437.45,
                0.23
              ],
              [
                685972.45,
                6370441.26,
                0.23
              ],
              [
                685972.51,
                6370442.71,
                0.23
              ],
              [
                685973.75,
                6370444.37,
                0.23
              ],
              [
                685976.58,
                6370450.3,
                0.23
              ],
              [
                685978.33,
                6370459.64,
                0.23
              ],
              [
                685978.9,
                6370467.73,
                0.23
              ],
              [
                685977.76,
                6370473.65,
                0.23
              ],
              [
                685974.65,
                6370478.44,
                0.23
              ],
              [
                685969.5,
                6370483.1,
                0.23
              ],
              [
                685964.08,
                6370486.33,
                0.23
              ],
              [
                685955.63,
                6370490.55,
                0.23
              ],
              [
                685940.19,
                6370494.26,
                0.23
              ],
              [
                685935.32,
                6370494.4,
                0.23
              ],
              [
                685918.46,
                6370495.46,
                0.23
              ],
              [
                685908.04,
                6370495.58,
                0.23
              ],
              [
                685896.2,
                6370495.46,
                0.23
              ],
              [
                685890.06,
                6370494.84,
                0.23
              ],
              [
                685883.54,
                6370495.12,
                0.23
              ],
              [
                685877.92,
                6370496.0,
                0.23
              ],
              [
                685873.34,
                6370497.48,
                0.23
              ],
              [
                685868.76,
                6370499.19,
                0.23
              ],
              [
                685863.51,
                6370502.32,
                0.23
              ],
              [
                685859.38,
                6370504.63,
                0.23
              ],
              [
                685855.1,
                6370506.04,
                0.23
              ],
              [
                685851.35,
                6370507.98,
                0.23
              ],
              [
                685847.67,
                6370509.91,
                0.23
              ],
              [
                685840.73,
                6370513.48,
                0.23
              ],
              [
                685839.66,
                6370514.13,
                0.23
              ],
              [
                685828.98,
                6370523.64,
                0.23
              ],
              [
                685818.95,
                6370528.65,
                0.23
              ],
              [
                685811.47,
                6370528.91,
                0.23
              ],
              [
                685809.2,
                6370528.31,
                0.23
              ],
              [
                685800.98,
                6370529.18,
                0.23
              ],
              [
                685793.37,
                6370529.28,
                0.23
              ],
              [
                685791.75,
                6370529.15,
                0.23
              ],
              [
                685789.51,
                6370529.93,
                0.23
              ],
              [
                685780.01,
                6370530.58,
                0.23
              ],
              [
                685764.11,
                6370526.1,
                0.23
              ],
              [
                685745.4,
                6370525.05,
                0.23
              ],
              [
                685711.43,
                6370509.01,
                0.23
              ],
              [
                685701.32,
                6370499.71,
                0.23
              ],
              [
                685700.5,
                6370499.155235792,
                0.23
              ]
            ],
            [
              [
                687416.411749409,
                6372999.5,
                0.23
              ],
              [
                687416.54,
                6372997.95,
                0.23
              ],
              [
                687417.03,
                6372991.29,
                0.23
              ],
              [
                687418.98,
                6372977.34,
                0.23
              ],
              [
                687420.29,
                6372972.08,
                0.23
              ],
              [
                687420.2,
                6372963.99,
                0.23
              ],
              [
                687420.66,
                6372957.16,
                0.23
              ],
              [
                687420.64,
                6372951.12,
                0.23
              ],
              [
                687420.42,
                6372943.13,
                0.23
              ],
              [
                687419.48,
                6372931.99,
                0.23
              ],
              [
                687418.68,
                6372923.17,
                0.23
              ],
              [
                687418.21,
                6372917.05,
                0.23
              ],
              [
                687418.97,
                6372905.52,
                0.23
              ],
              [
                687419.38,
                6372895.06,
                0.23
              ],
              [
                687418.97,
                6372887.15,
                0.23
              ],
              [
                687418.09,
                6372879.45,
                0.23
              ],
              [
                687417.67,
                6372870.41,
                0.23
              ],
              [
                687417.12,
                6372865.29,
                0.23
              ],
              [
                687414.51,
                6372850.22,
                0.23
              ],
              [
                687413.08,
                6372839.64,
                0.23
              ],
              [
                687409.97,
                6372827.68,
                0.23
              ],
              [
                687405.75,
                6372816.15,
                0.23
              ],
              [
                687401.73,
                6372806.57,
                0.23
              ],
              [
                687397.89,
                6372803.23,
                0.23
              ],
              [
                687398.29,
                6372798.32,
                0.23
              ],
              [
                687391.89,
                6372782.5,
                0.23
              ],
              [
                687370.96,
                6372757.7,
                0.23
              ],
              [
                687360.31,
                6372746.52,
                0.23
              ],
              [
                687356.2,
                6372742.82,
                0.23
              ],
              [
                687352.88,
                6372741.84,
                0.23
              ],
              [
                687350.03,
                6372741.04,
                0.23
              ],
              [
                687347.44,
                6372741.05,
                0.23
              ],
              [
                687342.3,
                6372742.45,
                0.23
              ],
              [
                687340.97,
                6372743.23,
                0.23
              ],
              [
                687338.17,
                6372747.19,
                0.23
              ],
              [
                687333.68,
                6372746.83,
                0.23
              ],
              [
                687327.37,
                6372748.54,
                0.23
              ],
              [
                687320.48,
                6372750.05,
                0.23
              ],
              [
                687313.29,
                6372753.81,
                0.23
              ],
              [
                687306.93,
                6372757.87,
                0.23
              ],
              [
                687303.17,
                6372762.19,
                0.23
              ],
              [
                687300.36,
                6372762.07,
                0.23
              ],
              [
                687295.02,
                6372765.53,
                0.23
              ],
              [
                687286.93,
                6372768.54,
                0.23
              ],
              [
                687278.24,
                6372768.86,
                0.23
              ],
              [
                687264.15,
                6372772.03,
                0.23
              ],
              [
                687253.81,
                6372773.54,
                0.23
              ],
              [
                687245.41,
                6372773.46,
                0.23
              ],
              [
                687245.03,
                6372773.58,
                0.23
              ],
              [
                687244.75,
                6372773.45,
                0.23
              ],
              [
                687241.52,
                6372773.41,
                0.23
              ],
              [
                687234.92,
                6372770.28,
                0.23
              ],
              [
                687233.26,
                6372767.13,
                0.23
              ],
              [
                687233.26,
                6372764.28,
                0.23
              ],
              [
                687234.9,
                6372762.18,
                0.23
              ],
              [
                687240.3,
                6372760.07,
                0.23
              ],
              [
                687251.69,
                6372756.9,
                0.23
              ],
              [
                687260.37,
                6372750.89,
                0.23
              ],
              [
                687267.56,
                6372746.83,
                0.23
              ],
              [
                687276.4,
                6372742.62,
                0.23
              ],
              [
                687285.68,
                6372735.86,
                0.23
              ],
              [
                687290.47,
                6372731.35,
                0.23
              ],
              [
                687295.86,
                6372725.5,
                0.23
              ],
              [
                687300.49,
                6372719.64,
                0.23
              ],
              [
                687303.19,
                6372715.74,
                0.23
              ],
              [
                687304.23,
                6372709.59,
                0.23
              ],
              [
                687303.62,
                6372704.04,
                0.23
              ],
              [
                687298.06,
                6372695.96,
                0.23
              ],
              [
                687283.49,
                6372677.84,
                0.23
              ],
              [
                687279.3,
                6372675.05,
                0.23
              ],
              [
                687264.24,
                6372670.32,
                0.23
              ],
              [
                687257.39,
                6372671.73,
                0.23
              ],
              [
                687253.49,
                6372670.54,
                0.23
              ],
              [
                687251.39,
                6372670.09,
                0.23
              ],
              [
                687248.84,
                6372667.1,
                0.23
              ],
              [
                687247.94,
                6372663.65,
                0.23
              ],
              [
                687249.13,
                6372660.2,
                0.23
              ],
              [
                687256.32,
                6372657.34,
                0.23
              ],
              [
                687262.61,
                6372655.83,
                0.23
              ],
              [
                687269.96,
                6372657.17,
                0.23
              ],
              [
                687275.06,
                6372658.51,
                0.23
              ],
              [
                687283.76,
                6372662.54,
                0.23
              ],
              [
                687290.96,
                6372663.13,
                0.23
              ],
              [
                687296.8,
                6372663.12,
                0.23
              ],
              [
                687311.49,
                6372661.75,
                0.23
              ],
              [
                687320.93,
                6372658.88,
                0.23
              ],
              [
                687325.97,
                6372656.6,
                0.23
              ],
              [
                687341.34,
                6372641.27,
                0.23
              ],
              [
                687344.28,
                6372637.56,
                0.23
              ],
              [
                687346.97,
                6372633.35,
                0.23
              ],
              [
                687347.27,
                6372628.7,
                0.23
              ],
              [
                687350.85,
                6372621.65,
                0.23
              ],
              [
                687361.63,
                6372609.64,
                0.23
              ],
              [
                687371.5,
                6372596.28,
                0.23
              ],
              [
                687377.63,
                6372584.42,
                0.23
              ],
              [
                687384.51,
                6372574.97,
                0.23
              ],
              [
                687388.39,
                6372568.36,
                0.23
              ],
              [
                687388.09,
                6372565.52,
                0.23
              ],
              [
                687385.38,
                6372562.22,
                0.23
              ],
              [
                687386.13,
                6372560.87,
                0.23
              ],
              [
                687391.98,
                6372562.21,
                0.23
              ],
              [
                687404.69,
                6372539.7,
                0.23
              ],
              [
                687414.56,
                6372525.14,
                0.23
              ],
              [
                687420.24,
                6372515.83,
                0.23
              ],
              [
                687426.07,
                6372509.68,
                0.23
              ],
              [
                687429.96,
                6372504.42,
                0.23
              ],
              [
                687431.57,
                6372500.0,
                0.23
              ],
              [
                687433.84,
                6372493.77,
                0.23
              ],
              [
                687436.83,
                6372488.37,
                0.23
              ],
              [
                687440.72,
                6372484.61,
                0.23
              ],
              [
                687445.37,
                6372483.41,
                0.23
              ],
              [
                687447.31,
                6372483.4,
                0.23
              ],
              [
                687449.15,
                6372481.55,
                0.23
              ],
              [
                687449.26,
                6372481.3,
                0.23
              ],
              [
                687440.26,
                6372477.72,
                0.23
              ],
              [
                687441.16,
                6372475.17,
                0.23
              ],
              [
                687451.1,
                6372477.93,
                0.23
              ],
              [
                687452.12,
                6372474.63,
                0.23
              ],
              [
                687447.9,
                6372471.71,
                0.23
              ],
              [
                687446.24,
                6372467.81,
                0.23
              ],
              [
                687445.93,
                6372461.52,
                0.23
              ],
              [
                687448.32,
                6372452.82,
                0.23
              ],
              [
                687451.45,
                6372443.06,
                0.23
              ],
              [
                687454.74,
                6372436.61,
                0.23
              ],
              [
                687460.28,
                6372432.7,
                0.23
              ],
              [
                687467.77,
                6372429.54,
                0.23
              ],
              [
                687474.36,
                6372426.83,
                0.23
              ],
              [
                687483.19,
                6372422.32,
                0.23
              ],
              [
                687489.04,
                6372421.11,
                0.23
              ],
              [
                687497.58,
                6372421.25,
                0.23
              ],
              [
                687500.0,
                6372421.92,
                0.23
              ],
              [
                687501.76,
                6372422.4,
                0.23
              ],
              [
                687503.61,
                6372421.48,
                0.23
              ],
              [
                687503.88,
                6372420.94,
                0.23
              ],
              [
                687507.02,
                6372416.14,
                0.23
              ],
              [
                687510.31,
                6372414.33,
                0.23
              ],
              [
                687516.91,
                6372410.87,
                0.23
              ],
              [
                687522.14,
                6372405.77,
                0.23
              ],
              [
                687526.45,
                6372403.85,
                0.23
              ],
              [
                687531.35,
                6372400.11,
                0.23
              ],
              [
                687536.56,
                6372390.24,
                0.23
              ],
              [
                687539.2,
                6372382.94,
                0.23
              ],
              [
                687541.79,
                6372373.62,
                0.23
              ],
              [
                687542.12,
                6372363.58,
                0.23
              ],
              [
                687542.32,
                6372354.21,
                0.23
              ],
              [
                687542.08,
                6372347.17,
                0.23
              ],
              [
                687539.37,
                6372342.19,
                0.23
              ],
              [
                687535.92,
                6372338.65,
                0.23
              ],
              [
                687527.26,
                6372338.33,
                0.23
              ],
              [
                687523.43,
                6372335.11,
                0.23
              ],
              [
                687520.78,
                6372331.53,
                0.23
              ],
              [
                687519.87,
                6372329.39,
                0.23
              ],
              [
                687518.64,
                6372322.49,
                0.23
              ],
              [
                687516.08,
                6372316.5,
                0.23
              ],
              [
                687513.68,
                6372314.7,
                0.23
              ],
              [
                687509.78,
                6372310.21,
                0.23
              ],
              [
                687508.56,
                6372308.59,
                0.23
              ],
              [
                687507.89,
                6372308.23,
                0.23
              ],
              [
                687507.68,
                6372307.42,
                0.23
              ],
              [
                687506.62,
                6372306.02,
                0.23
              ],
              [
                687501.81,
                6372296.73,
                0.23
              ],
              [
                687500.0,
                6372293.88,
                0.23
              ],
              [
                687496.1,
                6372287.74,
                0.23
              ],
              [
                687493.84,
                6372284.45,
                0.23
              ],
              [
                687494.74,
                6372283.4,
                0.23
              ],
              [
                687496.24,
                6372283.54,
                0.23
              ],
              [
                687500.0,
                6372288.51,
                0.23
              ],
              [
                687502.7,
                6372292.08,
                0.23
              ],
              [
                687509.01,
                6372300.77,
                0.23
              ],
              [
                687510.95,
                6372303.05,
                0.23
              ],
              [
                687511.92,
                6372302.13,
                0.23
              ],
              [
                687515.64,
                6372301.09,
                0.23
              ],
              [
                687516.01,
                6372301.18,
                0.23
              ],
              [
                687510.8,
                6372292.74,
                0.23
              ],
              [
                687508.16,
                6372286.97,
                0.23
              ],
              [
                687509.29,
                6372286.07,
                0.23
              ],
              [
                687512.82,
                6372289.06,
                0.23
              ],
              [
                687518.75,
                6372296.85,
                0.23
              ],
              [
                687523.85,
                6372300.89,
                0.23
              ],
              [
                687527.6,
                6372302.98,
                0.23
              ],
              [
                687537.2,
                6372301.77,
                0.23
              ],
              [
                687547.69,
                6372299.8,
                0.23
              ],
              [
                687558.32,
                6372296.49,
                0.23
              ],
              [
                687567.01,
                6372293.32,
                0.23
              ],
              [
                687574.2,
                6372290.31,
                0.23
              ],
              [
                687584.09,
                6372284.15,
                0.23
              ],
              [
                687589.93,
                6372279.49,
                0.23
              ],
              [
                687597.56,
                6372270.19,
                0.23
              ],
              [
                687604.43,
                6372258.48,
                0.23
              ],
              [
                687608.92,
                6372249.93,
                0.23
              ],
              [
                687613.85,
                6372236.88,
                0.23
              ],
              [
                687617.62,
                6372227.44,
                0.23
              ],
              [
                687620.05,
                6372214.86,
                0.23
              ],
              [
                687620.68,
                6372205.27,
                0.23
              ],
              [
                687621.76,
                6372192.38,
                0.23
              ],
              [
                687622.7,
                6372179.05,
                0.23
              ],
              [
                687621.84,
                6372163.46,
                0.23
              ],
              [
                687620.99,
                6372146.82,
                0.23
              ],
              [
                687619.23,
                6372129.88,
                0.23
              ],
              [
                687615.68,
                6372112.78,
                0.23
              ],
              [
                687611.55,
                6372090.29,
                0.23
              ],
              [
                687607.11,
                6372069.15,
                0.23
              ],
              [
                687602.51,
                6372051.45,
                0.23
              ],
              [
                687597.3,
                6372038.24,
                0.23
              ],
              [
                687592.39,
                6372026.39,
                0.23
              ],
              [
                687590.4,
                6372022.18,
                0.23
              ],
              [
                687587.09,
                6372018.14,
                0.23
              ],
              [
                687585.19,
                6372011.15,
                0.23
              ],
              [
                687582.11,
                6372004.63,
                0.23
              ],
              [
                687581.63,
                6372003.7,
                0.23
              ],
              [
                687577.1,
                6371998.14,
                0.23
              ],
              [
                687576.07,
                6371992.75,
                0.23
              ],
              [
                687572.12,
                6371984.97,
                0.23
              ],
              [
                687564.81,
                6371971.01,
                0.23
              ],
              [
                687559.74,
                6371961.86,
                0.23
              ],
              [
                687552.43,
                6371952.24,
                0.23
              ],
              [
                687543.46,
                6371942.78,
                0.23
              ],
              [
                687536.29,
                6371934.51,
                0.23
              ],
              [
                687530.01,
                6371929.55,
                0.23
              ],
              [
                687526.11,
                6371928.49,
                0.23
              ],
              [
                687522.07,
                6371928.63,
                0.23
              ],
              [
                687514.71,
                6371932.21,
                0.23
              ],
              [
                687506.31,
                6371936.38,
                0.23
              ],
              [
                687501.74,
                6371939.76,
                0.23
              ],
              [
                687500.0,
                6371941.31,
                0.23
              ],
              [
                687498.09,
                6371943.01,
                0.23
              ],
              [
                687495.82,
                6371944.14,
                0.23
              ],
              [
                687493.99,
                6371945.49,
                0.23
              ],
              [
                687485.14,
                6371951.01,
                0.23
              ],
              [
                687469.83,
                6371957.11,
                0.23
              ],
              [
                687462.93,
                6371959.04,
                0.23
              ],
              [
                687454.39,
                6371959.92,
                0.23
              ],
              [
                687447.34,
                6371960.5,
                0.23
              ],
              [
                687439.24,
                6371963.17,
                0.23
              ],
              [
                687430.69,
                6371967.5,
                0.23
              ],
              [
                687422.59,
                6371970.62,
                0.23
              ],
              [
                687410.89,
                6371972.24,
                0.23
              ],
              [
                687403.39,
                6371974.02,
                0.23
              ],
              [
                687397.69,
                6371975.05,
                0.23
              ],
              [
                687392.43,
                6371981.18,
                0.23
              ],
              [
                687385.38,
                6371984.31,
                0.23
              ],
              [
                687378.18,
                6371986.54,
                0.23
              ],
              [
                687367.38,
                6371988.91,
                0.23
              ],
              [
                687358.39,
                6371990.08,
                0.23
              ],
              [
                687351.79,
                6371991.26,
                0.23
              ],
              [
                687345.65,
                6371989.9,
                0.23
              ],
              [
                687337.87,
                6371984.93,
                0.23
              ],
              [
                687333.08,
                6371981.47,
                0.23
              ],
              [
                687327.41,
                6371974.26,
                0.23
              ],
              [
                687323.22,
                6371970.05,
                0.23
              ],
              [
                687316.94,
                6371965.09,
                0.23
              ],
              [
                687315.3,
                6371963.44,
                0.23
              ],
              [
                687315.16,
                6371958.79,
                0.23
              ],
              [
                687311.57,
                6371956.38,
                0.23
              ],
              [
                687307.08,
                6371953.97,
                0.23
              ],
              [
                687303.04,
                6371951.71,
                0.23
              ],
              [
                687299.3,
                6371948.1,
                0.23
              ],
              [
                687297.97,
                6371943.3,
                0.23
              ],
              [
                687296.93,
                6371939.4,
                0.23
              ],
              [
                687297.84,
                6371935.66,
                0.23
              ],
              [
                687296.2,
                6371932.66,
                0.23
              ],
              [
                687293.05,
                6371931.6,
                0.23
              ],
              [
                687285.41,
                6371931.73,
                0.23
              ],
              [
                687284.53,
                6371931.55,
                0.23
              ],
              [
                687281.93,
                6371932.16,
                0.23
              ],
              [
                687281.02,
                6371930.85,
                0.23
              ],
              [
                687280.14,
                6371930.67,
                0.23
              ],
              [
                687274.17,
                6371926.84,
                0.23
              ],
              [
                687269.54,
                6371921.58,
                0.23
              ],
              [
                687269.05,
                6371920.5,
                0.23
              ],
              [
                687267.46,
                6371918.77,
                0.23
              ],
              [
                687267.6,
                6371917.31,
                0.23
              ],
              [
                687267.16,
                6371916.33,
                0.23
              ],
              [
                687266.12,
                6371911.23,
                0.23
              ],
              [
                687262.85,
                6371902.68,
                0.23
              ],
              [
                687261.06,
                6371898.78,
                0.23
              ],
              [
                687258.67,
                6371894.43,
                0.23
              ],
              [
                687255.38,
                6371891.27,
                0.23
              ],
              [
                687248.94,
                6371889.6,
                0.23
              ],
              [
                687244.01,
                6371886.89,
                0.23
              ],
              [
                687241.91,
                6371885.24,
                0.23
              ],
              [
                687239.98,
                6371878.94,
                0.23
              ],
              [
                687239.99,
                6371873.84,
                0.23
              ],
              [
                687241.35,
                6371869.95,
                0.23
              ],
              [
                687244.81,
                6371866.06,
                0.23
              ],
              [
                687250.52,
                6371863.08,
                0.23
              ],
              [
                687259.51,
                6371861.76,
                0.23
              ],
              [
                687268.35,
                6371864.18,
                0.23
              ],
              [
                687277.34,
                6371865.25,
                0.23
              ],
              [
                687285.28,
                6371865.57,
                0.23
              ],
              [
                687289.53,
                6371865.65,
                0.23
              ],
              [
                687294.0,
                6371865.14,
                0.23
              ],
              [
                687300.6,
                6371860.99,
                0.23
              ],
              [
                687302.75,
                6371853.36,
                0.23
              ],
              [
                687301.85,
                6371847.89,
                0.23
              ],
              [
                687304.84,
                6371847.77,
                0.23
              ],
              [
                687305.13,
                6371847.16,
                0.23
              ],
              [
                687307.2,
                6371842.55,
                0.23
              ],
              [
                687306.8,
                6371838.57,
                0.23
              ],
              [
                687307.9,
                6371833.64,
                0.23
              ],
              [
                687310.77,
                6371825.1,
                0.23
              ],
              [
                687312.14,
                6371819.71,
                0.23
              ],
              [
                687314.7,
                6371814.92,
                0.23
              ],
              [
                687316.65,
                6371811.63,
                0.23
              ],
              [
                687317.42,
                6371806.54,
                0.23
              ],
              [
                687317.29,
                6371799.04,
                0.23
              ],
              [
                687317.45,
                6371792.75,
                0.23
              ],
              [
                687316.43,
                6371784.35,
                0.23
              ],
              [
                687313.16,
                6371773.1,
                0.23
              ],
              [
                687311.38,
                6371767.1,
                0.23
              ],
              [
                687306.6,
                6371761.09,
                0.23
              ],
              [
                687300.02,
                6371755.08,
                0.23
              ],
              [
                687295.39,
                6371750.72,
                0.23
              ],
              [
                687289.55,
                6371747.26,
                0.23
              ],
              [
                687282.51,
                6371745.74,
                0.23
              ],
              [
                687272.47,
                6371745.71,
                0.23
              ],
              [
                687263.49,
                6371743.14,
                0.23
              ],
              [
                687256.89,
                6371742.07,
                0.23
              ],
              [
                687255.85,
                6371739.37,
                0.23
              ],
              [
                687255.71,
                6371736.83,
                0.23
              ],
              [
                687260.06,
                6371733.69,
                0.23
              ],
              [
                687263.59,
                6371731.53,
                0.23
              ],
              [
                687269.71,
                6371725.93,
                0.23
              ],
              [
                687271.5,
                6371718.88,
                0.23
              ],
              [
                687272.86,
                6371712.14,
                0.23
              ],
              [
                687272.45,
                6371699.55,
                0.23
              ],
              [
                687272.02,
                6371690.11,
                0.23
              ],
              [
                687270.71,
                6371679.16,
                0.23
              ],
              [
                687269.97,
                6371673.77,
                0.23
              ],
              [
                687269.54,
                6371668.07,
                0.23
              ],
              [
                687267.45,
                6371665.07,
                0.23
              ],
              [
                687261.76,
                6371660.71,
                0.23
              ],
              [
                687256.98,
                6371657.25,
                0.23
              ],
              [
                687252.49,
                6371653.19,
                0.23
              ],
              [
                687249.06,
                6371647.33,
                0.23
              ],
              [
                687245.79,
                6371638.78,
                0.23
              ],
              [
                687246.1,
                6371633.98,
                0.23
              ],
              [
                687247.16,
                6371629.49,
                0.23
              ],
              [
                687250.02,
                6371623.95,
                0.23
              ],
              [
                687253.94,
                6371617.67,
                0.23
              ],
              [
                687262.96,
                6371607.65,
                0.23
              ],
              [
                687270.62,
                6371601.83,
                0.23
              ],
              [
                687273.48,
                6371596.14,
                0.23
              ],
              [
                687274.54,
                6371591.05,
                0.23
              ],
              [
                687273.82,
                6371580.11,
                0.23
              ],
              [
                687271.46,
                6371566.01,
                0.23
              ],
              [
                687268.81,
                6371551.76,
                0.23
              ],
              [
                687266.58,
                6371543.22,
                0.23
              ],
              [
                687263.02,
                6371530.62,
                0.23
              ],
              [
                687262.11,
                6371528.15,
                0.23
              ],
              [
                687262.1,
                6371528.14,
                0.23
              ],
              [
                687262.1,
                6371528.12,
                0.23
              ],
              [
                687259.3,
                6371520.56,
                0.23
              ],
              [
                687256.33,
                6371510.51,
                0.23
              ],
              [
                687256.95,
                6371502.57,
                0.23
              ],
              [
                687258.78,
                6371489.54,
                0.23
              ],
              [
                687260.48,
                6371473.81,
                0.23
              ],
              [
                687260.2,
                6371463.31,
                0.23
              ],
              [
                687261.87,
                6371456.57,
                0.23
              ],
              [
                687266.39,
                6371447.59,
                0.23
              ],
              [
                687276.33,
                6371430.99,
                0.23
              ],
              [
                687280.71,
                6371419.31,
                0.23
              ],
              [
                687283.43,
                6371410.02,
                0.23
              ],
              [
                687285.86,
                6371398.34,
                0.23
              ],
              [
                687286.78,
                6371389.8,
                0.23
              ],
              [
                687285.6,
                6371383.35,
                0.23
              ],
              [
                687285.46,
                6371379.75,
                0.23
              ],
              [
                687287.58,
                6371374.21,
                0.23
              ],
              [
                687291.34,
                6371368.08,
                0.23
              ],
              [
                687293.45,
                6371364.49,
                0.23
              ],
              [
                687301.09,
                6371363.01,
                0.23
              ],
              [
                687304.06,
                6371360.62,
                0.23
              ],
              [
                687304.27,
                6371360.07,
                0.23
              ],
              [
                687303.27,
                6371357.11,
                0.23
              ],
              [
                687301.32,
                6371355.22,
                0.23
              ],
              [
                687289.73,
                6371355.19,
                0.23
              ],
              [
                687288.08,
                6371354.58,
                0.23
              ],
              [
                687286.73,
                6371352.93,
                0.23
              ],
              [
                687287.49,
                6371351.13,
                0.23
              ],
              [
                687299.19,
                6371348.62,
                0.23
              ],
              [
                687300.43,
                6371347.79,
                0.23
              ],
              [
                687303.54,
                6371344.02,
                0.23
              ],
              [
                687303.57,
                6371343.84,
                0.23
              ],
              [
                687301.46,
                6371338.88,
                0.23
              ],
              [
                687298.53,
                6371337.76,
                0.23
              ],
              [
                687295.54,
                6371333.56,
                0.23
              ],
              [
                687293.9,
                6371331.46,
                0.23
              ],
              [
                687293.91,
                6371325.91,
                0.23
              ],
              [
                687297.08,
                6371314.08,
                0.23
              ],
              [
                687298.6,
                6371305.99,
                0.23
              ],
              [
                687299.51,
                6371301.19,
                0.23
              ],
              [
                687299.07,
                6371294.75,
                0.23
              ],
              [
                687297.44,
                6371288.3,
                0.23
              ],
              [
                687297.75,
                6371281.26,
                0.23
              ],
              [
                687299.57,
                6371270.02,
                0.23
              ],
              [
                687300.35,
                6371258.93,
                0.23
              ],
              [
                687299.32,
                6371249.94,
                0.23
              ],
              [
                687299.34,
                6371241.39,
                0.23
              ],
              [
                687297.42,
                6371224.31,
                0.23
              ],
              [
                687295.21,
                6371208.71,
                0.23
              ],
              [
                687293.74,
                6371194.02,
                0.23
              ],
              [
                687292.28,
                6371177.98,
                0.23
              ],
              [
                687292.46,
                6371163.9,
                0.23
              ],
              [
                687291.61,
                6371139.32,
                0.23
              ],
              [
                687288.65,
                6371122.67,
                0.23
              ],
              [
                687287.78,
                6371109.33,
                0.23
              ],
              [
                687284.05,
                6371099.58,
                0.23
              ],
              [
                687284.81,
                6371093.89,
                0.23
              ],
              [
                687285.87,
                6371091.34,
                0.23
              ],
              [
                687290.07,
                6371090.75,
                0.23
              ],
              [
                687295.46,
                6371090.47,
                0.23
              ],
              [
                687297.45,
                6371089.42,
                0.23
              ],
              [
                687299.03,
                6371086.25,
                0.23
              ],
              [
                687299.37,
                6371084.93,
                0.23
              ],
              [
                687297.73,
                6371080.58,
                0.23
              ],
              [
                687296.86,
                6371067.24,
                0.23
              ],
              [
                687296.73,
                6371060.19,
                0.23
              ],
              [
                687297.19,
                6371054.8,
                0.23
              ],
              [
                687298.69,
                6371049.61,
                0.23
              ],
              [
                687298.69,
                6371043.07,
                0.23
              ],
              [
                687298.49,
                6371034.93,
                0.23
              ],
              [
                687298.17,
                6371030.72,
                0.23
              ],
              [
                687297.45,
                6371028.79,
                0.23
              ],
              [
                687297.62,
                6371027.01,
                0.23
              ],
              [
                687295.52,
                6371020.39,
                0.23
              ],
              [
                687291.94,
                6371014.34,
                0.23
              ],
              [
                687285.67,
                6371007.57,
                0.23
              ],
              [
                687281.01,
                6371003.73,
                0.23
              ],
              [
                687278.93,
                6371001.86,
                0.23
              ],
              [
                687271.99,
                6370998.1,
                0.23
              ],
              [
                687261.1,
                6370988.39,
                0.23
              ],
              [
                687258.63,
                6370987.04,
                0.23
              ],
              [
                687252.47,
                6370984.03,
                0.23
              ],
              [
                687246.64,
                6370981.87,
                0.23
              ],
              [
                687240.77,
                6370980.21,
                0.23
              ],
              [
                687235.11,
                6370979.48,
                0.23
              ],
              [
                687228.78,
                6370979.42,
                0.23
              ],
              [
                687223.8,
                6370980.16,
                0.23
              ],
              [
                687219.68,
                6370980.15,
                0.23
              ],
              [
                687214.59,
                6370980.99,
                0.23
              ],
              [
                687210.24,
                6370982.47,
                0.23
              ],
              [
                687206.19,
                6370984.86,
                0.23
              ],
              [
                687203.93,
                6370990.7,
                0.23
              ],
              [
                687201.38,
                6370993.99,
                0.23
              ],
              [
                687197.78,
                6370995.64,
                0.23
              ],
              [
                687190.28,
                6370998.32,
                0.23
              ],
              [
                687185.92,
                6371002.5,
                0.23
              ],
              [
                687182.76,
                6371008.19,
                0.23
              ],
              [
                687177.51,
                6371009.38,
                0.23
              ],
              [
                687170.32,
                6371009.37,
                0.23
              ],
              [
                687161.93,
                6371006.95,
                0.23
              ],
              [
                687152.35,
                6371002.73,
                0.23
              ],
              [
                687145.31,
                6370998.67,
                0.23
              ],
              [
                687138.28,
                6370993.41,
                0.23
              ],
              [
                687130.65,
                6370986.8,
                0.23
              ],
              [
                687124.22,
                6370980.64,
                0.23
              ],
              [
                687119.28,
                6370975.83,
                0.23
              ],
              [
                687116.3,
                6370969.98,
                0.23
              ],
              [
                687114.22,
                6370961.74,
                0.23
              ],
              [
                687113.48,
                6370955.29,
                0.23
              ],
              [
                687110.94,
                6370950.94,
                0.23
              ],
              [
                687107.35,
                6370947.48,
                0.23
              ],
              [
                687104.66,
                6370944.78,
                0.23
              ],
              [
                687101.98,
                6370937.28,
                0.23
              ],
              [
                687101.24,
                6370931.28,
                0.23
              ],
              [
                687102.16,
                6370923.49,
                0.23
              ],
              [
                687103.83,
                6370911.36,
                0.23
              ],
              [
                687104.46,
                6370897.42,
                0.23
              ],
              [
                687106.29,
                6370884.53,
                0.23
              ],
              [
                687105.86,
                6370875.09,
                0.23
              ],
              [
                687105.43,
                6370864.45,
                0.23
              ],
              [
                687109.94,
                6370857.12,
                0.23
              ],
              [
                687112.66,
                6370850.83,
                0.23
              ],
              [
                687113.12,
                6370842.44,
                0.23
              ],
              [
                687112.4,
                6370831.94,
                0.23
              ],
              [
                687111.82,
                6370822.8,
                0.23
              ],
              [
                687113.03,
                6370814.26,
                0.23
              ],
              [
                687113.65,
                6370805.87,
                0.23
              ],
              [
                687112.32,
                6370796.42,
                0.23
              ],
              [
                687111.59,
                6370787.13,
                0.23
              ],
              [
                687110.42,
                6370777.09,
                0.23
              ],
              [
                687109.53,
                6370771.39,
                0.23
              ],
              [
                687107.3,
                6370763.89,
                0.23
              ],
              [
                687105.81,
                6370757.44,
                0.23
              ],
              [
                687101.62,
                6370753.69,
                0.23
              ],
              [
                687098.93,
                6370751.58,
                0.23
              ],
              [
                687099.39,
                6370749.19,
                0.23
              ],
              [
                687103.29,
                6370747.1,
                0.23
              ],
              [
                687106.15,
                6370741.71,
                0.23
              ],
              [
                687109.45,
                6370736.77,
                0.23
              ],
              [
                687114.11,
                6370730.48,
                0.23
              ],
              [
                687116.53,
                6370724.04,
                0.23
              ],
              [
                687120.73,
                6370718.66,
                0.23
              ],
              [
                687124.35,
                6370711.32,
                0.23
              ],
              [
                687129.45,
                6370707.74,
                0.23
              ],
              [
                687144.0,
                6370700.42,
                0.23
              ],
              [
                687147.45,
                6370699.98,
                0.23
              ],
              [
                687150.3,
                6370700.44,
                0.23
              ],
              [
                687153.59,
                6370703.44,
                0.23
              ],
              [
                687157.64,
                6370703.45,
                0.23
              ],
              [
                687163.48,
                6370703.61,
                0.23
              ],
              [
                687166.63,
                6370704.52,
                0.23
              ],
              [
                687170.81,
                6370708.87,
                0.23
              ],
              [
                687172.31,
                6370711.07,
                0.23
              ],
              [
                687180.01,
                6370714.38,
                0.23
              ],
              [
                687195.57,
                6370709.87,
                0.23
              ],
              [
                687198.33,
                6370707.31,
                0.23
              ],
              [
                687199.95,
                6370702.99,
                0.23
              ],
              [
                687201.15,
                6370698.0,
                0.23
              ],
              [
                687199.83,
                6370690.32,
                0.23
              ],
              [
                687199.14,
                6370687.12,
                0.23
              ],
              [
                687200.17,
                6370685.26,
                0.23
              ],
              [
                687202.29,
                6370684.97,
                0.23
              ],
              [
                687206.04,
                6370688.88,
                0.23
              ],
              [
                687211.09,
                6370692.72,
                0.23
              ],
              [
                687217.01,
                6370695.51,
                0.23
              ],
              [
                687222.32,
                6370699.36,
                0.23
              ],
              [
                687223.84,
                6370704.17,
                0.23
              ],
              [
                687229.08,
                6370706.28,
                0.23
              ],
              [
                687234.1,
                6370705.67,
                0.23
              ],
              [
                687239.53,
                6370705.11,
                0.23
              ],
              [
                687248.29,
                6370699.59,
                0.23
              ],
              [
                687256.24,
                6370693.8,
                0.23
              ],
              [
                687265.12,
                6370684.42,
                0.23
              ],
              [
                687269.49,
                6370680.31,
                0.23
              ],
              [
                687276.19,
                6370673.76,
                0.23
              ],
              [
                687287.31,
                6370665.2,
                0.23
              ],
              [
                687297.08,
                6370655.33,
                0.23
              ],
              [
                687303.99,
                6370649.35,
                0.23
              ],
              [
                687314.79,
                6370642.18,
                0.23
              ],
              [
                687333.55,
                6370633.67,
                0.23
              ],
              [
                687336.29,
                6370632.48,
                0.23
              ],
              [
                687336.93,
                6370632.15,
                0.23
              ],
              [
                687337.18,
                6370632.09,
                0.23
              ],
              [
                687354.4,
                6370624.58,
                0.23
              ],
              [
                687366.1,
                6370618.31,
                0.23
              ],
              [
                687370.01,
                6370615.47,
                0.23
              ],
              [
                687379.45,
                6370613.54,
                0.23
              ],
              [
                687386.95,
                6370613.11,
                0.23
              ],
              [
                687393.84,
                6370612.37,
                0.23
              ],
              [
                687405.09,
                6370608.65,
                0.23
              ],
              [
                687411.39,
                6370608.51,
                0.23
              ],
              [
                687419.48,
                6370610.33,
                0.23
              ],
              [
                687424.72,
                6370610.64,
                0.23
              ],
              [
                687435.05,
                6370616.96,
                0.23
              ],
              [
                687438.94,
                6370620.26,
                0.23
              ],
              [
                687442.53,
                6370622.97,
                0.23
              ],
              [
                687448.07,
                6370628.52,
                0.23
              ],
              [
                687450.76,
                6370630.48,
                0.23
              ],
              [
                687451.14,
                6370634.29,
                0.23
              ],
              [
                687453.5,
                6370636.49,
                0.23
              ],
              [
                687454.67,
                6370638.16,
                0.23
              ],
              [
                687456.33,
                6370639.21,
                0.23
              ],
              [
                687459.38,
                6370642.15,
                0.23
              ],
              [
                687464.21,
                6370649.91,
                0.23
              ],
              [
                687467.12,
                6370651.92,
                0.23
              ],
              [
                687466.93,
                6370656.49,
                0.23
              ],
              [
                687467.31,
                6370657.46,
                0.23
              ],
              [
                687474.34,
                6370667.45,
                0.23
              ],
              [
                687479.86,
                6370672.38,
                0.23
              ],
              [
                687481.71,
                6370673.85,
                0.23
              ],
              [
                687495.3,
                6370678.4,
                0.23
              ],
              [
                687500.0,
                6370677.75,
                0.23
              ],
              [
                687504.62,
                6370677.12,
                0.23
              ],
              [
                687512.8,
                6370675.54,
                0.23
              ],
              [
                687518.45,
                6370675.32,
                0.23
              ],
              [
                687521.19,
                6370674.58,
                0.23
              ],
              [
                687527.52,
                6370674.47,
                0.23
              ],
              [
                687539.16,
                6370674.42,
                0.23
              ],
              [
                687546.78,
                6370674.39,
                0.23
              ],
              [
                687554.05,
                6370673.44,
                0.23
              ],
              [
                687561.11,
                6370672.14,
                0.23
              ],
              [
                687565.98,
                6370670.89,
                0.23
              ],
              [
                687570.58,
                6370670.03,
                0.23
              ],
              [
                687573.66,
                6370667.48,
                0.23
              ],
              [
                687576.83,
                6370668.21,
                0.23
              ],
              [
                687579.86,
                6370667.18,
                0.23
              ],
              [
                687589.36,
                6370665.87,
                0.23
              ],
              [
                687592.4,
                6370663.93,
                0.23
              ],
              [
                687596.87,
                6370663.23,
                0.23
              ],
              [
                687601.25,
                6370661.71,
                0.23
              ],
              [
                687606.17,
                6370660.9,
                0.23
              ],
              [
                687612.59,
                6370659.88,
                0.23
              ],
              [
                687619.35,
                6370658.57,
                0.23
              ],
              [
                687627.51,
                6370656.61,
                0.23
              ],
              [
                687636.81,
                6370654.15,
                0.23
              ],
              [
                687644.96,
                6370651.29,
                0.23
              ],
              [
                687651.63,
                6370648.64,
                0.23
              ],
              [
                687660.82,
                6370644.75,
                0.23
              ],
              [
                687669.1,
                6370640.45,
                0.23
              ],
              [
                687678.83,
                6370635.51,
                0.23
              ],
              [
                687683.09,
                6370633.72,
                0.23
              ],
              [
                687688.67,
                6370630.9,
                0.23
              ],
              [
                687697.01,
                6370626.19,
                0.23
              ],
              [
                687701.93,
                6370622.15,
                0.23
              ],
              [
                687704.42,
                6370620.93,
                0.23
              ],
              [
                687711.83,
                6370615.29,
                0.23
              ],
              [
                687724.59,
                6370606.15,
                0.23
              ],
              [
                687732.57,
                6370600.62,
                0.23
              ],
              [
                687739.66,
                6370594.41,
                0.23
              ],
              [
                687742.44,
                6370591.9,
                0.23
              ],
              [
                687747.67,
                6370587.13,
                0.23
              ],
              [
                687750.86,
                6370585.3,
                0.23
              ],
              [
                687758.12,
                6370579.75,
                0.23
              ],
              [
                687764.81,
                6370574.52,
                0.23
              ],
              [
                687768.74,
                6370571.29,
                0.23
              ],
              [
                687774.17,
                6370565.79,
                0.23
              ],
              [
                687780.33,
                6370556.06,
                0.23
              ],
              [
                687786.5,
                6370546.33,
                0.23
              ],
              [
                687790.82,
                6370541.52,
                0.23
              ],
              [
                687791.9,
                6370537.96,
                0.23
              ],
              [
                687794.31,
                6370538.07,
                0.23
              ],
              [
                687797.61,
                6370535.42,
                0.23
              ],
              [
                687801.21,
                6370533.48,
                0.23
              ],
              [
                687805.86,
                6370533.04,
                0.23
              ],
              [
                687812.6,
                6370534.4,
                0.23
              ],
              [
                687818.59,
                6370536.21,
                0.23
              ],
              [
                687821.74,
                6370536.37,
                0.23
              ],
              [
                687832.24,
                6370532.8,
                0.23
              ],
              [
                687841.39,
                6370529.97,
                0.23
              ],
              [
                687847.43,
                6370525.79,
                0.23
              ],
              [
                687851.31,
                6370522.53,
                0.23
              ],
              [
                687852.04,
                6370522.6,
                0.23
              ],
              [
                687863.78,
                6370514.47,
                0.23
              ],
              [
                687888.37,
                6370494.27,
                0.23
              ],
              [
                687920.57,
                6370462.23,
                0.23
              ],
              [
                687942.38,
                6370433.54,
                0.23
              ],
              [
                687953.94,
                6370417.05,
                0.23
              ],
              [
                687965.74,
                6370393.24,
                0.23
              ],
              [
                687974.95,
                6370361.33,
                0.23
              ],
              [
                687981.49,
                6370331.57,
                0.23
              ],
              [
                687981.03,
                6370307.93,
                0.23
              ],
              [
                687979.05,
                6370294.75,
                0.23
              ],
              [
                687973.81,
                6370284.71,
                0.23
              ],
              [
                687968.29,
                6370278.01,
                0.23
              ],
              [
                687962.04,
                6370275.77,
                0.23
              ],
              [
                687949.9,
                6370274.25,
                0.23
              ],
              [
                687935.01,
                6370271.52,
                0.23
              ],
              [
                687919.61,
                6370269.38,
                0.23
              ],
              [
                687909.22,
                6370265.07,
                0.23
              ],
              [
                687893.61,
                6370255.01,
                0.23
              ],
              [
                687883.64,
                6370250.44,
                0.23
              ],
              [
                687878.78,
                6370247.65,
                0.23
              ],
              [
                687874.71,
                6370243.8,
                0.23
              ],
              [
                687871.19,
                6370233.28,
                0.23
              ],
              [
                687868.11,
                6370220.2,
                0.23
              ],
              [
                687866.64,
                6370207.86,
                0.23
              ],
              [
                687865.48,
                6370196.5,
                0.23
              ],
              [
                687868.95,
                6370186.62,
                0.23
              ],
              [
                687874.55,
                6370178.32,
                0.23
              ],
              [
                687884.2,
                6370165.83,
                0.23
              ],
              [
                687890.11,
                6370153.32,
                0.23
              ],
              [
                687895.76,
                6370148.44,
                0.23
              ],
              [
                687905.21,
                6370144.13,
                0.23
              ],
              [
                687912.67,
                6370143.62,
                0.23
              ],
              [
                687925.8,
                6370147.71,
                0.23
              ],
              [
                687931.21,
                6370149.92,
                0.23
              ],
              [
                687938.03,
                6370152.11,
                0.23
              ],
              [
                687939.54,
                6370153.62,
                0.23
              ],
              [
                687948.2,
                6370158.52,
                0.23
              ],
              [
                687956.08,
                6370165.8,
                0.23
              ],
              [
                687961.43,
                6370173.18,
                0.23
              ],
              [
                687965.79,
                6370189.8,
                0.23
              ],
              [
                687970.57,
                6370204.72,
                0.23
              ],
              [
                687972.36,
                6370209.1,
                0.23
              ],
              [
                687978.26,
                6370219.08,
                0.23
              ],
              [
                687980.36,
                6370225.86,
                0.23
              ],
              [
                687983.8,
                6370234.1,
                0.23
              ],
              [
                687984.72,
                6370235.94,
                0.23
              ],
              [
                687986.54,
                6370239.22,
                0.23
              ],
              [
                687992.92,
                6370247.01,
                0.23
              ],
              [
                687995.38,
                6370256.01,
                0.23
              ],
              [
                687996.79,
                6370259.47,
                0.23
              ],
              [
                688002.56,
                6370266.38,
                0.23
              ],
              [
                688002.42,
                6370272.95,
                0.23
              ],
              [
                688003.11,
                6370274.07,
                0.23
              ],
              [
                688007.45,
                6370277.59,
                0.23
              ],
              [
                688010.28,
                6370286.18,
                0.23
              ],
              [
                688013.06,
                6370289.72,
                0.23
              ],
              [
                688017.56,
                6370293.67,
                0.23
              ],
              [
                688017.62,
                6370293.78,
                0.23
              ],
              [
                688022.45,
                6370297.59,
                0.23
              ],
              [
                688024.0,
                6370300.92,
                0.23
              ],
              [
                688024.54,
                6370302.62,
                0.23
              ],
              [
                688024.83,
                6370302.94,
                0.23
              ],
              [
                688029.17,
                6370313.39,
                0.23
              ],
              [
                688031.93,
                6370325.67,
                0.23
              ],
              [
                688036.08,
                6370338.65,
                0.23
              ],
              [
                688042.93,
                6370352.0,
                0.23
              ],
              [
                688043.62,
                6370354.54,
                0.23
              ],
              [
                688048.96,
                6370364.33,
                0.23
              ],
              [
                688056.47,
                6370384.11,
                0.23
              ],
              [
                688057.93,
                6370387.0,
                0.23
              ],
              [
                688058.85,
                6370390.39,
                0.23
              ],
              [
                688060.4,
                6370394.47,
                0.23
              ],
              [
                688064.77,
                6370405.9,
                0.23
              ],
              [
                688072.96,
                6370422.2,
                0.23
              ],
              [
                688075.44,
                6370426.09,
                0.23
              ],
              [
                688082.94,
                6370432.0,
                0.23
              ],
              [
                688091.08,
                6370448.66,
                0.23
              ],
              [
                688097.92,
                6370457.01,
                0.23
              ],
              [
                688099.87,
                6370464.16,
                0.23
              ],
              [
                688103.82,
                6370470.1,
                0.23
              ],
              [
                688108.1,
                6370475.66,
                0.23
              ],
              [
                688118.3,
                6370490.37,
                0.23
              ],
              [
                688123.2,
                6370497.59,
                0.23
              ],
              [
                688126.99,
                6370503.85,
                0.23
              ],
              [
                688131.26,
                6370512.09,
                0.23
              ],
              [
                688136.83,
                6370524.32,
                0.23
              ],
              [
                688139.36,
                6370527.2,
                0.23
              ],
              [
                688141.37,
                6370533.65,
                0.23
              ],
              [
                688144.16,
                6370538.84,
                0.23
              ],
              [
                688147.3,
                6370543.5,
                0.23
              ],
              [
                688149.13,
                6370548.69,
                0.23
              ],
              [
                688149.81,
                6370555.97,
                0.23
              ],
              [
                688152.56,
                6370561.37,
                0.23
              ],
              [
                688151.5,
                6370567.06,
                0.23
              ],
              [
                688153.07,
                6370573.24,
                0.23
              ],
              [
                688154.87,
                6370579.84,
                0.23
              ],
              [
                688157.7,
                6370588.52,
                0.23
              ],
              [
                688164.68,
                6370599.52,
                0.23
              ],
              [
                688173.8,
                6370608.35,
                0.23
              ],
              [
                688185.77,
                6370615.73,
                0.23
              ],
              [
                688198.07,
                6370616.58,
                0.23
              ],
              [
                688207.38,
                6370616.97,
                0.23
              ],
              [
                688219.34,
                6370619.24,
                0.23
              ],
              [
                688231.1,
                6370628.8,
                0.23
              ],
              [
                688238.55,
                6370632.63,
                0.23
              ],
              [
                688252.83,
                6370634.94,
                0.23
              ],
              [
                688267.11,
                6370640.11,
                0.23
              ],
              [
                688282.19,
                6370645.67,
                0.23
              ],
              [
                688296.73,
                6370647.79,
                0.23
              ],
              [
                688309.0,
                6370651.16,
                0.23
              ],
              [
                688325.48,
                6370650.65,
                0.23
              ],
              [
                688337.9,
                6370651.98,
                0.23
              ],
              [
                688349.06,
                6370653.32,
                0.23
              ],
              [
                688356.86,
                6370656.82,
                0.23
              ],
              [
                688362.73,
                6370661.03,
                0.23
              ],
              [
                688367.67,
                6370664.22,
                0.23
              ],
              [
                688372.47,
                6370666.37,
                0.23
              ],
              [
                688376.8,
                6370666.74,
                0.23
              ],
              [
                688380.89,
                6370667.61,
                0.23
              ],
              [
                688385.84,
                6370669.74,
                0.23
              ],
              [
                688391.83,
                6370670.36,
                0.23
              ],
              [
                688396.46,
                6370673.3,
                0.23
              ],
              [
                688401.18,
                6370675.91,
                0.23
              ],
              [
                688410.33,
                6370683.03,
                0.23
              ],
              [
                688414.96,
                6370691.7,
                0.23
              ],
              [
                688419.13,
                6370698.65,
                0.23
              ],
              [
                688421.29,
                6370700.15,
                0.23
              ],
              [
                688428.03,
                6370702.1,
                0.23
              ],
              [
                688433.92,
                6370705.06,
                0.23
              ],
              [
                688438.47,
                6370706.52,
                0.23
              ],
              [
                688442.01,
                6370706.69,
                0.23
              ],
              [
                688450.05,
                6370706.73,
                0.23
              ],
              [
                688466.48,
                6370705.46,
                0.23
              ],
              [
                688481.85,
                6370701.96,
                0.23
              ],
              [
                688487.95,
                6370699.72,
                0.23
              ],
              [
                688494.27,
                6370694.5,
                0.23
              ],
              [
                688502.43,
                6370683.29,
                0.23
              ],
              [
                688507.06,
                6370677.65,
                0.23
              ],
              [
                688510.73,
                6370676.59,
                0.23
              ],
              [
                688514.43,
                6370676.09,
                0.23
              ],
              [
                688519.49,
                6370673.05,
                0.23
              ],
              [
                688520.41,
                6370667.91,
                0.23
              ],
              [
                688522.64,
                6370662.56,
                0.23
              ],
              [
                688526.92,
                6370656.3,
                0.23
              ],
              [
                688532.15,
                6370645.48,
                0.23
              ],
              [
                688537.62,
                6370632.19,
                0.23
              ],
              [
                688541.94,
                6370624.53,
                0.23
              ],
              [
                688547.38,
                6370619.36,
                0.23
              ],
              [
                688555.29,
                6370616.23,
                0.23
              ],
              [
                688562.51,
                6370617.17,
                0.23
              ],
              [
                688568.82,
                6370620.81,
                0.23
              ],
              [
                688576.49,
                6370631.89,
                0.23
              ],
              [
                688596.83,
                6370616.55,
                0.23
              ],
              [
                688596.55,
                6370615.48,
                0.23
              ],
              [
                688596.73,
                6370608.27,
                0.23
              ],
              [
                688598.47,
                6370606.33,
                0.23
              ],
              [
                688601.73,
                6370602.84,
                0.23
              ],
              [
                688601.69,
                6370601.5,
                0.23
              ],
              [
                688602.02,
                6370597.08,
                0.23
              ],
              [
                688603.25,
                6370584.93,
                0.23
              ],
              [
                688602.8,
                6370579.57,
                0.23
              ],
              [
                688601.42,
                6370575.06,
                0.23
              ],
              [
                688601.22,
                6370571.68,
                0.23
              ],
              [
                688601.0,
                6370570.73,
                0.23
              ],
              [
                688601.7,
                6370569.52,
                0.23
              ],
              [
                688606.65,
                6370556.44,
                0.23
              ],
              [
                688609.72,
                6370549.47,
                0.23
              ],
              [
                688612.27,
                6370544.61,
                0.23
              ],
              [
                688613.3,
                6370542.8,
                0.23
              ],
              [
                688613.27,
                6370542.11,
                0.23
              ],
              [
                688607.55,
                6370537.58,
                0.23
              ],
              [
                688604.3,
                6370532.9,
                0.23
              ],
              [
                688591.79,
                6370523.23,
                0.23
              ],
              [
                688591.09,
                6370522.17,
                0.23
              ],
              [
                688591.97,
                6370520.69,
                0.23
              ],
              [
                688587.57,
                6370517.6,
                0.23
              ],
              [
                688584.94,
                6370515.83,
                0.23
              ],
              [
                688582.01,
                6370513.38,
                0.23
              ],
              [
                688581.8,
                6370512.11,
                0.23
              ],
              [
                688581.0,
                6370511.91,
                0.23
              ],
              [
                688576.98,
                6370515.66,
                0.23
              ],
              [
                688577.49,
                6370517.54,
                0.23
              ],
              [
                688580.35,
                6370523.27,
                0.23
              ],
              [
                688586.41,
                6370531.67,
                0.23
              ],
              [
                688591.4,
                6370540.66,
                0.23
              ],
              [
                688593.0,
                6370549.33,
                0.23
              ],
              [
                688590.98,
                6370557.82,
                0.23
              ],
              [
                688591.66,
                6370563.93,
                0.23
              ],
              [
                688592.14,
                6370568.8,
                0.23
              ],
              [
                688590.61,
                6370577.46,
                0.23
              ],
              [
                688591.83,
                6370585.46,
                0.23
              ],
              [
                688591.63,
                6370594.89,
                0.23
              ],
              [
                688591.6,
                6370595.44,
                0.23
              ],
              [
                688592.15,
                6370598.19,
                0.23
              ],
              [
                688591.44,
                6370598.18,
                0.23
              ],
              [
                688591.25,
                6370601.42,
                0.23
              ],
              [
                688589.44,
                6370603.37,
                0.23
              ],
              [
                688586.81,
                6370604.35,
                0.23
              ],
              [
                688580.32,
                6370597.0,
                0.23
              ],
              [
                688571.78,
                6370585.22,
                0.23
              ],
              [
                688566.96,
                6370579.87,
                0.23
              ],
              [
                688555.74,
                6370566.69,
                0.23
              ],
              [
                688552.8,
                6370566.82,
                0.23
              ],
              [
                688551.85,
                6370567.29,
                0.23
              ],
              [
                688550.19,
                6370570.54,
                0.23
              ],
              [
                688550.12,
                6370572.32,
                0.23
              ],
              [
                688550.18,
                6370572.73,
                0.23
              ],
              [
                688553.08,
                6370580.65,
                0.23
              ],
              [
                688553.72,
                6370591.48,
                0.23
              ],
              [
                688550.75,
                6370598.92,
                0.23
              ],
              [
                688544.86,
                6370603.86,
                0.23
              ],
              [
                688535.81,
                6370610.82,
                0.23
              ],
              [
                688529.0,
                6370619.82,
                0.23
              ],
              [
                688522.39,
                6370635.14,
                0.23
              ],
              [
                688517.14,
                6370649.57,
                0.23
              ],
              [
                688512.8,
                6370661.74,
                0.23
              ],
              [
                688506.22,
                6370669.39,
                0.23
              ],
              [
                688493.61,
                6370677.08,
                0.23
              ],
              [
                688487.52,
                6370683.2,
                0.23
              ],
              [
                688484.97,
                6370686.2,
                0.23
              ],
              [
                688481.6,
                6370687.67,
                0.23
              ],
              [
                688475.6,
                6370688.8,
                0.23
              ],
              [
                688473.05,
                6370689.01,
                0.23
              ],
              [
                688468.57,
                6370690.14,
                0.23
              ],
              [
                688451.96,
                6370685.53,
                0.23
              ],
              [
                688428.2,
                6370680.87,
                0.23
              ],
              [
                688423.51,
                6370677.06,
                0.23
              ],
              [
                688423.76,
                6370674.02,
                0.23
              ],
              [
                688431.06,
                6370661.73,
                0.23
              ],
              [
                688438.86,
                6370650.4,
                0.23
              ],
              [
                688453.03,
                6370639.19,
                0.23
              ],
              [
                688470.42,
                6370617.68,
                0.23
              ],
              [
                688481.92,
                6370604.92,
                0.23
              ],
              [
                688494.89,
                6370589.84,
                0.23
              ],
              [
                688502.9,
                6370577.49,
                0.23
              ],
              [
                688510.37,
                6370565.18,
                0.23
              ],
              [
                688517.82,
                6370551.44,
                0.23
              ],
              [
                688522.89,
                6370540.88,
                0.23
              ],
              [
                688528.36,
                6370530.22,
                0.23
              ],
              [
                688526.5,
                6370525.1,
                0.23
              ],
              [
                688529.86,
                6370514.66,
                0.23
              ],
              [
                688531.13,
                6370501.17,
                0.23
              ],
              [
                688531.01,
                6370497.98,
                0.23
              ],
              [
                688531.96,
                6370488.2,
                0.23
              ],
              [
                688532.51,
                6370486.38,
                0.23
              ],
              [
                688532.92,
                6370481.99,
                0.23
              ],
              [
                688534.35,
                6370481.71,
                0.23
              ],
              [
                688537.18,
                6370478.12,
                0.23
              ],
              [
                688541.25,
                6370480.81,
                0.23
              ],
              [
                688548.04,
                6370482.09,
                0.23
              ],
              [
                688565.51,
                6370494.21,
                0.23
              ],
              [
                688568.95,
                6370499.16,
                0.23
              ],
              [
                688573.61,
                6370502.24,
                0.23
              ],
              [
                688574.03,
                6370503.96,
                0.23
              ],
              [
                688575.01,
                6370504.33,
                0.23
              ],
              [
                688577.95,
                6370503.31,
                0.23
              ],
              [
                688578.96,
                6370499.31,
                0.23
              ],
              [
                688578.06,
                6370498.22,
                0.23
              ],
              [
                688571.98,
                6370493.22,
                0.23
              ],
              [
                688577.82,
                6370491.16,
                0.23
              ],
              [
                688581.98,
                6370487.33,
                0.23
              ],
              [
                688582.05,
                6370487.06,
                0.23
              ],
              [
                688583.91,
                6370484.76,
                0.23
              ],
              [
                688586.6,
                6370480.69,
                0.23
              ],
              [
                688590.99,
                6370467.96,
                0.23
              ],
              [
                688592.9,
                6370462.18,
                0.23
              ],
              [
                688594.2,
                6370457.11,
                0.23
              ],
              [
                688594.63,
                6370453.42,
                0.23
              ],
              [
                688593.34,
                6370447.09,
                0.23
              ],
              [
                688590.25,
                6370444.73,
                0.23
              ],
              [
                688576.99,
                6370438.1,
                0.23
              ],
              [
                688568.98,
                6370431.51,
                0.23
              ],
              [
                688551.99,
                6370423.1,
                0.23
              ],
              [
                688538.98,
                6370411.51,
                0.23
              ],
              [
                688521.99,
                6370403.1,
                0.23
              ],
              [
                688508.98,
                6370391.51,
                0.23
              ],
              [
                688495.25,
                6370384.73,
                0.23
              ],
              [
                688492.42,
                6370381.44,
                0.23
              ],
              [
                688496.47,
                6370377.56,
                0.23
              ],
              [
                688498.06,
                6370375.03,
                0.23
              ],
              [
                688502.65,
                6370375.97,
                0.23
              ],
              [
                688503.07,
                6370376.25,
                0.23
              ],
              [
                688504.35,
                6370376.06,
                0.23
              ],
              [
                688508.05,
                6370377.08,
                0.23
              ],
              [
                688531.03,
                6370393.64,
                0.23
              ],
              [
                688538.03,
                6370397.06,
                0.23
              ],
              [
                688549.01,
                6370406.84,
                0.23
              ],
              [
                688553.0,
                6370409.5,
                0.23
              ],
              [
                688564.59,
                6370414.53,
                0.23
              ],
              [
                688569.7,
                6370411.95,
                0.23
              ],
              [
                688579.2,
                6370401.57,
                0.23
              ],
              [
                688598.16,
                6370381.15,
                0.23
              ],
              [
                688601.42,
                6370376.58,
                0.23
              ],
              [
                688604.4,
                6370374.51,
                0.23
              ],
              [
                688605.82,
                6370373.01,
                0.23
              ],
              [
                688612.22,
                6370362.69,
                0.23
              ],
              [
                688611.98,
                6370357.0,
                0.23
              ],
              [
                688617.5,
                6370347.62,
                0.23
              ],
              [
                688623.02,
                6370343.44,
                0.23
              ],
              [
                688627.05,
                6370327.06,
                0.23
              ],
              [
                688631.31,
                6370322.53,
                0.23
              ],
              [
                688635.85,
                6370322.96,
                0.23
              ],
              [
                688645.09,
                6370307.21,
                0.23
              ],
              [
                688641.91,
                6370307.18,
                0.23
              ],
              [
                688641.0,
                6370300.73,
                0.23
              ],
              [
                688650.4,
                6370280.36,
                0.23
              ],
              [
                688657.48,
                6370273.88,
                0.23
              ],
              [
                688657.44,
                6370266.48,
                0.23
              ],
              [
                688663.58,
                6370259.05,
                0.23
              ],
              [
                688671.99,
                6370242.05,
                0.23
              ],
              [
                688676.42,
                6370236.58,
                0.23
              ],
              [
                688681.31,
                6370232.53,
                0.23
              ],
              [
                688684.96,
                6370232.85,
                0.23
              ],
              [
                688686.11,
                6370230.39,
                0.23
              ],
              [
                688687.92,
                6370227.03,
                0.23
              ],
              [
                688687.92,
                6370226.99,
                0.23
              ],
              [
                688687.96,
                6370226.97,
                0.23
              ],
              [
                688692.45,
                6370218.67,
                0.23
              ],
              [
                688692.44,
                6370216.48,
                0.23
              ],
              [
                688695.48,
                6370213.08,
                0.23
              ],
              [
                688701.68,
                6370201.64,
                0.23
              ],
              [
                688712.66,
                6370178.57,
                0.23
              ],
              [
                688716.54,
                6370172.18,
                0.23
              ],
              [
                688726.61,
                6370159.43,
                0.23
              ],
              [
                688729.5,
                6370155.92,
                0.23
              ],
              [
                688732.04,
                6370147.06,
                0.23
              ],
              [
                688747.05,
                6370131.66,
                0.23
              ],
              [
                688748.88,
                6370128.92,
                0.23
              ],
              [
                688751.15,
                6370126.32,
                0.23
              ],
              [
                688756.99,
                6370117.05,
                0.23
              ],
              [
                688765.55,
                6370107.45,
                0.23
              ],
              [
                688772.42,
                6370093.88,
                0.23
              ],
              [
                688776.1,
                6370083.87,
                0.23
              ],
              [
                688780.22,
                6370075.04,
                0.23
              ],
              [
                688781.56,
                6370067.32,
                0.23
              ],
              [
                688781.03,
                6370057.43,
                0.23
              ],
              [
                688778.84,
                6370046.37,
                0.23
              ],
              [
                688772.76,
                6370035.86,
                0.23
              ],
              [
                688770.37,
                6370033.34,
                0.23
              ],
              [
                688766.25,
                6370030.81,
                0.23
              ],
              [
                688759.35,
                6370028.69,
                0.23
              ],
              [
                688755.27,
                6370027.43,
                0.23
              ],
              [
                688752.22,
                6370024.54,
                0.23
              ],
              [
                688751.15,
                6370021.6,
                0.23
              ],
              [
                688751.84,
                6370016.58,
                0.23
              ],
              [
                688753.62,
                6370012.9,
                0.23
              ],
              [
                688756.85,
                6370005.91,
                0.23
              ],
              [
                688758.1,
                6370000.0,
                0.23
              ]
            ],
            [
              [
                688506.81,
                6370464.17,
                0.23
              ],
              [
                688508.3,
                6370466.86,
                0.23
              ],
              [
                688508.11,
                6370469.85,
                0.23
              ],
              [
                688505.89,
                6370471.63,
                0.23
              ],
              [
                688503.54,
                6370473.92,
                0.23
              ],
              [
                688502.47,
                6370478.31,
                0.23
              ],
              [
                688499.64,
                6370489.24,
                0.23
              ],
              [
                688497.26,
                6370496.44,
                0.23
              ],
              [
                688492.99,
                6370500.77,
                0.23
              ],
              [
                688483.09,
                6370508.37,
                0.23
              ],
              [
                688476.66,
                6370511.28,
                0.23
              ],
              [
                688464.58,
                6370516.47,
                0.23
              ],
              [
                688462.1,
                6370516.4,
                0.23
              ],
              [
                688461.35,
                6370513.98,
                0.23
              ],
              [
                688462.21,
                6370511.16,
                0.23
              ],
              [
                688465.79,
                6370507.83,
                0.23
              ],
              [
                688481.36,
                6370498.21,
                0.23
              ],
              [
                688488.47,
                6370492.16,
                0.23
              ],
              [
                688493.04,
                6370485.49,
                0.23
              ],
              [
                688496.14,
                6370479.01,
                0.23
              ],
              [
                688498.5,
                6370469.66,
                0.23
              ],
              [
                688500.95,
                6370464.0,
                0.23
              ],
              [
                688503.98,
                6370462.59,
                0.23
              ],
              [
                688506.81,
                6370464.17,
                0.23
              ]
            ],
            [
              [
                688283.93,
                6370571.2,
                0.23
              ],
              [
                688274.54,
                6370572.31,
                0.23
              ],
              [
                688265.29,
                6370571.76,
                0.23
              ],
              [
                688251.59,
                6370570.75,
                0.23
              ],
              [
                688233.91,
                6370569.58,
                0.23
              ],
              [
                688221.7,
                6370567.23,
                0.23
              ],
              [
                688205.91,
                6370566.34,
                0.23
              ],
              [
                688197.95,
                6370566.01,
                0.23
              ],
              [
                688192.94,
                6370564.17,
                0.23
              ],
              [
                688191.0,
                6370563.34,
                0.23
              ],
              [
                688189.49,
                6370561.81,
                0.23
              ],
              [
                688190.78,
                6370559.44,
                0.23
              ],
              [
                688194.13,
                6370558.56,
                0.23
              ],
              [
                688207.49,
                6370558.77,
                0.23
              ],
              [
                688225.16,
                6370561.82,
                0.23
              ],
              [
                688240.99,
                6370563.97,
                0.23
              ],
              [
                688250.44,
                6370565.55,
                0.23
              ],
              [
                688264.33,
                6370566.16,
                0.23
              ],
              [
                688279.75,
                6370566.7,
                0.23
              ],
              [
                688284.83,
                6370566.77,
                0.23
              ],
              [
                688286.42,
                6370567.96,
                0.23
              ],
              [
                688286.87,
                6370570.13,
                0.23
              ],
              [
                688283.93,
                6370571.2,
                0.23
              ]
            ]
          ],
          "coordinateOrder": [
            "easting",
            "northing",
            "heightRH2000"
          ],
          "source": "canonical-water-boundary-minus-AOI-and-source-item-rectangle-edges",
          "suppressedArtificialEdges": 4,
          "reviewStatus": "source-derived-water-boundary-not-surveyed-shore"
        },
        "waterKind": "sea",
        "isSea": true,
        "seaAssociation": "contains-declared-offshore-reference-point",
        "offshoreReferenceEpsg3006": [
          686000,
          6371500
        ],
        "geometryUse": "source-derived-candidate",
        "reviewStatus": "source-topology-checked-not-field-reviewed",
        "clipBoundaryIsShore": false,
        "bathymetry": null
      },
      "geometry": {
        "type": "Polygon",
        "coordinates": [
          [
            [
              685892.61,
              6370018.63,
              0.23
            ],
            [
              685891.48,
              6370026.11,
              0.23
            ],
            [
              685895.46,
              6370039.97,
              0.23
            ],
            [
              685895.76,
              6370055.95,
              0.23
            ],
            [
              685898.37,
              6370072.11,
              0.23
            ],
            [
              685901.82,
              6370088.56,
              0.23
            ],
            [
              685903.51,
              6370095.65,
              0.23
            ],
            [
              685907.03,
              6370108.1,
              0.23
            ],
            [
              685938.06,
              6370180.68,
              0.23
            ],
            [
              685937.61,
              6370183.5,
              0.23
            ],
            [
              685933.32,
              6370186.62,
              0.23
            ],
            [
              685933.76,
              6370187.71,
              0.23
            ],
            [
              685937.48,
              6370191.27,
              0.23
            ],
            [
              685938.18,
              6370194.09,
              0.23
            ],
            [
              685936.68,
              6370198.92,
              0.23
            ],
            [
              685937.16,
              6370201.86,
              0.23
            ],
            [
              685936.86,
              6370210.25,
              0.23
            ],
            [
              685935.76,
              6370221.11,
              0.23
            ],
            [
              685933.68,
              6370232.55,
              0.23
            ],
            [
              685932.14,
              6370244.85,
              0.23
            ],
            [
              685930.51,
              6370260.36,
              0.23
            ],
            [
              685930.51,
              6370270.42,
              0.23
            ],
            [
              685930.72,
              6370275.07,
              0.23
            ],
            [
              685932.99,
              6370283.56,
              0.23
            ],
            [
              685935.65,
              6370296.01,
              0.23
            ],
            [
              685938.23,
              6370304.97,
              0.23
            ],
            [
              685938.9,
              6370313.8,
              0.23
            ],
            [
              685936.53,
              6370331.98,
              0.23
            ],
            [
              685936.09,
              6370340.77,
              0.23
            ],
            [
              685937.44,
              6370353.21,
              0.23
            ],
            [
              685940.09,
              6370370.27,
              0.23
            ],
            [
              685943.31,
              6370390.04,
              0.23
            ],
            [
              685945.82,
              6370400.75,
              0.23
            ],
            [
              685950.06,
              6370410.29,
              0.23
            ],
            [
              685958.63,
              6370424.78,
              0.23
            ],
            [
              685961.92,
              6370428.9,
              0.23
            ],
            [
              685968.05,
              6370428.07,
              0.23
            ],
            [
              685975.59,
              6370422.09,
              0.23
            ],
            [
              685977.85,
              6370422.05,
              0.23
            ],
            [
              685978.11,
              6370424.16,
              0.23
            ],
            [
              685967.64,
              6370436.19,
              0.23
            ],
            [
              685968.58,
              6370437.45,
              0.23
            ],
            [
              685972.45,
              6370441.26,
              0.23
            ],
            [
              685972.51,
              6370442.71,
              0.23
            ],
            [
              685973.75,
              6370444.37,
              0.23
            ],
            [
              685976.58,
              6370450.3,
              0.23
            ],
            [
              685978.33,
              6370459.64,
              0.23
            ],
            [
              685978.9,
              6370467.73,
              0.23
            ],
            [
              685977.76,
              6370473.65,
              0.23
            ],
            [
              685974.65,
              6370478.44,
              0.23
            ],
            [
              685969.5,
              6370483.1,
              0.23
            ],
            [
              685964.08,
              6370486.33,
              0.23
            ],
            [
              685955.63,
              6370490.55,
              0.23
            ],
            [
              685940.19,
              6370494.26,
              0.23
            ],
            [
              685935.32,
              6370494.4,
              0.23
            ],
            [
              685918.46,
              6370495.46,
              0.23
            ],
            [
              685908.04,
              6370495.58,
              0.23
            ],
            [
              685896.2,
              6370495.46,
              0.23
            ],
            [
              685890.06,
              6370494.84,
              0.23
            ],
            [
              685883.54,
              6370495.12,
              0.23
            ],
            [
              685877.92,
              6370496.0,
              0.23
            ],
            [
              685873.34,
              6370497.48,
              0.23
            ],
            [
              685868.76,
              6370499.19,
              0.23
            ],
            [
              685863.51,
              6370502.32,
              0.23
            ],
            [
              685859.38,
              6370504.63,
              0.23
            ],
            [
              685855.1,
              6370506.04,
              0.23
            ],
            [
              685851.35,
              6370507.98,
              0.23
            ],
            [
              685847.67,
              6370509.91,
              0.23
            ],
            [
              685840.73,
              6370513.48,
              0.23
            ],
            [
              685839.66,
              6370514.13,
              0.23
            ],
            [
              685828.98,
              6370523.64,
              0.23
            ],
            [
              685818.95,
              6370528.65,
              0.23
            ],
            [
              685811.47,
              6370528.91,
              0.23
            ],
            [
              685809.2,
              6370528.31,
              0.23
            ],
            [
              685800.98,
              6370529.18,
              0.23
            ],
            [
              685793.37,
              6370529.28,
              0.23
            ],
            [
              685791.75,
              6370529.15,
              0.23
            ],
            [
              685789.51,
              6370529.93,
              0.23
            ],
            [
              685780.01,
              6370530.58,
              0.23
            ],
            [
              685764.11,
              6370526.1,
              0.23
            ],
            [
              685745.4,
              6370525.05,
              0.23
            ],
            [
              685711.43,
              6370509.01,
              0.23
            ],
            [
              685701.32,
              6370499.71,
              0.23
            ],
            [
              685700.5,
              6370499.155235792,
              0.23
            ],
            [
              685700.5,
              6372999.5,
              0.23
            ],
            [
              687416.411749409,
              6372999.5,
              0.23
            ],
            [
              687416.54,
              6372997.95,
              0.23
            ],
            [
              687417.03,
              6372991.29,
              0.23
            ],
            [
              687418.98,
              6372977.34,
              0.23
            ],
            [
              687420.29,
              6372972.08,
              0.23
            ],
            [
              687420.2,
              6372963.99,
              0.23
            ],
            [
              687420.66,
              6372957.16,
              0.23
            ],
            [
              687420.64,
              6372951.12,
              0.23
            ],
            [
              687420.42,
              6372943.13,
              0.23
            ],
            [
              687419.48,
              6372931.99,
              0.23
            ],
            [
              687418.68,
              6372923.17,
              0.23
            ],
            [
              687418.21,
              6372917.05,
              0.23
            ],
            [
              687418.97,
              6372905.52,
              0.23
            ],
            [
              687419.38,
              6372895.06,
              0.23
            ],
            [
              687418.97,
              6372887.15,
              0.23
            ],
            [
              687418.09,
              6372879.45,
              0.23
            ],
            [
              687417.67,
              6372870.41,
              0.23
            ],
            [
              687417.12,
              6372865.29,
              0.23
            ],
            [
              687414.51,
              6372850.22,
              0.23
            ],
            [
              687413.08,
              6372839.64,
              0.23
            ],
            [
              687409.97,
              6372827.68,
              0.23
            ],
            [
              687405.75,
              6372816.15,
              0.23
            ],
            [
              687401.73,
              6372806.57,
              0.23
            ],
            [
              687397.89,
              6372803.23,
              0.23
            ],
            [
              687398.29,
              6372798.32,
              0.23
            ],
            [
              687391.89,
              6372782.5,
              0.23
            ],
            [
              687370.96,
              6372757.7,
              0.23
            ],
            [
              687360.31,
              6372746.52,
              0.23
            ],
            [
              687356.2,
              6372742.82,
              0.23
            ],
            [
              687352.88,
              6372741.84,
              0.23
            ],
            [
              687350.03,
              6372741.04,
              0.23
            ],
            [
              687347.44,
              6372741.05,
              0.23
            ],
            [
              687342.3,
              6372742.45,
              0.23
            ],
            [
              687340.97,
              6372743.23,
              0.23
            ],
            [
              687338.17,
              6372747.19,
              0.23
            ],
            [
              687333.68,
              6372746.83,
              0.23
            ],
            [
              687327.37,
              6372748.54,
              0.23
            ],
            [
              687320.48,
              6372750.05,
              0.23
            ],
            [
              687313.29,
              6372753.81,
              0.23
            ],
            [
              687306.93,
              6372757.87,
              0.23
            ],
            [
              687303.17,
              6372762.19,
              0.23
            ],
            [
              687300.36,
              6372762.07,
              0.23
            ],
            [
              687295.02,
              6372765.53,
              0.23
            ],
            [
              687286.93,
              6372768.54,
              0.23
            ],
            [
              687278.24,
              6372768.86,
              0.23
            ],
            [
              687264.15,
              6372772.03,
              0.23
            ],
            [
              687253.81,
              6372773.54,
              0.23
            ],
            [
              687245.41,
              6372773.46,
              0.23
            ],
            [
              687245.03,
              6372773.58,
              0.23
            ],
            [
              687244.75,
              6372773.45,
              0.23
            ],
            [
              687241.52,
              6372773.41,
              0.23
            ],
            [
              687234.92,
              6372770.28,
              0.23
            ],
            [
              687233.26,
              6372767.13,
              0.23
            ],
            [
              687233.26,
              6372764.28,
              0.23
            ],
            [
              687234.9,
              6372762.18,
              0.23
            ],
            [
              687240.3,
              6372760.07,
              0.23
            ],
            [
              687251.69,
              6372756.9,
              0.23
            ],
            [
              687260.37,
              6372750.89,
              0.23
            ],
            [
              687267.56,
              6372746.83,
              0.23
            ],
            [
              687276.4,
              6372742.62,
              0.23
            ],
            [
              687285.68,
              6372735.86,
              0.23
            ],
            [
              687290.47,
              6372731.35,
              0.23
            ],
            [
              687295.86,
              6372725.5,
              0.23
            ],
            [
              687300.49,
              6372719.64,
              0.23
            ],
            [
              687303.19,
              6372715.74,
              0.23
            ],
            [
              687304.23,
              6372709.59,
              0.23
            ],
            [
              687303.62,
              6372704.04,
              0.23
            ],
            [
              687298.06,
              6372695.96,
              0.23
            ],
            [
              687283.49,
              6372677.84,
              0.23
            ],
            [
              687279.3,
              6372675.05,
              0.23
            ],
            [
              687264.24,
              6372670.32,
              0.23
            ],
            [
              687257.39,
              6372671.73,
              0.23
            ],
            [
              687253.49,
              6372670.54,
              0.23
            ],
            [
              687251.39,
              6372670.09,
              0.23
            ],
            [
              687248.84,
              6372667.1,
              0.23
            ],
            [
              687247.94,
              6372663.65,
              0.23
            ],
            [
              687249.13,
              6372660.2,
              0.23
            ],
            [
              687256.32,
              6372657.34,
              0.23
            ],
            [
              687262.61,
              6372655.83,
              0.23
            ],
            [
              687269.96,
              6372657.17,
              0.23
            ],
            [
              687275.06,
              6372658.51,
              0.23
            ],
            [
              687283.76,
              6372662.54,
              0.23
            ],
            [
              687290.96,
              6372663.13,
              0.23
            ],
            [
              687296.8,
              6372663.12,
              0.23
            ],
            [
              687311.49,
              6372661.75,
              0.23
            ],
            [
              687320.93,
              6372658.88,
              0.23
            ],
            [
              687325.97,
              6372656.6,
              0.23
            ],
            [
              687341.34,
              6372641.27,
              0.23
            ],
            [
              687344.28,
              6372637.56,
              0.23
            ],
            [
              687346.97,
              6372633.35,
              0.23
            ],
            [
              687347.27,
              6372628.7,
              0.23
            ],
            [
              687350.85,
              6372621.65,
              0.23
            ],
            [
              687361.63,
              6372609.64,
              0.23
            ],
            [
              687371.5,
              6372596.28,
              0.23
            ],
            [
              687377.63,
              6372584.42,
              0.23
            ],
            [
              687384.51,
              6372574.97,
              0.23
            ],
            [
              687388.39,
              6372568.36,
              0.23
            ],
            [
              687388.09,
              6372565.52,
              0.23
            ],
            [
              687385.38,
              6372562.22,
              0.23
            ],
            [
              687386.13,
              6372560.87,
              0.23
            ],
            [
              687391.98,
              6372562.21,
              0.23
            ],
            [
              687404.69,
              6372539.7,
              0.23
            ],
            [
              687414.56,
              6372525.14,
              0.23
            ],
            [
              687420.24,
              6372515.83,
              0.23
            ],
            [
              687426.07,
              6372509.68,
              0.23
            ],
            [
              687429.96,
              6372504.42,
              0.23
            ],
            [
              687431.57,
              6372500.0,
              0.23
            ],
            [
              687433.84,
              6372493.77,
              0.23
            ],
            [
              687436.83,
              6372488.37,
              0.23
            ],
            [
              687440.72,
              6372484.61,
              0.23
            ],
            [
              687445.37,
              6372483.41,
              0.23
            ],
            [
              687447.31,
              6372483.4,
              0.23
            ],
            [
              687449.15,
              6372481.55,
              0.23
            ],
            [
              687449.26,
              6372481.3,
              0.23
            ],
            [
              687440.26,
              6372477.72,
              0.23
            ],
            [
              687441.16,
              6372475.17,
              0.23
            ],
            [
              687451.1,
              6372477.93,
              0.23
            ],
            [
              687452.12,
              6372474.63,
              0.23
            ],
            [
              687447.9,
              6372471.71,
              0.23
            ],
            [
              687446.24,
              6372467.81,
              0.23
            ],
            [
              687445.93,
              6372461.52,
              0.23
            ],
            [
              687448.32,
              6372452.82,
              0.23
            ],
            [
              687451.45,
              6372443.06,
              0.23
            ],
            [
              687454.74,
              6372436.61,
              0.23
            ],
            [
              687460.28,
              6372432.7,
              0.23
            ],
            [
              687467.77,
              6372429.54,
              0.23
            ],
            [
              687474.36,
              6372426.83,
              0.23
            ],
            [
              687483.19,
              6372422.32,
              0.23
            ],
            [
              687489.04,
              6372421.11,
              0.23
            ],
            [
              687497.58,
              6372421.25,
              0.23
            ],
            [
              687500.0,
              6372421.92,
              0.23
            ],
            [
              687501.76,
              6372422.4,
              0.23
            ],
            [
              687503.61,
              6372421.48,
              0.23
            ],
            [
              687503.88,
              6372420.94,
              0.23
            ],
            [
              687507.02,
              6372416.14,
              0.23
            ],
            [
              687510.31,
              6372414.33,
              0.23
            ],
            [
              687516.91,
              6372410.87,
              0.23
            ],
            [
              687522.14,
              6372405.77,
              0.23
            ],
            [
              687526.45,
              6372403.85,
              0.23
            ],
            [
              687531.35,
              6372400.11,
              0.23
            ],
            [
              687536.56,
              6372390.24,
              0.23
            ],
            [
              687539.2,
              6372382.94,
              0.23
            ],
            [
              687541.79,
              6372373.62,
              0.23
            ],
            [
              687542.12,
              6372363.58,
              0.23
            ],
            [
              687542.32,
              6372354.21,
              0.23
            ],
            [
              687542.08,
              6372347.17,
              0.23
            ],
            [
              687539.37,
              6372342.19,
              0.23
            ],
            [
              687535.92,
              6372338.65,
              0.23
            ],
            [
              687527.26,
              6372338.33,
              0.23
            ],
            [
              687523.43,
              6372335.11,
              0.23
            ],
            [
              687520.78,
              6372331.53,
              0.23
            ],
            [
              687519.87,
              6372329.39,
              0.23
            ],
            [
              687518.64,
              6372322.49,
              0.23
            ],
            [
              687516.08,
              6372316.5,
              0.23
            ],
            [
              687513.68,
              6372314.7,
              0.23
            ],
            [
              687509.78,
              6372310.21,
              0.23
            ],
            [
              687508.56,
              6372308.59,
              0.23
            ],
            [
              687507.89,
              6372308.23,
              0.23
            ],
            [
              687507.68,
              6372307.42,
              0.23
            ],
            [
              687506.62,
              6372306.02,
              0.23
            ],
            [
              687501.81,
              6372296.73,
              0.23
            ],
            [
              687500.0,
              6372293.88,
              0.23
            ],
            [
              687496.1,
              6372287.74,
              0.23
            ],
            [
              687493.84,
              6372284.45,
              0.23
            ],
            [
              687494.74,
              6372283.4,
              0.23
            ],
            [
              687496.24,
              6372283.54,
              0.23
            ],
            [
              687500.0,
              6372288.51,
              0.23
            ],
            [
              687502.7,
              6372292.08,
              0.23
            ],
            [
              687509.01,
              6372300.77,
              0.23
            ],
            [
              687510.95,
              6372303.05,
              0.23
            ],
            [
              687511.92,
              6372302.13,
              0.23
            ],
            [
              687515.64,
              6372301.09,
              0.23
            ],
            [
              687516.01,
              6372301.18,
              0.23
            ],
            [
              687510.8,
              6372292.74,
              0.23
            ],
            [
              687508.16,
              6372286.97,
              0.23
            ],
            [
              687509.29,
              6372286.07,
              0.23
            ],
            [
              687512.82,
              6372289.06,
              0.23
            ],
            [
              687518.75,
              6372296.85,
              0.23
            ],
            [
              687523.85,
              6372300.89,
              0.23
            ],
            [
              687527.6,
              6372302.98,
              0.23
            ],
            [
              687537.2,
              6372301.77,
              0.23
            ],
            [
              687547.69,
              6372299.8,
              0.23
            ],
            [
              687558.32,
              6372296.49,
              0.23
            ],
            [
              687567.01,
              6372293.32,
              0.23
            ],
            [
              687574.2,
              6372290.31,
              0.23
            ],
            [
              687584.09,
              6372284.15,
              0.23
            ],
            [
              687589.93,
              6372279.49,
              0.23
            ],
            [
              687597.56,
              6372270.19,
              0.23
            ],
            [
              687604.43,
              6372258.48,
              0.23
            ],
            [
              687608.92,
              6372249.93,
              0.23
            ],
            [
              687613.85,
              6372236.88,
              0.23
            ],
            [
              687617.62,
              6372227.44,
              0.23
            ],
            [
              687620.05,
              6372214.86,
              0.23
            ],
            [
              687620.68,
              6372205.27,
              0.23
            ],
            [
              687621.76,
              6372192.38,
              0.23
            ],
            [
              687622.7,
              6372179.05,
              0.23
            ],
            [
              687621.84,
              6372163.46,
              0.23
            ],
            [
              687620.99,
              6372146.82,
              0.23
            ],
            [
              687619.23,
              6372129.88,
              0.23
            ],
            [
              687615.68,
              6372112.78,
              0.23
            ],
            [
              687611.55,
              6372090.29,
              0.23
            ],
            [
              687607.11,
              6372069.15,
              0.23
            ],
            [
              687602.51,
              6372051.45,
              0.23
            ],
            [
              687597.3,
              6372038.24,
              0.23
            ],
            [
              687592.39,
              6372026.39,
              0.23
            ],
            [
              687590.4,
              6372022.18,
              0.23
            ],
            [
              687587.09,
              6372018.14,
              0.23
            ],
            [
              687585.19,
              6372011.15,
              0.23
            ],
            [
              687582.11,
              6372004.63,
              0.23
            ],
            [
              687581.63,
              6372003.7,
              0.23
            ],
            [
              687577.1,
              6371998.14,
              0.23
            ],
            [
              687576.07,
              6371992.75,
              0.23
            ],
            [
              687572.12,
              6371984.97,
              0.23
            ],
            [
              687564.81,
              6371971.01,
              0.23
            ],
            [
              687559.74,
              6371961.86,
              0.23
            ],
            [
              687552.43,
              6371952.24,
              0.23
            ],
            [
              687543.46,
              6371942.78,
              0.23
            ],
            [
              687536.29,
              6371934.51,
              0.23
            ],
            [
              687530.01,
              6371929.55,
              0.23
            ],
            [
              687526.11,
              6371928.49,
              0.23
            ],
            [
              687522.07,
              6371928.63,
              0.23
            ],
            [
              687514.71,
              6371932.21,
              0.23
            ],
            [
              687506.31,
              6371936.38,
              0.23
            ],
            [
              687501.74,
              6371939.76,
              0.23
            ],
            [
              687500.0,
              6371941.31,
              0.23
            ],
            [
              687498.09,
              6371943.01,
              0.23
            ],
            [
              687495.82,
              6371944.14,
              0.23
            ],
            [
              687493.99,
              6371945.49,
              0.23
            ],
            [
              687485.14,
              6371951.01,
              0.23
            ],
            [
              687469.83,
              6371957.11,
              0.23
            ],
            [
              687462.93,
              6371959.04,
              0.23
            ],
            [
              687454.39,
              6371959.92,
              0.23
            ],
            [
              687447.34,
              6371960.5,
              0.23
            ],
            [
              687439.24,
              6371963.17,
              0.23
            ],
            [
              687430.69,
              6371967.5,
              0.23
            ],
            [
              687422.59,
              6371970.62,
              0.23
            ],
            [
              687410.89,
              6371972.24,
              0.23
            ],
            [
              687403.39,
              6371974.02,
              0.23
            ],
            [
              687397.69,
              6371975.05,
              0.23
            ],
            [
              687392.43,
              6371981.18,
              0.23
            ],
            [
              687385.38,
              6371984.31,
              0.23
            ],
            [
              687378.18,
              6371986.54,
              0.23
            ],
            [
              687367.38,
              6371988.91,
              0.23
            ],
            [
              687358.39,
              6371990.08,
              0.23
            ],
            [
              687351.79,
              6371991.26,
              0.23
            ],
            [
              687345.65,
              6371989.9,
              0.23
            ],
            [
              687337.87,
              6371984.93,
              0.23
            ],
            [
              687333.08,
              6371981.47,
              0.23
            ],
            [
              687327.41,
              6371974.26,
              0.23
            ],
            [
              687323.22,
              6371970.05,
              0.23
            ],
            [
              687316.94,
              6371965.09,
              0.23
            ],
            [
              687315.3,
              6371963.44,
              0.23
            ],
            [
              687315.16,
              6371958.79,
              0.23
            ],
            [
              687311.57,
              6371956.38,
              0.23
            ],
            [
              687307.08,
              6371953.97,
              0.23
            ],
            [
              687303.04,
              6371951.71,
              0.23
            ],
            [
              687299.3,
              6371948.1,
              0.23
            ],
            [
              687297.97,
              6371943.3,
              0.23
            ],
            [
              687296.93,
              6371939.4,
              0.23
            ],
            [
              687297.84,
              6371935.66,
              0.23
            ],
            [
              687296.2,
              6371932.66,
              0.23
            ],
            [
              687293.05,
              6371931.6,
              0.23
            ],
            [
              687285.41,
              6371931.73,
              0.23
            ],
            [
              687284.53,
              6371931.55,
              0.23
            ],
            [
              687281.93,
              6371932.16,
              0.23
            ],
            [
              687281.02,
              6371930.85,
              0.23
            ],
            [
              687280.14,
              6371930.67,
              0.23
            ],
            [
              687274.17,
              6371926.84,
              0.23
            ],
            [
              687269.54,
              6371921.58,
              0.23
            ],
            [
              687269.05,
              6371920.5,
              0.23
            ],
            [
              687267.46,
              6371918.77,
              0.23
            ],
            [
              687267.6,
              6371917.31,
              0.23
            ],
            [
              687267.16,
              6371916.33,
              0.23
            ],
            [
              687266.12,
              6371911.23,
              0.23
            ],
            [
              687262.85,
              6371902.68,
              0.23
            ],
            [
              687261.06,
              6371898.78,
              0.23
            ],
            [
              687258.67,
              6371894.43,
              0.23
            ],
            [
              687255.38,
              6371891.27,
              0.23
            ],
            [
              687248.94,
              6371889.6,
              0.23
            ],
            [
              687244.01,
              6371886.89,
              0.23
            ],
            [
              687241.91,
              6371885.24,
              0.23
            ],
            [
              687239.98,
              6371878.94,
              0.23
            ],
            [
              687239.99,
              6371873.84,
              0.23
            ],
            [
              687241.35,
              6371869.95,
              0.23
            ],
            [
              687244.81,
              6371866.06,
              0.23
            ],
            [
              687250.52,
              6371863.08,
              0.23
            ],
            [
              687259.51,
              6371861.76,
              0.23
            ],
            [
              687268.35,
              6371864.18,
              0.23
            ],
            [
              687277.34,
              6371865.25,
              0.23
            ],
            [
              687285.28,
              6371865.57,
              0.23
            ],
            [
              687289.53,
              6371865.65,
              0.23
            ],
            [
              687294.0,
              6371865.14,
              0.23
            ],
            [
              687300.6,
              6371860.99,
              0.23
            ],
            [
              687302.75,
              6371853.36,
              0.23
            ],
            [
              687301.85,
              6371847.89,
              0.23
            ],
            [
              687304.84,
              6371847.77,
              0.23
            ],
            [
              687305.13,
              6371847.16,
              0.23
            ],
            [
              687307.2,
              6371842.55,
              0.23
            ],
            [
              687306.8,
              6371838.57,
              0.23
            ],
            [
              687307.9,
              6371833.64,
              0.23
            ],
            [
              687310.77,
              6371825.1,
              0.23
            ],
            [
              687312.14,
              6371819.71,
              0.23
            ],
            [
              687314.7,
              6371814.92,
              0.23
            ],
            [
              687316.65,
              6371811.63,
              0.23
            ],
            [
              687317.42,
              6371806.54,
              0.23
            ],
            [
              687317.29,
              6371799.04,
              0.23
            ],
            [
              687317.45,
              6371792.75,
              0.23
            ],
            [
              687316.43,
              6371784.35,
              0.23
            ],
            [
              687313.16,
              6371773.1,
              0.23
            ],
            [
              687311.38,
              6371767.1,
              0.23
            ],
            [
              687306.6,
              6371761.09,
              0.23
            ],
            [
              687300.02,
              6371755.08,
              0.23
            ],
            [
              687295.39,
              6371750.72,
              0.23
            ],
            [
              687289.55,
              6371747.26,
              0.23
            ],
            [
              687282.51,
              6371745.74,
              0.23
            ],
            [
              687272.47,
              6371745.71,
              0.23
            ],
            [
              687263.49,
              6371743.14,
              0.23
            ],
            [
              687256.89,
              6371742.07,
              0.23
            ],
            [
              687255.85,
              6371739.37,
              0.23
            ],
            [
              687255.71,
              6371736.83,
              0.23
            ],
            [
              687260.06,
              6371733.69,
              0.23
            ],
            [
              687263.59,
              6371731.53,
              0.23
            ],
            [
              687269.71,
              6371725.93,
              0.23
            ],
            [
              687271.5,
              6371718.88,
              0.23
            ],
            [
              687272.86,
              6371712.14,
              0.23
            ],
            [
              687272.45,
              6371699.55,
              0.23
            ],
            [
              687272.02,
              6371690.11,
              0.23
            ],
            [
              687270.71,
              6371679.16,
              0.23
            ],
            [
              687269.97,
              6371673.77,
              0.23
            ],
            [
              687269.54,
              6371668.07,
              0.23
            ],
            [
              687267.45,
              6371665.07,
              0.23
            ],
            [
              687261.76,
              6371660.71,
              0.23
            ],
            [
              687256.98,
              6371657.25,
              0.23
            ],
            [
              687252.49,
              6371653.19,
              0.23
            ],
            [
              687249.06,
              6371647.33,
              0.23
            ],
            [
              687245.79,
              6371638.78,
              0.23
            ],
            [
              687246.1,
              6371633.98,
              0.23
            ],
            [
              687247.16,
              6371629.49,
              0.23
            ],
            [
              687250.02,
              6371623.95,
              0.23
            ],
            [
              687253.94,
              6371617.67,
              0.23
            ],
            [
              687262.96,
              6371607.65,
              0.23
            ],
            [
              687270.62,
              6371601.83,
              0.23
            ],
            [
              687273.48,
              6371596.14,
              0.23
            ],
            [
              687274.54,
              6371591.05,
              0.23
            ],
            [
              687273.82,
              6371580.11,
              0.23
            ],
            [
              687271.46,
              6371566.01,
              0.23
            ],
            [
              687268.81,
              6371551.76,
              0.23
            ],
            [
              687266.58,
              6371543.22,
              0.23
            ],
            [
              687263.02,
              6371530.62,
              0.23
            ],
            [
              687262.11,
              6371528.15,
              0.23
            ],
            [
              687262.1,
              6371528.14,
              0.23
            ],
            [
              687262.1,
              6371528.12,
              0.23
            ],
            [
              687259.3,
              6371520.56,
              0.23
            ],
            [
              687256.33,
              6371510.51,
              0.23
            ],
            [
              687256.95,
              6371502.57,
              0.23
            ],
            [
              687258.78,
              6371489.54,
              0.23
            ],
            [
              687260.48,
              6371473.81,
              0.23
            ],
            [
              687260.2,
              6371463.31,
              0.23
            ],
            [
              687261.87,
              6371456.57,
              0.23
            ],
            [
              687266.39,
              6371447.59,
              0.23
            ],
            [
              687276.33,
              6371430.99,
              0.23
            ],
            [
              687280.71,
              6371419.31,
              0.23
            ],
            [
              687283.43,
              6371410.02,
              0.23
            ],
            [
              687285.86,
              6371398.34,
              0.23
            ],
            [
              687286.78,
              6371389.8,
              0.23
            ],
            [
              687285.6,
              6371383.35,
              0.23
            ],
            [
              687285.46,
              6371379.75,
              0.23
            ],
            [
              687287.58,
              6371374.21,
              0.23
            ],
            [
              687291.34,
              6371368.08,
              0.23
            ],
            [
              687293.45,
              6371364.49,
              0.23
            ],
            [
              687301.09,
              6371363.01,
              0.23
            ],
            [
              687304.06,
              6371360.62,
              0.23
            ],
            [
              687304.27,
              6371360.07,
              0.23
            ],
            [
              687303.27,
              6371357.11,
              0.23
            ],
            [
              687301.32,
              6371355.22,
              0.23
            ],
            [
              687289.73,
              6371355.19,
              0.23
            ],
            [
              687288.08,
              6371354.58,
              0.23
            ],
            [
              687286.73,
              6371352.93,
              0.23
            ],
            [
              687287.49,
              6371351.13,
              0.23
            ],
            [
              687299.19,
              6371348.62,
              0.23
            ],
            [
              687300.43,
              6371347.79,
              0.23
            ],
            [
              687303.54,
              6371344.02,
              0.23
            ],
            [
              687303.57,
              6371343.84,
              0.23
            ],
            [
              687301.46,
              6371338.88,
              0.23
            ],
            [
              687298.53,
              6371337.76,
              0.23
            ],
            [
              687295.54,
              6371333.56,
              0.23
            ],
            [
              687293.9,
              6371331.46,
              0.23
            ],
            [
              687293.91,
              6371325.91,
              0.23
            ],
            [
              687297.08,
              6371314.08,
              0.23
            ],
            [
              687298.6,
              6371305.99,
              0.23
            ],
            [
              687299.51,
              6371301.19,
              0.23
            ],
            [
              687299.07,
              6371294.75,
              0.23
            ],
            [
              687297.44,
              6371288.3,
              0.23
            ],
            [
              687297.75,
              6371281.26,
              0.23
            ],
            [
              687299.57,
              6371270.02,
              0.23
            ],
            [
              687300.35,
              6371258.93,
              0.23
            ],
            [
              687299.32,
              6371249.94,
              0.23
            ],
            [
              687299.34,
              6371241.39,
              0.23
            ],
            [
              687297.42,
              6371224.31,
              0.23
            ],
            [
              687295.21,
              6371208.71,
              0.23
            ],
            [
              687293.74,
              6371194.02,
              0.23
            ],
            [
              687292.28,
              6371177.98,
              0.23
            ],
            [
              687292.46,
              6371163.9,
              0.23
            ],
            [
              687291.61,
              6371139.32,
              0.23
            ],
            [
              687288.65,
              6371122.67,
              0.23
            ],
            [
              687287.78,
              6371109.33,
              0.23
            ],
            [
              687284.05,
              6371099.58,
              0.23
            ],
            [
              687284.81,
              6371093.89,
              0.23
            ],
            [
              687285.87,
              6371091.34,
              0.23
            ],
            [
              687290.07,
              6371090.75,
              0.23
            ],
            [
              687295.46,
              6371090.47,
              0.23
            ],
            [
              687297.45,
              6371089.42,
              0.23
            ],
            [
              687299.03,
              6371086.25,
              0.23
            ],
            [
              687299.37,
              6371084.93,
              0.23
            ],
            [
              687297.73,
              6371080.58,
              0.23
            ],
            [
              687296.86,
              6371067.24,
              0.23
            ],
            [
              687296.73,
              6371060.19,
              0.23
            ],
            [
              687297.19,
              6371054.8,
              0.23
            ],
            [
              687298.69,
              6371049.61,
              0.23
            ],
            [
              687298.69,
              6371043.07,
              0.23
            ],
            [
              687298.49,
              6371034.93,
              0.23
            ],
            [
              687298.17,
              6371030.72,
              0.23
            ],
            [
              687297.45,
              6371028.79,
              0.23
            ],
            [
              687297.62,
              6371027.01,
              0.23
            ],
            [
              687295.52,
              6371020.39,
              0.23
            ],
            [
              687291.94,
              6371014.34,
              0.23
            ],
            [
              687285.67,
              6371007.57,
              0.23
            ],
            [
              687281.01,
              6371003.73,
              0.23
            ],
            [
              687278.93,
              6371001.86,
              0.23
            ],
            [
              687271.99,
              6370998.1,
              0.23
            ],
            [
              687261.1,
              6370988.39,
              0.23
            ],
            [
              687258.63,
              6370987.04,
              0.23
            ],
            [
              687252.47,
              6370984.03,
              0.23
            ],
            [
              687246.64,
              6370981.87,
              0.23
            ],
            [
              687240.77,
              6370980.21,
              0.23
            ],
            [
              687235.11,
              6370979.48,
              0.23
            ],
            [
              687228.78,
              6370979.42,
              0.23
            ],
            [
              687223.8,
              6370980.16,
              0.23
            ],
            [
              687219.68,
              6370980.15,
              0.23
            ],
            [
              687214.59,
              6370980.99,
              0.23
            ],
            [
              687210.24,
              6370982.47,
              0.23
            ],
            [
              687206.19,
              6370984.86,
              0.23
            ],
            [
              687203.93,
              6370990.7,
              0.23
            ],
            [
              687201.38,
              6370993.99,
              0.23
            ],
            [
              687197.78,
              6370995.64,
              0.23
            ],
            [
              687190.28,
              6370998.32,
              0.23
            ],
            [
              687185.92,
              6371002.5,
              0.23
            ],
            [
              687182.76,
              6371008.19,
              0.23
            ],
            [
              687177.51,
              6371009.38,
              0.23
            ],
            [
              687170.32,
              6371009.37,
              0.23
            ],
            [
              687161.93,
              6371006.95,
              0.23
            ],
            [
              687152.35,
              6371002.73,
              0.23
            ],
            [
              687145.31,
              6370998.67,
              0.23
            ],
            [
              687138.28,
              6370993.41,
              0.23
            ],
            [
              687130.65,
              6370986.8,
              0.23
            ],
            [
              687124.22,
              6370980.64,
              0.23
            ],
            [
              687119.28,
              6370975.83,
              0.23
            ],
            [
              687116.3,
              6370969.98,
              0.23
            ],
            [
              687114.22,
              6370961.74,
              0.23
            ],
            [
              687113.48,
              6370955.29,
              0.23
            ],
            [
              687110.94,
              6370950.94,
              0.23
            ],
            [
              687107.35,
              6370947.48,
              0.23
            ],
            [
              687104.66,
              6370944.78,
              0.23
            ],
            [
              687101.98,
              6370937.28,
              0.23
            ],
            [
              687101.24,
              6370931.28,
              0.23
            ],
            [
              687102.16,
              6370923.49,
              0.23
            ],
            [
              687103.83,
              6370911.36,
              0.23
            ],
            [
              687104.46,
              6370897.42,
              0.23
            ],
            [
              687106.29,
              6370884.53,
              0.23
            ],
            [
              687105.86,
              6370875.09,
              0.23
            ],
            [
              687105.43,
              6370864.45,
              0.23
            ],
            [
              687109.94,
              6370857.12,
              0.23
            ],
            [
              687112.66,
              6370850.83,
              0.23
            ],
            [
              687113.12,
              6370842.44,
              0.23
            ],
            [
              687112.4,
              6370831.94,
              0.23
            ],
            [
              687111.82,
              6370822.8,
              0.23
            ],
            [
              687113.03,
              6370814.26,
              0.23
            ],
            [
              687113.65,
              6370805.87,
              0.23
            ],
            [
              687112.32,
              6370796.42,
              0.23
            ],
            [
              687111.59,
              6370787.13,
              0.23
            ],
            [
              687110.42,
              6370777.09,
              0.23
            ],
            [
              687109.53,
              6370771.39,
              0.23
            ],
            [
              687107.3,
              6370763.89,
              0.23
            ],
            [
              687105.81,
              6370757.44,
              0.23
            ],
            [
              687101.62,
              6370753.69,
              0.23
            ],
            [
              687098.93,
              6370751.58,
              0.23
            ],
            [
              687099.39,
              6370749.19,
              0.23
            ],
            [
              687103.29,
              6370747.1,
              0.23
            ],
            [
              687106.15,
              6370741.71,
              0.23
            ],
            [
              687109.45,
              6370736.77,
              0.23
            ],
            [
              687114.11,
              6370730.48,
              0.23
            ],
            [
              687116.53,
              6370724.04,
              0.23
            ],
            [
              687120.73,
              6370718.66,
              0.23
            ],
            [
              687124.35,
              6370711.32,
              0.23
            ],
            [
              687129.45,
              6370707.74,
              0.23
            ],
            [
              687144.0,
              6370700.42,
              0.23
            ],
            [
              687147.45,
              6370699.98,
              0.23
            ],
            [
              687150.3,
              6370700.44,
              0.23
            ],
            [
              687153.59,
              6370703.44,
              0.23
            ],
            [
              687157.64,
              6370703.45,
              0.23
            ],
            [
              687163.48,
              6370703.61,
              0.23
            ],
            [
              687166.63,
              6370704.52,
              0.23
            ],
            [
              687170.81,
              6370708.87,
              0.23
            ],
            [
              687172.31,
              6370711.07,
              0.23
            ],
            [
              687180.01,
              6370714.38,
              0.23
            ],
            [
              687195.57,
              6370709.87,
              0.23
            ],
            [
              687198.33,
              6370707.31,
              0.23
            ],
            [
              687199.95,
              6370702.99,
              0.23
            ],
            [
              687201.15,
              6370698.0,
              0.23
            ],
            [
              687199.83,
              6370690.32,
              0.23
            ],
            [
              687199.14,
              6370687.12,
              0.23
            ],
            [
              687200.17,
              6370685.26,
              0.23
            ],
            [
              687202.29,
              6370684.97,
              0.23
            ],
            [
              687206.04,
              6370688.88,
              0.23
            ],
            [
              687211.09,
              6370692.72,
              0.23
            ],
            [
              687217.01,
              6370695.51,
              0.23
            ],
            [
              687222.32,
              6370699.36,
              0.23
            ],
            [
              687223.84,
              6370704.17,
              0.23
            ],
            [
              687229.08,
              6370706.28,
              0.23
            ],
            [
              687234.1,
              6370705.67,
              0.23
            ],
            [
              687239.53,
              6370705.11,
              0.23
            ],
            [
              687248.29,
              6370699.59,
              0.23
            ],
            [
              687256.24,
              6370693.8,
              0.23
            ],
            [
              687265.12,
              6370684.42,
              0.23
            ],
            [
              687269.49,
              6370680.31,
              0.23
            ],
            [
              687276.19,
              6370673.76,
              0.23
            ],
            [
              687287.31,
              6370665.2,
              0.23
            ],
            [
              687297.08,
              6370655.33,
              0.23
            ],
            [
              687303.99,
              6370649.35,
              0.23
            ],
            [
              687314.79,
              6370642.18,
              0.23
            ],
            [
              687333.55,
              6370633.67,
              0.23
            ],
            [
              687336.29,
              6370632.48,
              0.23
            ],
            [
              687336.93,
              6370632.15,
              0.23
            ],
            [
              687337.18,
              6370632.09,
              0.23
            ],
            [
              687354.4,
              6370624.58,
              0.23
            ],
            [
              687366.1,
              6370618.31,
              0.23
            ],
            [
              687370.01,
              6370615.47,
              0.23
            ],
            [
              687379.45,
              6370613.54,
              0.23
            ],
            [
              687386.95,
              6370613.11,
              0.23
            ],
            [
              687393.84,
              6370612.37,
              0.23
            ],
            [
              687405.09,
              6370608.65,
              0.23
            ],
            [
              687411.39,
              6370608.51,
              0.23
            ],
            [
              687419.48,
              6370610.33,
              0.23
            ],
            [
              687424.72,
              6370610.64,
              0.23
            ],
            [
              687435.05,
              6370616.96,
              0.23
            ],
            [
              687438.94,
              6370620.26,
              0.23
            ],
            [
              687442.53,
              6370622.97,
              0.23
            ],
            [
              687448.07,
              6370628.52,
              0.23
            ],
            [
              687450.76,
              6370630.48,
              0.23
            ],
            [
              687451.14,
              6370634.29,
              0.23
            ],
            [
              687453.5,
              6370636.49,
              0.23
            ],
            [
              687454.67,
              6370638.16,
              0.23
            ],
            [
              687456.33,
              6370639.21,
              0.23
            ],
            [
              687459.38,
              6370642.15,
              0.23
            ],
            [
              687464.21,
              6370649.91,
              0.23
            ],
            [
              687467.12,
              6370651.92,
              0.23
            ],
            [
              687466.93,
              6370656.49,
              0.23
            ],
            [
              687467.31,
              6370657.46,
              0.23
            ],
            [
              687474.34,
              6370667.45,
              0.23
            ],
            [
              687479.86,
              6370672.38,
              0.23
            ],
            [
              687481.71,
              6370673.85,
              0.23
            ],
            [
              687495.3,
              6370678.4,
              0.23
            ],
            [
              687500.0,
              6370677.75,
              0.23
            ],
            [
              687504.62,
              6370677.12,
              0.23
            ],
            [
              687512.8,
              6370675.54,
              0.23
            ],
            [
              687518.45,
              6370675.32,
              0.23
            ],
            [
              687521.19,
              6370674.58,
              0.23
            ],
            [
              687527.52,
              6370674.47,
              0.23
            ],
            [
              687539.16,
              6370674.42,
              0.23
            ],
            [
              687546.78,
              6370674.39,
              0.23
            ],
            [
              687554.05,
              6370673.44,
              0.23
            ],
            [
              687561.11,
              6370672.14,
              0.23
            ],
            [
              687565.98,
              6370670.89,
              0.23
            ],
            [
              687570.58,
              6370670.03,
              0.23
            ],
            [
              687573.66,
              6370667.48,
              0.23
            ],
            [
              687576.83,
              6370668.21,
              0.23
            ],
            [
              687579.86,
              6370667.18,
              0.23
            ],
            [
              687589.36,
              6370665.87,
              0.23
            ],
            [
              687592.4,
              6370663.93,
              0.23
            ],
            [
              687596.87,
              6370663.23,
              0.23
            ],
            [
              687601.25,
              6370661.71,
              0.23
            ],
            [
              687606.17,
              6370660.9,
              0.23
            ],
            [
              687612.59,
              6370659.88,
              0.23
            ],
            [
              687619.35,
              6370658.57,
              0.23
            ],
            [
              687627.51,
              6370656.61,
              0.23
            ],
            [
              687636.81,
              6370654.15,
              0.23
            ],
            [
              687644.96,
              6370651.29,
              0.23
            ],
            [
              687651.63,
              6370648.64,
              0.23
            ],
            [
              687660.82,
              6370644.75,
              0.23
            ],
            [
              687669.1,
              6370640.45,
              0.23
            ],
            [
              687678.83,
              6370635.51,
              0.23
            ],
            [
              687683.09,
              6370633.72,
              0.23
            ],
            [
              687688.67,
              6370630.9,
              0.23
            ],
            [
              687697.01,
              6370626.19,
              0.23
            ],
            [
              687701.93,
              6370622.15,
              0.23
            ],
            [
              687704.42,
              6370620.93,
              0.23
            ],
            [
              687711.83,
              6370615.29,
              0.23
            ],
            [
              687724.59,
              6370606.15,
              0.23
            ],
            [
              687732.57,
              6370600.62,
              0.23
            ],
            [
              687739.66,
              6370594.41,
              0.23
            ],
            [
              687742.44,
              6370591.9,
              0.23
            ],
            [
              687747.67,
              6370587.13,
              0.23
            ],
            [
              687750.86,
              6370585.3,
              0.23
            ],
            [
              687758.12,
              6370579.75,
              0.23
            ],
            [
              687764.81,
              6370574.52,
              0.23
            ],
            [
              687768.74,
              6370571.29,
              0.23
            ],
            [
              687774.17,
              6370565.79,
              0.23
            ],
            [
              687780.33,
              6370556.06,
              0.23
            ],
            [
              687786.5,
              6370546.33,
              0.23
            ],
            [
              687790.82,
              6370541.52,
              0.23
            ],
            [
              687791.9,
              6370537.96,
              0.23
            ],
            [
              687794.31,
              6370538.07,
              0.23
            ],
            [
              687797.61,
              6370535.42,
              0.23
            ],
            [
              687801.21,
              6370533.48,
              0.23
            ],
            [
              687805.86,
              6370533.04,
              0.23
            ],
            [
              687812.6,
              6370534.4,
              0.23
            ],
            [
              687818.59,
              6370536.21,
              0.23
            ],
            [
              687821.74,
              6370536.37,
              0.23
            ],
            [
              687832.24,
              6370532.8,
              0.23
            ],
            [
              687841.39,
              6370529.97,
              0.23
            ],
            [
              687847.43,
              6370525.79,
              0.23
            ],
            [
              687851.31,
              6370522.53,
              0.23
            ],
            [
              687852.04,
              6370522.6,
              0.23
            ],
            [
              687863.78,
              6370514.47,
              0.23
            ],
            [
              687888.37,
              6370494.27,
              0.23
            ],
            [
              687920.57,
              6370462.23,
              0.23
            ],
            [
              687942.38,
              6370433.54,
              0.23
            ],
            [
              687953.94,
              6370417.05,
              0.23
            ],
            [
              687965.74,
              6370393.24,
              0.23
            ],
            [
              687974.95,
              6370361.33,
              0.23
            ],
            [
              687981.49,
              6370331.57,
              0.23
            ],
            [
              687981.03,
              6370307.93,
              0.23
            ],
            [
              687979.05,
              6370294.75,
              0.23
            ],
            [
              687973.81,
              6370284.71,
              0.23
            ],
            [
              687968.29,
              6370278.01,
              0.23
            ],
            [
              687962.04,
              6370275.77,
              0.23
            ],
            [
              687949.9,
              6370274.25,
              0.23
            ],
            [
              687935.01,
              6370271.52,
              0.23
            ],
            [
              687919.61,
              6370269.38,
              0.23
            ],
            [
              687909.22,
              6370265.07,
              0.23
            ],
            [
              687893.61,
              6370255.01,
              0.23
            ],
            [
              687883.64,
              6370250.44,
              0.23
            ],
            [
              687878.78,
              6370247.65,
              0.23
            ],
            [
              687874.71,
              6370243.8,
              0.23
            ],
            [
              687871.19,
              6370233.28,
              0.23
            ],
            [
              687868.11,
              6370220.2,
              0.23
            ],
            [
              687866.64,
              6370207.86,
              0.23
            ],
            [
              687865.48,
              6370196.5,
              0.23
            ],
            [
              687868.95,
              6370186.62,
              0.23
            ],
            [
              687874.55,
              6370178.32,
              0.23
            ],
            [
              687884.2,
              6370165.83,
              0.23
            ],
            [
              687890.11,
              6370153.32,
              0.23
            ],
            [
              687895.76,
              6370148.44,
              0.23
            ],
            [
              687905.21,
              6370144.13,
              0.23
            ],
            [
              687912.67,
              6370143.62,
              0.23
            ],
            [
              687925.8,
              6370147.71,
              0.23
            ],
            [
              687931.21,
              6370149.92,
              0.23
            ],
            [
              687938.03,
              6370152.11,
              0.23
            ],
            [
              687939.54,
              6370153.62,
              0.23
            ],
            [
              687948.2,
              6370158.52,
              0.23
            ],
            [
              687956.08,
              6370165.8,
              0.23
            ],
            [
              687961.43,
              6370173.18,
              0.23
            ],
            [
              687965.79,
              6370189.8,
              0.23
            ],
            [
              687970.57,
              6370204.72,
              0.23
            ],
            [
              687972.36,
              6370209.1,
              0.23
            ],
            [
              687978.26,
              6370219.08,
              0.23
            ],
            [
              687980.36,
              6370225.86,
              0.23
            ],
            [
              687983.8,
              6370234.1,
              0.23
            ],
            [
              687984.72,
              6370235.94,
              0.23
            ],
            [
              687986.54,
              6370239.22,
              0.23
            ],
            [
              687992.92,
              6370247.01,
              0.23
            ],
            [
              687995.38,
              6370256.01,
              0.23
            ],
            [
              687996.79,
              6370259.47,
              0.23
            ],
            [
              688002.56,
              6370266.38,
              0.23
            ],
            [
              688002.42,
              6370272.95,
              0.23
            ],
            [
              688003.11,
              6370274.07,
              0.23
            ],
            [
              688007.45,
              6370277.59,
              0.23
            ],
            [
              688010.28,
              6370286.18,
              0.23
            ],
            [
              688013.06,
              6370289.72,
              0.23
            ],
            [
              688017.56,
              6370293.67,
              0.23
            ],
            [
              688017.62,
              6370293.78,
              0.23
            ],
            [
              688022.45,
              6370297.59,
              0.23
            ],
            [
              688024.0,
              6370300.92,
              0.23
            ],
            [
              688024.54,
              6370302.62,
              0.23
            ],
            [
              688024.83,
              6370302.94,
              0.23
            ],
            [
              688029.17,
              6370313.39,
              0.23
            ],
            [
              688031.93,
              6370325.67,
              0.23
            ],
            [
              688036.08,
              6370338.65,
              0.23
            ],
            [
              688042.93,
              6370352.0,
              0.23
            ],
            [
              688043.62,
              6370354.54,
              0.23
            ],
            [
              688048.96,
              6370364.33,
              0.23
            ],
            [
              688056.47,
              6370384.11,
              0.23
            ],
            [
              688057.93,
              6370387.0,
              0.23
            ],
            [
              688058.85,
              6370390.39,
              0.23
            ],
            [
              688060.4,
              6370394.47,
              0.23
            ],
            [
              688064.77,
              6370405.9,
              0.23
            ],
            [
              688072.96,
              6370422.2,
              0.23
            ],
            [
              688075.44,
              6370426.09,
              0.23
            ],
            [
              688082.94,
              6370432.0,
              0.23
            ],
            [
              688091.08,
              6370448.66,
              0.23
            ],
            [
              688097.92,
              6370457.01,
              0.23
            ],
            [
              688099.87,
              6370464.16,
              0.23
            ],
            [
              688103.82,
              6370470.1,
              0.23
            ],
            [
              688108.1,
              6370475.66,
              0.23
            ],
            [
              688118.3,
              6370490.37,
              0.23
            ],
            [
              688123.2,
              6370497.59,
              0.23
            ],
            [
              688126.99,
              6370503.85,
              0.23
            ],
            [
              688131.26,
              6370512.09,
              0.23
            ],
            [
              688136.83,
              6370524.32,
              0.23
            ],
            [
              688139.36,
              6370527.2,
              0.23
            ],
            [
              688141.37,
              6370533.65,
              0.23
            ],
            [
              688144.16,
              6370538.84,
              0.23
            ],
            [
              688147.3,
              6370543.5,
              0.23
            ],
            [
              688149.13,
              6370548.69,
              0.23
            ],
            [
              688149.81,
              6370555.97,
              0.23
            ],
            [
              688152.56,
              6370561.37,
              0.23
            ],
            [
              688151.5,
              6370567.06,
              0.23
            ],
            [
              688153.07,
              6370573.24,
              0.23
            ],
            [
              688154.87,
              6370579.84,
              0.23
            ],
            [
              688157.7,
              6370588.52,
              0.23
            ],
            [
              688164.68,
              6370599.52,
              0.23
            ],
            [
              688173.8,
              6370608.35,
              0.23
            ],
            [
              688185.77,
              6370615.73,
              0.23
            ],
            [
              688198.07,
              6370616.58,
              0.23
            ],
            [
              688207.38,
              6370616.97,
              0.23
            ],
            [
              688219.34,
              6370619.24,
              0.23
            ],
            [
              688231.1,
              6370628.8,
              0.23
            ],
            [
              688238.55,
              6370632.63,
              0.23
            ],
            [
              688252.83,
              6370634.94,
              0.23
            ],
            [
              688267.11,
              6370640.11,
              0.23
            ],
            [
              688282.19,
              6370645.67,
              0.23
            ],
            [
              688296.73,
              6370647.79,
              0.23
            ],
            [
              688309.0,
              6370651.16,
              0.23
            ],
            [
              688325.48,
              6370650.65,
              0.23
            ],
            [
              688337.9,
              6370651.98,
              0.23
            ],
            [
              688349.06,
              6370653.32,
              0.23
            ],
            [
              688356.86,
              6370656.82,
              0.23
            ],
            [
              688362.73,
              6370661.03,
              0.23
            ],
            [
              688367.67,
              6370664.22,
              0.23
            ],
            [
              688372.47,
              6370666.37,
              0.23
            ],
            [
              688376.8,
              6370666.74,
              0.23
            ],
            [
              688380.89,
              6370667.61,
              0.23
            ],
            [
              688385.84,
              6370669.74,
              0.23
            ],
            [
              688391.83,
              6370670.36,
              0.23
            ],
            [
              688396.46,
              6370673.3,
              0.23
            ],
            [
              688401.18,
              6370675.91,
              0.23
            ],
            [
              688410.33,
              6370683.03,
              0.23
            ],
            [
              688414.96,
              6370691.7,
              0.23
            ],
            [
              688419.13,
              6370698.65,
              0.23
            ],
            [
              688421.29,
              6370700.15,
              0.23
            ],
            [
              688428.03,
              6370702.1,
              0.23
            ],
            [
              688433.92,
              6370705.06,
              0.23
            ],
            [
              688438.47,
              6370706.52,
              0.23
            ],
            [
              688442.01,
              6370706.69,
              0.23
            ],
            [
              688450.05,
              6370706.73,
              0.23
            ],
            [
              688466.48,
              6370705.46,
              0.23
            ],
            [
              688481.85,
              6370701.96,
              0.23
            ],
            [
              688487.95,
              6370699.72,
              0.23
            ],
            [
              688494.27,
              6370694.5,
              0.23
            ],
            [
              688502.43,
              6370683.29,
              0.23
            ],
            [
              688507.06,
              6370677.65,
              0.23
            ],
            [
              688510.73,
              6370676.59,
              0.23
            ],
            [
              688514.43,
              6370676.09,
              0.23
            ],
            [
              688519.49,
              6370673.05,
              0.23
            ],
            [
              688520.41,
              6370667.91,
              0.23
            ],
            [
              688522.64,
              6370662.56,
              0.23
            ],
            [
              688526.92,
              6370656.3,
              0.23
            ],
            [
              688532.15,
              6370645.48,
              0.23
            ],
            [
              688537.62,
              6370632.19,
              0.23
            ],
            [
              688541.94,
              6370624.53,
              0.23
            ],
            [
              688547.38,
              6370619.36,
              0.23
            ],
            [
              688555.29,
              6370616.23,
              0.23
            ],
            [
              688562.51,
              6370617.17,
              0.23
            ],
            [
              688568.82,
              6370620.81,
              0.23
            ],
            [
              688576.49,
              6370631.89,
              0.23
            ],
            [
              688596.83,
              6370616.55,
              0.23
            ],
            [
              688596.55,
              6370615.48,
              0.23
            ],
            [
              688596.73,
              6370608.27,
              0.23
            ],
            [
              688598.47,
              6370606.33,
              0.23
            ],
            [
              688601.73,
              6370602.84,
              0.23
            ],
            [
              688601.69,
              6370601.5,
              0.23
            ],
            [
              688602.02,
              6370597.08,
              0.23
            ],
            [
              688603.25,
              6370584.93,
              0.23
            ],
            [
              688602.8,
              6370579.57,
              0.23
            ],
            [
              688601.42,
              6370575.06,
              0.23
            ],
            [
              688601.22,
              6370571.68,
              0.23
            ],
            [
              688601.0,
              6370570.73,
              0.23
            ],
            [
              688601.7,
              6370569.52,
              0.23
            ],
            [
              688606.65,
              6370556.44,
              0.23
            ],
            [
              688609.72,
              6370549.47,
              0.23
            ],
            [
              688612.27,
              6370544.61,
              0.23
            ],
            [
              688613.3,
              6370542.8,
              0.23
            ],
            [
              688613.27,
              6370542.11,
              0.23
            ],
            [
              688607.55,
              6370537.58,
              0.23
            ],
            [
              688604.3,
              6370532.9,
              0.23
            ],
            [
              688591.79,
              6370523.23,
              0.23
            ],
            [
              688591.09,
              6370522.17,
              0.23
            ],
            [
              688591.97,
              6370520.69,
              0.23
            ],
            [
              688587.57,
              6370517.6,
              0.23
            ],
            [
              688584.94,
              6370515.83,
              0.23
            ],
            [
              688582.01,
              6370513.38,
              0.23
            ],
            [
              688581.8,
              6370512.11,
              0.23
            ],
            [
              688581.0,
              6370511.91,
              0.23
            ],
            [
              688576.98,
              6370515.66,
              0.23
            ],
            [
              688577.49,
              6370517.54,
              0.23
            ],
            [
              688580.35,
              6370523.27,
              0.23
            ],
            [
              688586.41,
              6370531.67,
              0.23
            ],
            [
              688591.4,
              6370540.66,
              0.23
            ],
            [
              688593.0,
              6370549.33,
              0.23
            ],
            [
              688590.98,
              6370557.82,
              0.23
            ],
            [
              688591.66,
              6370563.93,
              0.23
            ],
            [
              688592.14,
              6370568.8,
              0.23
            ],
            [
              688590.61,
              6370577.46,
              0.23
            ],
            [
              688591.83,
              6370585.46,
              0.23
            ],
            [
              688591.63,
              6370594.89,
              0.23
            ],
            [
              688591.6,
              6370595.44,
              0.23
            ],
            [
              688592.15,
              6370598.19,
              0.23
            ],
            [
              688591.44,
              6370598.18,
              0.23
            ],
            [
              688591.25,
              6370601.42,
              0.23
            ],
            [
              688589.44,
              6370603.37,
              0.23
            ],
            [
              688586.81,
              6370604.35,
              0.23
            ],
            [
              688580.32,
              6370597.0,
              0.23
            ],
            [
              688571.78,
              6370585.22,
              0.23
            ],
            [
              688566.96,
              6370579.87,
              0.23
            ],
            [
              688555.74,
              6370566.69,
              0.23
            ],
            [
              688552.8,
              6370566.82,
              0.23
            ],
            [
              688551.85,
              6370567.29,
              0.23
            ],
            [
              688550.19,
              6370570.54,
              0.23
            ],
            [
              688550.12,
              6370572.32,
              0.23
            ],
            [
              688550.18,
              6370572.73,
              0.23
            ],
            [
              688553.08,
              6370580.65,
              0.23
            ],
            [
              688553.72,
              6370591.48,
              0.23
            ],
            [
              688550.75,
              6370598.92,
              0.23
            ],
            [
              688544.86,
              6370603.86,
              0.23
            ],
            [
              688535.81,
              6370610.82,
              0.23
            ],
            [
              688529.0,
              6370619.82,
              0.23
            ],
            [
              688522.39,
              6370635.14,
              0.23
            ],
            [
              688517.14,
              6370649.57,
              0.23
            ],
            [
              688512.8,
              6370661.74,
              0.23
            ],
            [
              688506.22,
              6370669.39,
              0.23
            ],
            [
              688493.61,
              6370677.08,
              0.23
            ],
            [
              688487.52,
              6370683.2,
              0.23
            ],
            [
              688484.97,
              6370686.2,
              0.23
            ],
            [
              688481.6,
              6370687.67,
              0.23
            ],
            [
              688475.6,
              6370688.8,
              0.23
            ],
            [
              688473.05,
              6370689.01,
              0.23
            ],
            [
              688468.57,
              6370690.14,
              0.23
            ],
            [
              688451.96,
              6370685.53,
              0.23
            ],
            [
              688428.2,
              6370680.87,
              0.23
            ],
            [
              688423.51,
              6370677.06,
              0.23
            ],
            [
              688423.76,
              6370674.02,
              0.23
            ],
            [
              688431.06,
              6370661.73,
              0.23
            ],
            [
              688438.86,
              6370650.4,
              0.23
            ],
            [
              688453.03,
              6370639.19,
              0.23
            ],
            [
              688470.42,
              6370617.68,
              0.23
            ],
            [
              688481.92,
              6370604.92,
              0.23
            ],
            [
              688494.89,
              6370589.84,
              0.23
            ],
            [
              688502.9,
              6370577.49,
              0.23
            ],
            [
              688510.37,
              6370565.18,
              0.23
            ],
            [
              688517.82,
              6370551.44,
              0.23
            ],
            [
              688522.89,
              6370540.88,
              0.23
            ],
            [
              688528.36,
              6370530.22,
              0.23
            ],
            [
              688526.5,
              6370525.1,
              0.23
            ],
            [
              688529.86,
              6370514.66,
              0.23
            ],
            [
              688531.13,
              6370501.17,
              0.23
            ],
            [
              688531.01,
              6370497.98,
              0.23
            ],
            [
              688531.96,
              6370488.2,
              0.23
            ],
            [
              688532.51,
              6370486.38,
              0.23
            ],
            [
              688532.92,
              6370481.99,
              0.23
            ],
            [
              688534.35,
              6370481.71,
              0.23
            ],
            [
              688537.18,
              6370478.12,
              0.23
            ],
            [
              688541.25,
              6370480.81,
              0.23
            ],
            [
              688548.04,
              6370482.09,
              0.23
            ],
            [
              688565.51,
              6370494.21,
              0.23
            ],
            [
              688568.95,
              6370499.16,
              0.23
            ],
            [
              688573.61,
              6370502.24,
              0.23
            ],
            [
              688574.03,
              6370503.96,
              0.23
            ],
            [
              688575.01,
              6370504.33,
              0.23
            ],
            [
              688577.95,
              6370503.31,
              0.23
            ],
            [
              688578.96,
              6370499.31,
              0.23
            ],
            [
              688578.06,
              6370498.22,
              0.23
            ],
            [
              688571.98,
              6370493.22,
              0.23
            ],
            [
              688577.82,
              6370491.16,
              0.23
            ],
            [
              688581.98,
              6370487.33,
              0.23
            ],
            [
              688582.05,
              6370487.06,
              0.23
            ],
            [
              688583.91,
              6370484.76,
              0.23
            ],
            [
              688586.6,
              6370480.69,
              0.23
            ],
            [
              688590.99,
              6370467.96,
              0.23
            ],
            [
              688592.9,
              6370462.18,
              0.23
            ],
            [
              688594.2,
              6370457.11,
              0.23
            ],
            [
              688594.63,
              6370453.42,
              0.23
            ],
            [
              688593.34,
              6370447.09,
              0.23
            ],
            [
              688590.25,
              6370444.73,
              0.23
            ],
            [
              688576.99,
              6370438.1,
              0.23
            ],
            [
              688568.98,
              6370431.51,
              0.23
            ],
            [
              688551.99,
              6370423.1,
              0.23
            ],
            [
              688538.98,
              6370411.51,
              0.23
            ],
            [
              688521.99,
              6370403.1,
              0.23
            ],
            [
              688508.98,
              6370391.51,
              0.23
            ],
            [
              688495.25,
              6370384.73,
              0.23
            ],
            [
              688492.42,
              6370381.44,
              0.23
            ],
            [
              688496.47,
              6370377.56,
              0.23
            ],
            [
              688498.06,
              6370375.03,
              0.23
            ],
            [
              688502.65,
              6370375.97,
              0.23
            ],
            [
              688503.07,
              6370376.25,
              0.23
            ],
            [
              688504.35,
              6370376.06,
              0.23
            ],
            [
              688508.05,
              6370377.08,
              0.23
            ],
            [
              688531.03,
              6370393.64,
              0.23
            ],
            [
              688538.03,
              6370397.06,
              0.23
            ],
            [
              688549.01,
              6370406.84,
              0.23
            ],
            [
              688553.0,
              6370409.5,
              0.23
            ],
            [
              688564.59,
              6370414.53,
              0.23
            ],
            [
              688569.7,
              6370411.95,
              0.23
            ],
            [
              688579.2,
              6370401.57,
              0.23
            ],
            [
              688598.16,
              6370381.15,
              0.23
            ],
            [
              688601.42,
              6370376.58,
              0.23
            ],
            [
              688604.4,
              6370374.51,
              0.23
            ],
            [
              688605.82,
              6370373.01,
              0.23
            ],
            [
              688612.22,
              6370362.69,
              0.23
            ],
            [
              688611.98,
              6370357.0,
              0.23
            ],
            [
              688617.5,
              6370347.62,
              0.23
            ],
            [
              688623.02,
              6370343.44,
              0.23
            ],
            [
              688627.05,
              6370327.06,
              0.23
            ],
            [
              688631.31,
              6370322.53,
              0.23
            ],
            [
              688635.85,
              6370322.96,
              0.23
            ],
            [
              688645.09,
              6370307.21,
              0.23
            ],
            [
              688641.91,
              6370307.18,
              0.23
            ],
            [
              688641.0,
              6370300.73,
              0.23
            ],
            [
              688650.4,
              6370280.36,
              0.23
            ],
            [
              688657.48,
              6370273.88,
              0.23
            ],
            [
              688657.44,
              6370266.48,
              0.23
            ],
            [
              688663.58,
              6370259.05,
              0.23
            ],
            [
              688671.99,
              6370242.05,
              0.23
            ],
            [
              688676.42,
              6370236.58,
              0.23
            ],
            [
              688681.31,
              6370232.53,
              0.23
            ],
            [
              688684.96,
              6370232.85,
              0.23
            ],
            [
              688686.11,
              6370230.39,
              0.23
            ],
            [
              688687.92,
              6370227.03,
              0.23
            ],
            [
              688687.92,
              6370226.99,
              0.23
            ],
            [
              688687.96,
              6370226.97,
              0.23
            ],
            [
              688692.45,
              6370218.67,
              0.23
            ],
            [
              688692.44,
              6370216.48,
              0.23
            ],
            [
              688695.48,
              6370213.08,
              0.23
            ],
            [
              688701.68,
              6370201.64,
              0.23
            ],
            [
              688712.66,
              6370178.57,
              0.23
            ],
            [
              688716.54,
              6370172.18,
              0.23
            ],
            [
              688726.61,
              6370159.43,
              0.23
            ],
            [
              688729.5,
              6370155.92,
              0.23
            ],
            [
              688732.04,
              6370147.06,
              0.23
            ],
            [
              688747.05,
              6370131.66,
              0.23
            ],
            [
              688748.88,
              6370128.92,
              0.23
            ],
            [
              688751.15,
              6370126.32,
              0.23
            ],
            [
              688756.99,
              6370117.05,
              0.23
            ],
            [
              688765.55,
              6370107.45,
              0.23
            ],
            [
              688772.42,
              6370093.88,
              0.23
            ],
            [
              688776.1,
              6370083.87,
              0.23
            ],
            [
              688780.22,
              6370075.04,
              0.23
            ],
            [
              688781.56,
              6370067.32,
              0.23
            ],
            [
              688781.03,
              6370057.43,
              0.23
            ],
            [
              688778.84,
              6370046.37,
              0.23
            ],
            [
              688772.76,
              6370035.86,
              0.23
            ],
            [
              688770.37,
              6370033.34,
              0.23
            ],
            [
              688766.25,
              6370030.81,
              0.23
            ],
            [
              688759.35,
              6370028.69,
              0.23
            ],
            [
              688755.27,
              6370027.43,
              0.23
            ],
            [
              688752.22,
              6370024.54,
              0.23
            ],
            [
              688751.15,
              6370021.6,
              0.23
            ],
            [
              688751.84,
              6370016.58,
              0.23
            ],
            [
              688753.62,
              6370012.9,
              0.23
            ],
            [
              688756.85,
              6370005.91,
              0.23
            ],
            [
              688758.1,
              6370000.0,
              0.23
            ],
            [
              687500.0,
              6370000.0,
              0.22999999999999937
            ],
            [
              685895.34,
              6370000.0,
              0.23
            ],
            [
              685895.88,
              6370001.62,
              0.23
            ],
            [
              685895.81,
              6370002.35,
              0.23
            ],
            [
              685895.43,
              6370006.0,
              0.23
            ],
            [
              685894.72,
              6370008.29,
              0.23
            ],
            [
              685893.13,
              6370015.19,
              0.23
            ],
            [
              685892.61,
              6370018.63,
              0.23
            ]
          ],
          [
            [
              688506.81,
              6370464.17,
              0.23
            ],
            [
              688508.3,
              6370466.86,
              0.23
            ],
            [
              688508.11,
              6370469.85,
              0.23
            ],
            [
              688505.89,
              6370471.63,
              0.23
            ],
            [
              688503.54,
              6370473.92,
              0.23
            ],
            [
              688502.47,
              6370478.31,
              0.23
            ],
            [
              688499.64,
              6370489.24,
              0.23
            ],
            [
              688497.26,
              6370496.44,
              0.23
            ],
            [
              688492.99,
              6370500.77,
              0.23
            ],
            [
              688483.09,
              6370508.37,
              0.23
            ],
            [
              688476.66,
              6370511.28,
              0.23
            ],
            [
              688464.58,
              6370516.47,
              0.23
            ],
            [
              688462.1,
              6370516.4,
              0.23
            ],
            [
              688461.35,
              6370513.98,
              0.23
            ],
            [
              688462.21,
              6370511.16,
              0.23
            ],
            [
              688465.79,
              6370507.83,
              0.23
            ],
            [
              688481.36,
              6370498.21,
              0.23
            ],
            [
              688488.47,
              6370492.16,
              0.23
            ],
            [
              688493.04,
              6370485.49,
              0.23
            ],
            [
              688496.14,
              6370479.01,
              0.23
            ],
            [
              688498.5,
              6370469.66,
              0.23
            ],
            [
              688500.95,
              6370464.0,
              0.23
            ],
            [
              688503.98,
              6370462.59,
              0.23
            ],
            [
              688506.81,
              6370464.17,
              0.23
            ]
          ],
          [
            [
              688283.93,
              6370571.2,
              0.23
            ],
            [
              688274.54,
              6370572.31,
              0.23
            ],
            [
              688265.29,
              6370571.76,
              0.23
            ],
            [
              688251.59,
              6370570.75,
              0.23
            ],
            [
              688233.91,
              6370569.58,
              0.23
            ],
            [
              688221.7,
              6370567.23,
              0.23
            ],
            [
              688205.91,
              6370566.34,
              0.23
            ],
            [
              688197.95,
              6370566.01,
              0.23
            ],
            [
              688192.94,
              6370564.17,
              0.23
            ],
            [
              688191.0,
              6370563.34,
              0.23
            ],
            [
              688189.49,
              6370561.81,
              0.23
            ],
            [
              688190.78,
              6370559.44,
              0.23
            ],
            [
              688194.13,
              6370558.56,
              0.23
            ],
            [
              688207.49,
              6370558.77,
              0.23
            ],
            [
              688225.16,
              6370561.82,
              0.23
            ],
            [
              688240.99,
              6370563.97,
              0.23
            ],
            [
              688250.44,
              6370565.55,
              0.23
            ],
            [
              688264.33,
              6370566.16,
              0.23
            ],
            [
              688279.75,
              6370566.7,
              0.23
            ],
            [
              688284.83,
              6370566.77,
              0.23
            ],
            [
              688286.42,
              6370567.96,
              0.23
            ],
            [
              688286.87,
              6370570.13,
              0.23
            ],
            [
              688283.93,
              6370571.2,
              0.23
            ]
          ]
        ]
      }
    },
    {
      "type": "Feature",
      "id": "lm-637-68-water-8",
      "properties": {
        "sourceId": "water-breaks-lm-1m",
        "sourceItemId": "637_68",
        "sourceFid": 8,
        "sourceFeatureId": "637_68/polygons/8",
        "sourceSha256": "40662aea9102a76b6253ccec54832b0b61542b7199b1881476d2449e69176348",
        "sourceClassification": 1,
        "heightRH2000": 1.19,
        "kind": "flattened-water-surface",
        "sourceHeightRangeRH2000": [
          1.19,
          1.19
        ],
        "clippedHeightRangeRH2000": [
          1.19,
          1.19
        ],
        "constantSourceHeight": true,
        "heightTreatment": "source-constant",
        "shoreline": {
          "lines": [
            [
              [
                687735.25,
                6371326.73,
                1.19
              ],
              [
                687727.13,
                6371332.04,
                1.19
              ],
              [
                687725.87,
                6371334.91,
                1.19
              ],
              [
                687725.34,
                6371341.09,
                1.19
              ],
              [
                687725.37,
                6371341.59,
                1.19
              ],
              [
                687728.63,
                6371351.66,
                1.19
              ],
              [
                687730.5,
                6371355.98,
                1.19
              ],
              [
                687730.48,
                6371358.61,
                1.19
              ],
              [
                687730.21,
                6371362.2,
                1.19
              ],
              [
                687730.28,
                6371362.95,
                1.19
              ],
              [
                687733.98,
                6371375.93,
                1.19
              ],
              [
                687734.33,
                6371378.8,
                1.19
              ],
              [
                687734.6,
                6371379.22,
                1.19
              ],
              [
                687734.8,
                6371382.8,
                1.19
              ],
              [
                687734.81,
                6371382.81,
                1.19
              ],
              [
                687738.09,
                6371390.25,
                1.19
              ],
              [
                687740.46,
                6371392.43,
                1.19
              ],
              [
                687743.03,
                6371399.38,
                1.19
              ],
              [
                687743.1,
                6371400.92,
                1.19
              ],
              [
                687746.66,
                6371408.06,
                1.19
              ],
              [
                687748.04,
                6371408.72,
                1.19
              ],
              [
                687750.94,
                6371409.86,
                1.19
              ],
              [
                687757.27,
                6371409.12,
                1.19
              ],
              [
                687757.37,
                6371409.07,
                1.19
              ],
              [
                687760.5,
                6371405.99,
                1.19
              ],
              [
                687763.39,
                6371403.86,
                1.19
              ],
              [
                687765.31,
                6371403.16,
                1.19
              ],
              [
                687768.75,
                6371402.57,
                1.19
              ],
              [
                687770.93,
                6371399.79,
                1.19
              ],
              [
                687771.09,
                6371398.67,
                1.19
              ],
              [
                687771.35,
                6371396.52,
                1.19
              ],
              [
                687782.84,
                6371386.47,
                1.19
              ],
              [
                687787.3,
                6371383.03,
                1.19
              ],
              [
                687790.19,
                6371381.38,
                1.19
              ],
              [
                687798.54,
                6371383.85,
                1.19
              ],
              [
                687804.96,
                6371387.74,
                1.19
              ],
              [
                687809.5,
                6371388.49,
                1.19
              ],
              [
                687812.67,
                6371388.59,
                1.19
              ],
              [
                687816.3,
                6371387.52,
                1.19
              ],
              [
                687816.96,
                6371387.68,
                1.19
              ],
              [
                687820.51,
                6371386.53,
                1.19
              ],
              [
                687820.71,
                6371386.47,
                1.19
              ],
              [
                687824.79,
                6371387.62,
                1.19
              ],
              [
                687829.29,
                6371392.2,
                1.19
              ],
              [
                687833.07,
                6371397.98,
                1.19
              ],
              [
                687835.88,
                6371403.98,
                1.19
              ],
              [
                687836.89,
                6371405.26,
                1.19
              ],
              [
                687840.96,
                6371408.52,
                1.19
              ],
              [
                687842.29,
                6371408.97,
                1.19
              ],
              [
                687843.33,
                6371409.28,
                1.19
              ],
              [
                687850.06,
                6371407.44,
                1.19
              ],
              [
                687860.16,
                6371401.55,
                1.19
              ],
              [
                687864.28,
                6371395.61,
                1.19
              ],
              [
                687865.3,
                6371392.17,
                1.19
              ],
              [
                687864.95,
                6371385.59,
                1.19
              ],
              [
                687863.51,
                6371382.59,
                1.19
              ],
              [
                687860.06,
                6371381.91,
                1.19
              ],
              [
                687853.72,
                6371384.04,
                1.19
              ],
              [
                687846.05,
                6371385.85,
                1.19
              ],
              [
                687843.44,
                6371385.74,
                1.19
              ],
              [
                687839.61,
                6371381.27,
                1.19
              ],
              [
                687835.78,
                6371378.21,
                1.19
              ],
              [
                687828.48,
                6371376.41,
                1.19
              ],
              [
                687818.94,
                6371376.52,
                1.19
              ],
              [
                687816.12,
                6371375.68,
                1.19
              ],
              [
                687812.31,
                6371373.25,
                1.19
              ],
              [
                687806.7,
                6371364.81,
                1.19
              ],
              [
                687799.78,
                6371357.37,
                1.19
              ],
              [
                687795.08,
                6371355.65,
                1.19
              ],
              [
                687791.01,
                6371355.86,
                1.19
              ],
              [
                687785.03,
                6371357.4,
                1.19
              ],
              [
                687778.99,
                6371361.97,
                1.19
              ],
              [
                687773.47,
                6371365.02,
                1.19
              ],
              [
                687769.5,
                6371366.76,
                1.19
              ],
              [
                687768.09,
                6371368.01,
                1.19
              ],
              [
                687764.5,
                6371368.7,
                1.19
              ],
              [
                687760.75,
                6371369.89,
                1.19
              ],
              [
                687754.53,
                6371371.03,
                1.19
              ],
              [
                687750.94,
                6371371.0,
                1.19
              ],
              [
                687747.36,
                6371369.53,
                1.19
              ],
              [
                687742.86,
                6371364.71,
                1.19
              ],
              [
                687742.42,
                6371360.64,
                1.19
              ],
              [
                687742.53,
                6371358.83,
                1.19
              ],
              [
                687742.46,
                6371358.77,
                1.19
              ],
              [
                687742.44,
                6371356.48,
                1.19
              ],
              [
                687742.68,
                6371356.19,
                1.19
              ],
              [
                687742.7,
                6371355.86,
                1.19
              ],
              [
                687745.14,
                6371350.62,
                1.19
              ],
              [
                687748.28,
                6371347.06,
                1.19
              ],
              [
                687748.63,
                6371346.65,
                1.19
              ],
              [
                687748.83,
                6371341.54,
                1.19
              ],
              [
                687745.78,
                6371337.34,
                1.19
              ],
              [
                687743.84,
                6371336.02,
                1.19
              ],
              [
                687742.2,
                6371332.65,
                1.19
              ],
              [
                687742.04,
                6371332.18,
                1.19
              ],
              [
                687738.35,
                6371327.09,
                1.19
              ],
              [
                687735.25,
                6371326.73,
                1.19
              ]
            ]
          ],
          "coordinateOrder": [
            "easting",
            "northing",
            "heightRH2000"
          ],
          "source": "canonical-water-boundary-minus-AOI-and-source-item-rectangle-edges",
          "suppressedArtificialEdges": 0,
          "reviewStatus": "source-derived-water-boundary-not-surveyed-shore"
        },
        "waterKind": "inland-water",
        "isSea": false,
        "seaAssociation": null,
        "offshoreReferenceEpsg3006": null,
        "geometryUse": "source-derived-candidate",
        "reviewStatus": "source-topology-checked-not-field-reviewed",
        "clipBoundaryIsShore": false,
        "bathymetry": null
      },
      "geometry": {
        "type": "Polygon",
        "coordinates": [
          [
            [
              687735.25,
              6371326.73,
              1.19
            ],
            [
              687727.13,
              6371332.04,
              1.19
            ],
            [
              687725.87,
              6371334.91,
              1.19
            ],
            [
              687725.34,
              6371341.09,
              1.19
            ],
            [
              687725.37,
              6371341.59,
              1.19
            ],
            [
              687728.63,
              6371351.66,
              1.19
            ],
            [
              687730.5,
              6371355.98,
              1.19
            ],
            [
              687730.48,
              6371358.61,
              1.19
            ],
            [
              687730.21,
              6371362.2,
              1.19
            ],
            [
              687730.28,
              6371362.95,
              1.19
            ],
            [
              687733.98,
              6371375.93,
              1.19
            ],
            [
              687734.33,
              6371378.8,
              1.19
            ],
            [
              687734.6,
              6371379.22,
              1.19
            ],
            [
              687734.8,
              6371382.8,
              1.19
            ],
            [
              687734.81,
              6371382.81,
              1.19
            ],
            [
              687738.09,
              6371390.25,
              1.19
            ],
            [
              687740.46,
              6371392.43,
              1.19
            ],
            [
              687743.03,
              6371399.38,
              1.19
            ],
            [
              687743.1,
              6371400.92,
              1.19
            ],
            [
              687746.66,
              6371408.06,
              1.19
            ],
            [
              687748.04,
              6371408.72,
              1.19
            ],
            [
              687750.94,
              6371409.86,
              1.19
            ],
            [
              687757.27,
              6371409.12,
              1.19
            ],
            [
              687757.37,
              6371409.07,
              1.19
            ],
            [
              687760.5,
              6371405.99,
              1.19
            ],
            [
              687763.39,
              6371403.86,
              1.19
            ],
            [
              687765.31,
              6371403.16,
              1.19
            ],
            [
              687768.75,
              6371402.57,
              1.19
            ],
            [
              687770.93,
              6371399.79,
              1.19
            ],
            [
              687771.09,
              6371398.67,
              1.19
            ],
            [
              687771.35,
              6371396.52,
              1.19
            ],
            [
              687782.84,
              6371386.47,
              1.19
            ],
            [
              687787.3,
              6371383.03,
              1.19
            ],
            [
              687790.19,
              6371381.38,
              1.19
            ],
            [
              687798.54,
              6371383.85,
              1.19
            ],
            [
              687804.96,
              6371387.74,
              1.19
            ],
            [
              687809.5,
              6371388.49,
              1.19
            ],
            [
              687812.67,
              6371388.59,
              1.19
            ],
            [
              687816.3,
              6371387.52,
              1.19
            ],
            [
              687816.96,
              6371387.68,
              1.19
            ],
            [
              687820.51,
              6371386.53,
              1.19
            ],
            [
              687820.71,
              6371386.47,
              1.19
            ],
            [
              687824.79,
              6371387.62,
              1.19
            ],
            [
              687829.29,
              6371392.2,
              1.19
            ],
            [
              687833.07,
              6371397.98,
              1.19
            ],
            [
              687835.88,
              6371403.98,
              1.19
            ],
            [
              687836.89,
              6371405.26,
              1.19
            ],
            [
              687840.96,
              6371408.52,
              1.19
            ],
            [
              687842.29,
              6371408.97,
              1.19
            ],
            [
              687843.33,
              6371409.28,
              1.19
            ],
            [
              687850.06,
              6371407.44,
              1.19
            ],
            [
              687860.16,
              6371401.55,
              1.19
            ],
            [
              687864.28,
              6371395.61,
              1.19
            ],
            [
              687865.3,
              6371392.17,
              1.19
            ],
            [
              687864.95,
              6371385.59,
              1.19
            ],
            [
              687863.51,
              6371382.59,
              1.19
            ],
            [
              687860.06,
              6371381.91,
              1.19
            ],
            [
              687853.72,
              6371384.04,
              1.19
            ],
            [
              687846.05,
              6371385.85,
              1.19
            ],
            [
              687843.44,
              6371385.74,
              1.19
            ],
            [
              687839.61,
              6371381.27,
              1.19
            ],
            [
              687835.78,
              6371378.21,
              1.19
            ],
            [
              687828.48,
              6371376.41,
              1.19
            ],
            [
              687818.94,
              6371376.52,
              1.19
            ],
            [
              687816.12,
              6371375.68,
              1.19
            ],
            [
              687812.31,
              6371373.25,
              1.19
            ],
            [
              687806.7,
              6371364.81,
              1.19
            ],
            [
              687799.78,
              6371357.37,
              1.19
            ],
            [
              687795.08,
              6371355.65,
              1.19
            ],
            [
              687791.01,
              6371355.86,
              1.19
            ],
            [
              687785.03,
              6371357.4,
              1.19
            ],
            [
              687778.99,
              6371361.97,
              1.19
            ],
            [
              687773.47,
              6371365.02,
              1.19
            ],
            [
              687769.5,
              6371366.76,
              1.19
            ],
            [
              687768.09,
              6371368.01,
              1.19
            ],
            [
              687764.5,
              6371368.7,
              1.19
            ],
            [
              687760.75,
              6371369.89,
              1.19
            ],
            [
              687754.53,
              6371371.03,
              1.19
            ],
            [
              687750.94,
              6371371.0,
              1.19
            ],
            [
              687747.36,
              6371369.53,
              1.19
            ],
            [
              687742.86,
              6371364.71,
              1.19
            ],
            [
              687742.42,
              6371360.64,
              1.19
            ],
            [
              687742.53,
              6371358.83,
              1.19
            ],
            [
              687742.46,
              6371358.77,
              1.19
            ],
            [
              687742.44,
              6371356.48,
              1.19
            ],
            [
              687742.68,
              6371356.19,
              1.19
            ],
            [
              687742.7,
              6371355.86,
              1.19
            ],
            [
              687745.14,
              6371350.62,
              1.19
            ],
            [
              687748.28,
              6371347.06,
              1.19
            ],
            [
              687748.63,
              6371346.65,
              1.19
            ],
            [
              687748.83,
              6371341.54,
              1.19
            ],
            [
              687745.78,
              6371337.34,
              1.19
            ],
            [
              687743.84,
              6371336.02,
              1.19
            ],
            [
              687742.2,
              6371332.65,
              1.19
            ],
            [
              687742.04,
              6371332.18,
              1.19
            ],
            [
              687738.35,
              6371327.09,
              1.19
            ],
            [
              687735.25,
              6371326.73,
              1.19
            ]
          ]
        ]
      }
    },
    {
      "type": "Feature",
      "id": "lm-637-68-water-9",
      "properties": {
        "sourceId": "water-breaks-lm-1m",
        "sourceItemId": "637_68",
        "sourceFid": 9,
        "sourceFeatureId": "637_68/polygons/9",
        "sourceSha256": "40662aea9102a76b6253ccec54832b0b61542b7199b1881476d2449e69176348",
        "sourceClassification": 1,
        "heightRH2000": 0.18,
        "kind": "flattened-water-surface",
        "sourceHeightRangeRH2000": [
          0.18,
          0.18
        ],
        "clippedHeightRangeRH2000": [
          0.18,
          0.18
        ],
        "constantSourceHeight": true,
        "heightTreatment": "source-constant",
        "shoreline": {
          "lines": [
            [
              [
                687587.97,
                6371487.59,
                0.18
              ],
              [
                687589.77,
                6371482.85,
                0.18
              ],
              [
                687591.25,
                6371479.71,
                0.18
              ],
              [
                687594.78,
                6371471.36,
                0.18
              ],
              [
                687595.47,
                6371469.24,
                0.18
              ],
              [
                687595.51,
                6371446.64,
                0.18
              ],
              [
                687594.6,
                6371442.43,
                0.18
              ],
              [
                687591.92,
                6371435.29,
                0.18
              ],
              [
                687589.2,
                6371432.05,
                0.18
              ],
              [
                687581.42,
                6371428.76,
                0.18
              ],
              [
                687569.98,
                6371425.43,
                0.18
              ],
              [
                687559.88,
                6371425.34,
                0.18
              ],
              [
                687546.32,
                6371426.81,
                0.18
              ],
              [
                687529.81,
                6371424.59,
                0.18
              ],
              [
                687517.43,
                6371423.32,
                0.18
              ],
              [
                687508.3,
                6371421.0,
                0.18
              ],
              [
                687506.46,
                6371421.23,
                0.18
              ],
              [
                687502.32,
                6371425.41,
                0.18
              ],
              [
                687537.2,
                6371468.27,
                0.18
              ],
              [
                687556.97,
                6371488.44,
                0.18
              ],
              [
                687565.87,
                6371494.03,
                0.18
              ],
              [
                687569.78,
                6371494.71,
                0.18
              ],
              [
                687576.54,
                6371493.74,
                0.18
              ],
              [
                687582.05,
                6371492.1,
                0.18
              ],
              [
                687587.97,
                6371487.59,
                0.18
              ]
            ]
          ],
          "coordinateOrder": [
            "easting",
            "northing",
            "heightRH2000"
          ],
          "source": "canonical-water-boundary-minus-AOI-and-source-item-rectangle-edges",
          "suppressedArtificialEdges": 0,
          "reviewStatus": "source-derived-water-boundary-not-surveyed-shore"
        },
        "waterKind": "inland-water",
        "isSea": false,
        "seaAssociation": null,
        "offshoreReferenceEpsg3006": null,
        "geometryUse": "source-derived-candidate",
        "reviewStatus": "source-topology-checked-not-field-reviewed",
        "clipBoundaryIsShore": false,
        "bathymetry": null
      },
      "geometry": {
        "type": "Polygon",
        "coordinates": [
          [
            [
              687587.97,
              6371487.59,
              0.18
            ],
            [
              687589.77,
              6371482.85,
              0.18
            ],
            [
              687591.25,
              6371479.71,
              0.18
            ],
            [
              687594.78,
              6371471.36,
              0.18
            ],
            [
              687595.47,
              6371469.24,
              0.18
            ],
            [
              687595.51,
              6371446.64,
              0.18
            ],
            [
              687594.6,
              6371442.43,
              0.18
            ],
            [
              687591.92,
              6371435.29,
              0.18
            ],
            [
              687589.2,
              6371432.05,
              0.18
            ],
            [
              687581.42,
              6371428.76,
              0.18
            ],
            [
              687569.98,
              6371425.43,
              0.18
            ],
            [
              687559.88,
              6371425.34,
              0.18
            ],
            [
              687546.32,
              6371426.81,
              0.18
            ],
            [
              687529.81,
              6371424.59,
              0.18
            ],
            [
              687517.43,
              6371423.32,
              0.18
            ],
            [
              687508.3,
              6371421.0,
              0.18
            ],
            [
              687506.46,
              6371421.23,
              0.18
            ],
            [
              687502.32,
              6371425.41,
              0.18
            ],
            [
              687537.2,
              6371468.27,
              0.18
            ],
            [
              687556.97,
              6371488.44,
              0.18
            ],
            [
              687565.87,
              6371494.03,
              0.18
            ],
            [
              687569.78,
              6371494.71,
              0.18
            ],
            [
              687576.54,
              6371493.74,
              0.18
            ],
            [
              687582.05,
              6371492.1,
              0.18
            ],
            [
              687587.97,
              6371487.59,
              0.18
            ]
          ]
        ]
      }
    },
    {
      "type": "Feature",
      "id": "lm-637-68-water-10",
      "properties": {
        "sourceId": "water-breaks-lm-1m",
        "sourceItemId": "637_68",
        "sourceFid": 10,
        "sourceFeatureId": "637_68/polygons/10",
        "sourceSha256": "40662aea9102a76b6253ccec54832b0b61542b7199b1881476d2449e69176348",
        "sourceClassification": 1,
        "heightRH2000": 0.35,
        "kind": "flattened-water-surface",
        "sourceHeightRangeRH2000": [
          0.35,
          0.35
        ],
        "clippedHeightRangeRH2000": [
          0.35,
          0.35
        ],
        "constantSourceHeight": true,
        "heightTreatment": "source-constant",
        "shoreline": {
          "lines": [
            [
              [
                687451.05,
                6371637.31,
                0.35
              ],
              [
                687449.25,
                6371633.73,
                0.35
              ],
              [
                687448.37,
                6371630.15,
                0.35
              ],
              [
                687447.18,
                6371625.74,
                0.35
              ],
              [
                687444.24,
                6371622.6,
                0.35
              ],
              [
                687440.7,
                6371619.46,
                0.35
              ],
              [
                687436.7,
                6371616.32,
                0.35
              ],
              [
                687433.82,
                6371614.93,
                0.35
              ],
              [
                687431.24,
                6371614.61,
                0.35
              ],
              [
                687429.94,
                6371616.35,
                0.35
              ],
              [
                687428.84,
                6371621.28,
                0.35
              ],
              [
                687428.67,
                6371624.24,
                0.35
              ],
              [
                687428.95,
                6371627.36,
                0.35
              ],
              [
                687429.23,
                6371631.69,
                0.35
              ],
              [
                687430.23,
                6371639.37,
                0.35
              ],
              [
                687430.12,
                6371645.21,
                0.35
              ],
              [
                687430.02,
                6371648.56,
                0.35
              ],
              [
                687430.15,
                6371652.05,
                0.35
              ],
              [
                687430.65,
                6371655.62,
                0.35
              ],
              [
                687431.62,
                6371658.67,
                0.35
              ],
              [
                687432.58,
                6371662.02,
                0.35
              ],
              [
                687434.12,
                6371663.75,
                0.35
              ],
              [
                687439.52,
                6371665.38,
                0.35
              ],
              [
                687440.62,
                6371665.36,
                0.35
              ],
              [
                687447.99,
                6371663.41,
                0.35
              ],
              [
                687454.86,
                6371649.57,
                0.35
              ],
              [
                687454.92,
                6371645.56,
                0.35
              ],
              [
                687452.08,
                6371638.15,
                0.35
              ],
              [
                687452.05,
                6371637.96,
                0.35
              ],
              [
                687451.05,
                6371637.31,
                0.35
              ]
            ]
          ],
          "coordinateOrder": [
            "easting",
            "northing",
            "heightRH2000"
          ],
          "source": "canonical-water-boundary-minus-AOI-and-source-item-rectangle-edges",
          "suppressedArtificialEdges": 0,
          "reviewStatus": "source-derived-water-boundary-not-surveyed-shore"
        },
        "waterKind": "inland-water",
        "isSea": false,
        "seaAssociation": null,
        "offshoreReferenceEpsg3006": null,
        "geometryUse": "source-derived-candidate",
        "reviewStatus": "source-topology-checked-not-field-reviewed",
        "clipBoundaryIsShore": false,
        "bathymetry": null
      },
      "geometry": {
        "type": "Polygon",
        "coordinates": [
          [
            [
              687451.05,
              6371637.31,
              0.35
            ],
            [
              687449.25,
              6371633.73,
              0.35
            ],
            [
              687448.37,
              6371630.15,
              0.35
            ],
            [
              687447.18,
              6371625.74,
              0.35
            ],
            [
              687444.24,
              6371622.6,
              0.35
            ],
            [
              687440.7,
              6371619.46,
              0.35
            ],
            [
              687436.7,
              6371616.32,
              0.35
            ],
            [
              687433.82,
              6371614.93,
              0.35
            ],
            [
              687431.24,
              6371614.61,
              0.35
            ],
            [
              687429.94,
              6371616.35,
              0.35
            ],
            [
              687428.84,
              6371621.28,
              0.35
            ],
            [
              687428.67,
              6371624.24,
              0.35
            ],
            [
              687428.95,
              6371627.36,
              0.35
            ],
            [
              687429.23,
              6371631.69,
              0.35
            ],
            [
              687430.23,
              6371639.37,
              0.35
            ],
            [
              687430.12,
              6371645.21,
              0.35
            ],
            [
              687430.02,
              6371648.56,
              0.35
            ],
            [
              687430.15,
              6371652.05,
              0.35
            ],
            [
              687430.65,
              6371655.62,
              0.35
            ],
            [
              687431.62,
              6371658.67,
              0.35
            ],
            [
              687432.58,
              6371662.02,
              0.35
            ],
            [
              687434.12,
              6371663.75,
              0.35
            ],
            [
              687439.52,
              6371665.38,
              0.35
            ],
            [
              687440.62,
              6371665.36,
              0.35
            ],
            [
              687447.99,
              6371663.41,
              0.35
            ],
            [
              687454.86,
              6371649.57,
              0.35
            ],
            [
              687454.92,
              6371645.56,
              0.35
            ],
            [
              687452.08,
              6371638.15,
              0.35
            ],
            [
              687452.05,
              6371637.96,
              0.35
            ],
            [
              687451.05,
              6371637.31,
              0.35
            ]
          ]
        ]
      }
    },
    {
      "type": "Feature",
      "id": "lm-637-68-water-11",
      "properties": {
        "sourceId": "water-breaks-lm-1m",
        "sourceItemId": "637_68",
        "sourceFid": 11,
        "sourceFeatureId": "637_68/polygons/11",
        "sourceSha256": "40662aea9102a76b6253ccec54832b0b61542b7199b1881476d2449e69176348",
        "sourceClassification": 1,
        "heightRH2000": 0.25,
        "kind": "flattened-water-surface",
        "sourceHeightRangeRH2000": [
          0.25,
          0.25
        ],
        "clippedHeightRangeRH2000": [
          0.25,
          0.25
        ],
        "constantSourceHeight": true,
        "heightTreatment": "source-constant",
        "shoreline": {
          "lines": [
            [
              [
                687644.67,
                6371640.47,
                0.25
              ],
              [
                687626.21,
                6371662.56,
                0.25
              ],
              [
                687620.18,
                6371668.81,
                0.25
              ],
              [
                687613.42,
                6371679.08,
                0.25
              ],
              [
                687611.66,
                6371683.77,
                0.25
              ],
              [
                687611.95,
                6371689.05,
                0.25
              ],
              [
                687614.42,
                6371694.24,
                0.25
              ],
              [
                687618.06,
                6371698.41,
                0.25
              ],
              [
                687622.39,
                6371701.2,
                0.25
              ],
              [
                687627.76,
                6371703.78,
                0.25
              ],
              [
                687633.03,
                6371704.52,
                0.25
              ],
              [
                687637.74,
                6371703.99,
                0.25
              ],
              [
                687645.91,
                6371701.89,
                0.25
              ],
              [
                687652.71,
                6371699.2,
                0.25
              ],
              [
                687662.9,
                6371690.46,
                0.25
              ],
              [
                687691.0,
                6371668.93,
                0.25
              ],
              [
                687695.76,
                6371663.23,
                0.25
              ],
              [
                687699.37,
                6371657.87,
                0.25
              ],
              [
                687704.97,
                6371647.94,
                0.25
              ],
              [
                687706.42,
                6371640.73,
                0.25
              ],
              [
                687713.11,
                6371625.76,
                0.25
              ],
              [
                687716.08,
                6371615.34,
                0.25
              ],
              [
                687717.52,
                6371608.58,
                0.25
              ],
              [
                687717.79,
                6371604.11,
                0.25
              ],
              [
                687716.25,
                6371597.21,
                0.25
              ],
              [
                687714.47,
                6371591.79,
                0.25
              ],
              [
                687706.64,
                6371582.19,
                0.25
              ],
              [
                687700.03,
                6371577.08,
                0.25
              ],
              [
                687692.69,
                6371576.66,
                0.25
              ],
              [
                687685.34,
                6371577.62,
                0.25
              ],
              [
                687677.38,
                6371581.68,
                0.25
              ],
              [
                687672.64,
                6371585.31,
                0.25
              ],
              [
                687670.68,
                6371585.63,
                0.25
              ],
              [
                687668.7,
                6371587.65,
                0.25
              ],
              [
                687667.79,
                6371588.59,
                0.25
              ],
              [
                687667.2,
                6371590.07,
                0.25
              ],
              [
                687662.68,
                6371594.28,
                0.25
              ],
              [
                687658.6,
                6371601.24,
                0.25
              ],
              [
                687653.19,
                6371614.39,
                0.25
              ],
              [
                687648.8,
                6371629.38,
                0.25
              ],
              [
                687644.67,
                6371640.47,
                0.25
              ]
            ],
            [
              [
                687648.47,
                6371651.08,
                0.25
              ],
              [
                687652.19,
                6371645.95,
                0.25
              ],
              [
                687655.88,
                6371644.03,
                0.25
              ],
              [
                687661.17,
                6371643.39,
                0.25
              ],
              [
                687664.84,
                6371643.32,
                0.25
              ],
              [
                687668.43,
                6371639.79,
                0.25
              ],
              [
                687670.78,
                6371634.99,
                0.25
              ],
              [
                687671.87,
                6371628.81,
                0.25
              ],
              [
                687671.71,
                6371621.92,
                0.25
              ],
              [
                687669.71,
                6371615.01,
                0.25
              ],
              [
                687671.02,
                6371609.98,
                0.25
              ],
              [
                687675.21,
                6371603.59,
                0.25
              ],
              [
                687680.17,
                6371600.77,
                0.25
              ],
              [
                687687.41,
                6371600.72,
                0.25
              ],
              [
                687690.15,
                6371601.78,
                0.25
              ],
              [
                687691.27,
                6371604.2,
                0.25
              ],
              [
                687689.73,
                6371609.58,
                0.25
              ],
              [
                687687.02,
                6371616.56,
                0.25
              ],
              [
                687682.04,
                6371621.56,
                0.25
              ],
              [
                687678.87,
                6371629.1,
                0.25
              ],
              [
                687677.79,
                6371633.46,
                0.25
              ],
              [
                687677.16,
                6371639.65,
                0.25
              ],
              [
                687673.66,
                6371645.01,
                0.25
              ],
              [
                687671.0,
                6371647.74,
                0.25
              ],
              [
                687666.97,
                6371649.19,
                0.25
              ],
              [
                687662.11,
                6371652.36,
                0.25
              ],
              [
                687658.3,
                6371656.01,
                0.25
              ],
              [
                687655.15,
                6371660.5,
                0.25
              ],
              [
                687655.11,
                6371664.23,
                0.25
              ],
              [
                687653.48,
                6371667.08,
                0.25
              ],
              [
                687649.67,
                6371669.22,
                0.25
              ],
              [
                687646.57,
                6371669.42,
                0.25
              ],
              [
                687643.97,
                6371665.15,
                0.25
              ],
              [
                687644.13,
                6371660.91,
                0.25
              ],
              [
                687648.47,
                6371651.08,
                0.25
              ]
            ]
          ],
          "coordinateOrder": [
            "easting",
            "northing",
            "heightRH2000"
          ],
          "source": "canonical-water-boundary-minus-AOI-and-source-item-rectangle-edges",
          "suppressedArtificialEdges": 0,
          "reviewStatus": "source-derived-water-boundary-not-surveyed-shore"
        },
        "waterKind": "inland-water",
        "isSea": false,
        "seaAssociation": null,
        "offshoreReferenceEpsg3006": null,
        "geometryUse": "source-derived-candidate",
        "reviewStatus": "source-topology-checked-not-field-reviewed",
        "clipBoundaryIsShore": false,
        "bathymetry": null
      },
      "geometry": {
        "type": "Polygon",
        "coordinates": [
          [
            [
              687644.67,
              6371640.47,
              0.25
            ],
            [
              687626.21,
              6371662.56,
              0.25
            ],
            [
              687620.18,
              6371668.81,
              0.25
            ],
            [
              687613.42,
              6371679.08,
              0.25
            ],
            [
              687611.66,
              6371683.77,
              0.25
            ],
            [
              687611.95,
              6371689.05,
              0.25
            ],
            [
              687614.42,
              6371694.24,
              0.25
            ],
            [
              687618.06,
              6371698.41,
              0.25
            ],
            [
              687622.39,
              6371701.2,
              0.25
            ],
            [
              687627.76,
              6371703.78,
              0.25
            ],
            [
              687633.03,
              6371704.52,
              0.25
            ],
            [
              687637.74,
              6371703.99,
              0.25
            ],
            [
              687645.91,
              6371701.89,
              0.25
            ],
            [
              687652.71,
              6371699.2,
              0.25
            ],
            [
              687662.9,
              6371690.46,
              0.25
            ],
            [
              687691.0,
              6371668.93,
              0.25
            ],
            [
              687695.76,
              6371663.23,
              0.25
            ],
            [
              687699.37,
              6371657.87,
              0.25
            ],
            [
              687704.97,
              6371647.94,
              0.25
            ],
            [
              687706.42,
              6371640.73,
              0.25
            ],
            [
              687713.11,
              6371625.76,
              0.25
            ],
            [
              687716.08,
              6371615.34,
              0.25
            ],
            [
              687717.52,
              6371608.58,
              0.25
            ],
            [
              687717.79,
              6371604.11,
              0.25
            ],
            [
              687716.25,
              6371597.21,
              0.25
            ],
            [
              687714.47,
              6371591.79,
              0.25
            ],
            [
              687706.64,
              6371582.19,
              0.25
            ],
            [
              687700.03,
              6371577.08,
              0.25
            ],
            [
              687692.69,
              6371576.66,
              0.25
            ],
            [
              687685.34,
              6371577.62,
              0.25
            ],
            [
              687677.38,
              6371581.68,
              0.25
            ],
            [
              687672.64,
              6371585.31,
              0.25
            ],
            [
              687670.68,
              6371585.63,
              0.25
            ],
            [
              687668.7,
              6371587.65,
              0.25
            ],
            [
              687667.79,
              6371588.59,
              0.25
            ],
            [
              687667.2,
              6371590.07,
              0.25
            ],
            [
              687662.68,
              6371594.28,
              0.25
            ],
            [
              687658.6,
              6371601.24,
              0.25
            ],
            [
              687653.19,
              6371614.39,
              0.25
            ],
            [
              687648.8,
              6371629.38,
              0.25
            ],
            [
              687644.67,
              6371640.47,
              0.25
            ]
          ],
          [
            [
              687648.47,
              6371651.08,
              0.25
            ],
            [
              687652.19,
              6371645.95,
              0.25
            ],
            [
              687655.88,
              6371644.03,
              0.25
            ],
            [
              687661.17,
              6371643.39,
              0.25
            ],
            [
              687664.84,
              6371643.32,
              0.25
            ],
            [
              687668.43,
              6371639.79,
              0.25
            ],
            [
              687670.78,
              6371634.99,
              0.25
            ],
            [
              687671.87,
              6371628.81,
              0.25
            ],
            [
              687671.71,
              6371621.92,
              0.25
            ],
            [
              687669.71,
              6371615.01,
              0.25
            ],
            [
              687671.02,
              6371609.98,
              0.25
            ],
            [
              687675.21,
              6371603.59,
              0.25
            ],
            [
              687680.17,
              6371600.77,
              0.25
            ],
            [
              687687.41,
              6371600.72,
              0.25
            ],
            [
              687690.15,
              6371601.78,
              0.25
            ],
            [
              687691.27,
              6371604.2,
              0.25
            ],
            [
              687689.73,
              6371609.58,
              0.25
            ],
            [
              687687.02,
              6371616.56,
              0.25
            ],
            [
              687682.04,
              6371621.56,
              0.25
            ],
            [
              687678.87,
              6371629.1,
              0.25
            ],
            [
              687677.79,
              6371633.46,
              0.25
            ],
            [
              687677.16,
              6371639.65,
              0.25
            ],
            [
              687673.66,
              6371645.01,
              0.25
            ],
            [
              687671.0,
              6371647.74,
              0.25
            ],
            [
              687666.97,
              6371649.19,
              0.25
            ],
            [
              687662.11,
              6371652.36,
              0.25
            ],
            [
              687658.3,
              6371656.01,
              0.25
            ],
            [
              687655.15,
              6371660.5,
              0.25
            ],
            [
              687655.11,
              6371664.23,
              0.25
            ],
            [
              687653.48,
              6371667.08,
              0.25
            ],
            [
              687649.67,
              6371669.22,
              0.25
            ],
            [
              687646.57,
              6371669.42,
              0.25
            ],
            [
              687643.97,
              6371665.15,
              0.25
            ],
            [
              687644.13,
              6371660.91,
              0.25
            ],
            [
              687648.47,
              6371651.08,
              0.25
            ]
          ]
        ]
      }
    },
    {
      "type": "Feature",
      "id": "lm-637-68-water-13",
      "properties": {
        "sourceId": "water-breaks-lm-1m",
        "sourceItemId": "637_68",
        "sourceFid": 13,
        "sourceFeatureId": "637_68/polygons/13",
        "sourceSha256": "40662aea9102a76b6253ccec54832b0b61542b7199b1881476d2449e69176348",
        "sourceClassification": 1,
        "heightRH2000": 0.6,
        "kind": "flattened-water-surface",
        "sourceHeightRangeRH2000": [
          0.6,
          0.6
        ],
        "clippedHeightRangeRH2000": [
          0.6,
          0.6
        ],
        "constantSourceHeight": true,
        "heightTreatment": "source-constant",
        "shoreline": {
          "lines": [
            [
              [
                688057.96,
                6370520.33,
                0.6
              ],
              [
                688064.49,
                6370517.59,
                0.6
              ],
              [
                688067.08,
                6370514.36,
                0.6
              ],
              [
                688066.29,
                6370507.8,
                0.6
              ],
              [
                688069.09,
                6370503.04,
                0.6
              ],
              [
                688069.98,
                6370498.85,
                0.6
              ],
              [
                688068.69,
                6370492.87,
                0.6
              ],
              [
                688060.7,
                6370488.88,
                0.6
              ],
              [
                688049.77,
                6370483.26,
                0.6
              ],
              [
                688044.49,
                6370477.67,
                0.6
              ],
              [
                688036.96,
                6370480.17,
                0.6
              ],
              [
                688028.8,
                6370484.44,
                0.6
              ],
              [
                688023.09,
                6370490.93,
                0.6
              ],
              [
                688020.61,
                6370497.18,
                0.6
              ],
              [
                688015.77,
                6370509.9,
                0.6
              ],
              [
                688016.92,
                6370519.91,
                0.6
              ],
              [
                688021.07,
                6370527.86,
                0.6
              ],
              [
                688026.52,
                6370532.78,
                0.6
              ],
              [
                688034.58,
                6370539.26,
                0.6
              ],
              [
                688035.64,
                6370543.41,
                0.6
              ],
              [
                688031.37,
                6370551.86,
                0.6
              ],
              [
                688030.91,
                6370554.23,
                0.6
              ],
              [
                688031.11,
                6370555.23,
                0.6
              ],
              [
                688032.42,
                6370557.43,
                0.6
              ],
              [
                688038.48,
                6370557.21,
                0.6
              ],
              [
                688045.22,
                6370552.93,
                0.6
              ],
              [
                688049.36,
                6370547.1,
                0.6
              ],
              [
                688050.03,
                6370538.26,
                0.6
              ],
              [
                688055.45,
                6370524.63,
                0.6
              ],
              [
                688057.96,
                6370520.33,
                0.6
              ]
            ]
          ],
          "coordinateOrder": [
            "easting",
            "northing",
            "heightRH2000"
          ],
          "source": "canonical-water-boundary-minus-AOI-and-source-item-rectangle-edges",
          "suppressedArtificialEdges": 0,
          "reviewStatus": "source-derived-water-boundary-not-surveyed-shore"
        },
        "waterKind": "inland-water",
        "isSea": false,
        "seaAssociation": null,
        "offshoreReferenceEpsg3006": null,
        "geometryUse": "source-derived-candidate",
        "reviewStatus": "source-topology-checked-not-field-reviewed",
        "clipBoundaryIsShore": false,
        "bathymetry": null
      },
      "geometry": {
        "type": "Polygon",
        "coordinates": [
          [
            [
              688057.96,
              6370520.33,
              0.6
            ],
            [
              688064.49,
              6370517.59,
              0.6
            ],
            [
              688067.08,
              6370514.36,
              0.6
            ],
            [
              688066.29,
              6370507.8,
              0.6
            ],
            [
              688069.09,
              6370503.04,
              0.6
            ],
            [
              688069.98,
              6370498.85,
              0.6
            ],
            [
              688068.69,
              6370492.87,
              0.6
            ],
            [
              688060.7,
              6370488.88,
              0.6
            ],
            [
              688049.77,
              6370483.26,
              0.6
            ],
            [
              688044.49,
              6370477.67,
              0.6
            ],
            [
              688036.96,
              6370480.17,
              0.6
            ],
            [
              688028.8,
              6370484.44,
              0.6
            ],
            [
              688023.09,
              6370490.93,
              0.6
            ],
            [
              688020.61,
              6370497.18,
              0.6
            ],
            [
              688015.77,
              6370509.9,
              0.6
            ],
            [
              688016.92,
              6370519.91,
              0.6
            ],
            [
              688021.07,
              6370527.86,
              0.6
            ],
            [
              688026.52,
              6370532.78,
              0.6
            ],
            [
              688034.58,
              6370539.26,
              0.6
            ],
            [
              688035.64,
              6370543.41,
              0.6
            ],
            [
              688031.37,
              6370551.86,
              0.6
            ],
            [
              688030.91,
              6370554.23,
              0.6
            ],
            [
              688031.11,
              6370555.23,
              0.6
            ],
            [
              688032.42,
              6370557.43,
              0.6
            ],
            [
              688038.48,
              6370557.21,
              0.6
            ],
            [
              688045.22,
              6370552.93,
              0.6
            ],
            [
              688049.36,
              6370547.1,
              0.6
            ],
            [
              688050.03,
              6370538.26,
              0.6
            ],
            [
              688055.45,
              6370524.63,
              0.6
            ],
            [
              688057.96,
              6370520.33,
              0.6
            ]
          ]
        ]
      }
    },
    {
      "type": "Feature",
      "id": "lm-637-68-water-14",
      "properties": {
        "sourceId": "water-breaks-lm-1m",
        "sourceItemId": "637_68",
        "sourceFid": 14,
        "sourceFeatureId": "637_68/polygons/14",
        "sourceSha256": "40662aea9102a76b6253ccec54832b0b61542b7199b1881476d2449e69176348",
        "sourceClassification": 1,
        "heightRH2000": 0.51,
        "kind": "flattened-water-surface",
        "sourceHeightRangeRH2000": [
          0.51,
          0.51
        ],
        "clippedHeightRangeRH2000": [
          0.51,
          0.51
        ],
        "constantSourceHeight": true,
        "heightTreatment": "source-constant",
        "shoreline": {
          "lines": [
            [
              [
                687874.54,
                6370591.14,
                0.51
              ],
              [
                687865.95,
                6370590.89,
                0.51
              ],
              [
                687860.58,
                6370593.22,
                0.51
              ],
              [
                687857.9,
                6370598.19,
                0.51
              ],
              [
                687860.74,
                6370602.98,
                0.51
              ],
              [
                687864.13,
                6370606.32,
                0.51
              ],
              [
                687876.44,
                6370608.58,
                0.51
              ],
              [
                687880.07,
                6370608.4,
                0.51
              ],
              [
                687892.75,
                6370603.54,
                0.51
              ],
              [
                687892.77,
                6370601.59,
                0.51
              ],
              [
                687892.39,
                6370601.21,
                0.51
              ],
              [
                687891.17,
                6370600.69,
                0.51
              ],
              [
                687887.16,
                6370599.13,
                0.51
              ],
              [
                687883.52,
                6370595.38,
                0.51
              ],
              [
                687874.54,
                6370591.14,
                0.51
              ]
            ]
          ],
          "coordinateOrder": [
            "easting",
            "northing",
            "heightRH2000"
          ],
          "source": "canonical-water-boundary-minus-AOI-and-source-item-rectangle-edges",
          "suppressedArtificialEdges": 0,
          "reviewStatus": "source-derived-water-boundary-not-surveyed-shore"
        },
        "waterKind": "inland-water",
        "isSea": false,
        "seaAssociation": null,
        "offshoreReferenceEpsg3006": null,
        "geometryUse": "source-derived-candidate",
        "reviewStatus": "source-topology-checked-not-field-reviewed",
        "clipBoundaryIsShore": false,
        "bathymetry": null
      },
      "geometry": {
        "type": "Polygon",
        "coordinates": [
          [
            [
              687874.54,
              6370591.14,
              0.51
            ],
            [
              687865.95,
              6370590.89,
              0.51
            ],
            [
              687860.58,
              6370593.22,
              0.51
            ],
            [
              687857.9,
              6370598.19,
              0.51
            ],
            [
              687860.74,
              6370602.98,
              0.51
            ],
            [
              687864.13,
              6370606.32,
              0.51
            ],
            [
              687876.44,
              6370608.58,
              0.51
            ],
            [
              687880.07,
              6370608.4,
              0.51
            ],
            [
              687892.75,
              6370603.54,
              0.51
            ],
            [
              687892.77,
              6370601.59,
              0.51
            ],
            [
              687892.39,
              6370601.21,
              0.51
            ],
            [
              687891.17,
              6370600.69,
              0.51
            ],
            [
              687887.16,
              6370599.13,
              0.51
            ],
            [
              687883.52,
              6370595.38,
              0.51
            ],
            [
              687874.54,
              6370591.14,
              0.51
            ]
          ]
        ]
      }
    },
    {
      "type": "Feature",
      "id": "lm-637-68-water-15",
      "properties": {
        "sourceId": "water-breaks-lm-1m",
        "sourceItemId": "637_68",
        "sourceFid": 15,
        "sourceFeatureId": "637_68/polygons/15",
        "sourceSha256": "40662aea9102a76b6253ccec54832b0b61542b7199b1881476d2449e69176348",
        "sourceClassification": 1,
        "heightRH2000": 0.48,
        "kind": "flattened-water-surface",
        "sourceHeightRangeRH2000": [
          0.48,
          0.48
        ],
        "clippedHeightRangeRH2000": [
          0.48,
          0.48
        ],
        "constantSourceHeight": true,
        "heightTreatment": "source-constant",
        "shoreline": {
          "lines": [
            [
              [
                688078.05,
                6370623.41,
                0.48
              ],
              [
                688071.47,
                6370626.71,
                0.48
              ],
              [
                688064.33,
                6370630.21,
                0.48
              ],
              [
                688058.61,
                6370632.69,
                0.48
              ],
              [
                688053.35,
                6370634.85,
                0.48
              ],
              [
                688048.07,
                6370636.6,
                0.48
              ],
              [
                688042.45,
                6370637.92,
                0.48
              ],
              [
                688038.31,
                6370638.29,
                0.48
              ],
              [
                688034.7,
                6370638.98,
                0.48
              ],
              [
                688032.35,
                6370638.5,
                0.48
              ],
              [
                688029.36,
                6370638.01,
                0.48
              ],
              [
                688024.76,
                6370636.15,
                0.48
              ],
              [
                688020.93,
                6370633.38,
                0.48
              ],
              [
                688017.23,
                6370629.72,
                0.48
              ],
              [
                688012.66,
                6370624.45,
                0.48
              ],
              [
                688008.62,
                6370620.03,
                0.48
              ],
              [
                688007.87,
                6370619.55,
                0.48
              ],
              [
                687997.7,
                6370616.26,
                0.48
              ],
              [
                687993.3,
                6370616.33,
                0.48
              ],
              [
                687987.0,
                6370616.25,
                0.48
              ],
              [
                687986.32,
                6370616.24,
                0.48
              ],
              [
                687979.37,
                6370619.06,
                0.48
              ],
              [
                687971.98,
                6370618.07,
                0.48
              ],
              [
                687969.55,
                6370618.29,
                0.48
              ],
              [
                687966.26,
                6370614.52,
                0.48
              ],
              [
                687963.74,
                6370609.01,
                0.48
              ],
              [
                687958.2,
                6370603.32,
                0.48
              ],
              [
                687950.84,
                6370598.22,
                0.48
              ],
              [
                687944.76,
                6370596.23,
                0.48
              ],
              [
                687938.64,
                6370596.06,
                0.48
              ],
              [
                687930.16,
                6370595.79,
                0.48
              ],
              [
                687923.96,
                6370595.18,
                0.48
              ],
              [
                687918.73,
                6370594.16,
                0.48
              ],
              [
                687913.9,
                6370596.02,
                0.48
              ],
              [
                687910.5,
                6370597.26,
                0.48
              ],
              [
                687907.02,
                6370600.66,
                0.48
              ],
              [
                687907.46,
                6370603.47,
                0.48
              ],
              [
                687910.57,
                6370604.87,
                0.48
              ],
              [
                687917.37,
                6370605.03,
                0.48
              ],
              [
                687920.44,
                6370604.0,
                0.48
              ],
              [
                687929.49,
                6370604.72,
                0.48
              ],
              [
                687937.73,
                6370604.56,
                0.48
              ],
              [
                687943.55,
                6370604.86,
                0.48
              ],
              [
                687947.88,
                6370605.74,
                0.48
              ],
              [
                687951.48,
                6370607.03,
                0.48
              ],
              [
                687955.34,
                6370610.59,
                0.48
              ],
              [
                687959.41,
                6370615.47,
                0.48
              ],
              [
                687962.17,
                6370621.6,
                0.48
              ],
              [
                687963.77,
                6370623.71,
                0.48
              ],
              [
                687969.87,
                6370625.52,
                0.48
              ],
              [
                687993.01,
                6370627.12,
                0.48
              ],
              [
                688003.58,
                6370636.98,
                0.48
              ],
              [
                688006.23,
                6370639.07,
                0.48
              ],
              [
                688008.95,
                6370641.31,
                0.48
              ],
              [
                688014.54,
                6370644.43,
                0.48
              ],
              [
                688019.12,
                6370646.61,
                0.48
              ],
              [
                688023.62,
                6370647.98,
                0.48
              ],
              [
                688029.48,
                6370648.91,
                0.48
              ],
              [
                688032.81,
                6370649.61,
                0.48
              ],
              [
                688038.12,
                6370652.7,
                0.48
              ],
              [
                688040.61,
                6370653.15,
                0.48
              ],
              [
                688050.03,
                6370650.98,
                0.48
              ],
              [
                688051.83,
                6370649.27,
                0.48
              ],
              [
                688055.9,
                6370646.93,
                0.48
              ],
              [
                688062.54,
                6370644.37,
                0.48
              ],
              [
                688069.19,
                6370641.62,
                0.48
              ],
              [
                688073.74,
                6370639.39,
                0.48
              ],
              [
                688080.04,
                6370636.35,
                0.48
              ],
              [
                688084.92,
                6370633.8,
                0.48
              ],
              [
                688086.93,
                6370632.15,
                0.48
              ],
              [
                688088.01,
                6370631.61,
                0.48
              ],
              [
                688092.12,
                6370628.6,
                0.48
              ],
              [
                688099.01,
                6370626.29,
                0.48
              ],
              [
                688108.62,
                6370625.38,
                0.48
              ],
              [
                688112.14,
                6370625.91,
                0.48
              ],
              [
                688117.88,
                6370626.31,
                0.48
              ],
              [
                688121.85,
                6370626.72,
                0.48
              ],
              [
                688126.18,
                6370627.21,
                0.48
              ],
              [
                688124.93,
                6370621.23,
                0.48
              ],
              [
                688123.56,
                6370617.52,
                0.48
              ],
              [
                688122.62,
                6370615.78,
                0.48
              ],
              [
                688120.91,
                6370613.2,
                0.48
              ],
              [
                688118.95,
                6370611.55,
                0.48
              ],
              [
                688114.37,
                6370610.56,
                0.48
              ],
              [
                688112.73,
                6370610.83,
                0.48
              ],
              [
                688108.68,
                6370612.7,
                0.48
              ],
              [
                688101.42,
                6370614.65,
                0.48
              ],
              [
                688096.26,
                6370616.54,
                0.48
              ],
              [
                688089.52,
                6370619.12,
                0.48
              ],
              [
                688083.46,
                6370621.25,
                0.48
              ],
              [
                688078.05,
                6370623.41,
                0.48
              ]
            ]
          ],
          "coordinateOrder": [
            "easting",
            "northing",
            "heightRH2000"
          ],
          "source": "canonical-water-boundary-minus-AOI-and-source-item-rectangle-edges",
          "suppressedArtificialEdges": 0,
          "reviewStatus": "source-derived-water-boundary-not-surveyed-shore"
        },
        "waterKind": "inland-water",
        "isSea": false,
        "seaAssociation": null,
        "offshoreReferenceEpsg3006": null,
        "geometryUse": "source-derived-candidate",
        "reviewStatus": "source-topology-checked-not-field-reviewed",
        "clipBoundaryIsShore": false,
        "bathymetry": null
      },
      "geometry": {
        "type": "Polygon",
        "coordinates": [
          [
            [
              688078.05,
              6370623.41,
              0.48
            ],
            [
              688071.47,
              6370626.71,
              0.48
            ],
            [
              688064.33,
              6370630.21,
              0.48
            ],
            [
              688058.61,
              6370632.69,
              0.48
            ],
            [
              688053.35,
              6370634.85,
              0.48
            ],
            [
              688048.07,
              6370636.6,
              0.48
            ],
            [
              688042.45,
              6370637.92,
              0.48
            ],
            [
              688038.31,
              6370638.29,
              0.48
            ],
            [
              688034.7,
              6370638.98,
              0.48
            ],
            [
              688032.35,
              6370638.5,
              0.48
            ],
            [
              688029.36,
              6370638.01,
              0.48
            ],
            [
              688024.76,
              6370636.15,
              0.48
            ],
            [
              688020.93,
              6370633.38,
              0.48
            ],
            [
              688017.23,
              6370629.72,
              0.48
            ],
            [
              688012.66,
              6370624.45,
              0.48
            ],
            [
              688008.62,
              6370620.03,
              0.48
            ],
            [
              688007.87,
              6370619.55,
              0.48
            ],
            [
              687997.7,
              6370616.26,
              0.48
            ],
            [
              687993.3,
              6370616.33,
              0.48
            ],
            [
              687987.0,
              6370616.25,
              0.48
            ],
            [
              687986.32,
              6370616.24,
              0.48
            ],
            [
              687979.37,
              6370619.06,
              0.48
            ],
            [
              687971.98,
              6370618.07,
              0.48
            ],
            [
              687969.55,
              6370618.29,
              0.48
            ],
            [
              687966.26,
              6370614.52,
              0.48
            ],
            [
              687963.74,
              6370609.01,
              0.48
            ],
            [
              687958.2,
              6370603.32,
              0.48
            ],
            [
              687950.84,
              6370598.22,
              0.48
            ],
            [
              687944.76,
              6370596.23,
              0.48
            ],
            [
              687938.64,
              6370596.06,
              0.48
            ],
            [
              687930.16,
              6370595.79,
              0.48
            ],
            [
              687923.96,
              6370595.18,
              0.48
            ],
            [
              687918.73,
              6370594.16,
              0.48
            ],
            [
              687913.9,
              6370596.02,
              0.48
            ],
            [
              687910.5,
              6370597.26,
              0.48
            ],
            [
              687907.02,
              6370600.66,
              0.48
            ],
            [
              687907.46,
              6370603.47,
              0.48
            ],
            [
              687910.57,
              6370604.87,
              0.48
            ],
            [
              687917.37,
              6370605.03,
              0.48
            ],
            [
              687920.44,
              6370604.0,
              0.48
            ],
            [
              687929.49,
              6370604.72,
              0.48
            ],
            [
              687937.73,
              6370604.56,
              0.48
            ],
            [
              687943.55,
              6370604.86,
              0.48
            ],
            [
              687947.88,
              6370605.74,
              0.48
            ],
            [
              687951.48,
              6370607.03,
              0.48
            ],
            [
              687955.34,
              6370610.59,
              0.48
            ],
            [
              687959.41,
              6370615.47,
              0.48
            ],
            [
              687962.17,
              6370621.6,
              0.48
            ],
            [
              687963.77,
              6370623.71,
              0.48
            ],
            [
              687969.87,
              6370625.52,
              0.48
            ],
            [
              687993.01,
              6370627.12,
              0.48
            ],
            [
              688003.58,
              6370636.98,
              0.48
            ],
            [
              688006.23,
              6370639.07,
              0.48
            ],
            [
              688008.95,
              6370641.31,
              0.48
            ],
            [
              688014.54,
              6370644.43,
              0.48
            ],
            [
              688019.12,
              6370646.61,
              0.48
            ],
            [
              688023.62,
              6370647.98,
              0.48
            ],
            [
              688029.48,
              6370648.91,
              0.48
            ],
            [
              688032.81,
              6370649.61,
              0.48
            ],
            [
              688038.12,
              6370652.7,
              0.48
            ],
            [
              688040.61,
              6370653.15,
              0.48
            ],
            [
              688050.03,
              6370650.98,
              0.48
            ],
            [
              688051.83,
              6370649.27,
              0.48
            ],
            [
              688055.9,
              6370646.93,
              0.48
            ],
            [
              688062.54,
              6370644.37,
              0.48
            ],
            [
              688069.19,
              6370641.62,
              0.48
            ],
            [
              688073.74,
              6370639.39,
              0.48
            ],
            [
              688080.04,
              6370636.35,
              0.48
            ],
            [
              688084.92,
              6370633.8,
              0.48
            ],
            [
              688086.93,
              6370632.15,
              0.48
            ],
            [
              688088.01,
              6370631.61,
              0.48
            ],
            [
              688092.12,
              6370628.6,
              0.48
            ],
            [
              688099.01,
              6370626.29,
              0.48
            ],
            [
              688108.62,
              6370625.38,
              0.48
            ],
            [
              688112.14,
              6370625.91,
              0.48
            ],
            [
              688117.88,
              6370626.31,
              0.48
            ],
            [
              688121.85,
              6370626.72,
              0.48
            ],
            [
              688126.18,
              6370627.21,
              0.48
            ],
            [
              688124.93,
              6370621.23,
              0.48
            ],
            [
              688123.56,
              6370617.52,
              0.48
            ],
            [
              688122.62,
              6370615.78,
              0.48
            ],
            [
              688120.91,
              6370613.2,
              0.48
            ],
            [
              688118.95,
              6370611.55,
              0.48
            ],
            [
              688114.37,
              6370610.56,
              0.48
            ],
            [
              688112.73,
              6370610.83,
              0.48
            ],
            [
              688108.68,
              6370612.7,
              0.48
            ],
            [
              688101.42,
              6370614.65,
              0.48
            ],
            [
              688096.26,
              6370616.54,
              0.48
            ],
            [
              688089.52,
              6370619.12,
              0.48
            ],
            [
              688083.46,
              6370621.25,
              0.48
            ],
            [
              688078.05,
              6370623.41,
              0.48
            ]
          ]
        ]
      }
    },
    {
      "type": "Feature",
      "id": "lm-637-68-water-16",
      "properties": {
        "sourceId": "water-breaks-lm-1m",
        "sourceItemId": "637_68",
        "sourceFid": 16,
        "sourceFeatureId": "637_68/polygons/16",
        "sourceSha256": "40662aea9102a76b6253ccec54832b0b61542b7199b1881476d2449e69176348",
        "sourceClassification": 1,
        "heightRH2000": 0.45,
        "kind": "flattened-water-surface",
        "sourceHeightRangeRH2000": [
          0.45,
          0.45
        ],
        "clippedHeightRangeRH2000": [
          0.45,
          0.45
        ],
        "constantSourceHeight": true,
        "heightTreatment": "source-constant",
        "shoreline": {
          "lines": [
            [
              [
                687876.92,
                6370676.12,
                0.45
              ],
              [
                687878.92,
                6370682.81,
                0.45
              ],
              [
                687887.05,
                6370684.19,
                0.45
              ],
              [
                687899.66,
                6370676.99,
                0.45
              ],
              [
                687913.68,
                6370671.21,
                0.45
              ],
              [
                687919.73,
                6370669.79,
                0.45
              ],
              [
                687926.27,
                6370670.35,
                0.45
              ],
              [
                687931.29,
                6370668.8,
                0.45
              ],
              [
                687935.88,
                6370668.2,
                0.45
              ],
              [
                687938.92,
                6370666.79,
                0.45
              ],
              [
                687939.1,
                6370666.51,
                0.45
              ],
              [
                687939.71,
                6370665.43,
                0.45
              ],
              [
                687940.72,
                6370661.62,
                0.45
              ],
              [
                687941.52,
                6370660.35,
                0.45
              ],
              [
                687942.86,
                6370659.82,
                0.45
              ],
              [
                687943.05,
                6370659.48,
                0.45
              ],
              [
                687942.55,
                6370656.68,
                0.45
              ],
              [
                687936.11,
                6370654.9,
                0.45
              ],
              [
                687932.43,
                6370655.87,
                0.45
              ],
              [
                687920.34,
                6370658.26,
                0.45
              ],
              [
                687913.37,
                6370657.89,
                0.45
              ],
              [
                687901.6,
                6370654.17,
                0.45
              ],
              [
                687892.2,
                6370651.37,
                0.45
              ],
              [
                687888.4,
                6370650.45,
                0.45
              ],
              [
                687879.79,
                6370651.07,
                0.45
              ],
              [
                687873.34,
                6370654.89,
                0.45
              ],
              [
                687872.68,
                6370660.91,
                0.45
              ],
              [
                687874.74,
                6370665.32,
                0.45
              ],
              [
                687877.49,
                6370670.44,
                0.45
              ],
              [
                687878.8,
                6370673.6,
                0.45
              ],
              [
                687876.92,
                6370676.12,
                0.45
              ]
            ]
          ],
          "coordinateOrder": [
            "easting",
            "northing",
            "heightRH2000"
          ],
          "source": "canonical-water-boundary-minus-AOI-and-source-item-rectangle-edges",
          "suppressedArtificialEdges": 0,
          "reviewStatus": "source-derived-water-boundary-not-surveyed-shore"
        },
        "waterKind": "inland-water",
        "isSea": false,
        "seaAssociation": null,
        "offshoreReferenceEpsg3006": null,
        "geometryUse": "source-derived-candidate",
        "reviewStatus": "source-topology-checked-not-field-reviewed",
        "clipBoundaryIsShore": false,
        "bathymetry": null
      },
      "geometry": {
        "type": "Polygon",
        "coordinates": [
          [
            [
              687876.92,
              6370676.12,
              0.45
            ],
            [
              687878.92,
              6370682.81,
              0.45
            ],
            [
              687887.05,
              6370684.19,
              0.45
            ],
            [
              687899.66,
              6370676.99,
              0.45
            ],
            [
              687913.68,
              6370671.21,
              0.45
            ],
            [
              687919.73,
              6370669.79,
              0.45
            ],
            [
              687926.27,
              6370670.35,
              0.45
            ],
            [
              687931.29,
              6370668.8,
              0.45
            ],
            [
              687935.88,
              6370668.2,
              0.45
            ],
            [
              687938.92,
              6370666.79,
              0.45
            ],
            [
              687939.1,
              6370666.51,
              0.45
            ],
            [
              687939.71,
              6370665.43,
              0.45
            ],
            [
              687940.72,
              6370661.62,
              0.45
            ],
            [
              687941.52,
              6370660.35,
              0.45
            ],
            [
              687942.86,
              6370659.82,
              0.45
            ],
            [
              687943.05,
              6370659.48,
              0.45
            ],
            [
              687942.55,
              6370656.68,
              0.45
            ],
            [
              687936.11,
              6370654.9,
              0.45
            ],
            [
              687932.43,
              6370655.87,
              0.45
            ],
            [
              687920.34,
              6370658.26,
              0.45
            ],
            [
              687913.37,
              6370657.89,
              0.45
            ],
            [
              687901.6,
              6370654.17,
              0.45
            ],
            [
              687892.2,
              6370651.37,
              0.45
            ],
            [
              687888.4,
              6370650.45,
              0.45
            ],
            [
              687879.79,
              6370651.07,
              0.45
            ],
            [
              687873.34,
              6370654.89,
              0.45
            ],
            [
              687872.68,
              6370660.91,
              0.45
            ],
            [
              687874.74,
              6370665.32,
              0.45
            ],
            [
              687877.49,
              6370670.44,
              0.45
            ],
            [
              687878.8,
              6370673.6,
              0.45
            ],
            [
              687876.92,
              6370676.12,
              0.45
            ]
          ]
        ]
      }
    },
    {
      "type": "Feature",
      "id": "lm-637-68-water-17",
      "properties": {
        "sourceId": "water-breaks-lm-1m",
        "sourceItemId": "637_68",
        "sourceFid": 17,
        "sourceFeatureId": "637_68/polygons/17",
        "sourceSha256": "40662aea9102a76b6253ccec54832b0b61542b7199b1881476d2449e69176348",
        "sourceClassification": 1,
        "heightRH2000": 0.45,
        "kind": "flattened-water-surface",
        "sourceHeightRangeRH2000": [
          0.45,
          0.45
        ],
        "clippedHeightRangeRH2000": [
          0.45,
          0.45
        ],
        "constantSourceHeight": true,
        "heightTreatment": "source-constant",
        "shoreline": {
          "lines": [
            [
              [
                687786.16,
                6370662.22,
                0.45
              ],
              [
                687788.08,
                6370662.05,
                0.45
              ],
              [
                687792.56,
                6370666.38,
                0.45
              ],
              [
                687792.48,
                6370673.46,
                0.45
              ],
              [
                687795.12,
                6370674.31,
                0.45
              ],
              [
                687795.68,
                6370674.15,
                0.45
              ],
              [
                687797.35,
                6370673.57,
                0.45
              ],
              [
                687802.65,
                6370671.56,
                0.45
              ],
              [
                687809.78,
                6370670.26,
                0.45
              ],
              [
                687815.74,
                6370670.78,
                0.45
              ],
              [
                687824.86,
                6370677.07,
                0.45
              ],
              [
                687825.48,
                6370677.76,
                0.45
              ],
              [
                687828.6,
                6370677.51,
                0.45
              ],
              [
                687837.92,
                6370687.01,
                0.45
              ],
              [
                687840.07,
                6370694.87,
                0.45
              ],
              [
                687844.36,
                6370700.22,
                0.45
              ],
              [
                687848.66,
                6370705.77,
                0.45
              ],
              [
                687852.08,
                6370708.33,
                0.45
              ],
              [
                687854.04,
                6370709.09,
                0.45
              ],
              [
                687859.52,
                6370709.99,
                0.45
              ],
              [
                687863.55,
                6370708.97,
                0.45
              ],
              [
                687868.03,
                6370704.47,
                0.45
              ],
              [
                687868.2,
                6370701.07,
                0.45
              ],
              [
                687867.8,
                6370700.15,
                0.45
              ],
              [
                687860.96,
                6370692.27,
                0.45
              ],
              [
                687858.9,
                6370690.87,
                0.45
              ],
              [
                687854.36,
                6370686.0,
                0.45
              ],
              [
                687849.05,
                6370679.4,
                0.45
              ],
              [
                687846.99,
                6370678.1,
                0.45
              ],
              [
                687842.08,
                6370673.16,
                0.45
              ],
              [
                687838.75,
                6370667.5,
                0.45
              ],
              [
                687834.28,
                6370662.38,
                0.45
              ],
              [
                687826.99,
                6370658.1,
                0.45
              ],
              [
                687816.96,
                6370649.19,
                0.45
              ],
              [
                687808.41,
                6370647.3,
                0.45
              ],
              [
                687803.71,
                6370644.39,
                0.45
              ],
              [
                687797.91,
                6370643.18,
                0.45
              ],
              [
                687797.77,
                6370640.72,
                0.45
              ],
              [
                687796.32,
                6370639.83,
                0.45
              ],
              [
                687791.32,
                6370635.42,
                0.45
              ],
              [
                687789.49,
                6370634.72,
                0.45
              ],
              [
                687781.46,
                6370636.18,
                0.45
              ],
              [
                687770.38,
                6370640.41,
                0.45
              ],
              [
                687767.37,
                6370644.39,
                0.45
              ],
              [
                687767.58,
                6370648.69,
                0.45
              ],
              [
                687766.01,
                6370654.08,
                0.45
              ],
              [
                687767.23,
                6370656.74,
                0.45
              ],
              [
                687773.63,
                6370659.1,
                0.45
              ],
              [
                687785.77,
                6370661.98,
                0.45
              ],
              [
                687786.16,
                6370662.22,
                0.45
              ]
            ]
          ],
          "coordinateOrder": [
            "easting",
            "northing",
            "heightRH2000"
          ],
          "source": "canonical-water-boundary-minus-AOI-and-source-item-rectangle-edges",
          "suppressedArtificialEdges": 0,
          "reviewStatus": "source-derived-water-boundary-not-surveyed-shore"
        },
        "waterKind": "inland-water",
        "isSea": false,
        "seaAssociation": null,
        "offshoreReferenceEpsg3006": null,
        "geometryUse": "source-derived-candidate",
        "reviewStatus": "source-topology-checked-not-field-reviewed",
        "clipBoundaryIsShore": false,
        "bathymetry": null
      },
      "geometry": {
        "type": "Polygon",
        "coordinates": [
          [
            [
              687786.16,
              6370662.22,
              0.45
            ],
            [
              687788.08,
              6370662.05,
              0.45
            ],
            [
              687792.56,
              6370666.38,
              0.45
            ],
            [
              687792.48,
              6370673.46,
              0.45
            ],
            [
              687795.12,
              6370674.31,
              0.45
            ],
            [
              687795.68,
              6370674.15,
              0.45
            ],
            [
              687797.35,
              6370673.57,
              0.45
            ],
            [
              687802.65,
              6370671.56,
              0.45
            ],
            [
              687809.78,
              6370670.26,
              0.45
            ],
            [
              687815.74,
              6370670.78,
              0.45
            ],
            [
              687824.86,
              6370677.07,
              0.45
            ],
            [
              687825.48,
              6370677.76,
              0.45
            ],
            [
              687828.6,
              6370677.51,
              0.45
            ],
            [
              687837.92,
              6370687.01,
              0.45
            ],
            [
              687840.07,
              6370694.87,
              0.45
            ],
            [
              687844.36,
              6370700.22,
              0.45
            ],
            [
              687848.66,
              6370705.77,
              0.45
            ],
            [
              687852.08,
              6370708.33,
              0.45
            ],
            [
              687854.04,
              6370709.09,
              0.45
            ],
            [
              687859.52,
              6370709.99,
              0.45
            ],
            [
              687863.55,
              6370708.97,
              0.45
            ],
            [
              687868.03,
              6370704.47,
              0.45
            ],
            [
              687868.2,
              6370701.07,
              0.45
            ],
            [
              687867.8,
              6370700.15,
              0.45
            ],
            [
              687860.96,
              6370692.27,
              0.45
            ],
            [
              687858.9,
              6370690.87,
              0.45
            ],
            [
              687854.36,
              6370686.0,
              0.45
            ],
            [
              687849.05,
              6370679.4,
              0.45
            ],
            [
              687846.99,
              6370678.1,
              0.45
            ],
            [
              687842.08,
              6370673.16,
              0.45
            ],
            [
              687838.75,
              6370667.5,
              0.45
            ],
            [
              687834.28,
              6370662.38,
              0.45
            ],
            [
              687826.99,
              6370658.1,
              0.45
            ],
            [
              687816.96,
              6370649.19,
              0.45
            ],
            [
              687808.41,
              6370647.3,
              0.45
            ],
            [
              687803.71,
              6370644.39,
              0.45
            ],
            [
              687797.91,
              6370643.18,
              0.45
            ],
            [
              687797.77,
              6370640.72,
              0.45
            ],
            [
              687796.32,
              6370639.83,
              0.45
            ],
            [
              687791.32,
              6370635.42,
              0.45
            ],
            [
              687789.49,
              6370634.72,
              0.45
            ],
            [
              687781.46,
              6370636.18,
              0.45
            ],
            [
              687770.38,
              6370640.41,
              0.45
            ],
            [
              687767.37,
              6370644.39,
              0.45
            ],
            [
              687767.58,
              6370648.69,
              0.45
            ],
            [
              687766.01,
              6370654.08,
              0.45
            ],
            [
              687767.23,
              6370656.74,
              0.45
            ],
            [
              687773.63,
              6370659.1,
              0.45
            ],
            [
              687785.77,
              6370661.98,
              0.45
            ],
            [
              687786.16,
              6370662.22,
              0.45
            ]
          ]
        ]
      }
    },
    {
      "type": "Feature",
      "id": "lm-637-68-water-18",
      "properties": {
        "sourceId": "water-breaks-lm-1m",
        "sourceItemId": "637_68",
        "sourceFid": 18,
        "sourceFeatureId": "637_68/polygons/18",
        "sourceSha256": "40662aea9102a76b6253ccec54832b0b61542b7199b1881476d2449e69176348",
        "sourceClassification": 1,
        "heightRH2000": 0.37,
        "kind": "flattened-water-surface",
        "sourceHeightRangeRH2000": [
          0.37,
          0.37
        ],
        "clippedHeightRangeRH2000": [
          0.37,
          0.37
        ],
        "constantSourceHeight": true,
        "heightTreatment": "source-constant",
        "shoreline": {
          "lines": [
            [
              [
                688329.83,
                6370730.12,
                0.37
              ],
              [
                688335.33,
                6370730.37,
                0.37
              ],
              [
                688335.75,
                6370730.18,
                0.37
              ],
              [
                688335.23,
                6370727.52,
                0.37
              ],
              [
                688333.65,
                6370724.47,
                0.37
              ],
              [
                688333.52,
                6370721.36,
                0.37
              ],
              [
                688335.82,
                6370717.27,
                0.37
              ],
              [
                688337.07,
                6370710.74,
                0.37
              ],
              [
                688337.04,
                6370703.53,
                0.37
              ],
              [
                688337.37,
                6370697.31,
                0.37
              ],
              [
                688334.59,
                6370693.04,
                0.37
              ],
              [
                688329.6,
                6370688.23,
                0.37
              ],
              [
                688326.96,
                6370686.34,
                0.37
              ],
              [
                688312.82,
                6370684.87,
                0.37
              ],
              [
                688310.03,
                6370685.69,
                0.37
              ],
              [
                688306.07,
                6370686.88,
                0.37
              ],
              [
                688301.81,
                6370689.21,
                0.37
              ],
              [
                688298.45,
                6370692.38,
                0.37
              ],
              [
                688295.09,
                6370695.63,
                0.37
              ],
              [
                688294.69,
                6370695.94,
                0.37
              ],
              [
                688293.07,
                6370697.98,
                0.37
              ],
              [
                688291.91,
                6370698.12,
                0.37
              ],
              [
                688291.05,
                6370698.8,
                0.37
              ],
              [
                688287.62,
                6370701.59,
                0.37
              ],
              [
                688284.12,
                6370703.16,
                0.37
              ],
              [
                688279.48,
                6370703.67,
                0.37
              ],
              [
                688275.38,
                6370703.72,
                0.37
              ],
              [
                688272.87,
                6370704.39,
                0.37
              ],
              [
                688270.89,
                6370706.66,
                0.37
              ],
              [
                688270.35,
                6370707.43,
                0.37
              ],
              [
                688269.56,
                6370710.08,
                0.37
              ],
              [
                688271.12,
                6370718.62,
                0.37
              ],
              [
                688273.35,
                6370720.84,
                0.37
              ],
              [
                688276.42,
                6370721.65,
                0.37
              ],
              [
                688279.62,
                6370719.92,
                0.37
              ],
              [
                688282.45,
                6370717.2,
                0.37
              ],
              [
                688286.32,
                6370716.99,
                0.37
              ],
              [
                688290.71,
                6370718.69,
                0.37
              ],
              [
                688293.21,
                6370720.68,
                0.37
              ],
              [
                688294.63,
                6370724.03,
                0.37
              ],
              [
                688296.66,
                6370727.0,
                0.37
              ],
              [
                688299.02,
                6370727.84,
                0.37
              ],
              [
                688303.62,
                6370727.5,
                0.37
              ],
              [
                688306.14,
                6370728.24,
                0.37
              ],
              [
                688308.12,
                6370728.05,
                0.37
              ],
              [
                688311.01,
                6370727.23,
                0.37
              ],
              [
                688312.61,
                6370726.4,
                0.37
              ],
              [
                688316.49,
                6370726.2,
                0.37
              ],
              [
                688321.11,
                6370727.06,
                0.37
              ],
              [
                688326.04,
                6370728.83,
                0.37
              ],
              [
                688329.83,
                6370730.12,
                0.37
              ]
            ]
          ],
          "coordinateOrder": [
            "easting",
            "northing",
            "heightRH2000"
          ],
          "source": "canonical-water-boundary-minus-AOI-and-source-item-rectangle-edges",
          "suppressedArtificialEdges": 0,
          "reviewStatus": "source-derived-water-boundary-not-surveyed-shore"
        },
        "waterKind": "inland-water",
        "isSea": false,
        "seaAssociation": null,
        "offshoreReferenceEpsg3006": null,
        "geometryUse": "source-derived-candidate",
        "reviewStatus": "source-topology-checked-not-field-reviewed",
        "clipBoundaryIsShore": false,
        "bathymetry": null
      },
      "geometry": {
        "type": "Polygon",
        "coordinates": [
          [
            [
              688329.83,
              6370730.12,
              0.37
            ],
            [
              688335.33,
              6370730.37,
              0.37
            ],
            [
              688335.75,
              6370730.18,
              0.37
            ],
            [
              688335.23,
              6370727.52,
              0.37
            ],
            [
              688333.65,
              6370724.47,
              0.37
            ],
            [
              688333.52,
              6370721.36,
              0.37
            ],
            [
              688335.82,
              6370717.27,
              0.37
            ],
            [
              688337.07,
              6370710.74,
              0.37
            ],
            [
              688337.04,
              6370703.53,
              0.37
            ],
            [
              688337.37,
              6370697.31,
              0.37
            ],
            [
              688334.59,
              6370693.04,
              0.37
            ],
            [
              688329.6,
              6370688.23,
              0.37
            ],
            [
              688326.96,
              6370686.34,
              0.37
            ],
            [
              688312.82,
              6370684.87,
              0.37
            ],
            [
              688310.03,
              6370685.69,
              0.37
            ],
            [
              688306.07,
              6370686.88,
              0.37
            ],
            [
              688301.81,
              6370689.21,
              0.37
            ],
            [
              688298.45,
              6370692.38,
              0.37
            ],
            [
              688295.09,
              6370695.63,
              0.37
            ],
            [
              688294.69,
              6370695.94,
              0.37
            ],
            [
              688293.07,
              6370697.98,
              0.37
            ],
            [
              688291.91,
              6370698.12,
              0.37
            ],
            [
              688291.05,
              6370698.8,
              0.37
            ],
            [
              688287.62,
              6370701.59,
              0.37
            ],
            [
              688284.12,
              6370703.16,
              0.37
            ],
            [
              688279.48,
              6370703.67,
              0.37
            ],
            [
              688275.38,
              6370703.72,
              0.37
            ],
            [
              688272.87,
              6370704.39,
              0.37
            ],
            [
              688270.89,
              6370706.66,
              0.37
            ],
            [
              688270.35,
              6370707.43,
              0.37
            ],
            [
              688269.56,
              6370710.08,
              0.37
            ],
            [
              688271.12,
              6370718.62,
              0.37
            ],
            [
              688273.35,
              6370720.84,
              0.37
            ],
            [
              688276.42,
              6370721.65,
              0.37
            ],
            [
              688279.62,
              6370719.92,
              0.37
            ],
            [
              688282.45,
              6370717.2,
              0.37
            ],
            [
              688286.32,
              6370716.99,
              0.37
            ],
            [
              688290.71,
              6370718.69,
              0.37
            ],
            [
              688293.21,
              6370720.68,
              0.37
            ],
            [
              688294.63,
              6370724.03,
              0.37
            ],
            [
              688296.66,
              6370727.0,
              0.37
            ],
            [
              688299.02,
              6370727.84,
              0.37
            ],
            [
              688303.62,
              6370727.5,
              0.37
            ],
            [
              688306.14,
              6370728.24,
              0.37
            ],
            [
              688308.12,
              6370728.05,
              0.37
            ],
            [
              688311.01,
              6370727.23,
              0.37
            ],
            [
              688312.61,
              6370726.4,
              0.37
            ],
            [
              688316.49,
              6370726.2,
              0.37
            ],
            [
              688321.11,
              6370727.06,
              0.37
            ],
            [
              688326.04,
              6370728.83,
              0.37
            ],
            [
              688329.83,
              6370730.12,
              0.37
            ]
          ]
        ]
      }
    },
    {
      "type": "Feature",
      "id": "lm-637-68-water-19",
      "properties": {
        "sourceId": "water-breaks-lm-1m",
        "sourceItemId": "637_68",
        "sourceFid": 19,
        "sourceFeatureId": "637_68/polygons/19",
        "sourceSha256": "40662aea9102a76b6253ccec54832b0b61542b7199b1881476d2449e69176348",
        "sourceClassification": 1,
        "heightRH2000": 0.44,
        "kind": "flattened-water-surface",
        "sourceHeightRangeRH2000": [
          0.44,
          0.44
        ],
        "clippedHeightRangeRH2000": [
          0.44,
          0.44
        ],
        "constantSourceHeight": true,
        "heightTreatment": "source-constant",
        "shoreline": {
          "lines": [
            [
              [
                688691.72,
                6371320.45,
                0.44
              ],
              [
                688685.82,
                6371308.02,
                0.44
              ],
              [
                688680.73,
                6371286.88,
                0.44
              ],
              [
                688676.26,
                6371269.68,
                0.44
              ],
              [
                688674.37,
                6371256.7,
                0.44
              ],
              [
                688669.93,
                6371237.61,
                0.44
              ],
              [
                688666.49,
                6371227.98,
                0.44
              ],
              [
                688663.53,
                6371212.57,
                0.44
              ],
              [
                688664.01,
                6371210.53,
                0.44
              ],
              [
                688665.37,
                6371208.65,
                0.44
              ],
              [
                688670.4,
                6371206.02,
                0.44
              ],
              [
                688675.42,
                6371195.97,
                0.44
              ],
              [
                688679.83,
                6371187.11,
                0.44
              ],
              [
                688682.97,
                6371180.24,
                0.44
              ],
              [
                688683.69,
                6371176.66,
                0.44
              ],
              [
                688682.5,
                6371174.26,
                0.44
              ],
              [
                688682.02,
                6371171.15,
                0.44
              ],
              [
                688683.22,
                6371162.54,
                0.44
              ],
              [
                688682.98,
                6371158.48,
                0.44
              ],
              [
                688678.92,
                6371151.78,
                0.44
              ],
              [
                688678.31,
                6371147.97,
                0.44
              ],
              [
                688679.07,
                6371144.46,
                0.44
              ],
              [
                688675.41,
                6371140.11,
                0.44
              ],
              [
                688672.86,
                6371137.29,
                0.44
              ],
              [
                688671.66,
                6371135.13,
                0.44
              ],
              [
                688671.42,
                6371133.7,
                0.44
              ],
              [
                688672.38,
                6371132.02,
                0.44
              ],
              [
                688674.3,
                6371131.3,
                0.44
              ],
              [
                688688.41,
                6371131.31,
                0.44
              ],
              [
                688689.0,
                6371130.71,
                0.44
              ],
              [
                688689.13,
                6371130.4,
                0.44
              ],
              [
                688689.13,
                6371129.7,
                0.44
              ],
              [
                688688.66,
                6371128.34,
                0.44
              ],
              [
                688688.17,
                6371127.48,
                0.44
              ],
              [
                688687.8,
                6371127.02,
                0.44
              ],
              [
                688684.63,
                6371126.23,
                0.44
              ],
              [
                688675.01,
                6371126.04,
                0.44
              ],
              [
                688672.86,
                6371123.89,
                0.44
              ],
              [
                688672.46,
                6371122.27,
                0.44
              ],
              [
                688671.02,
                6371119.26,
                0.44
              ],
              [
                688670.53,
                6371110.53,
                0.44
              ],
              [
                688669.71,
                6371103.3,
                0.44
              ],
              [
                688670.58,
                6371096.5,
                0.44
              ],
              [
                688670.45,
                6371093.95,
                0.44
              ],
              [
                688668.42,
                6371089.91,
                0.44
              ],
              [
                688668.01,
                6371087.34,
                0.44
              ],
              [
                688668.09,
                6371085.15,
                0.44
              ],
              [
                688667.14,
                6371083.7,
                0.44
              ],
              [
                688666.66,
                6371080.83,
                0.44
              ],
              [
                688665.95,
                6371077.86,
                0.44
              ],
              [
                688662.08,
                6371073.16,
                0.44
              ],
              [
                688660.1,
                6371069.17,
                0.44
              ],
              [
                688659.82,
                6371069.11,
                0.44
              ],
              [
                688659.95,
                6371068.86,
                0.44
              ],
              [
                688648.4,
                6371045.51,
                0.44
              ],
              [
                688647.54,
                6371044.93,
                0.44
              ],
              [
                688646.34,
                6371042.54,
                0.44
              ],
              [
                688645.83,
                6371040.32,
                0.44
              ],
              [
                688643.94,
                6371036.5,
                0.44
              ],
              [
                688637.1,
                6371028.14,
                0.44
              ],
              [
                688627.45,
                6370988.78,
                0.44
              ],
              [
                688628.07,
                6370983.31,
                0.44
              ],
              [
                688627.94,
                6370981.13,
                0.44
              ],
              [
                688623.03,
                6370972.69,
                0.44
              ],
              [
                688622.11,
                6370969.33,
                0.44
              ],
              [
                688621.57,
                6370967.15,
                0.44
              ],
              [
                688608.07,
                6370940.09,
                0.44
              ],
              [
                688606.98,
                6370938.27,
                0.44
              ],
              [
                688603.98,
                6370929.86,
                0.44
              ],
              [
                688604.62,
                6370927.82,
                0.44
              ],
              [
                688602.45,
                6370918.78,
                0.44
              ],
              [
                688602.83,
                6370917.02,
                0.44
              ],
              [
                688602.72,
                6370916.68,
                0.44
              ],
              [
                688602.76,
                6370913.57,
                0.44
              ],
              [
                688603.65,
                6370913.1,
                0.44
              ],
              [
                688607.05,
                6370897.06,
                0.44
              ],
              [
                688608.88,
                6370895.63,
                0.44
              ],
              [
                688610.98,
                6370890.94,
                0.44
              ],
              [
                688612.88,
                6370889.31,
                0.44
              ],
              [
                688616.48,
                6370888.88,
                0.44
              ],
              [
                688620.72,
                6370877.45,
                0.44
              ],
              [
                688622.04,
                6370872.06,
                0.44
              ],
              [
                688628.61,
                6370859.04,
                0.44
              ],
              [
                688631.9,
                6370847.96,
                0.44
              ],
              [
                688634.33,
                6370848.02,
                0.44
              ],
              [
                688634.73,
                6370847.01,
                0.44
              ],
              [
                688637.2,
                6370839.74,
                0.44
              ],
              [
                688636.99,
                6370837.01,
                0.44
              ],
              [
                688637.56,
                6370836.31,
                0.44
              ],
              [
                688635.89,
                6370831.48,
                0.44
              ],
              [
                688638.82,
                6370826.73,
                0.44
              ],
              [
                688648.67,
                6370823.75,
                0.44
              ],
              [
                688651.82,
                6370820.44,
                0.44
              ],
              [
                688653.3,
                6370817.35,
                0.44
              ],
              [
                688656.56,
                6370805.67,
                0.44
              ],
              [
                688660.16,
                6370786.58,
                0.44
              ],
              [
                688662.48,
                6370773.93,
                0.44
              ],
              [
                688663.8,
                6370764.38,
                0.44
              ],
              [
                688663.5,
                6370752.64,
                0.44
              ],
              [
                688662.45,
                6370748.79,
                0.44
              ],
              [
                688662.64,
                6370747.15,
                0.44
              ],
              [
                688660.82,
                6370736.35,
                0.44
              ],
              [
                688661.09,
                6370734.2,
                0.44
              ],
              [
                688659.04,
                6370728.55,
                0.44
              ],
              [
                688654.5,
                6370720.99,
                0.44
              ],
              [
                688642.89,
                6370713.23,
                0.44
              ],
              [
                688642.97,
                6370709.9,
                0.44
              ],
              [
                688641.34,
                6370708.34,
                0.44
              ],
              [
                688639.45,
                6370707.17,
                0.44
              ],
              [
                688636.94,
                6370707.13,
                0.44
              ],
              [
                688636.37,
                6370704.18,
                0.44
              ],
              [
                688633.94,
                6370700.49,
                0.44
              ],
              [
                688632.8,
                6370690.42,
                0.44
              ],
              [
                688632.62,
                6370689.95,
                0.44
              ],
              [
                688627.46,
                6370683.77,
                0.44
              ],
              [
                688627.59,
                6370677.44,
                0.44
              ],
              [
                688627.45,
                6370677.08,
                0.44
              ],
              [
                688626.2,
                6370675.55,
                0.44
              ],
              [
                688617.46,
                6370668.77,
                0.44
              ],
              [
                688618.91,
                6370663.2,
                0.44
              ],
              [
                688617.68,
                6370660.74,
                0.44
              ],
              [
                688615.36,
                6370654.73,
                0.44
              ],
              [
                688607.65,
                6370641.23,
                0.44
              ],
              [
                688605.65,
                6370637.58,
                0.44
              ],
              [
                688602.09,
                6370633.14,
                0.44
              ],
              [
                688601.03,
                6370629.27,
                0.44
              ],
              [
                688601.03,
                6370628.95,
                0.44
              ],
              [
                688599.72,
                6370626.05,
                0.44
              ],
              [
                688596.88,
                6370623.15,
                0.44
              ],
              [
                688596.85,
                6370616.66,
                0.44
              ],
              [
                688576.54,
                6370631.98,
                0.44
              ],
              [
                688578.31,
                6370635.15,
                0.44
              ],
              [
                688581.02,
                6370637.94,
                0.44
              ],
              [
                688587.85,
                6370644.07,
                0.44
              ],
              [
                688589.97,
                6370649.86,
                0.44
              ],
              [
                688590.3,
                6370651.07,
                0.44
              ],
              [
                688592.45,
                6370652.59,
                0.44
              ],
              [
                688597.56,
                6370666.37,
                0.44
              ],
              [
                688596.24,
                6370672.65,
                0.44
              ],
              [
                688596.59,
                6370673.92,
                0.44
              ],
              [
                688596.94,
                6370675.36,
                0.44
              ],
              [
                688597.6,
                6370678.34,
                0.44
              ],
              [
                688598.56,
                6370679.44,
                0.44
              ],
              [
                688607.56,
                6370686.38,
                0.44
              ],
              [
                688607.41,
                6370687.89,
                0.44
              ],
              [
                688607.99,
                6370688.68,
                0.44
              ],
              [
                688612.19,
                6370694.84,
                0.44
              ],
              [
                688614.5,
                6370701.33,
                0.44
              ],
              [
                688615.36,
                6370702.57,
                0.44
              ],
              [
                688621.24,
                6370706.71,
                0.44
              ],
              [
                688623.98,
                6370707.43,
                0.44
              ],
              [
                688631.16,
                6370723.83,
                0.44
              ],
              [
                688632.05,
                6370732.55,
                0.44
              ],
              [
                688633.84,
                6370757.72,
                0.44
              ],
              [
                688632.97,
                6370773.14,
                0.44
              ],
              [
                688633.52,
                6370775.05,
                0.44
              ],
              [
                688632.73,
                6370777.44,
                0.44
              ],
              [
                688632.68,
                6370778.33,
                0.44
              ],
              [
                688632.19,
                6370779.07,
                0.44
              ],
              [
                688627.29,
                6370793.97,
                0.44
              ],
              [
                688626.69,
                6370797.15,
                0.44
              ],
              [
                688623.85,
                6370812.9,
                0.44
              ],
              [
                688623.52,
                6370813.67,
                0.44
              ],
              [
                688622.97,
                6370818.09,
                0.44
              ],
              [
                688619.94,
                6370821.82,
                0.44
              ],
              [
                688619.88,
                6370821.96,
                0.44
              ],
              [
                688615.97,
                6370827.89,
                0.44
              ],
              [
                688614.72,
                6370832.18,
                0.44
              ],
              [
                688614.7,
                6370832.21,
                0.44
              ],
              [
                688609.59,
                6370850.03,
                0.44
              ],
              [
                688608.68,
                6370854.59,
                0.44
              ],
              [
                688607.55,
                6370857.16,
                0.44
              ],
              [
                688602.98,
                6370873.1,
                0.44
              ],
              [
                688596.44,
                6370881.1,
                0.44
              ],
              [
                688591.41,
                6370891.12,
                0.44
              ],
              [
                688587.98,
                6370903.1,
                0.44
              ],
              [
                688583.63,
                6370908.48,
                0.44
              ],
              [
                688581.56,
                6370914.63,
                0.44
              ],
              [
                688581.09,
                6370919.67,
                0.44
              ],
              [
                688581.33,
                6370922.56,
                0.44
              ],
              [
                688588.98,
                6370940.97,
                0.44
              ],
              [
                688589.09,
                6370942.11,
                0.44
              ],
              [
                688590.17,
                6370943.65,
                0.44
              ],
              [
                688591.26,
                6370951.32,
                0.44
              ],
              [
                688590.48,
                6370956.09,
                0.44
              ],
              [
                688591.75,
                6370961.3,
                0.44
              ],
              [
                688592.33,
                6370964.85,
                0.44
              ],
              [
                688595.61,
                6370968.1,
                0.44
              ],
              [
                688601.77,
                6370967.65,
                0.44
              ],
              [
                688600.2,
                6370964.04,
                0.44
              ],
              [
                688601.9,
                6370962.02,
                0.44
              ],
              [
                688606.6,
                6370964.53,
                0.44
              ],
              [
                688608.38,
                6370970.15,
                0.44
              ],
              [
                688609.23,
                6370973.26,
                0.44
              ],
              [
                688612.91,
                6370977.02,
                0.44
              ],
              [
                688615.04,
                6370999.68,
                0.44
              ],
              [
                688617.19,
                6371005.43,
                0.44
              ],
              [
                688617.82,
                6371006.41,
                0.44
              ],
              [
                688617.11,
                6371010.59,
                0.44
              ],
              [
                688615.3,
                6371016.69,
                0.44
              ],
              [
                688614.66,
                6371021.28,
                0.44
              ],
              [
                688614.99,
                6371025.8,
                0.44
              ],
              [
                688615.41,
                6371032.8,
                0.44
              ],
              [
                688617.41,
                6371040.7,
                0.44
              ],
              [
                688623.69,
                6371049.98,
                0.44
              ],
              [
                688629.53,
                6371058.81,
                0.44
              ],
              [
                688636.25,
                6371069.45,
                0.44
              ],
              [
                688640.26,
                6371082.33,
                0.44
              ],
              [
                688645.18,
                6371092.73,
                0.44
              ],
              [
                688648.35,
                6371097.6,
                0.44
              ],
              [
                688649.23,
                6371103.72,
                0.44
              ],
              [
                688651.06,
                6371110.77,
                0.44
              ],
              [
                688651.07,
                6371114.85,
                0.44
              ],
              [
                688649.9,
                6371117.36,
                0.44
              ],
              [
                688651.16,
                6371123.75,
                0.44
              ],
              [
                688653.84,
                6371129.63,
                0.44
              ],
              [
                688656.76,
                6371135.29,
                0.44
              ],
              [
                688658.75,
                6371144.1,
                0.44
              ],
              [
                688660.52,
                6371153.59,
                0.44
              ],
              [
                688660.03,
                6371162.39,
                0.44
              ],
              [
                688658.27,
                6371176.13,
                0.44
              ],
              [
                688656.96,
                6371179.69,
                0.44
              ],
              [
                688655.0,
                6371184.23,
                0.44
              ],
              [
                688653.85,
                6371198.56,
                0.44
              ],
              [
                688653.5,
                6371202.38,
                0.44
              ],
              [
                688651.77,
                6371207.17,
                0.44
              ],
              [
                688649.26,
                6371213.28,
                0.44
              ],
              [
                688651.95,
                6371227.57,
                0.44
              ],
              [
                688653.45,
                6371227.65,
                0.44
              ],
              [
                688654.84,
                6371226.26,
                0.44
              ],
              [
                688654.77,
                6371225.67,
                0.44
              ],
              [
                688653.92,
                6371220.88,
                0.44
              ],
              [
                688653.61,
                6371217.1,
                0.44
              ],
              [
                688654.09,
                6371212.3,
                0.44
              ],
              [
                688653.9,
                6371211.34,
                0.44
              ],
              [
                688655.49,
                6371208.86,
                0.44
              ],
              [
                688655.21,
                6371206.1,
                0.44
              ],
              [
                688655.76,
                6371202.4,
                0.44
              ],
              [
                688657.31,
                6371200.1,
                0.44
              ],
              [
                688658.68,
                6371200.43,
                0.44
              ],
              [
                688657.83,
                6371208.58,
                0.44
              ],
              [
                688657.61,
                6371210.4,
                0.44
              ],
              [
                688658.45,
                6371213.88,
                0.44
              ],
              [
                688664.52,
                6371236.77,
                0.44
              ],
              [
                688667.94,
                6371247.0,
                0.44
              ],
              [
                688669.08,
                6371256.41,
                0.44
              ],
              [
                688673.38,
                6371278.44,
                0.44
              ],
              [
                688675.44,
                6371291.33,
                0.44
              ],
              [
                688677.27,
                6371298.18,
                0.44
              ],
              [
                688679.93,
                6371303.49,
                0.44
              ],
              [
                688682.65,
                6371308.03,
                0.44
              ],
              [
                688683.07,
                6371308.02,
                0.44
              ],
              [
                688683.41,
                6371309.57,
                0.44
              ],
              [
                688684.16,
                6371312.32,
                0.44
              ],
              [
                688685.7,
                6371318.47,
                0.44
              ],
              [
                688685.37,
                6371318.59,
                0.44
              ],
              [
                688686.22,
                6371322.51,
                0.44
              ],
              [
                688689.02,
                6371323.23,
                0.44
              ],
              [
                688691.37,
                6371321.48,
                0.44
              ],
              [
                688691.72,
                6371320.45,
                0.44
              ]
            ],
            [
              [
                688668.32,
                6371183.12,
                0.44
              ],
              [
                688665.62,
                6371180.85,
                0.44
              ],
              [
                688664.96,
                6371176.11,
                0.44
              ],
              [
                688667.49,
                6371163.93,
                0.44
              ],
              [
                688671.35,
                6371159.66,
                0.44
              ],
              [
                688673.82,
                6371163.05,
                0.44
              ],
              [
                688673.35,
                6371166.66,
                0.44
              ],
              [
                688671.08,
                6371169.59,
                0.44
              ],
              [
                688669.94,
                6371173.87,
                0.44
              ],
              [
                688669.92,
                6371177.03,
                0.44
              ],
              [
                688670.58,
                6371181.32,
                0.44
              ],
              [
                688668.32,
                6371183.12,
                0.44
              ]
            ]
          ],
          "coordinateOrder": [
            "easting",
            "northing",
            "heightRH2000"
          ],
          "source": "canonical-water-boundary-minus-AOI-and-source-item-rectangle-edges",
          "suppressedArtificialEdges": 0,
          "reviewStatus": "source-derived-water-boundary-not-surveyed-shore"
        },
        "waterKind": "inland-water",
        "isSea": false,
        "seaAssociation": null,
        "offshoreReferenceEpsg3006": null,
        "geometryUse": "source-derived-candidate",
        "reviewStatus": "source-topology-checked-not-field-reviewed",
        "clipBoundaryIsShore": false,
        "bathymetry": null
      },
      "geometry": {
        "type": "Polygon",
        "coordinates": [
          [
            [
              688691.72,
              6371320.45,
              0.44
            ],
            [
              688685.82,
              6371308.02,
              0.44
            ],
            [
              688680.73,
              6371286.88,
              0.44
            ],
            [
              688676.26,
              6371269.68,
              0.44
            ],
            [
              688674.37,
              6371256.7,
              0.44
            ],
            [
              688669.93,
              6371237.61,
              0.44
            ],
            [
              688666.49,
              6371227.98,
              0.44
            ],
            [
              688663.53,
              6371212.57,
              0.44
            ],
            [
              688664.01,
              6371210.53,
              0.44
            ],
            [
              688665.37,
              6371208.65,
              0.44
            ],
            [
              688670.4,
              6371206.02,
              0.44
            ],
            [
              688675.42,
              6371195.97,
              0.44
            ],
            [
              688679.83,
              6371187.11,
              0.44
            ],
            [
              688682.97,
              6371180.24,
              0.44
            ],
            [
              688683.69,
              6371176.66,
              0.44
            ],
            [
              688682.5,
              6371174.26,
              0.44
            ],
            [
              688682.02,
              6371171.15,
              0.44
            ],
            [
              688683.22,
              6371162.54,
              0.44
            ],
            [
              688682.98,
              6371158.48,
              0.44
            ],
            [
              688678.92,
              6371151.78,
              0.44
            ],
            [
              688678.31,
              6371147.97,
              0.44
            ],
            [
              688679.07,
              6371144.46,
              0.44
            ],
            [
              688675.41,
              6371140.11,
              0.44
            ],
            [
              688672.86,
              6371137.29,
              0.44
            ],
            [
              688671.66,
              6371135.13,
              0.44
            ],
            [
              688671.42,
              6371133.7,
              0.44
            ],
            [
              688672.38,
              6371132.02,
              0.44
            ],
            [
              688674.3,
              6371131.3,
              0.44
            ],
            [
              688688.41,
              6371131.31,
              0.44
            ],
            [
              688689.0,
              6371130.71,
              0.44
            ],
            [
              688689.13,
              6371130.4,
              0.44
            ],
            [
              688689.13,
              6371129.7,
              0.44
            ],
            [
              688688.66,
              6371128.34,
              0.44
            ],
            [
              688688.17,
              6371127.48,
              0.44
            ],
            [
              688687.8,
              6371127.02,
              0.44
            ],
            [
              688684.63,
              6371126.23,
              0.44
            ],
            [
              688675.01,
              6371126.04,
              0.44
            ],
            [
              688672.86,
              6371123.89,
              0.44
            ],
            [
              688672.46,
              6371122.27,
              0.44
            ],
            [
              688671.02,
              6371119.26,
              0.44
            ],
            [
              688670.53,
              6371110.53,
              0.44
            ],
            [
              688669.71,
              6371103.3,
              0.44
            ],
            [
              688670.58,
              6371096.5,
              0.44
            ],
            [
              688670.45,
              6371093.95,
              0.44
            ],
            [
              688668.42,
              6371089.91,
              0.44
            ],
            [
              688668.01,
              6371087.34,
              0.44
            ],
            [
              688668.09,
              6371085.15,
              0.44
            ],
            [
              688667.14,
              6371083.7,
              0.44
            ],
            [
              688666.66,
              6371080.83,
              0.44
            ],
            [
              688665.95,
              6371077.86,
              0.44
            ],
            [
              688662.08,
              6371073.16,
              0.44
            ],
            [
              688660.1,
              6371069.17,
              0.44
            ],
            [
              688659.82,
              6371069.11,
              0.44
            ],
            [
              688659.95,
              6371068.86,
              0.44
            ],
            [
              688648.4,
              6371045.51,
              0.44
            ],
            [
              688647.54,
              6371044.93,
              0.44
            ],
            [
              688646.34,
              6371042.54,
              0.44
            ],
            [
              688645.83,
              6371040.32,
              0.44
            ],
            [
              688643.94,
              6371036.5,
              0.44
            ],
            [
              688637.1,
              6371028.14,
              0.44
            ],
            [
              688627.45,
              6370988.78,
              0.44
            ],
            [
              688628.07,
              6370983.31,
              0.44
            ],
            [
              688627.94,
              6370981.13,
              0.44
            ],
            [
              688623.03,
              6370972.69,
              0.44
            ],
            [
              688622.11,
              6370969.33,
              0.44
            ],
            [
              688621.57,
              6370967.15,
              0.44
            ],
            [
              688608.07,
              6370940.09,
              0.44
            ],
            [
              688606.98,
              6370938.27,
              0.44
            ],
            [
              688603.98,
              6370929.86,
              0.44
            ],
            [
              688604.62,
              6370927.82,
              0.44
            ],
            [
              688602.45,
              6370918.78,
              0.44
            ],
            [
              688602.83,
              6370917.02,
              0.44
            ],
            [
              688602.72,
              6370916.68,
              0.44
            ],
            [
              688602.76,
              6370913.57,
              0.44
            ],
            [
              688603.65,
              6370913.1,
              0.44
            ],
            [
              688607.05,
              6370897.06,
              0.44
            ],
            [
              688608.88,
              6370895.63,
              0.44
            ],
            [
              688610.98,
              6370890.94,
              0.44
            ],
            [
              688612.88,
              6370889.31,
              0.44
            ],
            [
              688616.48,
              6370888.88,
              0.44
            ],
            [
              688620.72,
              6370877.45,
              0.44
            ],
            [
              688622.04,
              6370872.06,
              0.44
            ],
            [
              688628.61,
              6370859.04,
              0.44
            ],
            [
              688631.9,
              6370847.96,
              0.44
            ],
            [
              688634.33,
              6370848.02,
              0.44
            ],
            [
              688634.73,
              6370847.01,
              0.44
            ],
            [
              688637.2,
              6370839.74,
              0.44
            ],
            [
              688636.99,
              6370837.01,
              0.44
            ],
            [
              688637.56,
              6370836.31,
              0.44
            ],
            [
              688635.89,
              6370831.48,
              0.44
            ],
            [
              688638.82,
              6370826.73,
              0.44
            ],
            [
              688648.67,
              6370823.75,
              0.44
            ],
            [
              688651.82,
              6370820.44,
              0.44
            ],
            [
              688653.3,
              6370817.35,
              0.44
            ],
            [
              688656.56,
              6370805.67,
              0.44
            ],
            [
              688660.16,
              6370786.58,
              0.44
            ],
            [
              688662.48,
              6370773.93,
              0.44
            ],
            [
              688663.8,
              6370764.38,
              0.44
            ],
            [
              688663.5,
              6370752.64,
              0.44
            ],
            [
              688662.45,
              6370748.79,
              0.44
            ],
            [
              688662.64,
              6370747.15,
              0.44
            ],
            [
              688660.82,
              6370736.35,
              0.44
            ],
            [
              688661.09,
              6370734.2,
              0.44
            ],
            [
              688659.04,
              6370728.55,
              0.44
            ],
            [
              688654.5,
              6370720.99,
              0.44
            ],
            [
              688642.89,
              6370713.23,
              0.44
            ],
            [
              688642.97,
              6370709.9,
              0.44
            ],
            [
              688641.34,
              6370708.34,
              0.44
            ],
            [
              688639.45,
              6370707.17,
              0.44
            ],
            [
              688636.94,
              6370707.13,
              0.44
            ],
            [
              688636.37,
              6370704.18,
              0.44
            ],
            [
              688633.94,
              6370700.49,
              0.44
            ],
            [
              688632.8,
              6370690.42,
              0.44
            ],
            [
              688632.62,
              6370689.95,
              0.44
            ],
            [
              688627.46,
              6370683.77,
              0.44
            ],
            [
              688627.59,
              6370677.44,
              0.44
            ],
            [
              688627.45,
              6370677.08,
              0.44
            ],
            [
              688626.2,
              6370675.55,
              0.44
            ],
            [
              688617.46,
              6370668.77,
              0.44
            ],
            [
              688618.91,
              6370663.2,
              0.44
            ],
            [
              688617.68,
              6370660.74,
              0.44
            ],
            [
              688615.36,
              6370654.73,
              0.44
            ],
            [
              688607.65,
              6370641.23,
              0.44
            ],
            [
              688605.65,
              6370637.58,
              0.44
            ],
            [
              688602.09,
              6370633.14,
              0.44
            ],
            [
              688601.03,
              6370629.27,
              0.44
            ],
            [
              688601.03,
              6370628.95,
              0.44
            ],
            [
              688599.72,
              6370626.05,
              0.44
            ],
            [
              688596.88,
              6370623.15,
              0.44
            ],
            [
              688596.85,
              6370616.66,
              0.44
            ],
            [
              688576.54,
              6370631.98,
              0.44
            ],
            [
              688578.31,
              6370635.15,
              0.44
            ],
            [
              688581.02,
              6370637.94,
              0.44
            ],
            [
              688587.85,
              6370644.07,
              0.44
            ],
            [
              688589.97,
              6370649.86,
              0.44
            ],
            [
              688590.3,
              6370651.07,
              0.44
            ],
            [
              688592.45,
              6370652.59,
              0.44
            ],
            [
              688597.56,
              6370666.37,
              0.44
            ],
            [
              688596.24,
              6370672.65,
              0.44
            ],
            [
              688596.59,
              6370673.92,
              0.44
            ],
            [
              688596.94,
              6370675.36,
              0.44
            ],
            [
              688597.6,
              6370678.34,
              0.44
            ],
            [
              688598.56,
              6370679.44,
              0.44
            ],
            [
              688607.56,
              6370686.38,
              0.44
            ],
            [
              688607.41,
              6370687.89,
              0.44
            ],
            [
              688607.99,
              6370688.68,
              0.44
            ],
            [
              688612.19,
              6370694.84,
              0.44
            ],
            [
              688614.5,
              6370701.33,
              0.44
            ],
            [
              688615.36,
              6370702.57,
              0.44
            ],
            [
              688621.24,
              6370706.71,
              0.44
            ],
            [
              688623.98,
              6370707.43,
              0.44
            ],
            [
              688631.16,
              6370723.83,
              0.44
            ],
            [
              688632.05,
              6370732.55,
              0.44
            ],
            [
              688633.84,
              6370757.72,
              0.44
            ],
            [
              688632.97,
              6370773.14,
              0.44
            ],
            [
              688633.52,
              6370775.05,
              0.44
            ],
            [
              688632.73,
              6370777.44,
              0.44
            ],
            [
              688632.68,
              6370778.33,
              0.44
            ],
            [
              688632.19,
              6370779.07,
              0.44
            ],
            [
              688627.29,
              6370793.97,
              0.44
            ],
            [
              688626.69,
              6370797.15,
              0.44
            ],
            [
              688623.85,
              6370812.9,
              0.44
            ],
            [
              688623.52,
              6370813.67,
              0.44
            ],
            [
              688622.97,
              6370818.09,
              0.44
            ],
            [
              688619.94,
              6370821.82,
              0.44
            ],
            [
              688619.88,
              6370821.96,
              0.44
            ],
            [
              688615.97,
              6370827.89,
              0.44
            ],
            [
              688614.72,
              6370832.18,
              0.44
            ],
            [
              688614.7,
              6370832.21,
              0.44
            ],
            [
              688609.59,
              6370850.03,
              0.44
            ],
            [
              688608.68,
              6370854.59,
              0.44
            ],
            [
              688607.55,
              6370857.16,
              0.44
            ],
            [
              688602.98,
              6370873.1,
              0.44
            ],
            [
              688596.44,
              6370881.1,
              0.44
            ],
            [
              688591.41,
              6370891.12,
              0.44
            ],
            [
              688587.98,
              6370903.1,
              0.44
            ],
            [
              688583.63,
              6370908.48,
              0.44
            ],
            [
              688581.56,
              6370914.63,
              0.44
            ],
            [
              688581.09,
              6370919.67,
              0.44
            ],
            [
              688581.33,
              6370922.56,
              0.44
            ],
            [
              688588.98,
              6370940.97,
              0.44
            ],
            [
              688589.09,
              6370942.11,
              0.44
            ],
            [
              688590.17,
              6370943.65,
              0.44
            ],
            [
              688591.26,
              6370951.32,
              0.44
            ],
            [
              688590.48,
              6370956.09,
              0.44
            ],
            [
              688591.75,
              6370961.3,
              0.44
            ],
            [
              688592.33,
              6370964.85,
              0.44
            ],
            [
              688595.61,
              6370968.1,
              0.44
            ],
            [
              688601.77,
              6370967.65,
              0.44
            ],
            [
              688600.2,
              6370964.04,
              0.44
            ],
            [
              688601.9,
              6370962.02,
              0.44
            ],
            [
              688606.6,
              6370964.53,
              0.44
            ],
            [
              688608.38,
              6370970.15,
              0.44
            ],
            [
              688609.23,
              6370973.26,
              0.44
            ],
            [
              688612.91,
              6370977.02,
              0.44
            ],
            [
              688615.04,
              6370999.68,
              0.44
            ],
            [
              688617.19,
              6371005.43,
              0.44
            ],
            [
              688617.82,
              6371006.41,
              0.44
            ],
            [
              688617.11,
              6371010.59,
              0.44
            ],
            [
              688615.3,
              6371016.69,
              0.44
            ],
            [
              688614.66,
              6371021.28,
              0.44
            ],
            [
              688614.99,
              6371025.8,
              0.44
            ],
            [
              688615.41,
              6371032.8,
              0.44
            ],
            [
              688617.41,
              6371040.7,
              0.44
            ],
            [
              688623.69,
              6371049.98,
              0.44
            ],
            [
              688629.53,
              6371058.81,
              0.44
            ],
            [
              688636.25,
              6371069.45,
              0.44
            ],
            [
              688640.26,
              6371082.33,
              0.44
            ],
            [
              688645.18,
              6371092.73,
              0.44
            ],
            [
              688648.35,
              6371097.6,
              0.44
            ],
            [
              688649.23,
              6371103.72,
              0.44
            ],
            [
              688651.06,
              6371110.77,
              0.44
            ],
            [
              688651.07,
              6371114.85,
              0.44
            ],
            [
              688649.9,
              6371117.36,
              0.44
            ],
            [
              688651.16,
              6371123.75,
              0.44
            ],
            [
              688653.84,
              6371129.63,
              0.44
            ],
            [
              688656.76,
              6371135.29,
              0.44
            ],
            [
              688658.75,
              6371144.1,
              0.44
            ],
            [
              688660.52,
              6371153.59,
              0.44
            ],
            [
              688660.03,
              6371162.39,
              0.44
            ],
            [
              688658.27,
              6371176.13,
              0.44
            ],
            [
              688656.96,
              6371179.69,
              0.44
            ],
            [
              688655.0,
              6371184.23,
              0.44
            ],
            [
              688653.85,
              6371198.56,
              0.44
            ],
            [
              688653.5,
              6371202.38,
              0.44
            ],
            [
              688651.77,
              6371207.17,
              0.44
            ],
            [
              688649.26,
              6371213.28,
              0.44
            ],
            [
              688651.95,
              6371227.57,
              0.44
            ],
            [
              688653.45,
              6371227.65,
              0.44
            ],
            [
              688654.84,
              6371226.26,
              0.44
            ],
            [
              688654.77,
              6371225.67,
              0.44
            ],
            [
              688653.92,
              6371220.88,
              0.44
            ],
            [
              688653.61,
              6371217.1,
              0.44
            ],
            [
              688654.09,
              6371212.3,
              0.44
            ],
            [
              688653.9,
              6371211.34,
              0.44
            ],
            [
              688655.49,
              6371208.86,
              0.44
            ],
            [
              688655.21,
              6371206.1,
              0.44
            ],
            [
              688655.76,
              6371202.4,
              0.44
            ],
            [
              688657.31,
              6371200.1,
              0.44
            ],
            [
              688658.68,
              6371200.43,
              0.44
            ],
            [
              688657.83,
              6371208.58,
              0.44
            ],
            [
              688657.61,
              6371210.4,
              0.44
            ],
            [
              688658.45,
              6371213.88,
              0.44
            ],
            [
              688664.52,
              6371236.77,
              0.44
            ],
            [
              688667.94,
              6371247.0,
              0.44
            ],
            [
              688669.08,
              6371256.41,
              0.44
            ],
            [
              688673.38,
              6371278.44,
              0.44
            ],
            [
              688675.44,
              6371291.33,
              0.44
            ],
            [
              688677.27,
              6371298.18,
              0.44
            ],
            [
              688679.93,
              6371303.49,
              0.44
            ],
            [
              688682.65,
              6371308.03,
              0.44
            ],
            [
              688683.07,
              6371308.02,
              0.44
            ],
            [
              688683.41,
              6371309.57,
              0.44
            ],
            [
              688684.16,
              6371312.32,
              0.44
            ],
            [
              688685.7,
              6371318.47,
              0.44
            ],
            [
              688685.37,
              6371318.59,
              0.44
            ],
            [
              688686.22,
              6371322.51,
              0.44
            ],
            [
              688689.02,
              6371323.23,
              0.44
            ],
            [
              688691.37,
              6371321.48,
              0.44
            ],
            [
              688691.72,
              6371320.45,
              0.44
            ]
          ],
          [
            [
              688668.32,
              6371183.12,
              0.44
            ],
            [
              688665.62,
              6371180.85,
              0.44
            ],
            [
              688664.96,
              6371176.11,
              0.44
            ],
            [
              688667.49,
              6371163.93,
              0.44
            ],
            [
              688671.35,
              6371159.66,
              0.44
            ],
            [
              688673.82,
              6371163.05,
              0.44
            ],
            [
              688673.35,
              6371166.66,
              0.44
            ],
            [
              688671.08,
              6371169.59,
              0.44
            ],
            [
              688669.94,
              6371173.87,
              0.44
            ],
            [
              688669.92,
              6371177.03,
              0.44
            ],
            [
              688670.58,
              6371181.32,
              0.44
            ],
            [
              688668.32,
              6371183.12,
              0.44
            ]
          ]
        ]
      }
    },
    {
      "type": "Feature",
      "id": "lm-637-68-water-20",
      "properties": {
        "sourceId": "water-breaks-lm-1m",
        "sourceItemId": "637_68",
        "sourceFid": 20,
        "sourceFeatureId": "637_68/polygons/20",
        "sourceSha256": "40662aea9102a76b6253ccec54832b0b61542b7199b1881476d2449e69176348",
        "sourceClassification": 1,
        "heightRH2000": 0.63,
        "kind": "flattened-water-surface",
        "sourceHeightRangeRH2000": [
          0.63,
          0.63
        ],
        "clippedHeightRangeRH2000": [
          0.63,
          0.63
        ],
        "constantSourceHeight": true,
        "heightTreatment": "source-constant",
        "shoreline": {
          "lines": [
            [
              [
                688677.63,
                6371308.08,
                0.63
              ],
              [
                688674.55,
                6371298.3,
                0.63
              ],
              [
                688672.96,
                6371290.23,
                0.63
              ],
              [
                688669.04,
                6371271.03,
                0.63
              ],
              [
                688667.67,
                6371267.28,
                0.63
              ],
              [
                688665.89,
                6371274.37,
                0.63
              ],
              [
                688667.44,
                6371280.84,
                0.63
              ],
              [
                688668.98,
                6371285.95,
                0.63
              ],
              [
                688670.89,
                6371301.87,
                0.63
              ],
              [
                688672.34,
                6371304.86,
                0.63
              ],
              [
                688675.61,
                6371308.1,
                0.63
              ],
              [
                688677.63,
                6371308.08,
                0.63
              ]
            ]
          ],
          "coordinateOrder": [
            "easting",
            "northing",
            "heightRH2000"
          ],
          "source": "canonical-water-boundary-minus-AOI-and-source-item-rectangle-edges",
          "suppressedArtificialEdges": 0,
          "reviewStatus": "source-derived-water-boundary-not-surveyed-shore"
        },
        "waterKind": "inland-water",
        "isSea": false,
        "seaAssociation": null,
        "offshoreReferenceEpsg3006": null,
        "geometryUse": "source-derived-candidate",
        "reviewStatus": "source-topology-checked-not-field-reviewed",
        "clipBoundaryIsShore": false,
        "bathymetry": null
      },
      "geometry": {
        "type": "Polygon",
        "coordinates": [
          [
            [
              688677.63,
              6371308.08,
              0.63
            ],
            [
              688674.55,
              6371298.3,
              0.63
            ],
            [
              688672.96,
              6371290.23,
              0.63
            ],
            [
              688669.04,
              6371271.03,
              0.63
            ],
            [
              688667.67,
              6371267.28,
              0.63
            ],
            [
              688665.89,
              6371274.37,
              0.63
            ],
            [
              688667.44,
              6371280.84,
              0.63
            ],
            [
              688668.98,
              6371285.95,
              0.63
            ],
            [
              688670.89,
              6371301.87,
              0.63
            ],
            [
              688672.34,
              6371304.86,
              0.63
            ],
            [
              688675.61,
              6371308.1,
              0.63
            ],
            [
              688677.63,
              6371308.08,
              0.63
            ]
          ]
        ]
      }
    },
    {
      "type": "Feature",
      "id": "lm-637-68-water-21",
      "properties": {
        "sourceId": "water-breaks-lm-1m",
        "sourceItemId": "637_68",
        "sourceFid": 21,
        "sourceFeatureId": "637_68/polygons/21",
        "sourceSha256": "40662aea9102a76b6253ccec54832b0b61542b7199b1881476d2449e69176348",
        "sourceClassification": 1,
        "heightRH2000": 0.54,
        "kind": "flattened-water-surface",
        "sourceHeightRangeRH2000": [
          0.54,
          0.54
        ],
        "clippedHeightRangeRH2000": [
          0.54,
          0.54
        ],
        "constantSourceHeight": true,
        "heightTreatment": "source-constant",
        "shoreline": {
          "lines": [
            [
              [
                688135.58,
                6371352.61,
                0.54
              ],
              [
                688137.3,
                6371356.39,
                0.54
              ],
              [
                688140.62,
                6371357.88,
                0.54
              ],
              [
                688151.68,
                6371355.48,
                0.54
              ],
              [
                688158.22,
                6371352.22,
                0.54
              ],
              [
                688164.49,
                6371347.56,
                0.54
              ],
              [
                688168.4,
                6371345.07,
                0.54
              ],
              [
                688188.56,
                6371324.03,
                0.54
              ],
              [
                688191.18,
                6371311.26,
                0.54
              ],
              [
                688190.92,
                6371309.43,
                0.54
              ],
              [
                688191.86,
                6371307.97,
                0.54
              ],
              [
                688192.05,
                6371307.06,
                0.54
              ],
              [
                688192.85,
                6371306.43,
                0.54
              ],
              [
                688193.25,
                6371305.81,
                0.54
              ],
              [
                688197.72,
                6371301.98,
                0.54
              ],
              [
                688199.24,
                6371301.37,
                0.54
              ],
              [
                688208.54,
                6371294.02,
                0.54
              ],
              [
                688208.26,
                6371287.92,
                0.54
              ],
              [
                688207.72,
                6371287.09,
                0.54
              ],
              [
                688203.85,
                6371286.57,
                0.54
              ],
              [
                688202.48,
                6371286.95,
                0.54
              ],
              [
                688198.05,
                6371289.91,
                0.54
              ],
              [
                688192.68,
                6371294.57,
                0.54
              ],
              [
                688185.11,
                6371299.03,
                0.54
              ],
              [
                688177.42,
                6371299.26,
                0.54
              ],
              [
                688171.69,
                6371300.91,
                0.54
              ],
              [
                688168.91,
                6371301.66,
                0.54
              ],
              [
                688160.18,
                6371307.53,
                0.54
              ],
              [
                688157.74,
                6371310.07,
                0.54
              ],
              [
                688151.07,
                6371321.49,
                0.54
              ],
              [
                688149.26,
                6371324.54,
                0.54
              ],
              [
                688147.72,
                6371328.25,
                0.54
              ],
              [
                688142.67,
                6371334.37,
                0.54
              ],
              [
                688135.86,
                6371343.5,
                0.54
              ],
              [
                688134.99,
                6371348.25,
                0.54
              ],
              [
                688135.58,
                6371352.61,
                0.54
              ]
            ]
          ],
          "coordinateOrder": [
            "easting",
            "northing",
            "heightRH2000"
          ],
          "source": "canonical-water-boundary-minus-AOI-and-source-item-rectangle-edges",
          "suppressedArtificialEdges": 0,
          "reviewStatus": "source-derived-water-boundary-not-surveyed-shore"
        },
        "waterKind": "inland-water",
        "isSea": false,
        "seaAssociation": null,
        "offshoreReferenceEpsg3006": null,
        "geometryUse": "source-derived-candidate",
        "reviewStatus": "source-topology-checked-not-field-reviewed",
        "clipBoundaryIsShore": false,
        "bathymetry": null
      },
      "geometry": {
        "type": "Polygon",
        "coordinates": [
          [
            [
              688135.58,
              6371352.61,
              0.54
            ],
            [
              688137.3,
              6371356.39,
              0.54
            ],
            [
              688140.62,
              6371357.88,
              0.54
            ],
            [
              688151.68,
              6371355.48,
              0.54
            ],
            [
              688158.22,
              6371352.22,
              0.54
            ],
            [
              688164.49,
              6371347.56,
              0.54
            ],
            [
              688168.4,
              6371345.07,
              0.54
            ],
            [
              688188.56,
              6371324.03,
              0.54
            ],
            [
              688191.18,
              6371311.26,
              0.54
            ],
            [
              688190.92,
              6371309.43,
              0.54
            ],
            [
              688191.86,
              6371307.97,
              0.54
            ],
            [
              688192.05,
              6371307.06,
              0.54
            ],
            [
              688192.85,
              6371306.43,
              0.54
            ],
            [
              688193.25,
              6371305.81,
              0.54
            ],
            [
              688197.72,
              6371301.98,
              0.54
            ],
            [
              688199.24,
              6371301.37,
              0.54
            ],
            [
              688208.54,
              6371294.02,
              0.54
            ],
            [
              688208.26,
              6371287.92,
              0.54
            ],
            [
              688207.72,
              6371287.09,
              0.54
            ],
            [
              688203.85,
              6371286.57,
              0.54
            ],
            [
              688202.48,
              6371286.95,
              0.54
            ],
            [
              688198.05,
              6371289.91,
              0.54
            ],
            [
              688192.68,
              6371294.57,
              0.54
            ],
            [
              688185.11,
              6371299.03,
              0.54
            ],
            [
              688177.42,
              6371299.26,
              0.54
            ],
            [
              688171.69,
              6371300.91,
              0.54
            ],
            [
              688168.91,
              6371301.66,
              0.54
            ],
            [
              688160.18,
              6371307.53,
              0.54
            ],
            [
              688157.74,
              6371310.07,
              0.54
            ],
            [
              688151.07,
              6371321.49,
              0.54
            ],
            [
              688149.26,
              6371324.54,
              0.54
            ],
            [
              688147.72,
              6371328.25,
              0.54
            ],
            [
              688142.67,
              6371334.37,
              0.54
            ],
            [
              688135.86,
              6371343.5,
              0.54
            ],
            [
              688134.99,
              6371348.25,
              0.54
            ],
            [
              688135.58,
              6371352.61,
              0.54
            ]
          ]
        ]
      }
    },
    {
      "type": "Feature",
      "id": "lm-637-68-water-22",
      "properties": {
        "sourceId": "water-breaks-lm-1m",
        "sourceItemId": "637_68",
        "sourceFid": 22,
        "sourceFeatureId": "637_68/polygons/22",
        "sourceSha256": "40662aea9102a76b6253ccec54832b0b61542b7199b1881476d2449e69176348",
        "sourceClassification": 1,
        "heightRH2000": 0.83,
        "kind": "flattened-water-surface",
        "sourceHeightRangeRH2000": [
          0.83,
          0.83
        ],
        "clippedHeightRangeRH2000": [
          0.83,
          0.83
        ],
        "constantSourceHeight": true,
        "heightTreatment": "source-constant",
        "shoreline": {
          "lines": [
            [
              [
                688687.58,
                6371538.68,
                0.83
              ],
              [
                688687.37,
                6371539.1,
                0.83
              ],
              [
                688687.09,
                6371540.2,
                0.83
              ],
              [
                688685.13,
                6371544.77,
                0.83
              ],
              [
                688682.42,
                6371551.1,
                0.83
              ],
              [
                688682.5,
                6371557.97,
                0.83
              ],
              [
                688670.4,
                6371587.08,
                0.83
              ],
              [
                688671.25,
                6371592.48,
                0.83
              ],
              [
                688674.02,
                6371593.22,
                0.83
              ],
              [
                688674.86,
                6371592.45,
                0.83
              ],
              [
                688675.38,
                6371590.11,
                0.83
              ],
              [
                688681.46,
                6371568.91,
                0.83
              ],
              [
                688682.5,
                6371565.46,
                0.83
              ],
              [
                688686.15,
                6371559.27,
                0.83
              ],
              [
                688687.05,
                6371552.07,
                0.83
              ],
              [
                688692.73,
                6371544.16,
                0.83
              ],
              [
                688694.6,
                6371540.18,
                0.83
              ],
              [
                688702.32,
                6371528.74,
                0.83
              ],
              [
                688705.36,
                6371522.81,
                0.83
              ],
              [
                688707.59,
                6371517.68,
                0.83
              ],
              [
                688709.78,
                6371514.95,
                0.83
              ],
              [
                688712.03,
                6371507.05,
                0.83
              ],
              [
                688719.56,
                6371491.77,
                0.83
              ],
              [
                688725.09,
                6371476.42,
                0.83
              ],
              [
                688727.65,
                6371469.04,
                0.83
              ],
              [
                688727.44,
                6371466.48,
                0.83
              ],
              [
                688729.37,
                6371464.07,
                0.83
              ],
              [
                688729.89,
                6371462.55,
                0.83
              ],
              [
                688732.66,
                6371454.48,
                0.83
              ],
              [
                688732.44,
                6371451.47,
                0.83
              ],
              [
                688736.99,
                6371442.05,
                0.83
              ],
              [
                688738.28,
                6371440.47,
                0.83
              ],
              [
                688740.34,
                6371435.34,
                0.83
              ],
              [
                688743.06,
                6371425.84,
                0.83
              ],
              [
                688742.45,
                6371423.79,
                0.83
              ],
              [
                688743.32,
                6371416.06,
                0.83
              ],
              [
                688740.79,
                6371407.81,
                0.83
              ],
              [
                688737.03,
                6371403.19,
                0.83
              ],
              [
                688736.97,
                6371396.99,
                0.83
              ],
              [
                688737.35,
                6371395.86,
                0.83
              ],
              [
                688734.8,
                6371378.17,
                0.83
              ],
              [
                688733.26,
                6371370.69,
                0.83
              ],
              [
                688727.08,
                6371363.16,
                0.83
              ],
              [
                688715.64,
                6371339.96,
                0.83
              ],
              [
                688714.1,
                6371338.83,
                0.83
              ],
              [
                688710.15,
                6371335.53,
                0.83
              ],
              [
                688706.97,
                6371331.05,
                0.83
              ],
              [
                688706.05,
                6371328.88,
                0.83
              ],
              [
                688701.34,
                6371328.38,
                0.83
              ],
              [
                688696.97,
                6371327.75,
                0.83
              ],
              [
                688696.18,
                6371333.61,
                0.83
              ],
              [
                688702.94,
                6371342.0,
                0.83
              ],
              [
                688706.18,
                6371348.49,
                0.83
              ],
              [
                688707.96,
                6371350.22,
                0.83
              ],
              [
                688708.24,
                6371352.6,
                0.83
              ],
              [
                688712.93,
                6371362.0,
                0.83
              ],
              [
                688715.43,
                6371371.22,
                0.83
              ],
              [
                688720.81,
                6371380.99,
                0.83
              ],
              [
                688724.02,
                6371389.83,
                0.83
              ],
              [
                688726.67,
                6371398.28,
                0.83
              ],
              [
                688727.35,
                6371403.25,
                0.83
              ],
              [
                688732.6,
                6371408.73,
                0.83
              ],
              [
                688730.15,
                6371415.49,
                0.83
              ],
              [
                688729.01,
                6371434.16,
                0.83
              ],
              [
                688728.55,
                6371435.52,
                0.83
              ],
              [
                688728.55,
                6371438.16,
                0.83
              ],
              [
                688726.73,
                6371442.44,
                0.83
              ],
              [
                688726.16,
                6371443.49,
                0.83
              ],
              [
                688726.02,
                6371443.74,
                0.83
              ],
              [
                688725.35,
                6371446.12,
                0.83
              ],
              [
                688726.2,
                6371449.96,
                0.83
              ],
              [
                688724.24,
                6371456.53,
                0.83
              ],
              [
                688723.66,
                6371457.53,
                0.83
              ],
              [
                688722.97,
                6371463.09,
                0.83
              ],
              [
                688717.84,
                6371469.4,
                0.83
              ],
              [
                688716.98,
                6371475.9,
                0.83
              ],
              [
                688715.37,
                6371482.18,
                0.83
              ],
              [
                688706.92,
                6371498.66,
                0.83
              ],
              [
                688704.58,
                6371503.04,
                0.83
              ],
              [
                688702.4,
                6371506.31,
                0.83
              ],
              [
                688702.58,
                6371508.68,
                0.83
              ],
              [
                688696.93,
                6371520.69,
                0.83
              ],
              [
                688697.07,
                6371528.15,
                0.83
              ],
              [
                688690.67,
                6371530.26,
                0.83
              ],
              [
                688688.52,
                6371534.69,
                0.83
              ],
              [
                688687.58,
                6371538.3,
                0.83
              ],
              [
                688687.58,
                6371538.68,
                0.83
              ]
            ]
          ],
          "coordinateOrder": [
            "easting",
            "northing",
            "heightRH2000"
          ],
          "source": "canonical-water-boundary-minus-AOI-and-source-item-rectangle-edges",
          "suppressedArtificialEdges": 0,
          "reviewStatus": "source-derived-water-boundary-not-surveyed-shore"
        },
        "waterKind": "inland-water",
        "isSea": false,
        "seaAssociation": null,
        "offshoreReferenceEpsg3006": null,
        "geometryUse": "source-derived-candidate",
        "reviewStatus": "source-topology-checked-not-field-reviewed",
        "clipBoundaryIsShore": false,
        "bathymetry": null
      },
      "geometry": {
        "type": "Polygon",
        "coordinates": [
          [
            [
              688687.58,
              6371538.68,
              0.83
            ],
            [
              688687.37,
              6371539.1,
              0.83
            ],
            [
              688687.09,
              6371540.2,
              0.83
            ],
            [
              688685.13,
              6371544.77,
              0.83
            ],
            [
              688682.42,
              6371551.1,
              0.83
            ],
            [
              688682.5,
              6371557.97,
              0.83
            ],
            [
              688670.4,
              6371587.08,
              0.83
            ],
            [
              688671.25,
              6371592.48,
              0.83
            ],
            [
              688674.02,
              6371593.22,
              0.83
            ],
            [
              688674.86,
              6371592.45,
              0.83
            ],
            [
              688675.38,
              6371590.11,
              0.83
            ],
            [
              688681.46,
              6371568.91,
              0.83
            ],
            [
              688682.5,
              6371565.46,
              0.83
            ],
            [
              688686.15,
              6371559.27,
              0.83
            ],
            [
              688687.05,
              6371552.07,
              0.83
            ],
            [
              688692.73,
              6371544.16,
              0.83
            ],
            [
              688694.6,
              6371540.18,
              0.83
            ],
            [
              688702.32,
              6371528.74,
              0.83
            ],
            [
              688705.36,
              6371522.81,
              0.83
            ],
            [
              688707.59,
              6371517.68,
              0.83
            ],
            [
              688709.78,
              6371514.95,
              0.83
            ],
            [
              688712.03,
              6371507.05,
              0.83
            ],
            [
              688719.56,
              6371491.77,
              0.83
            ],
            [
              688725.09,
              6371476.42,
              0.83
            ],
            [
              688727.65,
              6371469.04,
              0.83
            ],
            [
              688727.44,
              6371466.48,
              0.83
            ],
            [
              688729.37,
              6371464.07,
              0.83
            ],
            [
              688729.89,
              6371462.55,
              0.83
            ],
            [
              688732.66,
              6371454.48,
              0.83
            ],
            [
              688732.44,
              6371451.47,
              0.83
            ],
            [
              688736.99,
              6371442.05,
              0.83
            ],
            [
              688738.28,
              6371440.47,
              0.83
            ],
            [
              688740.34,
              6371435.34,
              0.83
            ],
            [
              688743.06,
              6371425.84,
              0.83
            ],
            [
              688742.45,
              6371423.79,
              0.83
            ],
            [
              688743.32,
              6371416.06,
              0.83
            ],
            [
              688740.79,
              6371407.81,
              0.83
            ],
            [
              688737.03,
              6371403.19,
              0.83
            ],
            [
              688736.97,
              6371396.99,
              0.83
            ],
            [
              688737.35,
              6371395.86,
              0.83
            ],
            [
              688734.8,
              6371378.17,
              0.83
            ],
            [
              688733.26,
              6371370.69,
              0.83
            ],
            [
              688727.08,
              6371363.16,
              0.83
            ],
            [
              688715.64,
              6371339.96,
              0.83
            ],
            [
              688714.1,
              6371338.83,
              0.83
            ],
            [
              688710.15,
              6371335.53,
              0.83
            ],
            [
              688706.97,
              6371331.05,
              0.83
            ],
            [
              688706.05,
              6371328.88,
              0.83
            ],
            [
              688701.34,
              6371328.38,
              0.83
            ],
            [
              688696.97,
              6371327.75,
              0.83
            ],
            [
              688696.18,
              6371333.61,
              0.83
            ],
            [
              688702.94,
              6371342.0,
              0.83
            ],
            [
              688706.18,
              6371348.49,
              0.83
            ],
            [
              688707.96,
              6371350.22,
              0.83
            ],
            [
              688708.24,
              6371352.6,
              0.83
            ],
            [
              688712.93,
              6371362.0,
              0.83
            ],
            [
              688715.43,
              6371371.22,
              0.83
            ],
            [
              688720.81,
              6371380.99,
              0.83
            ],
            [
              688724.02,
              6371389.83,
              0.83
            ],
            [
              688726.67,
              6371398.28,
              0.83
            ],
            [
              688727.35,
              6371403.25,
              0.83
            ],
            [
              688732.6,
              6371408.73,
              0.83
            ],
            [
              688730.15,
              6371415.49,
              0.83
            ],
            [
              688729.01,
              6371434.16,
              0.83
            ],
            [
              688728.55,
              6371435.52,
              0.83
            ],
            [
              688728.55,
              6371438.16,
              0.83
            ],
            [
              688726.73,
              6371442.44,
              0.83
            ],
            [
              688726.16,
              6371443.49,
              0.83
            ],
            [
              688726.02,
              6371443.74,
              0.83
            ],
            [
              688725.35,
              6371446.12,
              0.83
            ],
            [
              688726.2,
              6371449.96,
              0.83
            ],
            [
              688724.24,
              6371456.53,
              0.83
            ],
            [
              688723.66,
              6371457.53,
              0.83
            ],
            [
              688722.97,
              6371463.09,
              0.83
            ],
            [
              688717.84,
              6371469.4,
              0.83
            ],
            [
              688716.98,
              6371475.9,
              0.83
            ],
            [
              688715.37,
              6371482.18,
              0.83
            ],
            [
              688706.92,
              6371498.66,
              0.83
            ],
            [
              688704.58,
              6371503.04,
              0.83
            ],
            [
              688702.4,
              6371506.31,
              0.83
            ],
            [
              688702.58,
              6371508.68,
              0.83
            ],
            [
              688696.93,
              6371520.69,
              0.83
            ],
            [
              688697.07,
              6371528.15,
              0.83
            ],
            [
              688690.67,
              6371530.26,
              0.83
            ],
            [
              688688.52,
              6371534.69,
              0.83
            ],
            [
              688687.58,
              6371538.3,
              0.83
            ],
            [
              688687.58,
              6371538.68,
              0.83
            ]
          ]
        ]
      }
    },
    {
      "type": "Feature",
      "id": "lm-637-68-water-23",
      "properties": {
        "sourceId": "water-breaks-lm-1m",
        "sourceItemId": "637_68",
        "sourceFid": 23,
        "sourceFeatureId": "637_68/polygons/23",
        "sourceSha256": "40662aea9102a76b6253ccec54832b0b61542b7199b1881476d2449e69176348",
        "sourceClassification": 1,
        "heightRH2000": 0.43,
        "kind": "flattened-water-surface",
        "sourceHeightRangeRH2000": [
          0.43,
          0.43
        ],
        "clippedHeightRangeRH2000": [
          0.43,
          0.43
        ],
        "constantSourceHeight": true,
        "heightTreatment": "source-constant",
        "shoreline": {
          "lines": [
            [
              [
                687835.24,
                6371548.45,
                0.43
              ],
              [
                687834.2,
                6371554.61,
                0.43
              ],
              [
                687832.63,
                6371565.77,
                0.43
              ],
              [
                687830.83,
                6371580.02,
                0.43
              ],
              [
                687829.27,
                6371592.1,
                0.43
              ],
              [
                687831.03,
                6371596.93,
                0.43
              ],
              [
                687834.17,
                6371599.97,
                0.43
              ],
              [
                687838.96,
                6371602.18,
                0.43
              ],
              [
                687848.95,
                6371608.55,
                0.43
              ],
              [
                687859.05,
                6371616.85,
                0.43
              ],
              [
                687870.91,
                6371628.06,
                0.43
              ],
              [
                687887.65,
                6371646.15,
                0.43
              ],
              [
                687894.68,
                6371656.65,
                0.43
              ],
              [
                687908.19,
                6371692.84,
                0.43
              ],
              [
                687911.69,
                6371700.23,
                0.43
              ],
              [
                687915.85,
                6371702.91,
                0.43
              ],
              [
                687919.34,
                6371703.07,
                0.43
              ],
              [
                687922.65,
                6371701.07,
                0.43
              ],
              [
                687925.63,
                6371697.57,
                0.43
              ],
              [
                687926.49,
                6371694.09,
                0.43
              ],
              [
                687917.08,
                6371683.16,
                0.43
              ],
              [
                687912.07,
                6371673.16,
                0.43
              ],
              [
                687911.74,
                6371669.34,
                0.43
              ],
              [
                687911.31,
                6371667.79,
                0.43
              ],
              [
                687911.47,
                6371666.2,
                0.43
              ],
              [
                687911.0,
                6371660.82,
                0.43
              ],
              [
                687912.03,
                6371657.04,
                0.43
              ],
              [
                687916.42,
                6371651.58,
                0.43
              ],
              [
                687931.41,
                6371641.58,
                0.43
              ],
              [
                687937.97,
                6371637.01,
                0.43
              ],
              [
                687940.51,
                6371634.59,
                0.43
              ],
              [
                687943.7,
                6371629.23,
                0.43
              ],
              [
                687945.9,
                6371622.3,
                0.43
              ],
              [
                687945.52,
                6371612.25,
                0.43
              ],
              [
                687933.39,
                6371578.6,
                0.43
              ],
              [
                687931.8,
                6371573.09,
                0.43
              ],
              [
                687936.07,
                6371565.26,
                0.43
              ],
              [
                687942.21,
                6371557.47,
                0.43
              ],
              [
                687948.33,
                6371552.2,
                0.43
              ],
              [
                687956.45,
                6371551.86,
                0.43
              ],
              [
                687964.58,
                6371554.31,
                0.43
              ],
              [
                687970.37,
                6371554.86,
                0.43
              ],
              [
                687981.05,
                6371553.44,
                0.43
              ],
              [
                687987.48,
                6371550.86,
                0.43
              ],
              [
                687991.2,
                6371547.19,
                0.43
              ],
              [
                687997.33,
                6371537.36,
                0.43
              ],
              [
                687997.49,
                6371537.14,
                0.43
              ],
              [
                687997.44,
                6371536.48,
                0.43
              ],
              [
                687999.12,
                6371534.54,
                0.43
              ],
              [
                687999.63,
                6371534.2,
                0.43
              ],
              [
                688003.59,
                6371528.76,
                0.43
              ],
              [
                688012.18,
                6371522.14,
                0.43
              ],
              [
                688019.45,
                6371516.82,
                0.43
              ],
              [
                688022.56,
                6371513.53,
                0.43
              ],
              [
                688022.67,
                6371509.51,
                0.43
              ],
              [
                688022.46,
                6371503.85,
                0.43
              ],
              [
                688019.51,
                6371494.9,
                0.43
              ],
              [
                688020.1,
                6371490.57,
                0.43
              ],
              [
                688021.77,
                6371483.87,
                0.43
              ],
              [
                688023.24,
                6371480.71,
                0.43
              ],
              [
                688023.79,
                6371478.63,
                0.43
              ],
              [
                688024.39,
                6371475.57,
                0.43
              ],
              [
                688024.52,
                6371474.11,
                0.43
              ],
              [
                688028.29,
                6371460.1,
                0.43
              ],
              [
                688029.33,
                6371452.67,
                0.43
              ],
              [
                688029.25,
                6371447.29,
                0.43
              ],
              [
                688024.56,
                6371442.32,
                0.43
              ],
              [
                688019.52,
                6371440.36,
                0.43
              ],
              [
                688010.48,
                6371441.5,
                0.43
              ],
              [
                688002.61,
                6371447.62,
                0.43
              ],
              [
                687997.91,
                6371456.05,
                0.43
              ],
              [
                687992.23,
                6371470.76,
                0.43
              ],
              [
                687989.48,
                6371480.36,
                0.43
              ],
              [
                687986.07,
                6371480.53,
                0.43
              ],
              [
                687980.59,
                6371477.27,
                0.43
              ],
              [
                687980.1,
                6371475.65,
                0.43
              ],
              [
                687979.66,
                6371475.32,
                0.43
              ],
              [
                687976.81,
                6371466.07,
                0.43
              ],
              [
                687979.58,
                6371459.85,
                0.43
              ],
              [
                687980.31,
                6371456.26,
                0.43
              ],
              [
                687985.17,
                6371452.44,
                0.43
              ],
              [
                687991.46,
                6371446.23,
                0.43
              ],
              [
                687992.94,
                6371446.35,
                0.43
              ],
              [
                688008.17,
                6371434.42,
                0.43
              ],
              [
                688007.48,
                6371433.78,
                0.43
              ],
              [
                688013.05,
                6371428.47,
                0.43
              ],
              [
                688031.42,
                6371401.58,
                0.43
              ],
              [
                688036.93,
                6371397.15,
                0.43
              ],
              [
                688048.01,
                6371391.73,
                0.43
              ],
              [
                688053.43,
                6371386.92,
                0.43
              ],
              [
                688058.68,
                6371379.23,
                0.43
              ],
              [
                688058.24,
                6371376.14,
                0.43
              ],
              [
                688057.76,
                6371375.44,
                0.43
              ],
              [
                688053.95,
                6371371.55,
                0.43
              ],
              [
                688045.49,
                6371370.16,
                0.43
              ],
              [
                688038.62,
                6371373.59,
                0.43
              ],
              [
                688037.43,
                6371375.78,
                0.43
              ],
              [
                688034.61,
                6371381.94,
                0.43
              ],
              [
                688032.84,
                6371384.24,
                0.43
              ],
              [
                688028.03,
                6371393.1,
                0.43
              ],
              [
                688023.6,
                6371398.57,
                0.43
              ],
              [
                688019.71,
                6371401.28,
                0.43
              ],
              [
                688012.56,
                6371410.55,
                0.43
              ],
              [
                688012.57,
                6371413.67,
                0.43
              ],
              [
                688008.6,
                6371418.57,
                0.43
              ],
              [
                687993.61,
                6371428.58,
                0.43
              ],
              [
                687988.03,
                6371438.1,
                0.43
              ],
              [
                687971.48,
                6371456.13,
                0.43
              ],
              [
                687969.51,
                6371470.08,
                0.43
              ],
              [
                687973.99,
                6371485.8,
                0.43
              ],
              [
                687973.29,
                6371494.41,
                0.43
              ],
              [
                687973.41,
                6371496.48,
                0.43
              ],
              [
                687973.06,
                6371497.22,
                0.43
              ],
              [
                687972.99,
                6371498.11,
                0.43
              ],
              [
                687972.0,
                6371499.52,
                0.43
              ],
              [
                687969.29,
                6371505.37,
                0.43
              ],
              [
                687962.67,
                6371517.52,
                0.43
              ],
              [
                687958.01,
                6371522.72,
                0.43
              ],
              [
                687953.91,
                6371525.76,
                0.43
              ],
              [
                687951.2,
                6371526.34,
                0.43
              ],
              [
                687948.8,
                6371527.66,
                0.43
              ],
              [
                687948.31,
                6371527.79,
                0.43
              ],
              [
                687948.08,
                6371528.0,
                0.43
              ],
              [
                687946.27,
                6371528.35,
                0.43
              ],
              [
                687945.29,
                6371528.62,
                0.43
              ],
              [
                687944.21,
                6371528.75,
                0.43
              ],
              [
                687939.91,
                6371529.58,
                0.43
              ],
              [
                687926.98,
                6371528.06,
                0.43
              ],
              [
                687911.99,
                6371523.05,
                0.43
              ],
              [
                687909.42,
                6371520.78,
                0.43
              ],
              [
                687904.98,
                6371518.29,
                0.43
              ],
              [
                687901.3,
                6371516.11,
                0.43
              ],
              [
                687896.5,
                6371513.78,
                0.43
              ],
              [
                687892.33,
                6371512.15,
                0.43
              ],
              [
                687886.35,
                6371510.91,
                0.43
              ],
              [
                687881.95,
                6371510.06,
                0.43
              ],
              [
                687878.46,
                6371510.01,
                0.43
              ],
              [
                687857.06,
                6371515.98,
                0.43
              ],
              [
                687851.79,
                6371519.0,
                0.43
              ],
              [
                687846.05,
                6371523.65,
                0.43
              ],
              [
                687842.61,
                6371528.06,
                0.43
              ],
              [
                687837.91,
                6371537.02,
                0.43
              ],
              [
                687836.25,
                6371542.18,
                0.43
              ],
              [
                687835.24,
                6371548.45,
                0.43
              ]
            ],
            [
              [
                687913.03,
                6371572.91,
                0.43
              ],
              [
                687898.96,
                6371571.08,
                0.43
              ],
              [
                687896.19,
                6371571.72,
                0.43
              ],
              [
                687890.66,
                6371573.96,
                0.43
              ],
              [
                687878.93,
                6371575.91,
                0.43
              ],
              [
                687868.16,
                6371574.2,
                0.43
              ],
              [
                687862.03,
                6371567.48,
                0.43
              ],
              [
                687860.49,
                6371560.12,
                0.43
              ],
              [
                687860.99,
                6371555.54,
                0.43
              ],
              [
                687863.34,
                6371550.05,
                0.43
              ],
              [
                687869.13,
                6371544.82,
                0.43
              ],
              [
                687878.13,
                6371540.32,
                0.43
              ],
              [
                687886.42,
                6371537.19,
                0.43
              ],
              [
                687894.23,
                6371536.57,
                0.43
              ],
              [
                687901.11,
                6371537.1,
                0.43
              ],
              [
                687907.7,
                6371541.03,
                0.43
              ],
              [
                687908.55,
                6371541.19,
                0.43
              ],
              [
                687909.82,
                6371542.45,
                0.43
              ],
              [
                687915.7,
                6371547.8,
                0.43
              ],
              [
                687919.54,
                6371554.49,
                0.43
              ],
              [
                687918.78,
                6371561.37,
                0.43
              ],
              [
                687917.14,
                6371565.03,
                0.43
              ],
              [
                687912.75,
                6371567.53,
                0.43
              ],
              [
                687912.43,
                6371568.69,
                0.43
              ],
              [
                687913.03,
                6371572.91,
                0.43
              ]
            ],
            [
              [
                687928.08,
                6371637.99,
                0.43
              ],
              [
                687909.37,
                6371644.06,
                0.43
              ],
              [
                687901.96,
                6371643.07,
                0.43
              ],
              [
                687899.5,
                6371640.94,
                0.43
              ],
              [
                687898.89,
                6371639.83,
                0.43
              ],
              [
                687888.96,
                6371631.62,
                0.43
              ],
              [
                687885.66,
                6371624.29,
                0.43
              ],
              [
                687884.77,
                6371617.2,
                0.43
              ],
              [
                687887.1,
                6371608.44,
                0.43
              ],
              [
                687891.56,
                6371601.79,
                0.43
              ],
              [
                687899.56,
                6371597.24,
                0.43
              ],
              [
                687916.6,
                6371595.98,
                0.43
              ],
              [
                687929.35,
                6371600.71,
                0.43
              ],
              [
                687934.93,
                6371608.08,
                0.43
              ],
              [
                687935.03,
                6371608.38,
                0.43
              ],
              [
                687937.95,
                6371611.98,
                0.43
              ],
              [
                687939.02,
                6371619.42,
                0.43
              ],
              [
                687936.54,
                6371625.08,
                0.43
              ],
              [
                687936.52,
                6371625.21,
                0.43
              ],
              [
                687936.45,
                6371625.29,
                0.43
              ],
              [
                687933.03,
                6371633.1,
                0.43
              ],
              [
                687928.08,
                6371637.99,
                0.43
              ]
            ]
          ],
          "coordinateOrder": [
            "easting",
            "northing",
            "heightRH2000"
          ],
          "source": "canonical-water-boundary-minus-AOI-and-source-item-rectangle-edges",
          "suppressedArtificialEdges": 0,
          "reviewStatus": "source-derived-water-boundary-not-surveyed-shore"
        },
        "waterKind": "inland-water",
        "isSea": false,
        "seaAssociation": null,
        "offshoreReferenceEpsg3006": null,
        "geometryUse": "source-derived-candidate",
        "reviewStatus": "source-topology-checked-not-field-reviewed",
        "clipBoundaryIsShore": false,
        "bathymetry": null
      },
      "geometry": {
        "type": "Polygon",
        "coordinates": [
          [
            [
              687835.24,
              6371548.45,
              0.43
            ],
            [
              687834.2,
              6371554.61,
              0.43
            ],
            [
              687832.63,
              6371565.77,
              0.43
            ],
            [
              687830.83,
              6371580.02,
              0.43
            ],
            [
              687829.27,
              6371592.1,
              0.43
            ],
            [
              687831.03,
              6371596.93,
              0.43
            ],
            [
              687834.17,
              6371599.97,
              0.43
            ],
            [
              687838.96,
              6371602.18,
              0.43
            ],
            [
              687848.95,
              6371608.55,
              0.43
            ],
            [
              687859.05,
              6371616.85,
              0.43
            ],
            [
              687870.91,
              6371628.06,
              0.43
            ],
            [
              687887.65,
              6371646.15,
              0.43
            ],
            [
              687894.68,
              6371656.65,
              0.43
            ],
            [
              687908.19,
              6371692.84,
              0.43
            ],
            [
              687911.69,
              6371700.23,
              0.43
            ],
            [
              687915.85,
              6371702.91,
              0.43
            ],
            [
              687919.34,
              6371703.07,
              0.43
            ],
            [
              687922.65,
              6371701.07,
              0.43
            ],
            [
              687925.63,
              6371697.57,
              0.43
            ],
            [
              687926.49,
              6371694.09,
              0.43
            ],
            [
              687917.08,
              6371683.16,
              0.43
            ],
            [
              687912.07,
              6371673.16,
              0.43
            ],
            [
              687911.74,
              6371669.34,
              0.43
            ],
            [
              687911.31,
              6371667.79,
              0.43
            ],
            [
              687911.47,
              6371666.2,
              0.43
            ],
            [
              687911.0,
              6371660.82,
              0.43
            ],
            [
              687912.03,
              6371657.04,
              0.43
            ],
            [
              687916.42,
              6371651.58,
              0.43
            ],
            [
              687931.41,
              6371641.58,
              0.43
            ],
            [
              687937.97,
              6371637.01,
              0.43
            ],
            [
              687940.51,
              6371634.59,
              0.43
            ],
            [
              687943.7,
              6371629.23,
              0.43
            ],
            [
              687945.9,
              6371622.3,
              0.43
            ],
            [
              687945.52,
              6371612.25,
              0.43
            ],
            [
              687933.39,
              6371578.6,
              0.43
            ],
            [
              687931.8,
              6371573.09,
              0.43
            ],
            [
              687936.07,
              6371565.26,
              0.43
            ],
            [
              687942.21,
              6371557.47,
              0.43
            ],
            [
              687948.33,
              6371552.2,
              0.43
            ],
            [
              687956.45,
              6371551.86,
              0.43
            ],
            [
              687964.58,
              6371554.31,
              0.43
            ],
            [
              687970.37,
              6371554.86,
              0.43
            ],
            [
              687981.05,
              6371553.44,
              0.43
            ],
            [
              687987.48,
              6371550.86,
              0.43
            ],
            [
              687991.2,
              6371547.19,
              0.43
            ],
            [
              687997.33,
              6371537.36,
              0.43
            ],
            [
              687997.49,
              6371537.14,
              0.43
            ],
            [
              687997.44,
              6371536.48,
              0.43
            ],
            [
              687999.12,
              6371534.54,
              0.43
            ],
            [
              687999.63,
              6371534.2,
              0.43
            ],
            [
              688003.59,
              6371528.76,
              0.43
            ],
            [
              688012.18,
              6371522.14,
              0.43
            ],
            [
              688019.45,
              6371516.82,
              0.43
            ],
            [
              688022.56,
              6371513.53,
              0.43
            ],
            [
              688022.67,
              6371509.51,
              0.43
            ],
            [
              688022.46,
              6371503.85,
              0.43
            ],
            [
              688019.51,
              6371494.9,
              0.43
            ],
            [
              688020.1,
              6371490.57,
              0.43
            ],
            [
              688021.77,
              6371483.87,
              0.43
            ],
            [
              688023.24,
              6371480.71,
              0.43
            ],
            [
              688023.79,
              6371478.63,
              0.43
            ],
            [
              688024.39,
              6371475.57,
              0.43
            ],
            [
              688024.52,
              6371474.11,
              0.43
            ],
            [
              688028.29,
              6371460.1,
              0.43
            ],
            [
              688029.33,
              6371452.67,
              0.43
            ],
            [
              688029.25,
              6371447.29,
              0.43
            ],
            [
              688024.56,
              6371442.32,
              0.43
            ],
            [
              688019.52,
              6371440.36,
              0.43
            ],
            [
              688010.48,
              6371441.5,
              0.43
            ],
            [
              688002.61,
              6371447.62,
              0.43
            ],
            [
              687997.91,
              6371456.05,
              0.43
            ],
            [
              687992.23,
              6371470.76,
              0.43
            ],
            [
              687989.48,
              6371480.36,
              0.43
            ],
            [
              687986.07,
              6371480.53,
              0.43
            ],
            [
              687980.59,
              6371477.27,
              0.43
            ],
            [
              687980.1,
              6371475.65,
              0.43
            ],
            [
              687979.66,
              6371475.32,
              0.43
            ],
            [
              687976.81,
              6371466.07,
              0.43
            ],
            [
              687979.58,
              6371459.85,
              0.43
            ],
            [
              687980.31,
              6371456.26,
              0.43
            ],
            [
              687985.17,
              6371452.44,
              0.43
            ],
            [
              687991.46,
              6371446.23,
              0.43
            ],
            [
              687992.94,
              6371446.35,
              0.43
            ],
            [
              688008.17,
              6371434.42,
              0.43
            ],
            [
              688007.48,
              6371433.78,
              0.43
            ],
            [
              688013.05,
              6371428.47,
              0.43
            ],
            [
              688031.42,
              6371401.58,
              0.43
            ],
            [
              688036.93,
              6371397.15,
              0.43
            ],
            [
              688048.01,
              6371391.73,
              0.43
            ],
            [
              688053.43,
              6371386.92,
              0.43
            ],
            [
              688058.68,
              6371379.23,
              0.43
            ],
            [
              688058.24,
              6371376.14,
              0.43
            ],
            [
              688057.76,
              6371375.44,
              0.43
            ],
            [
              688053.95,
              6371371.55,
              0.43
            ],
            [
              688045.49,
              6371370.16,
              0.43
            ],
            [
              688038.62,
              6371373.59,
              0.43
            ],
            [
              688037.43,
              6371375.78,
              0.43
            ],
            [
              688034.61,
              6371381.94,
              0.43
            ],
            [
              688032.84,
              6371384.24,
              0.43
            ],
            [
              688028.03,
              6371393.1,
              0.43
            ],
            [
              688023.6,
              6371398.57,
              0.43
            ],
            [
              688019.71,
              6371401.28,
              0.43
            ],
            [
              688012.56,
              6371410.55,
              0.43
            ],
            [
              688012.57,
              6371413.67,
              0.43
            ],
            [
              688008.6,
              6371418.57,
              0.43
            ],
            [
              687993.61,
              6371428.58,
              0.43
            ],
            [
              687988.03,
              6371438.1,
              0.43
            ],
            [
              687971.48,
              6371456.13,
              0.43
            ],
            [
              687969.51,
              6371470.08,
              0.43
            ],
            [
              687973.99,
              6371485.8,
              0.43
            ],
            [
              687973.29,
              6371494.41,
              0.43
            ],
            [
              687973.41,
              6371496.48,
              0.43
            ],
            [
              687973.06,
              6371497.22,
              0.43
            ],
            [
              687972.99,
              6371498.11,
              0.43
            ],
            [
              687972.0,
              6371499.52,
              0.43
            ],
            [
              687969.29,
              6371505.37,
              0.43
            ],
            [
              687962.67,
              6371517.52,
              0.43
            ],
            [
              687958.01,
              6371522.72,
              0.43
            ],
            [
              687953.91,
              6371525.76,
              0.43
            ],
            [
              687951.2,
              6371526.34,
              0.43
            ],
            [
              687948.8,
              6371527.66,
              0.43
            ],
            [
              687948.31,
              6371527.79,
              0.43
            ],
            [
              687948.08,
              6371528.0,
              0.43
            ],
            [
              687946.27,
              6371528.35,
              0.43
            ],
            [
              687945.29,
              6371528.62,
              0.43
            ],
            [
              687944.21,
              6371528.75,
              0.43
            ],
            [
              687939.91,
              6371529.58,
              0.43
            ],
            [
              687926.98,
              6371528.06,
              0.43
            ],
            [
              687911.99,
              6371523.05,
              0.43
            ],
            [
              687909.42,
              6371520.78,
              0.43
            ],
            [
              687904.98,
              6371518.29,
              0.43
            ],
            [
              687901.3,
              6371516.11,
              0.43
            ],
            [
              687896.5,
              6371513.78,
              0.43
            ],
            [
              687892.33,
              6371512.15,
              0.43
            ],
            [
              687886.35,
              6371510.91,
              0.43
            ],
            [
              687881.95,
              6371510.06,
              0.43
            ],
            [
              687878.46,
              6371510.01,
              0.43
            ],
            [
              687857.06,
              6371515.98,
              0.43
            ],
            [
              687851.79,
              6371519.0,
              0.43
            ],
            [
              687846.05,
              6371523.65,
              0.43
            ],
            [
              687842.61,
              6371528.06,
              0.43
            ],
            [
              687837.91,
              6371537.02,
              0.43
            ],
            [
              687836.25,
              6371542.18,
              0.43
            ],
            [
              687835.24,
              6371548.45,
              0.43
            ]
          ],
          [
            [
              687913.03,
              6371572.91,
              0.43
            ],
            [
              687898.96,
              6371571.08,
              0.43
            ],
            [
              687896.19,
              6371571.72,
              0.43
            ],
            [
              687890.66,
              6371573.96,
              0.43
            ],
            [
              687878.93,
              6371575.91,
              0.43
            ],
            [
              687868.16,
              6371574.2,
              0.43
            ],
            [
              687862.03,
              6371567.48,
              0.43
            ],
            [
              687860.49,
              6371560.12,
              0.43
            ],
            [
              687860.99,
              6371555.54,
              0.43
            ],
            [
              687863.34,
              6371550.05,
              0.43
            ],
            [
              687869.13,
              6371544.82,
              0.43
            ],
            [
              687878.13,
              6371540.32,
              0.43
            ],
            [
              687886.42,
              6371537.19,
              0.43
            ],
            [
              687894.23,
              6371536.57,
              0.43
            ],
            [
              687901.11,
              6371537.1,
              0.43
            ],
            [
              687907.7,
              6371541.03,
              0.43
            ],
            [
              687908.55,
              6371541.19,
              0.43
            ],
            [
              687909.82,
              6371542.45,
              0.43
            ],
            [
              687915.7,
              6371547.8,
              0.43
            ],
            [
              687919.54,
              6371554.49,
              0.43
            ],
            [
              687918.78,
              6371561.37,
              0.43
            ],
            [
              687917.14,
              6371565.03,
              0.43
            ],
            [
              687912.75,
              6371567.53,
              0.43
            ],
            [
              687912.43,
              6371568.69,
              0.43
            ],
            [
              687913.03,
              6371572.91,
              0.43
            ]
          ],
          [
            [
              687928.08,
              6371637.99,
              0.43
            ],
            [
              687909.37,
              6371644.06,
              0.43
            ],
            [
              687901.96,
              6371643.07,
              0.43
            ],
            [
              687899.5,
              6371640.94,
              0.43
            ],
            [
              687898.89,
              6371639.83,
              0.43
            ],
            [
              687888.96,
              6371631.62,
              0.43
            ],
            [
              687885.66,
              6371624.29,
              0.43
            ],
            [
              687884.77,
              6371617.2,
              0.43
            ],
            [
              687887.1,
              6371608.44,
              0.43
            ],
            [
              687891.56,
              6371601.79,
              0.43
            ],
            [
              687899.56,
              6371597.24,
              0.43
            ],
            [
              687916.6,
              6371595.98,
              0.43
            ],
            [
              687929.35,
              6371600.71,
              0.43
            ],
            [
              687934.93,
              6371608.08,
              0.43
            ],
            [
              687935.03,
              6371608.38,
              0.43
            ],
            [
              687937.95,
              6371611.98,
              0.43
            ],
            [
              687939.02,
              6371619.42,
              0.43
            ],
            [
              687936.54,
              6371625.08,
              0.43
            ],
            [
              687936.52,
              6371625.21,
              0.43
            ],
            [
              687936.45,
              6371625.29,
              0.43
            ],
            [
              687933.03,
              6371633.1,
              0.43
            ],
            [
              687928.08,
              6371637.99,
              0.43
            ]
          ]
        ]
      }
    },
    {
      "type": "Feature",
      "id": "lm-637-68-water-24",
      "properties": {
        "sourceId": "water-breaks-lm-1m",
        "sourceItemId": "637_68",
        "sourceFid": 24,
        "sourceFeatureId": "637_68/polygons/24",
        "sourceSha256": "40662aea9102a76b6253ccec54832b0b61542b7199b1881476d2449e69176348",
        "sourceClassification": 1,
        "heightRH2000": 1.9,
        "kind": "flattened-water-surface",
        "sourceHeightRangeRH2000": [
          1.9,
          1.9
        ],
        "clippedHeightRangeRH2000": [
          1.9,
          1.9
        ],
        "constantSourceHeight": true,
        "heightTreatment": "source-constant",
        "shoreline": {
          "lines": [
            [
              [
                687906.09,
                6371970.53,
                1.9
              ],
              [
                687903.94,
                6371967.18,
                1.9
              ],
              [
                687902.0,
                6371966.01,
                1.9
              ],
              [
                687898.33,
                6371965.63,
                1.9
              ],
              [
                687895.8,
                6371966.64,
                1.9
              ],
              [
                687894.17,
                6371968.69,
                1.9
              ],
              [
                687892.62,
                6371974.41,
                1.9
              ],
              [
                687893.04,
                6371978.78,
                1.9
              ],
              [
                687894.86,
                6371980.86,
                1.9
              ],
              [
                687895.99,
                6371981.91,
                1.9
              ],
              [
                687895.18,
                6371982.7,
                1.9
              ],
              [
                687894.13,
                6371984.3,
                1.9
              ],
              [
                687892.92,
                6371991.4,
                1.9
              ],
              [
                687892.52,
                6371996.91,
                1.9
              ],
              [
                687892.53,
                6372007.12,
                1.9
              ],
              [
                687892.36,
                6372012.98,
                1.9
              ],
              [
                687892.7,
                6372015.21,
                1.9
              ],
              [
                687894.03,
                6372016.55,
                1.9
              ],
              [
                687897.93,
                6372018.77,
                1.9
              ],
              [
                687901.95,
                6372019.04,
                1.9
              ],
              [
                687905.85,
                6372018.39,
                1.9
              ],
              [
                687910.81,
                6372016.6,
                1.9
              ],
              [
                687913.46,
                6372015.02,
                1.9
              ],
              [
                687914.75,
                6372012.39,
                1.9
              ],
              [
                687914.86,
                6372012.05,
                1.9
              ],
              [
                687914.45,
                6372007.68,
                1.9
              ],
              [
                687913.7,
                6372002.39,
                1.9
              ],
              [
                687913.11,
                6371992.06,
                1.9
              ],
              [
                687912.94,
                6371986.32,
                1.9
              ],
              [
                687910.55,
                6371983.77,
                1.9
              ],
              [
                687907.64,
                6371976.28,
                1.9
              ],
              [
                687906.09,
                6371970.53,
                1.9
              ]
            ]
          ],
          "coordinateOrder": [
            "easting",
            "northing",
            "heightRH2000"
          ],
          "source": "canonical-water-boundary-minus-AOI-and-source-item-rectangle-edges",
          "suppressedArtificialEdges": 0,
          "reviewStatus": "source-derived-water-boundary-not-surveyed-shore"
        },
        "waterKind": "inland-water",
        "isSea": false,
        "seaAssociation": null,
        "offshoreReferenceEpsg3006": null,
        "geometryUse": "source-derived-candidate",
        "reviewStatus": "source-topology-checked-not-field-reviewed",
        "clipBoundaryIsShore": false,
        "bathymetry": null
      },
      "geometry": {
        "type": "Polygon",
        "coordinates": [
          [
            [
              687906.09,
              6371970.53,
              1.9
            ],
            [
              687903.94,
              6371967.18,
              1.9
            ],
            [
              687902.0,
              6371966.01,
              1.9
            ],
            [
              687898.33,
              6371965.63,
              1.9
            ],
            [
              687895.8,
              6371966.64,
              1.9
            ],
            [
              687894.17,
              6371968.69,
              1.9
            ],
            [
              687892.62,
              6371974.41,
              1.9
            ],
            [
              687893.04,
              6371978.78,
              1.9
            ],
            [
              687894.86,
              6371980.86,
              1.9
            ],
            [
              687895.99,
              6371981.91,
              1.9
            ],
            [
              687895.18,
              6371982.7,
              1.9
            ],
            [
              687894.13,
              6371984.3,
              1.9
            ],
            [
              687892.92,
              6371991.4,
              1.9
            ],
            [
              687892.52,
              6371996.91,
              1.9
            ],
            [
              687892.53,
              6372007.12,
              1.9
            ],
            [
              687892.36,
              6372012.98,
              1.9
            ],
            [
              687892.7,
              6372015.21,
              1.9
            ],
            [
              687894.03,
              6372016.55,
              1.9
            ],
            [
              687897.93,
              6372018.77,
              1.9
            ],
            [
              687901.95,
              6372019.04,
              1.9
            ],
            [
              687905.85,
              6372018.39,
              1.9
            ],
            [
              687910.81,
              6372016.6,
              1.9
            ],
            [
              687913.46,
              6372015.02,
              1.9
            ],
            [
              687914.75,
              6372012.39,
              1.9
            ],
            [
              687914.86,
              6372012.05,
              1.9
            ],
            [
              687914.45,
              6372007.68,
              1.9
            ],
            [
              687913.7,
              6372002.39,
              1.9
            ],
            [
              687913.11,
              6371992.06,
              1.9
            ],
            [
              687912.94,
              6371986.32,
              1.9
            ],
            [
              687910.55,
              6371983.77,
              1.9
            ],
            [
              687907.64,
              6371976.28,
              1.9
            ],
            [
              687906.09,
              6371970.53,
              1.9
            ]
          ]
        ]
      }
    },
    {
      "type": "Feature",
      "id": "lm-637-68-water-25",
      "properties": {
        "sourceId": "water-breaks-lm-1m",
        "sourceItemId": "637_68",
        "sourceFid": 25,
        "sourceFeatureId": "637_68/polygons/25",
        "sourceSha256": "40662aea9102a76b6253ccec54832b0b61542b7199b1881476d2449e69176348",
        "sourceClassification": 1,
        "heightRH2000": 1.15,
        "kind": "flattened-water-surface",
        "sourceHeightRangeRH2000": [
          1.15,
          1.15
        ],
        "clippedHeightRangeRH2000": [
          1.15,
          1.15
        ],
        "constantSourceHeight": true,
        "heightTreatment": "source-constant",
        "shoreline": {
          "lines": [
            [
              [
                688620.12,
                6372460.95,
                1.15
              ],
              [
                688620.59,
                6372460.01,
                1.15
              ],
              [
                688618.88,
                6372455.92,
                1.15
              ],
              [
                688622.06,
                6372451.66,
                1.15
              ],
              [
                688622.54,
                6372447.38,
                1.15
              ],
              [
                688620.34,
                6372440.37,
                1.15
              ],
              [
                688619.03,
                6372433.14,
                1.15
              ],
              [
                688620.67,
                6372425.03,
                1.15
              ],
              [
                688623.64,
                6372419.64,
                1.15
              ],
              [
                688626.57,
                6372420.78,
                1.15
              ],
              [
                688634.26,
                6372416.79,
                1.15
              ],
              [
                688641.75,
                6372406.42,
                1.15
              ],
              [
                688647.07,
                6372396.9,
                1.15
              ],
              [
                688645.32,
                6372383.06,
                1.15
              ],
              [
                688644.41,
                6372361.82,
                1.15
              ],
              [
                688642.07,
                6372327.22,
                1.15
              ],
              [
                688641.89,
                6372327.22,
                1.15
              ],
              [
                688642.01,
                6372326.29,
                1.15
              ],
              [
                688641.73,
                6372322.19,
                1.15
              ],
              [
                688634.34,
                6372283.33,
                1.15
              ],
              [
                688631.52,
                6372251.19,
                1.15
              ],
              [
                688631.08,
                6372246.03,
                1.15
              ],
              [
                688631.0,
                6372245.73,
                1.15
              ],
              [
                688631.04,
                6372245.63,
                1.15
              ],
              [
                688630.43,
                6372238.45,
                1.15
              ],
              [
                688634.29,
                6372225.63,
                1.15
              ],
              [
                688636.0,
                6372215.77,
                1.15
              ],
              [
                688636.0,
                6372215.73,
                1.15
              ],
              [
                688636.02,
                6372215.64,
                1.15
              ],
              [
                688642.23,
                6372179.79,
                1.15
              ],
              [
                688641.85,
                6372177.89,
                1.15
              ],
              [
                688642.54,
                6372178.02,
                1.15
              ],
              [
                688645.31,
                6372162.06,
                1.15
              ],
              [
                688645.97,
                6372151.59,
                1.15
              ],
              [
                688644.97,
                6372141.11,
                1.15
              ],
              [
                688645.17,
                6372132.31,
                1.15
              ],
              [
                688647.03,
                6372125.95,
                1.15
              ],
              [
                688649.03,
                6372120.65,
                1.15
              ],
              [
                688651.57,
                6372115.94,
                1.15
              ],
              [
                688652.05,
                6372112.07,
                1.15
              ],
              [
                688655.87,
                6372107.35,
                1.15
              ],
              [
                688658.7,
                6372101.13,
                1.15
              ],
              [
                688661.51,
                6372087.03,
                1.15
              ],
              [
                688663.41,
                6372073.27,
                1.15
              ],
              [
                688662.91,
                6372073.18,
                1.15
              ],
              [
                688664.13,
                6372066.9,
                1.15
              ],
              [
                688665.0,
                6372058.83,
                1.15
              ],
              [
                688663.69,
                6372050.17,
                1.15
              ],
              [
                688660.54,
                6372042.87,
                1.15
              ],
              [
                688660.42,
                6372036.8,
                1.15
              ],
              [
                688658.64,
                6372030.11,
                1.15
              ],
              [
                688653.82,
                6372022.5,
                1.15
              ],
              [
                688648.7,
                6372016.25,
                1.15
              ],
              [
                688643.53,
                6372012.98,
                1.15
              ],
              [
                688641.94,
                6372013.1,
                1.15
              ],
              [
                688637.84,
                6372009.72,
                1.15
              ],
              [
                688630.98,
                6372007.39,
                1.15
              ],
              [
                688626.88,
                6372007.37,
                1.15
              ],
              [
                688622.02,
                6372007.04,
                1.15
              ],
              [
                688615.82,
                6372004.27,
                1.15
              ],
              [
                688610.83,
                6372001.06,
                1.15
              ],
              [
                688605.85,
                6371995.26,
                1.15
              ],
              [
                688602.08,
                6371990.54,
                1.15
              ],
              [
                688596.18,
                6371987.01,
                1.15
              ],
              [
                688588.93,
                6371982.12,
                1.15
              ],
              [
                688576.92,
                6371977.73,
                1.15
              ],
              [
                688572.61,
                6371974.97,
                1.15
              ],
              [
                688570.58,
                6371971.24,
                1.15
              ],
              [
                688569.19,
                6371962.36,
                1.15
              ],
              [
                688568.77,
                6371955.37,
                1.15
              ],
              [
                688568.96,
                6371948.39,
                1.15
              ],
              [
                688568.83,
                6371944.07,
                1.15
              ],
              [
                688566.88,
                6371940.57,
                1.15
              ],
              [
                688563.24,
                6371940.4,
                1.15
              ],
              [
                688559.6,
                6371940.75,
                1.15
              ],
              [
                688555.72,
                6371940.96,
                1.15
              ],
              [
                688553.74,
                6371943.0,
                1.15
              ],
              [
                688554.17,
                6371947.1,
                1.15
              ],
              [
                688554.91,
                6371951.58,
                1.15
              ],
              [
                688554.05,
                6371956.28,
                1.15
              ],
              [
                688552.28,
                6371959.61,
                1.15
              ],
              [
                688551.36,
                6371962.26,
                1.15
              ],
              [
                688550.88,
                6371966.73,
                1.15
              ],
              [
                688547.59,
                6371971.8,
                1.15
              ],
              [
                688544.05,
                6371979.21,
                1.15
              ],
              [
                688540.45,
                6371986.4,
                1.15
              ],
              [
                688538.07,
                6371991.17,
                1.15
              ],
              [
                688536.53,
                6371995.48,
                1.15
              ],
              [
                688535.74,
                6372000.41,
                1.15
              ],
              [
                688533.22,
                6372003.74,
                1.15
              ],
              [
                688531.38,
                6372006.38,
                1.15
              ],
              [
                688530.6,
                6372010.17,
                1.15
              ],
              [
                688530.2,
                6372013.81,
                1.15
              ],
              [
                688528.51,
                6372017.44,
                1.15
              ],
              [
                688525.77,
                6372019.7,
                1.15
              ],
              [
                688524.29,
                6372020.12,
                1.15
              ],
              [
                688519.72,
                6372024.59,
                1.15
              ],
              [
                688513.72,
                6372027.61,
                1.15
              ],
              [
                688513.2,
                6372027.08,
                1.15
              ],
              [
                688511.45,
                6372028.81,
                1.15
              ],
              [
                688507.88,
                6372030.0,
                1.15
              ],
              [
                688505.15,
                6372029.91,
                1.15
              ],
              [
                688500.9,
                6372029.28,
                1.15
              ],
              [
                688497.79,
                6372030.17,
                1.15
              ],
              [
                688495.11,
                6372033.65,
                1.15
              ],
              [
                688494.8,
                6372035.85,
                1.15
              ],
              [
                688489.63,
                6372045.4,
                1.15
              ],
              [
                688483.97,
                6372049.22,
                1.15
              ],
              [
                688477.19,
                6372052.8,
                1.15
              ],
              [
                688468.58,
                6372061.11,
                1.15
              ],
              [
                688460.41,
                6372071.92,
                1.15
              ],
              [
                688456.53,
                6372082.06,
                1.15
              ],
              [
                688449.5,
                6372089.7,
                1.15
              ],
              [
                688445.65,
                6372093.52,
                1.15
              ],
              [
                688438.62,
                6372095.64,
                1.15
              ],
              [
                688437.17,
                6372096.5,
                1.15
              ],
              [
                688432.74,
                6372103.18,
                1.15
              ],
              [
                688429.16,
                6372108.72,
                1.15
              ],
              [
                688428.91,
                6372109.56,
                1.15
              ],
              [
                688426.81,
                6372117.6,
                1.15
              ],
              [
                688419.11,
                6372125.47,
                1.15
              ],
              [
                688415.26,
                6372128.61,
                1.15
              ],
              [
                688408.71,
                6372129.04,
                1.15
              ],
              [
                688399.86,
                6372140.74,
                1.15
              ],
              [
                688396.24,
                6372143.43,
                1.15
              ],
              [
                688377.66,
                6372160.51,
                1.15
              ],
              [
                688372.69,
                6372162.52,
                1.15
              ],
              [
                688350.7,
                6372184.55,
                1.15
              ],
              [
                688348.2,
                6372190.63,
                1.15
              ],
              [
                688342.07,
                6372198.74,
                1.15
              ],
              [
                688338.66,
                6372204.59,
                1.15
              ],
              [
                688339.97,
                6372216.11,
                1.15
              ],
              [
                688339.25,
                6372225.36,
                1.15
              ],
              [
                688334.93,
                6372232.56,
                1.15
              ],
              [
                688327.91,
                6372239.76,
                1.15
              ],
              [
                688318.39,
                6372249.65,
                1.15
              ],
              [
                688307.75,
                6372256.6,
                1.15
              ],
              [
                688301.87,
                6372260.87,
                1.15
              ],
              [
                688301.6,
                6372269.45,
                1.15
              ],
              [
                688295.71,
                6372274.84,
                1.15
              ],
              [
                688285.99,
                6372279.09,
                1.15
              ],
              [
                688274.25,
                6372280.39,
                1.15
              ],
              [
                688268.61,
                6372278.56,
                1.15
              ],
              [
                688254.76,
                6372298.6,
                1.15
              ],
              [
                688250.91,
                6372301.74,
                1.15
              ],
              [
                688245.47,
                6372308.94,
                1.15
              ],
              [
                688242.27,
                6372319.31,
                1.15
              ],
              [
                688249.7,
                6372322.95,
                1.15
              ],
              [
                688252.84,
                6372327.26,
                1.15
              ],
              [
                688254.39,
                6372334.71,
                1.15
              ],
              [
                688255.26,
                6372343.74,
                1.15
              ],
              [
                688251.31,
                6372347.65,
                1.15
              ],
              [
                688251.08,
                6372348.39,
                1.15
              ],
              [
                688250.02,
                6372354.78,
                1.15
              ],
              [
                688247.28,
                6372361.32,
                1.15
              ],
              [
                688243.2,
                6372366.27,
                1.15
              ],
              [
                688237.76,
                6372370.69,
                1.15
              ],
              [
                688236.93,
                6372382.47,
                1.15
              ],
              [
                688238.39,
                6372382.5,
                1.15
              ],
              [
                688240.42,
                6372384.09,
                1.15
              ],
              [
                688239.26,
                6372392.43,
                1.15
              ],
              [
                688243.3,
                6372397.87,
                1.15
              ],
              [
                688250.29,
                6372398.8,
                1.15
              ],
              [
                688252.52,
                6372404.68,
                1.15
              ],
              [
                688247.55,
                6372407.59,
                1.15
              ],
              [
                688240.99,
                6372410.72,
                1.15
              ],
              [
                688237.79,
                6372411.96,
                1.15
              ],
              [
                688236.63,
                6372422.35,
                1.15
              ],
              [
                688238.67,
                6372424.26,
                1.15
              ],
              [
                688236.16,
                6372430.57,
                1.15
              ],
              [
                688237.72,
                6372437.34,
                1.15
              ],
              [
                688242.44,
                6372440.98,
                1.15
              ],
              [
                688249.87,
                6372445.52,
                1.15
              ],
              [
                688256.68,
                6372452.78,
                1.15
              ],
              [
                688256.51,
                6372457.48,
                1.15
              ],
              [
                688255.11,
                6372463.55,
                1.15
              ],
              [
                688256.73,
                6372471.14,
                1.15
              ],
              [
                688258.37,
                6372477.83,
                1.15
              ],
              [
                688261.52,
                6372483.01,
                1.15
              ],
              [
                688266.2,
                6372488.5,
                1.15
              ],
              [
                688271.46,
                6372497.48,
                1.15
              ],
              [
                688272.9,
                6372500.0,
                1.15
              ],
              [
                688277.62,
                6372508.29,
                1.15
              ],
              [
                688281.68,
                6372514.83,
                1.15
              ],
              [
                688287.09,
                6372524.88,
                1.15
              ],
              [
                688289.8,
                6372528.99,
                1.15
              ],
              [
                688309.76,
                6372549.33,
                1.15
              ],
              [
                688320.85,
                6372562.85,
                1.15
              ],
              [
                688323.09,
                6372562.99,
                1.15
              ],
              [
                688332.67,
                6372577.24,
                1.15
              ],
              [
                688337.04,
                6372582.57,
                1.15
              ],
              [
                688338.9,
                6372584.69,
                1.15
              ],
              [
                688342.12,
                6372586.92,
                1.15
              ],
              [
                688342.19,
                6372588.46,
                1.15
              ],
              [
                688348.92,
                6372596.16,
                1.15
              ],
              [
                688352.46,
                6372597.62,
                1.15
              ],
              [
                688356.74,
                6372605.58,
                1.15
              ],
              [
                688357.55,
                6372606.66,
                1.15
              ],
              [
                688357.93,
                6372607.8,
                1.15
              ],
              [
                688361.08,
                6372613.66,
                1.15
              ],
              [
                688372.94,
                6372627.0,
                1.15
              ],
              [
                688380.52,
                6372639.16,
                1.15
              ],
              [
                688386.07,
                6372643.6,
                1.15
              ],
              [
                688395.01,
                6372645.52,
                1.15
              ],
              [
                688406.3,
                6372642.52,
                1.15
              ],
              [
                688408.34,
                6372642.56,
                1.15
              ],
              [
                688409.86,
                6372641.7,
                1.15
              ],
              [
                688416.26,
                6372637.48,
                1.15
              ],
              [
                688419.44,
                6372634.34,
                1.15
              ],
              [
                688421.42,
                6372631.58,
                1.15
              ],
              [
                688426.96,
                6372627.18,
                1.15
              ],
              [
                688430.92,
                6372626.11,
                1.15
              ],
              [
                688441.56,
                6372625.87,
                1.15
              ],
              [
                688466.17,
                6372622.56,
                1.15
              ],
              [
                688466.3,
                6372622.52,
                1.15
              ],
              [
                688466.36,
                6372622.53,
                1.15
              ],
              [
                688467.03,
                6372622.44,
                1.15
              ],
              [
                688483.8,
                6372623.43,
                1.15
              ],
              [
                688486.3,
                6372622.52,
                1.15
              ],
              [
                688490.41,
                6372622.92,
                1.15
              ],
              [
                688492.68,
                6372622.73,
                1.15
              ],
              [
                688498.76,
                6372620.34,
                1.15
              ],
              [
                688501.8,
                6372619.75,
                1.15
              ],
              [
                688504.67,
                6372621.44,
                1.15
              ],
              [
                688505.03,
                6372621.68,
                1.15
              ],
              [
                688508.05,
                6372622.08,
                1.15
              ],
              [
                688508.91,
                6372622.93,
                1.15
              ],
              [
                688513.96,
                6372621.8,
                1.15
              ],
              [
                688518.34,
                6372624.88,
                1.15
              ],
              [
                688518.98,
                6372629.85,
                1.15
              ],
              [
                688518.06,
                6372631.54,
                1.15
              ],
              [
                688514.7,
                6372632.96,
                1.15
              ],
              [
                688514.21,
                6372634.64,
                1.15
              ],
              [
                688514.92,
                6372636.07,
                1.15
              ],
              [
                688517.3,
                6372639.2,
                1.15
              ],
              [
                688517.06,
                6372643.44,
                1.15
              ],
              [
                688516.84,
                6372648.5,
                1.15
              ],
              [
                688517.95,
                6372652.59,
                1.15
              ],
              [
                688518.65,
                6372656.32,
                1.15
              ],
              [
                688521.64,
                6372668.09,
                1.15
              ],
              [
                688522.73,
                6372668.95,
                1.15
              ],
              [
                688526.12,
                6372669.42,
                1.15
              ],
              [
                688530.81,
                6372671.27,
                1.15
              ],
              [
                688531.89,
                6372676.19,
                1.15
              ],
              [
                688532.92,
                6372677.01,
                1.15
              ],
              [
                688539.53,
                6372695.3,
                1.15
              ],
              [
                688541.14,
                6372696.36,
                1.15
              ],
              [
                688542.97,
                6372696.22,
                1.15
              ],
              [
                688546.78,
                6372692.3,
                1.15
              ],
              [
                688549.55,
                6372686.24,
                1.15
              ],
              [
                688550.8,
                6372679.88,
                1.15
              ],
              [
                688550.54,
                6372672.29,
                1.15
              ],
              [
                688548.44,
                6372666.66,
                1.15
              ],
              [
                688548.59,
                6372665.18,
                1.15
              ],
              [
                688547.03,
                6372663.19,
                1.15
              ],
              [
                688547.46,
                6372657.53,
                1.15
              ],
              [
                688549.05,
                6372657.19,
                1.15
              ],
              [
                688549.12,
                6372654.68,
                1.15
              ],
              [
                688550.82,
                6372649.22,
                1.15
              ],
              [
                688554.64,
                6372643.63,
                1.15
              ],
              [
                688558.78,
                6372636.22,
                1.15
              ],
              [
                688561.7,
                6372630.16,
                1.15
              ],
              [
                688570.55,
                6372621.87,
                1.15
              ],
              [
                688580.93,
                6372609.78,
                1.15
              ],
              [
                688592.4,
                6372602.96,
                1.15
              ],
              [
                688592.55,
                6372602.62,
                1.15
              ],
              [
                688593.18,
                6372602.13,
                1.15
              ],
              [
                688594.62,
                6372600.59,
                1.15
              ],
              [
                688598.4,
                6372597.57,
                1.15
              ],
              [
                688598.41,
                6372597.54,
                1.15
              ],
              [
                688599.62,
                6372593.98,
                1.15
              ],
              [
                688599.86,
                6372593.37,
                1.15
              ],
              [
                688599.96,
                6372586.85,
                1.15
              ],
              [
                688599.17,
                6372583.24,
                1.15
              ],
              [
                688598.28,
                6372580.66,
                1.15
              ],
              [
                688594.38,
                6372571.48,
                1.15
              ],
              [
                688593.57,
                6372557.94,
                1.15
              ],
              [
                688588.32,
                6372534.89,
                1.15
              ],
              [
                688588.4,
                6372534.54,
                1.15
              ],
              [
                688587.44,
                6372531.47,
                1.15
              ],
              [
                688593.08,
                6372514.3,
                1.15
              ],
              [
                688595.41,
                6372500.0,
                1.15
              ],
              [
                688595.56,
                6372499.08,
                1.15
              ],
              [
                688600.15,
                6372488.73,
                1.15
              ],
              [
                688604.26,
                6372480.86,
                1.15
              ],
              [
                688605.13,
                6372474.66,
                1.15
              ],
              [
                688607.06,
                6372470.6,
                1.15
              ],
              [
                688611.62,
                6372468.71,
                1.15
              ],
              [
                688620.12,
                6372460.95,
                1.15
              ]
            ],
            [
              [
                688288.5,
                6372482.92,
                1.15
              ],
              [
                688286.74,
                6372480.58,
                1.15
              ],
              [
                688283.42,
                6372478.13,
                1.15
              ],
              [
                688282.94,
                6372475.83,
                1.15
              ],
              [
                688281.47,
                6372474.03,
                1.15
              ],
              [
                688280.55,
                6372465.46,
                1.15
              ],
              [
                688278.21,
                6372459.44,
                1.15
              ],
              [
                688271.35,
                6372438.31,
                1.15
              ],
              [
                688269.59,
                6372432.75,
                1.15
              ],
              [
                688267.17,
                6372433.1,
                1.15
              ],
              [
                688266.9,
                6372430.98,
                1.15
              ],
              [
                688267.79,
                6372426.57,
                1.15
              ],
              [
                688265.98,
                6372419.92,
                1.15
              ],
              [
                688265.88,
                6372412.33,
                1.15
              ],
              [
                688268.33,
                6372407.64,
                1.15
              ],
              [
                688272.29,
                6372404.93,
                1.15
              ],
              [
                688274.89,
                6372401.91,
                1.15
              ],
              [
                688276.74,
                6372396.0,
                1.15
              ],
              [
                688278.44,
                6372390.55,
                1.15
              ],
              [
                688278.92,
                6372386.91,
                1.15
              ],
              [
                688280.64,
                6372377.96,
                1.15
              ],
              [
                688282.62,
                6372375.09,
                1.15
              ],
              [
                688286.28,
                6372372.99,
                1.15
              ],
              [
                688291.15,
                6372370.44,
                1.15
              ],
              [
                688292.99,
                6372366.8,
                1.15
              ],
              [
                688293.77,
                6372363.32,
                1.15
              ],
              [
                688298.65,
                6372358.03,
                1.15
              ],
              [
                688305.05,
                6372354.58,
                1.15
              ],
              [
                688310.08,
                6372350.66,
                1.15
              ],
              [
                688315.58,
                6372343.71,
                1.15
              ],
              [
                688320.32,
                6372337.06,
                1.15
              ],
              [
                688327.18,
                6372331.79,
                1.15
              ],
              [
                688333.73,
                6372326.82,
                1.15
              ],
              [
                688339.38,
                6372320.63,
                1.15
              ],
              [
                688342.9,
                6372315.03,
                1.15
              ],
              [
                688345.52,
                6372308.67,
                1.15
              ],
              [
                688350.12,
                6372300.5,
                1.15
              ],
              [
                688353.79,
                6372294.45,
                1.15
              ],
              [
                688358.85,
                6372285.83,
                1.15
              ],
              [
                688360.69,
                6372282.98,
                1.15
              ],
              [
                688361.09,
                6372281.51,
                1.15
              ],
              [
                688367.94,
                6372273.16,
                1.15
              ],
              [
                688369.0,
                6372271.01,
                1.15
              ],
              [
                688372.79,
                6372261.63,
                1.15
              ],
              [
                688377.56,
                6372250.73,
                1.15
              ],
              [
                688380.95,
                6372241.64,
                1.15
              ],
              [
                688382.01,
                6372238.07,
                1.15
              ],
              [
                688381.82,
                6372236.08,
                1.15
              ],
              [
                688383.65,
                6372234.13,
                1.15
              ],
              [
                688384.8,
                6372231.65,
                1.15
              ],
              [
                688391.79,
                6372230.32,
                1.15
              ],
              [
                688392.25,
                6372229.57,
                1.15
              ],
              [
                688396.03,
                6372231.26,
                1.15
              ],
              [
                688397.52,
                6372236.12,
                1.15
              ],
              [
                688398.22,
                6372240.52,
                1.15
              ],
              [
                688398.59,
                6372241.14,
                1.15
              ],
              [
                688400.46,
                6372250.08,
                1.15
              ],
              [
                688400.34,
                6372253.76,
                1.15
              ],
              [
                688400.45,
                6372254.5,
                1.15
              ],
              [
                688400.7,
                6372264.52,
                1.15
              ],
              [
                688398.84,
                6372272.24,
                1.15
              ],
              [
                688398.7,
                6372277.11,
                1.15
              ],
              [
                688400.98,
                6372283.26,
                1.15
              ],
              [
                688402.71,
                6372286.38,
                1.15
              ],
              [
                688406.79,
                6372289.28,
                1.15
              ],
              [
                688411.04,
                6372288.55,
                1.15
              ],
              [
                688413.61,
                6372290.54,
                1.15
              ],
              [
                688415.4,
                6372296.16,
                1.15
              ],
              [
                688417.17,
                6372306.03,
                1.15
              ],
              [
                688418.34,
                6372312.26,
                1.15
              ],
              [
                688418.9,
                6372322.28,
                1.15
              ],
              [
                688418.09,
                6372331.38,
                1.15
              ],
              [
                688414.54,
                6372341.38,
                1.15
              ],
              [
                688409.94,
                6372349.4,
                1.15
              ],
              [
                688403.98,
                6372356.65,
                1.15
              ],
              [
                688397.72,
                6372364.2,
                1.15
              ],
              [
                688391.01,
                6372370.99,
                1.15
              ],
              [
                688385.47,
                6372383.1,
                1.15
              ],
              [
                688381.77,
                6372393.55,
                1.15
              ],
              [
                688381.67,
                6372394.69,
                1.15
              ],
              [
                688383.2,
                6372404.07,
                1.15
              ],
              [
                688380.4,
                6372407.71,
                1.15
              ],
              [
                688379.7,
                6372410.99,
                1.15
              ],
              [
                688378.44,
                6372420.69,
                1.15
              ],
              [
                688378.68,
                6372431.17,
                1.15
              ],
              [
                688379.99,
                6372441.64,
                1.15
              ],
              [
                688384.65,
                6372449.86,
                1.15
              ],
              [
                688393.27,
                6372454.62,
                1.15
              ],
              [
                688404.17,
                6372459.69,
                1.15
              ],
              [
                688405.51,
                6372460.33,
                1.15
              ],
              [
                688408.58,
                6372461.16,
                1.15
              ],
              [
                688410.19,
                6372462.46,
                1.15
              ],
              [
                688417.35,
                6372464.46,
                1.15
              ],
              [
                688420.97,
                6372468.88,
                1.15
              ],
              [
                688422.45,
                6372474.81,
                1.15
              ],
              [
                688419.55,
                6372477.53,
                1.15
              ],
              [
                688418.01,
                6372482.07,
                1.15
              ],
              [
                688419.91,
                6372487.15,
                1.15
              ],
              [
                688421.71,
                6372489.61,
                1.15
              ],
              [
                688426.29,
                6372493.65,
                1.15
              ],
              [
                688432.94,
                6372498.69,
                1.15
              ],
              [
                688434.5,
                6372500.0,
                1.15
              ],
              [
                688439.13,
                6372503.89,
                1.15
              ],
              [
                688440.91,
                6372511.94,
                1.15
              ],
              [
                688438.0,
                6372515.82,
                1.15
              ],
              [
                688436.04,
                6372520.95,
                1.15
              ],
              [
                688433.91,
                6372538.63,
                1.15
              ],
              [
                688428.98,
                6372543.64,
                1.15
              ],
              [
                688421.99,
                6372547.06,
                1.15
              ],
              [
                688413.95,
                6372553.6,
                1.15
              ],
              [
                688411.61,
                6372553.7,
                1.15
              ],
              [
                688411.54,
                6372553.96,
                1.15
              ],
              [
                688408.34,
                6372555.46,
                1.15
              ],
              [
                688404.56,
                6372554.23,
                1.15
              ],
              [
                688401.47,
                6372552.1,
                1.15
              ],
              [
                688400.05,
                6372551.6,
                1.15
              ],
              [
                688397.52,
                6372552.58,
                1.15
              ],
              [
                688395.51,
                6372560.43,
                1.15
              ],
              [
                688395.06,
                6372576.36,
                1.15
              ],
              [
                688395.47,
                6372578.61,
                1.15
              ],
              [
                688393.61,
                6372585.12,
                1.15
              ],
              [
                688388.89,
                6372587.68,
                1.15
              ],
              [
                688380.98,
                6372590.67,
                1.15
              ],
              [
                688369.48,
                6372585.6,
                1.15
              ],
              [
                688358.14,
                6372577.79,
                1.15
              ],
              [
                688354.53,
                6372572.01,
                1.15
              ],
              [
                688351.67,
                6372566.68,
                1.15
              ],
              [
                688350.03,
                6372562.27,
                1.15
              ],
              [
                688348.16,
                6372557.8,
                1.15
              ],
              [
                688339.13,
                6372547.21,
                1.15
              ],
              [
                688336.61,
                6372546.26,
                1.15
              ],
              [
                688330.42,
                6372541.22,
                1.15
              ],
              [
                688329.37,
                6372540.31,
                1.15
              ],
              [
                688319.77,
                6372535.56,
                1.15
              ],
              [
                688314.65,
                6372530.33,
                1.15
              ],
              [
                688311.93,
                6372524.47,
                1.15
              ],
              [
                688312.41,
                6372522.16,
                1.15
              ],
              [
                688311.41,
                6372519.72,
                1.15
              ],
              [
                688310.24,
                6372513.34,
                1.15
              ],
              [
                688311.16,
                6372510.46,
                1.15
              ],
              [
                688307.99,
                6372508.62,
                1.15
              ],
              [
                688302.37,
                6372508.59,
                1.15
              ],
              [
                688300.86,
                6372507.22,
                1.15
              ],
              [
                688298.78,
                6372501.71,
                1.15
              ],
              [
                688298.62,
                6372501.56,
                1.15
              ],
              [
                688297.77,
                6372500.0,
                1.15
              ],
              [
                688295.23,
                6372495.32,
                1.15
              ],
              [
                688293.2,
                6372492.76,
                1.15
              ],
              [
                688291.1,
                6372488.19,
                1.15
              ],
              [
                688290.71,
                6372487.0,
                1.15
              ],
              [
                688288.5,
                6372482.92,
                1.15
              ]
            ],
            [
              [
                688554.46,
                6372276.41,
                1.15
              ],
              [
                688551.24,
                6372282.31,
                1.15
              ],
              [
                688546.49,
                6372289.72,
                1.15
              ],
              [
                688542.66,
                6372296.22,
                1.15
              ],
              [
                688540.63,
                6372305.62,
                1.15
              ],
              [
                688539.8,
                6372319.58,
                1.15
              ],
              [
                688539.0,
                6372322.46,
                1.15
              ],
              [
                688538.91,
                6372323.63,
                1.15
              ],
              [
                688538.59,
                6372323.95,
                1.15
              ],
              [
                688537.79,
                6372326.85,
                1.15
              ],
              [
                688530.77,
                6372332.73,
                1.15
              ],
              [
                688529.48,
                6372333.07,
                1.15
              ],
              [
                688528.95,
                6372333.6,
                1.15
              ],
              [
                688527.7,
                6372333.55,
                1.15
              ],
              [
                688525.76,
                6372334.07,
                1.15
              ],
              [
                688524.67,
                6372333.41,
                1.15
              ],
              [
                688522.09,
                6372333.29,
                1.15
              ],
              [
                688520.19,
                6372329.54,
                1.15
              ],
              [
                688520.1,
                6372328.13,
                1.15
              ],
              [
                688518.67,
                6372325.38,
                1.15
              ],
              [
                688517.79,
                6372320.67,
                1.15
              ],
              [
                688519.65,
                6372313.09,
                1.15
              ],
              [
                688525.19,
                6372298.71,
                1.15
              ],
              [
                688527.02,
                6372297.65,
                1.15
              ],
              [
                688527.27,
                6372296.2,
                1.15
              ],
              [
                688526.18,
                6372286.54,
                1.15
              ],
              [
                688533.86,
                6372275.44,
                1.15
              ],
              [
                688534.9,
                6372273.11,
                1.15
              ],
              [
                688538.59,
                6372264.79,
                1.15
              ],
              [
                688542.7,
                6372261.47,
                1.15
              ],
              [
                688546.34,
                6372262.4,
                1.15
              ],
              [
                688551.02,
                6372265.77,
                1.15
              ],
              [
                688554.63,
                6372272.01,
                1.15
              ],
              [
                688554.46,
                6372276.41,
                1.15
              ]
            ],
            [
              [
                688500.35,
                6372439.88,
                1.15
              ],
              [
                688496.69,
                6372441.53,
                1.15
              ],
              [
                688495.98,
                6372441.56,
                1.15
              ],
              [
                688493.95,
                6372443.6,
                1.15
              ],
              [
                688489.51,
                6372444.93,
                1.15
              ],
              [
                688483.49,
                6372443.52,
                1.15
              ],
              [
                688482.57,
                6372443.88,
                1.15
              ],
              [
                688481.64,
                6372446.46,
                1.15
              ],
              [
                688479.34,
                6372452.06,
                1.15
              ],
              [
                688475.06,
                6372456.13,
                1.15
              ],
              [
                688469.88,
                6372460.51,
                1.15
              ],
              [
                688465.14,
                6372466.7,
                1.15
              ],
              [
                688460.87,
                6372471.08,
                1.15
              ],
              [
                688459.96,
                6372470.97,
                1.15
              ],
              [
                688458.82,
                6372472.53,
                1.15
              ],
              [
                688456.57,
                6372472.65,
                1.15
              ],
              [
                688447.02,
                6372463.42,
                1.15
              ],
              [
                688445.1,
                6372455.56,
                1.15
              ],
              [
                688446.04,
                6372453.67,
                1.15
              ],
              [
                688446.88,
                6372448.24,
                1.15
              ],
              [
                688451.31,
                6372443.71,
                1.15
              ],
              [
                688456.18,
                6372441.01,
                1.15
              ],
              [
                688456.97,
                6372439.62,
                1.15
              ],
              [
                688456.81,
                6372436.07,
                1.15
              ],
              [
                688461.08,
                6372426.5,
                1.15
              ],
              [
                688466.03,
                6372421.51,
                1.15
              ],
              [
                688470.51,
                6372418.6,
                1.15
              ],
              [
                688471.19,
                6372415.29,
                1.15
              ],
              [
                688473.02,
                6372414.09,
                1.15
              ],
              [
                688477.44,
                6372414.11,
                1.15
              ],
              [
                688480.61,
                6372412.05,
                1.15
              ],
              [
                688497.39,
                6372411.38,
                1.15
              ],
              [
                688498.15,
                6372414.09,
                1.15
              ],
              [
                688497.84,
                6372415.23,
                1.15
              ],
              [
                688499.1,
                6372418.78,
                1.15
              ],
              [
                688497.5,
                6372423.2,
                1.15
              ],
              [
                688499.86,
                6372430.58,
                1.15
              ],
              [
                688499.84,
                6372430.7,
                1.15
              ],
              [
                688500.84,
                6372433.06,
                1.15
              ],
              [
                688502.04,
                6372435.65,
                1.15
              ],
              [
                688500.35,
                6372439.88,
                1.15
              ]
            ],
            [
              [
                688542.85,
                6372156.0,
                1.15
              ],
              [
                688545.43,
                6372156.62,
                1.15
              ],
              [
                688552.56,
                6372157.12,
                1.15
              ],
              [
                688555.44,
                6372157.56,
                1.15
              ],
              [
                688559.0,
                6372156.88,
                1.15
              ],
              [
                688569.1,
                6372165.58,
                1.15
              ],
              [
                688573.54,
                6372171.13,
                1.15
              ],
              [
                688574.86,
                6372175.58,
                1.15
              ],
              [
                688574.88,
                6372179.07,
                1.15
              ],
              [
                688576.69,
                6372183.81,
                1.15
              ],
              [
                688576.78,
                6372195.95,
                1.15
              ],
              [
                688573.7,
                6372204.28,
                1.15
              ],
              [
                688571.7,
                6372209.27,
                1.15
              ],
              [
                688568.49,
                6372213.51,
                1.15
              ],
              [
                688568.24,
                6372214.37,
                1.15
              ],
              [
                688569.86,
                6372220.58,
                1.15
              ],
              [
                688568.34,
                6372228.06,
                1.15
              ],
              [
                688565.05,
                6372230.03,
                1.15
              ],
              [
                688562.75,
                6372235.02,
                1.15
              ],
              [
                688555.3,
                6372237.71,
                1.15
              ],
              [
                688545.13,
                6372238.72,
                1.15
              ],
              [
                688535.88,
                6372237.0,
                1.15
              ],
              [
                688527.55,
                6372233.61,
                1.15
              ],
              [
                688522.42,
                6372229.18,
                1.15
              ],
              [
                688522.07,
                6372228.52,
                1.15
              ],
              [
                688521.97,
                6372228.47,
                1.15
              ],
              [
                688513.28,
                6372213.18,
                1.15
              ],
              [
                688512.86,
                6372213.35,
                1.15
              ],
              [
                688510.95,
                6372215.56,
                1.15
              ],
              [
                688509.72,
                6372219.7,
                1.15
              ],
              [
                688508.17,
                6372224.7,
                1.15
              ],
              [
                688505.59,
                6372226.06,
                1.15
              ],
              [
                688500.59,
                6372224.51,
                1.15
              ],
              [
                688497.57,
                6372221.76,
                1.15
              ],
              [
                688495.04,
                6372218.6,
                1.15
              ],
              [
                688493.96,
                6372217.75,
                1.15
              ],
              [
                688488.03,
                6372217.16,
                1.15
              ],
              [
                688486.06,
                6372217.78,
                1.15
              ],
              [
                688478.95,
                6372223.6,
                1.15
              ],
              [
                688471.48,
                6372223.9,
                1.15
              ],
              [
                688470.25,
                6372222.69,
                1.15
              ],
              [
                688467.97,
                6372222.2,
                1.15
              ],
              [
                688464.2,
                6372217.33,
                1.15
              ],
              [
                688463.89,
                6372216.37,
                1.15
              ],
              [
                688461.98,
                6372214.47,
                1.15
              ],
              [
                688462.58,
                6372206.47,
                1.15
              ],
              [
                688460.73,
                6372200.09,
                1.15
              ],
              [
                688461.12,
                6372198.92,
                1.15
              ],
              [
                688460.67,
                6372198.34,
                1.15
              ],
              [
                688459.33,
                6372194.08,
                1.15
              ],
              [
                688461.01,
                6372192.12,
                1.15
              ],
              [
                688464.95,
                6372191.53,
                1.15
              ],
              [
                688469.96,
                6372191.41,
                1.15
              ],
              [
                688475.88,
                6372190.99,
                1.15
              ],
              [
                688480.28,
                6372189.01,
                1.15
              ],
              [
                688481.63,
                6372187.06,
                1.15
              ],
              [
                688484.19,
                6372186.16,
                1.15
              ],
              [
                688484.72,
                6372185.73,
                1.15
              ],
              [
                688488.68,
                6372182.56,
                1.15
              ],
              [
                688494.15,
                6372181.23,
                1.15
              ],
              [
                688495.69,
                6372180.69,
                1.15
              ],
              [
                688506.04,
                6372171.52,
                1.15
              ],
              [
                688529.16,
                6372164.11,
                1.15
              ],
              [
                688532.46,
                6372162.53,
                1.15
              ],
              [
                688536.93,
                6372156.58,
                1.15
              ],
              [
                688536.63,
                6372155.97,
                1.15
              ],
              [
                688538.61,
                6372155.98,
                1.15
              ],
              [
                688539.54,
                6372155.98,
                1.15
              ],
              [
                688540.03,
                6372155.79,
                1.15
              ],
              [
                688540.73,
                6372155.99,
                1.15
              ],
              [
                688542.85,
                6372156.0,
                1.15
              ]
            ]
          ],
          "coordinateOrder": [
            "easting",
            "northing",
            "heightRH2000"
          ],
          "source": "canonical-water-boundary-minus-AOI-and-source-item-rectangle-edges",
          "suppressedArtificialEdges": 0,
          "reviewStatus": "source-derived-water-boundary-not-surveyed-shore"
        },
        "waterKind": "inland-water",
        "isSea": false,
        "seaAssociation": null,
        "offshoreReferenceEpsg3006": null,
        "geometryUse": "source-derived-candidate",
        "reviewStatus": "source-topology-checked-not-field-reviewed",
        "clipBoundaryIsShore": false,
        "bathymetry": null
      },
      "geometry": {
        "type": "Polygon",
        "coordinates": [
          [
            [
              688620.12,
              6372460.95,
              1.15
            ],
            [
              688620.59,
              6372460.01,
              1.15
            ],
            [
              688618.88,
              6372455.92,
              1.15
            ],
            [
              688622.06,
              6372451.66,
              1.15
            ],
            [
              688622.54,
              6372447.38,
              1.15
            ],
            [
              688620.34,
              6372440.37,
              1.15
            ],
            [
              688619.03,
              6372433.14,
              1.15
            ],
            [
              688620.67,
              6372425.03,
              1.15
            ],
            [
              688623.64,
              6372419.64,
              1.15
            ],
            [
              688626.57,
              6372420.78,
              1.15
            ],
            [
              688634.26,
              6372416.79,
              1.15
            ],
            [
              688641.75,
              6372406.42,
              1.15
            ],
            [
              688647.07,
              6372396.9,
              1.15
            ],
            [
              688645.32,
              6372383.06,
              1.15
            ],
            [
              688644.41,
              6372361.82,
              1.15
            ],
            [
              688642.07,
              6372327.22,
              1.15
            ],
            [
              688641.89,
              6372327.22,
              1.15
            ],
            [
              688642.01,
              6372326.29,
              1.15
            ],
            [
              688641.73,
              6372322.19,
              1.15
            ],
            [
              688634.34,
              6372283.33,
              1.15
            ],
            [
              688631.52,
              6372251.19,
              1.15
            ],
            [
              688631.08,
              6372246.03,
              1.15
            ],
            [
              688631.0,
              6372245.73,
              1.15
            ],
            [
              688631.04,
              6372245.63,
              1.15
            ],
            [
              688630.43,
              6372238.45,
              1.15
            ],
            [
              688634.29,
              6372225.63,
              1.15
            ],
            [
              688636.0,
              6372215.77,
              1.15
            ],
            [
              688636.0,
              6372215.73,
              1.15
            ],
            [
              688636.02,
              6372215.64,
              1.15
            ],
            [
              688642.23,
              6372179.79,
              1.15
            ],
            [
              688641.85,
              6372177.89,
              1.15
            ],
            [
              688642.54,
              6372178.02,
              1.15
            ],
            [
              688645.31,
              6372162.06,
              1.15
            ],
            [
              688645.97,
              6372151.59,
              1.15
            ],
            [
              688644.97,
              6372141.11,
              1.15
            ],
            [
              688645.17,
              6372132.31,
              1.15
            ],
            [
              688647.03,
              6372125.95,
              1.15
            ],
            [
              688649.03,
              6372120.65,
              1.15
            ],
            [
              688651.57,
              6372115.94,
              1.15
            ],
            [
              688652.05,
              6372112.07,
              1.15
            ],
            [
              688655.87,
              6372107.35,
              1.15
            ],
            [
              688658.7,
              6372101.13,
              1.15
            ],
            [
              688661.51,
              6372087.03,
              1.15
            ],
            [
              688663.41,
              6372073.27,
              1.15
            ],
            [
              688662.91,
              6372073.18,
              1.15
            ],
            [
              688664.13,
              6372066.9,
              1.15
            ],
            [
              688665.0,
              6372058.83,
              1.15
            ],
            [
              688663.69,
              6372050.17,
              1.15
            ],
            [
              688660.54,
              6372042.87,
              1.15
            ],
            [
              688660.42,
              6372036.8,
              1.15
            ],
            [
              688658.64,
              6372030.11,
              1.15
            ],
            [
              688653.82,
              6372022.5,
              1.15
            ],
            [
              688648.7,
              6372016.25,
              1.15
            ],
            [
              688643.53,
              6372012.98,
              1.15
            ],
            [
              688641.94,
              6372013.1,
              1.15
            ],
            [
              688637.84,
              6372009.72,
              1.15
            ],
            [
              688630.98,
              6372007.39,
              1.15
            ],
            [
              688626.88,
              6372007.37,
              1.15
            ],
            [
              688622.02,
              6372007.04,
              1.15
            ],
            [
              688615.82,
              6372004.27,
              1.15
            ],
            [
              688610.83,
              6372001.06,
              1.15
            ],
            [
              688605.85,
              6371995.26,
              1.15
            ],
            [
              688602.08,
              6371990.54,
              1.15
            ],
            [
              688596.18,
              6371987.01,
              1.15
            ],
            [
              688588.93,
              6371982.12,
              1.15
            ],
            [
              688576.92,
              6371977.73,
              1.15
            ],
            [
              688572.61,
              6371974.97,
              1.15
            ],
            [
              688570.58,
              6371971.24,
              1.15
            ],
            [
              688569.19,
              6371962.36,
              1.15
            ],
            [
              688568.77,
              6371955.37,
              1.15
            ],
            [
              688568.96,
              6371948.39,
              1.15
            ],
            [
              688568.83,
              6371944.07,
              1.15
            ],
            [
              688566.88,
              6371940.57,
              1.15
            ],
            [
              688563.24,
              6371940.4,
              1.15
            ],
            [
              688559.6,
              6371940.75,
              1.15
            ],
            [
              688555.72,
              6371940.96,
              1.15
            ],
            [
              688553.74,
              6371943.0,
              1.15
            ],
            [
              688554.17,
              6371947.1,
              1.15
            ],
            [
              688554.91,
              6371951.58,
              1.15
            ],
            [
              688554.05,
              6371956.28,
              1.15
            ],
            [
              688552.28,
              6371959.61,
              1.15
            ],
            [
              688551.36,
              6371962.26,
              1.15
            ],
            [
              688550.88,
              6371966.73,
              1.15
            ],
            [
              688547.59,
              6371971.8,
              1.15
            ],
            [
              688544.05,
              6371979.21,
              1.15
            ],
            [
              688540.45,
              6371986.4,
              1.15
            ],
            [
              688538.07,
              6371991.17,
              1.15
            ],
            [
              688536.53,
              6371995.48,
              1.15
            ],
            [
              688535.74,
              6372000.41,
              1.15
            ],
            [
              688533.22,
              6372003.74,
              1.15
            ],
            [
              688531.38,
              6372006.38,
              1.15
            ],
            [
              688530.6,
              6372010.17,
              1.15
            ],
            [
              688530.2,
              6372013.81,
              1.15
            ],
            [
              688528.51,
              6372017.44,
              1.15
            ],
            [
              688525.77,
              6372019.7,
              1.15
            ],
            [
              688524.29,
              6372020.12,
              1.15
            ],
            [
              688519.72,
              6372024.59,
              1.15
            ],
            [
              688513.72,
              6372027.61,
              1.15
            ],
            [
              688513.2,
              6372027.08,
              1.15
            ],
            [
              688511.45,
              6372028.81,
              1.15
            ],
            [
              688507.88,
              6372030.0,
              1.15
            ],
            [
              688505.15,
              6372029.91,
              1.15
            ],
            [
              688500.9,
              6372029.28,
              1.15
            ],
            [
              688497.79,
              6372030.17,
              1.15
            ],
            [
              688495.11,
              6372033.65,
              1.15
            ],
            [
              688494.8,
              6372035.85,
              1.15
            ],
            [
              688489.63,
              6372045.4,
              1.15
            ],
            [
              688483.97,
              6372049.22,
              1.15
            ],
            [
              688477.19,
              6372052.8,
              1.15
            ],
            [
              688468.58,
              6372061.11,
              1.15
            ],
            [
              688460.41,
              6372071.92,
              1.15
            ],
            [
              688456.53,
              6372082.06,
              1.15
            ],
            [
              688449.5,
              6372089.7,
              1.15
            ],
            [
              688445.65,
              6372093.52,
              1.15
            ],
            [
              688438.62,
              6372095.64,
              1.15
            ],
            [
              688437.17,
              6372096.5,
              1.15
            ],
            [
              688432.74,
              6372103.18,
              1.15
            ],
            [
              688429.16,
              6372108.72,
              1.15
            ],
            [
              688428.91,
              6372109.56,
              1.15
            ],
            [
              688426.81,
              6372117.6,
              1.15
            ],
            [
              688419.11,
              6372125.47,
              1.15
            ],
            [
              688415.26,
              6372128.61,
              1.15
            ],
            [
              688408.71,
              6372129.04,
              1.15
            ],
            [
              688399.86,
              6372140.74,
              1.15
            ],
            [
              688396.24,
              6372143.43,
              1.15
            ],
            [
              688377.66,
              6372160.51,
              1.15
            ],
            [
              688372.69,
              6372162.52,
              1.15
            ],
            [
              688350.7,
              6372184.55,
              1.15
            ],
            [
              688348.2,
              6372190.63,
              1.15
            ],
            [
              688342.07,
              6372198.74,
              1.15
            ],
            [
              688338.66,
              6372204.59,
              1.15
            ],
            [
              688339.97,
              6372216.11,
              1.15
            ],
            [
              688339.25,
              6372225.36,
              1.15
            ],
            [
              688334.93,
              6372232.56,
              1.15
            ],
            [
              688327.91,
              6372239.76,
              1.15
            ],
            [
              688318.39,
              6372249.65,
              1.15
            ],
            [
              688307.75,
              6372256.6,
              1.15
            ],
            [
              688301.87,
              6372260.87,
              1.15
            ],
            [
              688301.6,
              6372269.45,
              1.15
            ],
            [
              688295.71,
              6372274.84,
              1.15
            ],
            [
              688285.99,
              6372279.09,
              1.15
            ],
            [
              688274.25,
              6372280.39,
              1.15
            ],
            [
              688268.61,
              6372278.56,
              1.15
            ],
            [
              688254.76,
              6372298.6,
              1.15
            ],
            [
              688250.91,
              6372301.74,
              1.15
            ],
            [
              688245.47,
              6372308.94,
              1.15
            ],
            [
              688242.27,
              6372319.31,
              1.15
            ],
            [
              688249.7,
              6372322.95,
              1.15
            ],
            [
              688252.84,
              6372327.26,
              1.15
            ],
            [
              688254.39,
              6372334.71,
              1.15
            ],
            [
              688255.26,
              6372343.74,
              1.15
            ],
            [
              688251.31,
              6372347.65,
              1.15
            ],
            [
              688251.08,
              6372348.39,
              1.15
            ],
            [
              688250.02,
              6372354.78,
              1.15
            ],
            [
              688247.28,
              6372361.32,
              1.15
            ],
            [
              688243.2,
              6372366.27,
              1.15
            ],
            [
              688237.76,
              6372370.69,
              1.15
            ],
            [
              688236.93,
              6372382.47,
              1.15
            ],
            [
              688238.39,
              6372382.5,
              1.15
            ],
            [
              688240.42,
              6372384.09,
              1.15
            ],
            [
              688239.26,
              6372392.43,
              1.15
            ],
            [
              688243.3,
              6372397.87,
              1.15
            ],
            [
              688250.29,
              6372398.8,
              1.15
            ],
            [
              688252.52,
              6372404.68,
              1.15
            ],
            [
              688247.55,
              6372407.59,
              1.15
            ],
            [
              688240.99,
              6372410.72,
              1.15
            ],
            [
              688237.79,
              6372411.96,
              1.15
            ],
            [
              688236.63,
              6372422.35,
              1.15
            ],
            [
              688238.67,
              6372424.26,
              1.15
            ],
            [
              688236.16,
              6372430.57,
              1.15
            ],
            [
              688237.72,
              6372437.34,
              1.15
            ],
            [
              688242.44,
              6372440.98,
              1.15
            ],
            [
              688249.87,
              6372445.52,
              1.15
            ],
            [
              688256.68,
              6372452.78,
              1.15
            ],
            [
              688256.51,
              6372457.48,
              1.15
            ],
            [
              688255.11,
              6372463.55,
              1.15
            ],
            [
              688256.73,
              6372471.14,
              1.15
            ],
            [
              688258.37,
              6372477.83,
              1.15
            ],
            [
              688261.52,
              6372483.01,
              1.15
            ],
            [
              688266.2,
              6372488.5,
              1.15
            ],
            [
              688271.46,
              6372497.48,
              1.15
            ],
            [
              688272.9,
              6372500.0,
              1.15
            ],
            [
              688277.62,
              6372508.29,
              1.15
            ],
            [
              688281.68,
              6372514.83,
              1.15
            ],
            [
              688287.09,
              6372524.88,
              1.15
            ],
            [
              688289.8,
              6372528.99,
              1.15
            ],
            [
              688309.76,
              6372549.33,
              1.15
            ],
            [
              688320.85,
              6372562.85,
              1.15
            ],
            [
              688323.09,
              6372562.99,
              1.15
            ],
            [
              688332.67,
              6372577.24,
              1.15
            ],
            [
              688337.04,
              6372582.57,
              1.15
            ],
            [
              688338.9,
              6372584.69,
              1.15
            ],
            [
              688342.12,
              6372586.92,
              1.15
            ],
            [
              688342.19,
              6372588.46,
              1.15
            ],
            [
              688348.92,
              6372596.16,
              1.15
            ],
            [
              688352.46,
              6372597.62,
              1.15
            ],
            [
              688356.74,
              6372605.58,
              1.15
            ],
            [
              688357.55,
              6372606.66,
              1.15
            ],
            [
              688357.93,
              6372607.8,
              1.15
            ],
            [
              688361.08,
              6372613.66,
              1.15
            ],
            [
              688372.94,
              6372627.0,
              1.15
            ],
            [
              688380.52,
              6372639.16,
              1.15
            ],
            [
              688386.07,
              6372643.6,
              1.15
            ],
            [
              688395.01,
              6372645.52,
              1.15
            ],
            [
              688406.3,
              6372642.52,
              1.15
            ],
            [
              688408.34,
              6372642.56,
              1.15
            ],
            [
              688409.86,
              6372641.7,
              1.15
            ],
            [
              688416.26,
              6372637.48,
              1.15
            ],
            [
              688419.44,
              6372634.34,
              1.15
            ],
            [
              688421.42,
              6372631.58,
              1.15
            ],
            [
              688426.96,
              6372627.18,
              1.15
            ],
            [
              688430.92,
              6372626.11,
              1.15
            ],
            [
              688441.56,
              6372625.87,
              1.15
            ],
            [
              688466.17,
              6372622.56,
              1.15
            ],
            [
              688466.3,
              6372622.52,
              1.15
            ],
            [
              688466.36,
              6372622.53,
              1.15
            ],
            [
              688467.03,
              6372622.44,
              1.15
            ],
            [
              688483.8,
              6372623.43,
              1.15
            ],
            [
              688486.3,
              6372622.52,
              1.15
            ],
            [
              688490.41,
              6372622.92,
              1.15
            ],
            [
              688492.68,
              6372622.73,
              1.15
            ],
            [
              688498.76,
              6372620.34,
              1.15
            ],
            [
              688501.8,
              6372619.75,
              1.15
            ],
            [
              688504.67,
              6372621.44,
              1.15
            ],
            [
              688505.03,
              6372621.68,
              1.15
            ],
            [
              688508.05,
              6372622.08,
              1.15
            ],
            [
              688508.91,
              6372622.93,
              1.15
            ],
            [
              688513.96,
              6372621.8,
              1.15
            ],
            [
              688518.34,
              6372624.88,
              1.15
            ],
            [
              688518.98,
              6372629.85,
              1.15
            ],
            [
              688518.06,
              6372631.54,
              1.15
            ],
            [
              688514.7,
              6372632.96,
              1.15
            ],
            [
              688514.21,
              6372634.64,
              1.15
            ],
            [
              688514.92,
              6372636.07,
              1.15
            ],
            [
              688517.3,
              6372639.2,
              1.15
            ],
            [
              688517.06,
              6372643.44,
              1.15
            ],
            [
              688516.84,
              6372648.5,
              1.15
            ],
            [
              688517.95,
              6372652.59,
              1.15
            ],
            [
              688518.65,
              6372656.32,
              1.15
            ],
            [
              688521.64,
              6372668.09,
              1.15
            ],
            [
              688522.73,
              6372668.95,
              1.15
            ],
            [
              688526.12,
              6372669.42,
              1.15
            ],
            [
              688530.81,
              6372671.27,
              1.15
            ],
            [
              688531.89,
              6372676.19,
              1.15
            ],
            [
              688532.92,
              6372677.01,
              1.15
            ],
            [
              688539.53,
              6372695.3,
              1.15
            ],
            [
              688541.14,
              6372696.36,
              1.15
            ],
            [
              688542.97,
              6372696.22,
              1.15
            ],
            [
              688546.78,
              6372692.3,
              1.15
            ],
            [
              688549.55,
              6372686.24,
              1.15
            ],
            [
              688550.8,
              6372679.88,
              1.15
            ],
            [
              688550.54,
              6372672.29,
              1.15
            ],
            [
              688548.44,
              6372666.66,
              1.15
            ],
            [
              688548.59,
              6372665.18,
              1.15
            ],
            [
              688547.03,
              6372663.19,
              1.15
            ],
            [
              688547.46,
              6372657.53,
              1.15
            ],
            [
              688549.05,
              6372657.19,
              1.15
            ],
            [
              688549.12,
              6372654.68,
              1.15
            ],
            [
              688550.82,
              6372649.22,
              1.15
            ],
            [
              688554.64,
              6372643.63,
              1.15
            ],
            [
              688558.78,
              6372636.22,
              1.15
            ],
            [
              688561.7,
              6372630.16,
              1.15
            ],
            [
              688570.55,
              6372621.87,
              1.15
            ],
            [
              688580.93,
              6372609.78,
              1.15
            ],
            [
              688592.4,
              6372602.96,
              1.15
            ],
            [
              688592.55,
              6372602.62,
              1.15
            ],
            [
              688593.18,
              6372602.13,
              1.15
            ],
            [
              688594.62,
              6372600.59,
              1.15
            ],
            [
              688598.4,
              6372597.57,
              1.15
            ],
            [
              688598.41,
              6372597.54,
              1.15
            ],
            [
              688599.62,
              6372593.98,
              1.15
            ],
            [
              688599.86,
              6372593.37,
              1.15
            ],
            [
              688599.96,
              6372586.85,
              1.15
            ],
            [
              688599.17,
              6372583.24,
              1.15
            ],
            [
              688598.28,
              6372580.66,
              1.15
            ],
            [
              688594.38,
              6372571.48,
              1.15
            ],
            [
              688593.57,
              6372557.94,
              1.15
            ],
            [
              688588.32,
              6372534.89,
              1.15
            ],
            [
              688588.4,
              6372534.54,
              1.15
            ],
            [
              688587.44,
              6372531.47,
              1.15
            ],
            [
              688593.08,
              6372514.3,
              1.15
            ],
            [
              688595.41,
              6372500.0,
              1.15
            ],
            [
              688595.56,
              6372499.08,
              1.15
            ],
            [
              688600.15,
              6372488.73,
              1.15
            ],
            [
              688604.26,
              6372480.86,
              1.15
            ],
            [
              688605.13,
              6372474.66,
              1.15
            ],
            [
              688607.06,
              6372470.6,
              1.15
            ],
            [
              688611.62,
              6372468.71,
              1.15
            ],
            [
              688620.12,
              6372460.95,
              1.15
            ]
          ],
          [
            [
              688288.5,
              6372482.92,
              1.15
            ],
            [
              688286.74,
              6372480.58,
              1.15
            ],
            [
              688283.42,
              6372478.13,
              1.15
            ],
            [
              688282.94,
              6372475.83,
              1.15
            ],
            [
              688281.47,
              6372474.03,
              1.15
            ],
            [
              688280.55,
              6372465.46,
              1.15
            ],
            [
              688278.21,
              6372459.44,
              1.15
            ],
            [
              688271.35,
              6372438.31,
              1.15
            ],
            [
              688269.59,
              6372432.75,
              1.15
            ],
            [
              688267.17,
              6372433.1,
              1.15
            ],
            [
              688266.9,
              6372430.98,
              1.15
            ],
            [
              688267.79,
              6372426.57,
              1.15
            ],
            [
              688265.98,
              6372419.92,
              1.15
            ],
            [
              688265.88,
              6372412.33,
              1.15
            ],
            [
              688268.33,
              6372407.64,
              1.15
            ],
            [
              688272.29,
              6372404.93,
              1.15
            ],
            [
              688274.89,
              6372401.91,
              1.15
            ],
            [
              688276.74,
              6372396.0,
              1.15
            ],
            [
              688278.44,
              6372390.55,
              1.15
            ],
            [
              688278.92,
              6372386.91,
              1.15
            ],
            [
              688280.64,
              6372377.96,
              1.15
            ],
            [
              688282.62,
              6372375.09,
              1.15
            ],
            [
              688286.28,
              6372372.99,
              1.15
            ],
            [
              688291.15,
              6372370.44,
              1.15
            ],
            [
              688292.99,
              6372366.8,
              1.15
            ],
            [
              688293.77,
              6372363.32,
              1.15
            ],
            [
              688298.65,
              6372358.03,
              1.15
            ],
            [
              688305.05,
              6372354.58,
              1.15
            ],
            [
              688310.08,
              6372350.66,
              1.15
            ],
            [
              688315.58,
              6372343.71,
              1.15
            ],
            [
              688320.32,
              6372337.06,
              1.15
            ],
            [
              688327.18,
              6372331.79,
              1.15
            ],
            [
              688333.73,
              6372326.82,
              1.15
            ],
            [
              688339.38,
              6372320.63,
              1.15
            ],
            [
              688342.9,
              6372315.03,
              1.15
            ],
            [
              688345.52,
              6372308.67,
              1.15
            ],
            [
              688350.12,
              6372300.5,
              1.15
            ],
            [
              688353.79,
              6372294.45,
              1.15
            ],
            [
              688358.85,
              6372285.83,
              1.15
            ],
            [
              688360.69,
              6372282.98,
              1.15
            ],
            [
              688361.09,
              6372281.51,
              1.15
            ],
            [
              688367.94,
              6372273.16,
              1.15
            ],
            [
              688369.0,
              6372271.01,
              1.15
            ],
            [
              688372.79,
              6372261.63,
              1.15
            ],
            [
              688377.56,
              6372250.73,
              1.15
            ],
            [
              688380.95,
              6372241.64,
              1.15
            ],
            [
              688382.01,
              6372238.07,
              1.15
            ],
            [
              688381.82,
              6372236.08,
              1.15
            ],
            [
              688383.65,
              6372234.13,
              1.15
            ],
            [
              688384.8,
              6372231.65,
              1.15
            ],
            [
              688391.79,
              6372230.32,
              1.15
            ],
            [
              688392.25,
              6372229.57,
              1.15
            ],
            [
              688396.03,
              6372231.26,
              1.15
            ],
            [
              688397.52,
              6372236.12,
              1.15
            ],
            [
              688398.22,
              6372240.52,
              1.15
            ],
            [
              688398.59,
              6372241.14,
              1.15
            ],
            [
              688400.46,
              6372250.08,
              1.15
            ],
            [
              688400.34,
              6372253.76,
              1.15
            ],
            [
              688400.45,
              6372254.5,
              1.15
            ],
            [
              688400.7,
              6372264.52,
              1.15
            ],
            [
              688398.84,
              6372272.24,
              1.15
            ],
            [
              688398.7,
              6372277.11,
              1.15
            ],
            [
              688400.98,
              6372283.26,
              1.15
            ],
            [
              688402.71,
              6372286.38,
              1.15
            ],
            [
              688406.79,
              6372289.28,
              1.15
            ],
            [
              688411.04,
              6372288.55,
              1.15
            ],
            [
              688413.61,
              6372290.54,
              1.15
            ],
            [
              688415.4,
              6372296.16,
              1.15
            ],
            [
              688417.17,
              6372306.03,
              1.15
            ],
            [
              688418.34,
              6372312.26,
              1.15
            ],
            [
              688418.9,
              6372322.28,
              1.15
            ],
            [
              688418.09,
              6372331.38,
              1.15
            ],
            [
              688414.54,
              6372341.38,
              1.15
            ],
            [
              688409.94,
              6372349.4,
              1.15
            ],
            [
              688403.98,
              6372356.65,
              1.15
            ],
            [
              688397.72,
              6372364.2,
              1.15
            ],
            [
              688391.01,
              6372370.99,
              1.15
            ],
            [
              688385.47,
              6372383.1,
              1.15
            ],
            [
              688381.77,
              6372393.55,
              1.15
            ],
            [
              688381.67,
              6372394.69,
              1.15
            ],
            [
              688383.2,
              6372404.07,
              1.15
            ],
            [
              688380.4,
              6372407.71,
              1.15
            ],
            [
              688379.7,
              6372410.99,
              1.15
            ],
            [
              688378.44,
              6372420.69,
              1.15
            ],
            [
              688378.68,
              6372431.17,
              1.15
            ],
            [
              688379.99,
              6372441.64,
              1.15
            ],
            [
              688384.65,
              6372449.86,
              1.15
            ],
            [
              688393.27,
              6372454.62,
              1.15
            ],
            [
              688404.17,
              6372459.69,
              1.15
            ],
            [
              688405.51,
              6372460.33,
              1.15
            ],
            [
              688408.58,
              6372461.16,
              1.15
            ],
            [
              688410.19,
              6372462.46,
              1.15
            ],
            [
              688417.35,
              6372464.46,
              1.15
            ],
            [
              688420.97,
              6372468.88,
              1.15
            ],
            [
              688422.45,
              6372474.81,
              1.15
            ],
            [
              688419.55,
              6372477.53,
              1.15
            ],
            [
              688418.01,
              6372482.07,
              1.15
            ],
            [
              688419.91,
              6372487.15,
              1.15
            ],
            [
              688421.71,
              6372489.61,
              1.15
            ],
            [
              688426.29,
              6372493.65,
              1.15
            ],
            [
              688432.94,
              6372498.69,
              1.15
            ],
            [
              688434.5,
              6372500.0,
              1.15
            ],
            [
              688439.13,
              6372503.89,
              1.15
            ],
            [
              688440.91,
              6372511.94,
              1.15
            ],
            [
              688438.0,
              6372515.82,
              1.15
            ],
            [
              688436.04,
              6372520.95,
              1.15
            ],
            [
              688433.91,
              6372538.63,
              1.15
            ],
            [
              688428.98,
              6372543.64,
              1.15
            ],
            [
              688421.99,
              6372547.06,
              1.15
            ],
            [
              688413.95,
              6372553.6,
              1.15
            ],
            [
              688411.61,
              6372553.7,
              1.15
            ],
            [
              688411.54,
              6372553.96,
              1.15
            ],
            [
              688408.34,
              6372555.46,
              1.15
            ],
            [
              688404.56,
              6372554.23,
              1.15
            ],
            [
              688401.47,
              6372552.1,
              1.15
            ],
            [
              688400.05,
              6372551.6,
              1.15
            ],
            [
              688397.52,
              6372552.58,
              1.15
            ],
            [
              688395.51,
              6372560.43,
              1.15
            ],
            [
              688395.06,
              6372576.36,
              1.15
            ],
            [
              688395.47,
              6372578.61,
              1.15
            ],
            [
              688393.61,
              6372585.12,
              1.15
            ],
            [
              688388.89,
              6372587.68,
              1.15
            ],
            [
              688380.98,
              6372590.67,
              1.15
            ],
            [
              688369.48,
              6372585.6,
              1.15
            ],
            [
              688358.14,
              6372577.79,
              1.15
            ],
            [
              688354.53,
              6372572.01,
              1.15
            ],
            [
              688351.67,
              6372566.68,
              1.15
            ],
            [
              688350.03,
              6372562.27,
              1.15
            ],
            [
              688348.16,
              6372557.8,
              1.15
            ],
            [
              688339.13,
              6372547.21,
              1.15
            ],
            [
              688336.61,
              6372546.26,
              1.15
            ],
            [
              688330.42,
              6372541.22,
              1.15
            ],
            [
              688329.37,
              6372540.31,
              1.15
            ],
            [
              688319.77,
              6372535.56,
              1.15
            ],
            [
              688314.65,
              6372530.33,
              1.15
            ],
            [
              688311.93,
              6372524.47,
              1.15
            ],
            [
              688312.41,
              6372522.16,
              1.15
            ],
            [
              688311.41,
              6372519.72,
              1.15
            ],
            [
              688310.24,
              6372513.34,
              1.15
            ],
            [
              688311.16,
              6372510.46,
              1.15
            ],
            [
              688307.99,
              6372508.62,
              1.15
            ],
            [
              688302.37,
              6372508.59,
              1.15
            ],
            [
              688300.86,
              6372507.22,
              1.15
            ],
            [
              688298.78,
              6372501.71,
              1.15
            ],
            [
              688298.62,
              6372501.56,
              1.15
            ],
            [
              688297.77,
              6372500.0,
              1.15
            ],
            [
              688295.23,
              6372495.32,
              1.15
            ],
            [
              688293.2,
              6372492.76,
              1.15
            ],
            [
              688291.1,
              6372488.19,
              1.15
            ],
            [
              688290.71,
              6372487.0,
              1.15
            ],
            [
              688288.5,
              6372482.92,
              1.15
            ]
          ],
          [
            [
              688554.46,
              6372276.41,
              1.15
            ],
            [
              688551.24,
              6372282.31,
              1.15
            ],
            [
              688546.49,
              6372289.72,
              1.15
            ],
            [
              688542.66,
              6372296.22,
              1.15
            ],
            [
              688540.63,
              6372305.62,
              1.15
            ],
            [
              688539.8,
              6372319.58,
              1.15
            ],
            [
              688539.0,
              6372322.46,
              1.15
            ],
            [
              688538.91,
              6372323.63,
              1.15
            ],
            [
              688538.59,
              6372323.95,
              1.15
            ],
            [
              688537.79,
              6372326.85,
              1.15
            ],
            [
              688530.77,
              6372332.73,
              1.15
            ],
            [
              688529.48,
              6372333.07,
              1.15
            ],
            [
              688528.95,
              6372333.6,
              1.15
            ],
            [
              688527.7,
              6372333.55,
              1.15
            ],
            [
              688525.76,
              6372334.07,
              1.15
            ],
            [
              688524.67,
              6372333.41,
              1.15
            ],
            [
              688522.09,
              6372333.29,
              1.15
            ],
            [
              688520.19,
              6372329.54,
              1.15
            ],
            [
              688520.1,
              6372328.13,
              1.15
            ],
            [
              688518.67,
              6372325.38,
              1.15
            ],
            [
              688517.79,
              6372320.67,
              1.15
            ],
            [
              688519.65,
              6372313.09,
              1.15
            ],
            [
              688525.19,
              6372298.71,
              1.15
            ],
            [
              688527.02,
              6372297.65,
              1.15
            ],
            [
              688527.27,
              6372296.2,
              1.15
            ],
            [
              688526.18,
              6372286.54,
              1.15
            ],
            [
              688533.86,
              6372275.44,
              1.15
            ],
            [
              688534.9,
              6372273.11,
              1.15
            ],
            [
              688538.59,
              6372264.79,
              1.15
            ],
            [
              688542.7,
              6372261.47,
              1.15
            ],
            [
              688546.34,
              6372262.4,
              1.15
            ],
            [
              688551.02,
              6372265.77,
              1.15
            ],
            [
              688554.63,
              6372272.01,
              1.15
            ],
            [
              688554.46,
              6372276.41,
              1.15
            ]
          ],
          [
            [
              688500.35,
              6372439.88,
              1.15
            ],
            [
              688496.69,
              6372441.53,
              1.15
            ],
            [
              688495.98,
              6372441.56,
              1.15
            ],
            [
              688493.95,
              6372443.6,
              1.15
            ],
            [
              688489.51,
              6372444.93,
              1.15
            ],
            [
              688483.49,
              6372443.52,
              1.15
            ],
            [
              688482.57,
              6372443.88,
              1.15
            ],
            [
              688481.64,
              6372446.46,
              1.15
            ],
            [
              688479.34,
              6372452.06,
              1.15
            ],
            [
              688475.06,
              6372456.13,
              1.15
            ],
            [
              688469.88,
              6372460.51,
              1.15
            ],
            [
              688465.14,
              6372466.7,
              1.15
            ],
            [
              688460.87,
              6372471.08,
              1.15
            ],
            [
              688459.96,
              6372470.97,
              1.15
            ],
            [
              688458.82,
              6372472.53,
              1.15
            ],
            [
              688456.57,
              6372472.65,
              1.15
            ],
            [
              688447.02,
              6372463.42,
              1.15
            ],
            [
              688445.1,
              6372455.56,
              1.15
            ],
            [
              688446.04,
              6372453.67,
              1.15
            ],
            [
              688446.88,
              6372448.24,
              1.15
            ],
            [
              688451.31,
              6372443.71,
              1.15
            ],
            [
              688456.18,
              6372441.01,
              1.15
            ],
            [
              688456.97,
              6372439.62,
              1.15
            ],
            [
              688456.81,
              6372436.07,
              1.15
            ],
            [
              688461.08,
              6372426.5,
              1.15
            ],
            [
              688466.03,
              6372421.51,
              1.15
            ],
            [
              688470.51,
              6372418.6,
              1.15
            ],
            [
              688471.19,
              6372415.29,
              1.15
            ],
            [
              688473.02,
              6372414.09,
              1.15
            ],
            [
              688477.44,
              6372414.11,
              1.15
            ],
            [
              688480.61,
              6372412.05,
              1.15
            ],
            [
              688497.39,
              6372411.38,
              1.15
            ],
            [
              688498.15,
              6372414.09,
              1.15
            ],
            [
              688497.84,
              6372415.23,
              1.15
            ],
            [
              688499.1,
              6372418.78,
              1.15
            ],
            [
              688497.5,
              6372423.2,
              1.15
            ],
            [
              688499.86,
              6372430.58,
              1.15
            ],
            [
              688499.84,
              6372430.7,
              1.15
            ],
            [
              688500.84,
              6372433.06,
              1.15
            ],
            [
              688502.04,
              6372435.65,
              1.15
            ],
            [
              688500.35,
              6372439.88,
              1.15
            ]
          ],
          [
            [
              688542.85,
              6372156.0,
              1.15
            ],
            [
              688545.43,
              6372156.62,
              1.15
            ],
            [
              688552.56,
              6372157.12,
              1.15
            ],
            [
              688555.44,
              6372157.56,
              1.15
            ],
            [
              688559.0,
              6372156.88,
              1.15
            ],
            [
              688569.1,
              6372165.58,
              1.15
            ],
            [
              688573.54,
              6372171.13,
              1.15
            ],
            [
              688574.86,
              6372175.58,
              1.15
            ],
            [
              688574.88,
              6372179.07,
              1.15
            ],
            [
              688576.69,
              6372183.81,
              1.15
            ],
            [
              688576.78,
              6372195.95,
              1.15
            ],
            [
              688573.7,
              6372204.28,
              1.15
            ],
            [
              688571.7,
              6372209.27,
              1.15
            ],
            [
              688568.49,
              6372213.51,
              1.15
            ],
            [
              688568.24,
              6372214.37,
              1.15
            ],
            [
              688569.86,
              6372220.58,
              1.15
            ],
            [
              688568.34,
              6372228.06,
              1.15
            ],
            [
              688565.05,
              6372230.03,
              1.15
            ],
            [
              688562.75,
              6372235.02,
              1.15
            ],
            [
              688555.3,
              6372237.71,
              1.15
            ],
            [
              688545.13,
              6372238.72,
              1.15
            ],
            [
              688535.88,
              6372237.0,
              1.15
            ],
            [
              688527.55,
              6372233.61,
              1.15
            ],
            [
              688522.42,
              6372229.18,
              1.15
            ],
            [
              688522.07,
              6372228.52,
              1.15
            ],
            [
              688521.97,
              6372228.47,
              1.15
            ],
            [
              688513.28,
              6372213.18,
              1.15
            ],
            [
              688512.86,
              6372213.35,
              1.15
            ],
            [
              688510.95,
              6372215.56,
              1.15
            ],
            [
              688509.72,
              6372219.7,
              1.15
            ],
            [
              688508.17,
              6372224.7,
              1.15
            ],
            [
              688505.59,
              6372226.06,
              1.15
            ],
            [
              688500.59,
              6372224.51,
              1.15
            ],
            [
              688497.57,
              6372221.76,
              1.15
            ],
            [
              688495.04,
              6372218.6,
              1.15
            ],
            [
              688493.96,
              6372217.75,
              1.15
            ],
            [
              688488.03,
              6372217.16,
              1.15
            ],
            [
              688486.06,
              6372217.78,
              1.15
            ],
            [
              688478.95,
              6372223.6,
              1.15
            ],
            [
              688471.48,
              6372223.9,
              1.15
            ],
            [
              688470.25,
              6372222.69,
              1.15
            ],
            [
              688467.97,
              6372222.2,
              1.15
            ],
            [
              688464.2,
              6372217.33,
              1.15
            ],
            [
              688463.89,
              6372216.37,
              1.15
            ],
            [
              688461.98,
              6372214.47,
              1.15
            ],
            [
              688462.58,
              6372206.47,
              1.15
            ],
            [
              688460.73,
              6372200.09,
              1.15
            ],
            [
              688461.12,
              6372198.92,
              1.15
            ],
            [
              688460.67,
              6372198.34,
              1.15
            ],
            [
              688459.33,
              6372194.08,
              1.15
            ],
            [
              688461.01,
              6372192.12,
              1.15
            ],
            [
              688464.95,
              6372191.53,
              1.15
            ],
            [
              688469.96,
              6372191.41,
              1.15
            ],
            [
              688475.88,
              6372190.99,
              1.15
            ],
            [
              688480.28,
              6372189.01,
              1.15
            ],
            [
              688481.63,
              6372187.06,
              1.15
            ],
            [
              688484.19,
              6372186.16,
              1.15
            ],
            [
              688484.72,
              6372185.73,
              1.15
            ],
            [
              688488.68,
              6372182.56,
              1.15
            ],
            [
              688494.15,
              6372181.23,
              1.15
            ],
            [
              688495.69,
              6372180.69,
              1.15
            ],
            [
              688506.04,
              6372171.52,
              1.15
            ],
            [
              688529.16,
              6372164.11,
              1.15
            ],
            [
              688532.46,
              6372162.53,
              1.15
            ],
            [
              688536.93,
              6372156.58,
              1.15
            ],
            [
              688536.63,
              6372155.97,
              1.15
            ],
            [
              688538.61,
              6372155.98,
              1.15
            ],
            [
              688539.54,
              6372155.98,
              1.15
            ],
            [
              688540.03,
              6372155.79,
              1.15
            ],
            [
              688540.73,
              6372155.99,
              1.15
            ],
            [
              688542.85,
              6372156.0,
              1.15
            ]
          ]
        ]
      }
    }
  ]
}
