{
  "type": "FeatureCollection",
  "crs": {
    "type": "name",
    "properties": {
      "name": "EPSG:3006"
    }
  },
  "features": [
    {
      "type": "Feature",
      "geometry": {
        "type": "Polygon",
        "coordinates": [
          [
            [
              683541.5,
              7023774.5
            ],
            [
              683541.5,
              7023770.5
            ],
            [
              683521.5,
              7023770.5
            ],
            [
              683521.5,
              7023774.5
            ],
            [
              683541.5,
              7023774.5
            ]
          ]
        ]
      },
      "properties": {
        "tile": "l0/6/4",
        "cellMetres": 4,
        "role": "eligible-measured-woodland",
        "mode": "before"
      }
    },
    {
      "type": "Feature",
      "geometry": {
        "type": "Polygon",
        "coordinates": [
          [
            [
              683581.5,
              7023778.5
            ],
            [
              683581.5,
              7023774.5
            ],
            [
              683593.5,
              7023774.5
            ],
            [
              683593.5,
              7023770.5
            ],
            [
              683573.5,
              7023770.5
            ],
            [
              683573.5,
              7023774.5
            ],
            [
              683577.5,
              7023774.5
            ],
            [
              683577.5,
              7023778.5
            ],
            [
              683581.5,
              7023778.5
            ]
          ]
        ]
      },
      "properties": {
        "tile": "l0/6/4",
        "cellMetres": 4,
        "role": "eligible-measured-woodland",
        "mode": "before"
      }
    },
    {
      "type": "Feature",
      "geometry": {
        "type": "Polygon",
        "coordinates": [
          [
            [
              683321.5,
              7023726.5
            ],
            [
              683321.5,
              7023722.5
            ],
            [
              683309.5,
              7023722.5
            ],
            [
              683309.5,
              7023726.5
            ],
            [
              683321.5,
              7023726.5
            ]
          ]
        ]
      },
      "properties": {
        "tile": "l0/5/5",
        "cellMetres": 4,
        "role": "eligible-measured-woodland",
        "mode": "before"
      }
    },
    {
      "type": "Feature",
      "geometry": {
        "type": "Polygon",
        "coordinates": [
          [
            [
              683397.5,
              7023734.5
            ],
            [
              683397.5,
              7023710.5
            ],
            [
              683385.5,
              7023710.5
            ],
            [
              683385.5,
              7023714.5
            ],
            [
              683381.5,
              7023714.5
            ],
            [
              683381.5,
              7023722.5
            ],
            [
              683385.5,
              7023722.5
            ],
            [
              683385.5,
              7023730.5
            ],
            [
              683389.5,
              7023730.5
            ],
            [
              683389.5,
              7023734.5
            ],
            [
              683397.5,
              7023734.5
            ]
          ]
        ]
      },
      "properties": {
        "tile": "l0/5/5",
        "cellMetres": 4,
        "role": "eligible-measured-woodland",
        "mode": "before"
      }
    },
    {
      "type": "Feature",
      "geometry": {
        "type": "Polygon",
        "coordinates": [
          [
            [
              683557.5,
              7023766.5
            ],
            [
              683557.5,
              7023758.5
            ],
            [
              683549.5,
              7023758.5
            ],
            [
              683549.5,
              7023766.5
            ],
            [
              683557.5,
              7023766.5
            ]
          ]
        ]
      },
      "properties": {
        "tile": "l0/6/5",
        "cellMetres": 4,
        "role": "eligible-measured-woodland",
        "mode": "before"
      }
    },
    {
      "type": "Feature",
      "geometry": {
        "type": "Polygon",
        "coordinates": [
          [
            [
              683605.5,
              7023770.5
            ],
            [
              683605.5,
              7023766.5
            ],
            [
              683617.5,
              7023766.5
            ],
            [
              683617.5,
              7023762.5
            ],
            [
              683625.5,
              7023762.5
            ],
            [
              683625.5,
              7023758.5
            ],
            [
              683637.5,
              7023758.5
            ],
            [
              683637.5,
              7023754.5
            ],
            [
              683653.5,
              7023754.5
            ],
            [
              683653.5,
              7023746.5
            ],
            [
              683641.5,
              7023746.5
            ],
            [
              683641.5,
              7023750.5
            ],
            [
              683629.5,
              7023750.5
            ],
            [
              683629.5,
              7023754.5
            ],
            [
              683617.5,
              7023754.5
            ],
            [
              683617.5,
              7023758.5
            ],
            [
              683609.5,
              7023758.5
            ],
            [
              683609.5,
              7023762.5
            ],
            [
              683589.5,
              7023762.5
            ],
            [
              683589.5,
              7023766.5
            ],
            [
              683581.5,
              7023766.5
            ],
            [
              683581.5,
              7023770.5
            ],
            [
              683605.5,
              7023770.5
            ]
          ]
        ]
      },
      "properties": {
        "tile": "l0/6/5",
        "cellMetres": 4,
        "role": "eligible-measured-woodland",
        "mode": "before"
      }
    },
    {
      "type": "Feature",
      "geometry": {
        "type": "Polygon",
        "coordinates": [
          [
            [
              683501.5,
              7023726.5
            ],
            [
              683501.5,
              7023722.5
            ],
            [
              683497.5,
              7023722.5
            ],
            [
              683497.5,
              7023726.5
            ],
            [
              683501.5,
              7023726.5
            ]
          ]
        ]
      },
      "properties": {
        "tile": "l0/6/5",
        "cellMetres": 4,
        "role": "eligible-measured-woodland",
        "mode": "before"
      }
    },
    {
      "type": "Feature",
      "geometry": {
        "type": "Polygon",
        "coordinates": [
          [
            [
              683629.5,
              7023726.5
            ],
            [
              683629.5,
              7023722.5
            ],
            [
              683625.5,
              7023722.5
            ],
            [
              683625.5,
              7023726.5
            ],
            [
              683629.5,
              7023726.5
            ]
          ]
        ]
      },
      "properties": {
        "tile": "l0/6/5",
        "cellMetres": 4,
        "role": "eligible-measured-woodland",
        "mode": "before"
      }
    },
    {
      "type": "Feature",
      "geometry": {
        "type": "Polygon",
        "coordinates": [
          [
            [
              683545.5,
              7023770.5
            ],
            [
              683545.5,
              7023766.5
            ],
            [
              683541.5,
              7023766.5
            ],
            [
              683541.5,
              7023758.5
            ],
            [
              683537.5,
              7023758.5
            ],
            [
              683537.5,
              7023754.5
            ],
            [
              683541.5,
              7023754.5
            ],
            [
              683541.5,
              7023750.5
            ],
            [
              683545.5,
              7023750.5
            ],
            [
              683545.5,
              7023742.5
            ],
            [
              683549.5,
              7023742.5
            ],
            [
              683549.5,
              7023738.5
            ],
            [
              683545.5,
              7023738.5
            ],
            [
              683545.5,
              7023730.5
            ],
            [
              683541.5,
              7023730.5
            ],
            [
              683541.5,
              7023722.5
            ],
            [
              683537.5,
              7023722.5
            ],
            [
              683537.5,
              7023714.5
            ],
            [
              683521.5,
              7023714.5
            ],
            [
              683521.5,
              7023730.5
            ],
            [
              683513.5,
              7023730.5
            ],
            [
              683513.5,
              7023734.5
            ],
            [
              683509.5,
              7023734.5
            ],
            [
              683509.5,
              7023746.5
            ],
            [
              683501.5,
              7023746.5
            ],
            [
              683501.5,
              7023742.5
            ],
            [
              683477.5,
              7023742.5
            ],
            [
              683477.5,
              7023746.5
            ],
            [
              683473.5,
              7023746.5
            ],
            [
              683473.5,
              7023758.5
            ],
            [
              683477.5,
              7023758.5
            ],
            [
              683477.5,
              7023762.5
            ],
            [
              683493.5,
              7023762.5
            ],
            [
              683493.5,
              7023766.5
            ],
            [
              683505.5,
              7023766.5
            ],
            [
              683505.5,
              7023770.5
            ],
            [
              683545.5,
              7023770.5
            ]
          ]
        ]
      },
      "properties": {
        "tile": "l0/6/5",
        "cellMetres": 4,
        "role": "eligible-measured-woodland",
        "mode": "before"
      }
    },
    {
      "type": "Feature",
      "geometry": {
        "type": "Polygon",
        "coordinates": [
          [
            [
              683469.5,
              7023734.5
            ],
            [
              683469.5,
              7023722.5
            ],
            [
              683473.5,
              7023722.5
            ],
            [
              683473.5,
              7023714.5
            ],
            [
              683469.5,
              7023714.5
            ],
            [
              683469.5,
              7023718.5
            ],
            [
              683465.5,
              7023718.5
            ],
            [
              683465.5,
              7023722.5
            ],
            [
              683457.5,
              7023722.5
            ],
            [
              683457.5,
              7023730.5
            ],
            [
              683461.5,
              7023730.5
            ],
            [
              683461.5,
              7023734.5
            ],
            [
              683469.5,
              7023734.5
            ]
          ]
        ]
      },
      "properties": {
        "tile": "l0/6/5",
        "cellMetres": 4,
        "role": "eligible-measured-woodland",
        "mode": "before"
      }
    },
    {
      "type": "Feature",
      "geometry": {
        "type": "Polygon",
        "coordinates": [
          [
            [
              683641.5,
              7023722.5
            ],
            [
              683641.5,
              7023714.5
            ],
            [
              683637.5,
              7023714.5
            ],
            [
              683637.5,
              7023718.5
            ],
            [
              683633.5,
              7023718.5
            ],
            [
              683633.5,
              7023722.5
            ],
            [
              683641.5,
              7023722.5
            ]
          ]
        ]
      },
      "properties": {
        "tile": "l0/6/5",
        "cellMetres": 4,
        "role": "eligible-measured-woodland",
        "mode": "before"
      }
    },
    {
      "type": "Feature",
      "geometry": {
        "type": "Polygon",
        "coordinates": [
          [
            [
              683649.5,
              7023718.5
            ],
            [
              683649.5,
              7023714.5
            ],
            [
              683645.5,
              7023714.5
            ],
            [
              683645.5,
              7023718.5
            ],
            [
              683649.5,
              7023718.5
            ]
          ]
        ]
      },
      "properties": {
        "tile": "l0/6/5",
        "cellMetres": 4,
        "role": "eligible-measured-woodland",
        "mode": "before"
      }
    },
    {
      "type": "Feature",
      "geometry": {
        "type": "Polygon",
        "coordinates": [
          [
            [
              683465.5,
              7023714.5
            ],
            [
              683465.5,
              7023710.5
            ],
            [
              683461.5,
              7023710.5
            ],
            [
              683461.5,
              7023714.5
            ],
            [
              683465.5,
              7023714.5
            ]
          ]
        ]
      },
      "properties": {
        "tile": "l0/6/5",
        "cellMetres": 4,
        "role": "eligible-measured-woodland",
        "mode": "before"
      }
    },
    {
      "type": "Feature",
      "geometry": {
        "type": "Polygon",
        "coordinates": [
          [
            [
              683493.5,
              7023714.5
            ],
            [
              683493.5,
              7023706.5
            ],
            [
              683489.5,
              7023706.5
            ],
            [
              683489.5,
              7023714.5
            ],
            [
              683493.5,
              7023714.5
            ]
          ]
        ]
      },
      "properties": {
        "tile": "l0/6/5",
        "cellMetres": 4,
        "role": "eligible-measured-woodland",
        "mode": "before"
      }
    },
    {
      "type": "Feature",
      "geometry": {
        "type": "Polygon",
        "coordinates": [
          [
            [
              683485.5,
              7023710.5
            ],
            [
              683485.5,
              7023706.5
            ],
            [
              683481.5,
              7023706.5
            ],
            [
              683481.5,
              7023710.5
            ],
            [
              683485.5,
              7023710.5
            ]
          ]
        ]
      },
      "properties": {
        "tile": "l0/6/5",
        "cellMetres": 4,
        "role": "eligible-measured-woodland",
        "mode": "before"
      }
    },
    {
      "type": "Feature",
      "geometry": {
        "type": "Polygon",
        "coordinates": [
          [
            [
              683497.5,
              7023706.5
            ],
            [
              683497.5,
              7023702.5
            ],
            [
              683493.5,
              7023702.5
            ],
            [
              683493.5,
              7023706.5
            ],
            [
              683497.5,
              7023706.5
            ]
          ]
        ]
      },
      "properties": {
        "tile": "l0/6/5",
        "cellMetres": 4,
        "role": "eligible-measured-woodland",
        "mode": "before"
      }
    },
    {
      "type": "Feature",
      "geometry": {
        "type": "Polygon",
        "coordinates": [
          [
            [
              683401.5,
              7023694.5
            ],
            [
              683401.5,
              7023690.5
            ],
            [
              683397.5,
              7023690.5
            ],
            [
              683397.5,
              7023694.5
            ],
            [
              683401.5,
              7023694.5
            ]
          ]
        ]
      },
      "properties": {
        "tile": "l0/6/5",
        "cellMetres": 4,
        "role": "eligible-measured-woodland",
        "mode": "before"
      }
    },
    {
      "type": "Feature",
      "geometry": {
        "type": "Polygon",
        "coordinates": [
          [
            [
              683409.5,
              7023742.5
            ],
            [
              683413.5,
              7023742.5
            ],
            [
              683413.5,
              7023738.5
            ],
            [
              683417.5,
              7023738.5
            ],
            [
              683417.5,
              7023742.5
            ],
            [
              683429.5,
              7023742.5
            ],
            [
              683429.5,
              7023738.5
            ],
            [
              683433.5,
              7023738.5
            ],
            [
              683433.5,
              7023742.5
            ],
            [
              683437.5,
              7023742.5
            ],
            [
              683437.5,
              7023746.5
            ],
            [
              683445.5,
              7023746.5
            ],
            [
              683445.5,
              7023722.5
            ],
            [
              683441.5,
              7023722.5
            ],
            [
              683441.5,
              7023714.5
            ],
            [
              683457.5,
              7023714.5
            ],
            [
              683457.5,
              7023702.5
            ],
            [
              683449.5,
              7023702.5
            ],
            [
              683449.5,
              7023698.5
            ],
            [
              683441.5,
              7023698.5
            ],
            [
              683441.5,
              7023694.5
            ],
            [
              683437.5,
              7023694.5
            ],
            [
              683437.5,
              7023682.5
            ],
            [
              683433.5,
              7023682.5
            ],
            [
              683433.5,
              7023690.5
            ],
            [
              683429.5,
              7023690.5
            ],
            [
              683429.5,
              7023710.5
            ],
            [
              683421.5,
              7023710.5
            ],
            [
              683421.5,
              7023702.5
            ],
            [
              683401.5,
              7023702.5
            ],
            [
              683401.5,
              7023706.5
            ],
            [
              683397.5,
              7023706.5
            ],
            [
              683397.5,
              7023734.5
            ],
            [
              683401.5,
              7023734.5
            ],
            [
              683401.5,
              7023738.5
            ],
            [
              683405.5,
              7023738.5
            ],
            [
              683405.5,
              7023734.5
            ],
            [
              683409.5,
              7023734.5
            ],
            [
              683409.5,
              7023742.5
            ]
          ],
          [
            [
              683409.5,
              7023730.5
            ],
            [
              683405.5,
              7023730.5
            ],
            [
              683405.5,
              7023726.5
            ],
            [
              683417.5,
              7023726.5
            ],
            [
              683417.5,
              7023730.5
            ],
            [
              683413.5,
              7023730.5
            ],
            [
              683413.5,
              7023734.5
            ],
            [
              683409.5,
              7023734.5
            ],
            [
              683409.5,
              7023730.5
            ]
          ],
          [
            [
              683421.5,
              7023726.5
            ],
            [
              683425.5,
              7023726.5
            ],
            [
              683425.5,
              7023730.5
            ],
            [
              683421.5,
              7023730.5
            ],
            [
              683421.5,
              7023726.5
            ]
          ]
        ]
      },
      "properties": {
        "tile": "l0/6/5",
        "cellMetres": 4,
        "role": "eligible-measured-woodland",
        "mode": "before"
      }
    },
    {
      "type": "Feature",
      "geometry": {
        "type": "Polygon",
        "coordinates": [
          [
            [
              683441.5,
              7023674.5
            ],
            [
              683441.5,
              7023666.5
            ],
            [
              683449.5,
              7023666.5
            ],
            [
              683449.5,
              7023658.5
            ],
            [
              683445.5,
              7023658.5
            ],
            [
              683445.5,
              7023662.5
            ],
            [
              683437.5,
              7023662.5
            ],
            [
              683437.5,
              7023674.5
            ],
            [
              683441.5,
              7023674.5
            ]
          ]
        ]
      },
      "properties": {
        "tile": "l0/6/5",
        "cellMetres": 4,
        "role": "eligible-measured-woodland",
        "mode": "before"
      }
    },
    {
      "type": "Feature",
      "geometry": {
        "type": "Polygon",
        "coordinates": [
          [
            [
              683585.5,
              7023666.5
            ],
            [
              683585.5,
              7023658.5
            ],
            [
              683577.5,
              7023658.5
            ],
            [
              683577.5,
              7023666.5
            ],
            [
              683585.5,
              7023666.5
            ]
          ]
        ]
      },
      "properties": {
        "tile": "l0/6/5",
        "cellMetres": 4,
        "role": "eligible-measured-woodland",
        "mode": "before"
      }
    },
    {
      "type": "Feature",
      "geometry": {
        "type": "Polygon",
        "coordinates": [
          [
            [
              683409.5,
              7023666.5
            ],
            [
              683409.5,
              7023658.5
            ],
            [
              683417.5,
              7023658.5
            ],
            [
              683417.5,
              7023650.5
            ],
            [
              683413.5,
              7023650.5
            ],
            [
              683413.5,
              7023646.5
            ],
            [
              683409.5,
              7023646.5
            ],
            [
              683409.5,
              7023654.5
            ],
            [
              683401.5,
              7023654.5
            ],
            [
              683401.5,
              7023666.5
            ],
            [
              683409.5,
              7023666.5
            ]
          ]
        ]
      },
      "properties": {
        "tile": "l0/6/5",
        "cellMetres": 4,
        "role": "eligible-measured-woodland",
        "mode": "before"
      }
    },
    {
      "type": "Feature",
      "geometry": {
        "type": "Polygon",
        "coordinates": [
          [
            [
              683613.5,
              7023654.5
            ],
            [
              683613.5,
              7023650.5
            ],
            [
              683609.5,
              7023650.5
            ],
            [
              683609.5,
              7023646.5
            ],
            [
              683605.5,
              7023646.5
            ],
            [
              683605.5,
              7023654.5
            ],
            [
              683613.5,
              7023654.5
            ]
          ]
        ]
      },
      "properties": {
        "tile": "l0/6/5",
        "cellMetres": 4,
        "role": "eligible-measured-woodland",
        "mode": "before"
      }
    },
    {
      "type": "Feature",
      "geometry": {
        "type": "Polygon",
        "coordinates": [
          [
            [
              683653.5,
              7023634.5
            ],
            [
              683653.5,
              7023618.5
            ],
            [
              683649.5,
              7023618.5
            ],
            [
              683649.5,
              7023622.5
            ],
            [
              683645.5,
              7023622.5
            ],
            [
              683645.5,
              7023634.5
            ],
            [
              683653.5,
              7023634.5
            ]
          ]
        ]
      },
      "properties": {
        "tile": "l0/6/5",
        "cellMetres": 4,
        "role": "eligible-measured-woodland",
        "mode": "before"
      }
    },
    {
      "type": "Feature",
      "geometry": {
        "type": "Polygon",
        "coordinates": [
          [
            [
              683545.5,
              7023618.5
            ],
            [
              683545.5,
              7023610.5
            ],
            [
              683537.5,
              7023610.5
            ],
            [
              683537.5,
              7023618.5
            ],
            [
              683545.5,
              7023618.5
            ]
          ]
        ]
      },
      "properties": {
        "tile": "l0/6/5",
        "cellMetres": 4,
        "role": "eligible-measured-woodland",
        "mode": "before"
      }
    },
    {
      "type": "Feature",
      "geometry": {
        "type": "Polygon",
        "coordinates": [
          [
            [
              683629.5,
              7023606.5
            ],
            [
              683629.5,
              7023598.5
            ],
            [
              683625.5,
              7023598.5
            ],
            [
              683625.5,
              7023606.5
            ],
            [
              683629.5,
              7023606.5
            ]
          ]
        ]
      },
      "properties": {
        "tile": "l0/6/5",
        "cellMetres": 4,
        "role": "eligible-measured-woodland",
        "mode": "before"
      }
    },
    {
      "type": "Feature",
      "geometry": {
        "type": "Polygon",
        "coordinates": [
          [
            [
              683417.5,
              7023582.5
            ],
            [
              683417.5,
              7023574.5
            ],
            [
              683416.4427371956,
              7023574.5
            ],
            [
              683415.4067348691,
              7023577.086179574
            ],
            [
              683414.4728114594,
              7023579.782464394
            ],
            [
              683413.6740848982,
              7023582.5
            ],
            [
              683417.5,
              7023582.5
            ]
          ]
        ]
      },
      "properties": {
        "tile": "l0/6/5",
        "cellMetres": 4,
        "role": "eligible-measured-woodland",
        "mode": "before"
      }
    },
    {
      "type": "Feature",
      "geometry": {
        "type": "Polygon",
        "coordinates": [
          [
            [
              683601.5,
              7023582.5
            ],
            [
              683601.5,
              7023566.5
            ],
            [
              683593.5,
              7023566.5
            ],
            [
              683593.5,
              7023582.5
            ],
            [
              683601.5,
              7023582.5
            ]
          ]
        ]
      },
      "properties": {
        "tile": "l0/6/5",
        "cellMetres": 4,
        "role": "eligible-measured-woodland",
        "mode": "before"
      }
    },
    {
      "type": "Feature",
      "geometry": {
        "type": "Polygon",
        "coordinates": [
          [
            [
              683605.5,
              7023566.5
            ],
            [
              683605.5,
              7023562.5
            ],
            [
              683601.5,
              7023562.5
            ],
            [
              683601.5,
              7023566.5
            ],
            [
              683605.5,
              7023566.5
            ]
          ]
        ]
      },
      "properties": {
        "tile": "l0/6/5",
        "cellMetres": 4,
        "role": "eligible-measured-woodland",
        "mode": "before"
      }
    },
    {
      "type": "Feature",
      "geometry": {
        "type": "Polygon",
        "coordinates": [
          [
            [
              683445.5,
              7023538.5
            ],
            [
              683449.5,
              7023538.5
            ],
            [
              683449.5,
              7023534.353627713
            ],
            [
              683449.4839930929,
              7023534.365421598
            ],
            [
              683447.4239149267,
              7023536.028395782
            ],
            [
              683446.4122296608,
              7023536.882619426
            ],
            [
              683445.5,
              7023537.6880139755
            ],
            [
              683445.5,
              7023538.5
            ]
          ]
        ]
      },
      "properties": {
        "tile": "l0/6/5",
        "cellMetres": 4,
        "role": "eligible-measured-woodland",
        "mode": "before"
      }
    },
    {
      "type": "Feature",
      "geometry": {
        "type": "Polygon",
        "coordinates": [
          [
            [
              683441.5,
              7023638.5
            ],
            [
              683441.5,
              7023634.5
            ],
            [
              683445.5,
              7023634.5
            ],
            [
              683445.5,
              7023626.5
            ],
            [
              683449.5,
              7023626.5
            ],
            [
              683449.5,
              7023622.5
            ],
            [
              683453.5,
              7023622.5
            ],
            [
              683453.5,
              7023618.5
            ],
            [
              683457.5,
              7023618.5
            ],
            [
              683457.5,
              7023614.5
            ],
            [
              683461.5,
              7023614.5
            ],
            [
              683461.5,
              7023598.5
            ],
            [
              683457.5,
              7023598.5
            ],
            [
              683457.5,
              7023594.5
            ],
            [
              683461.5,
              7023594.5
            ],
            [
              683461.5,
              7023590.5
            ],
            [
              683457.5,
              7023590.5
            ],
            [
              683457.5,
              7023582.5
            ],
            [
              683465.5,
              7023582.5
            ],
            [
              683465.5,
              7023586.5
            ],
            [
              683473.5,
              7023586.5
            ],
            [
              683473.5,
              7023582.5
            ],
            [
              683481.5,
              7023582.5
            ],
            [
              683481.5,
              7023578.5
            ],
            [
              683485.5,
              7023578.5
            ],
            [
              683485.5,
              7023570.5
            ],
            [
              683489.5,
              7023570.5
            ],
            [
              683489.5,
              7023566.5
            ],
            [
              683485.5,
              7023566.5
            ],
            [
              683485.5,
              7023558.5
            ],
            [
              683489.5,
              7023558.5
            ],
            [
              683489.5,
              7023562.5
            ],
            [
              683493.5,
              7023562.5
            ],
            [
              683493.5,
              7023566.5
            ],
            [
              683497.5,
              7023566.5
            ],
            [
              683497.5,
              7023562.5
            ],
            [
              683505.5,
              7023562.5
            ],
            [
              683505.5,
              7023558.5
            ],
            [
              683509.5,
              7023558.5
            ],
            [
              683509.5,
              7023554.5
            ],
            [
              683513.5,
              7023554.5
            ],
            [
              683513.5,
              7023550.5
            ],
            [
              683517.5,
              7023550.5
            ],
            [
              683517.5,
              7023546.5
            ],
            [
              683521.5,
              7023546.5
            ],
            [
              683521.5,
              7023550.5
            ],
            [
              683529.5,
              7023550.5
            ],
            [
              683529.5,
              7023546.5
            ],
            [
              683533.5,
              7023546.5
            ],
            [
              683533.5,
              7023514.5
            ],
            [
              683509.5,
              7023514.5
            ],
            [
              683509.5,
              7023522.5
            ],
            [
              683501.5,
              7023522.5
            ],
            [
              683501.5,
              7023530.5
            ],
            [
              683497.5,
              7023530.5
            ],
            [
              683497.5,
              7023534.5
            ],
            [
              683493.5,
              7023534.5
            ],
            [
              683493.5,
              7023538.5
            ],
            [
              683485.5,
              7023538.5
            ],
            [
              683485.5,
              7023542.5
            ],
            [
              683481.5,
              7023542.5
            ],
            [
              683481.5,
              7023546.5
            ],
            [
              683461.5,
              7023546.5
            ],
            [
              683461.5,
              7023542.5
            ],
            [
              683457.5,
              7023542.5
            ],
            [
              683457.5,
              7023538.5
            ],
            [
              683453.5,
              7023538.5
            ],
            [
              683453.5,
              7023546.5
            ],
            [
              683441.5,
              7023546.5
            ],
            [
              683441.5,
              7023558.5
            ],
            [
              683445.5,
              7023558.5
            ],
            [
              683445.5,
              7023570.5
            ],
            [
              683441.5,
              7023570.5
            ],
            [
              683441.5,
              7023590.5
            ],
            [
              683437.5,
              7023590.5
            ],
            [
              683437.5,
              7023630.5
            ],
            [
              683433.5,
              7023630.5
            ],
            [
              683433.5,
              7023634.5
            ],
            [
              683437.5,
              7023634.5
            ],
            [
              683437.5,
              7023638.5
            ],
            [
              683441.5,
              7023638.5
            ]
          ]
        ]
      },
      "properties": {
        "tile": "l0/6/5",
        "cellMetres": 4,
        "role": "eligible-measured-woodland",
        "mode": "before"
      }
    },
    {
      "type": "Feature",
      "geometry": {
        "type": "Polygon",
        "coordinates": [
          [
            [
              683617.5,
              7023566.5
            ],
            [
              683617.5,
              7023562.5
            ],
            [
              683621.5,
              7023562.5
            ],
            [
              683621.5,
              7023558.5
            ],
            [
              683625.5,
              7023558.5
            ],
            [
              683625.5,
              7023554.5
            ],
            [
              683629.5,
              7023554.5
            ],
            [
              683629.5,
              7023550.5
            ],
            [
              683633.5,
              7023550.5
            ],
            [
              683633.5,
              7023546.5
            ],
            [
              683637.5,
              7023546.5
            ],
            [
              683637.5,
              7023542.5
            ],
            [
              683633.5,
              7023542.5
            ],
            [
              683633.5,
              7023518.5
            ],
            [
              683629.5,
              7023518.5
            ],
            [
              683629.5,
              7023514.5
            ],
            [
              683617.5,
              7023514.5
            ],
            [
              683617.5,
              7023522.5
            ],
            [
              683613.5,
              7023522.5
            ],
            [
              683613.5,
              7023530.5
            ],
            [
              683629.5,
              7023530.5
            ],
            [
              683629.5,
              7023534.5
            ],
            [
              683613.5,
              7023534.5
            ],
            [
              683613.5,
              7023542.5
            ],
            [
              683605.5,
              7023542.5
            ],
            [
              683605.5,
              7023558.5
            ],
            [
              683609.5,
              7023558.5
            ],
            [
              683609.5,
              7023566.5
            ],
            [
              683617.5,
              7023566.5
            ]
          ]
        ]
      },
      "properties": {
        "tile": "l0/6/5",
        "cellMetres": 4,
        "role": "eligible-measured-woodland",
        "mode": "before"
      }
    },
    {
      "type": "Feature",
      "geometry": {
        "type": "Polygon",
        "coordinates": [
          [
            [
              683461.5,
              7023530.5
            ],
            [
              683465.5,
              7023530.5
            ],
            [
              683465.5,
              7023534.5
            ],
            [
              683469.5,
              7023534.5
            ],
            [
              683469.5,
              7023530.5
            ],
            [
              683473.5,
              7023530.5
            ],
            [
              683473.5,
              7023526.5
            ],
            [
              683477.5,
              7023526.5
            ],
            [
              683477.5,
              7023522.5
            ],
            [
              683485.5,
              7023522.5
            ],
            [
              683485.5,
              7023518.5
            ],
            [
              683489.5,
              7023518.5
            ],
            [
              683489.5,
              7023514.5
            ],
            [
              683483.3373814878,
              7023514.5
            ],
            [
              683482.8196789066,
              7023514.762683336
            ],
            [
              683471.0926789066,
              7023520.912683335
            ],
            [
              683470.2534451731,
              7023521.369993974
            ],
            [
              683468.5899707905,
              7023522.311116214
            ],
            [
              683467.7657301414,
              7023522.794927814
            ],
            [
              683461.5,
              7023526.608256254
            ],
            [
              683461.5,
              7023530.5
            ]
          ]
        ]
      },
      "properties": {
        "tile": "l0/6/5",
        "cellMetres": 4,
        "role": "eligible-measured-woodland",
        "mode": "before"
      }
    },
    {
      "type": "Feature",
      "geometry": {
        "type": "Polygon",
        "coordinates": [
          [
            [
              683653.5,
              7023518.5
            ],
            [
              683653.5,
              7023514.5
            ],
            [
              683649.5,
              7023514.5
            ],
            [
              683649.5,
              7023518.5
            ],
            [
              683653.5,
              7023518.5
            ]
          ]
        ]
      },
      "properties": {
        "tile": "l0/6/5",
        "cellMetres": 4,
        "role": "eligible-measured-woodland",
        "mode": "before"
      }
    },
    {
      "type": "Feature",
      "geometry": {
        "type": "Polygon",
        "coordinates": [
          [
            [
              683657.5,
              7023762.5
            ],
            [
              683657.5,
              7023758.5
            ],
            [
              683653.5,
              7023758.5
            ],
            [
              683653.5,
              7023762.5
            ],
            [
              683657.5,
              7023762.5
            ]
          ]
        ]
      },
      "properties": {
        "tile": "l0/7/5",
        "cellMetres": 4,
        "role": "eligible-measured-woodland",
        "mode": "before"
      }
    },
    {
      "type": "Feature",
      "geometry": {
        "type": "Polygon",
        "coordinates": [
          [
            [
              683669.5,
              7023754.5
            ],
            [
              683661.5,
              7023754.5
            ],
            [
              683661.5,
              7023758.5
            ],
            [
              683667.5723499743,
              7023758.5
            ],
            [
              683669.5,
              7023757.387658371
            ],
            [
              683669.5,
              7023754.5
            ]
          ]
        ]
      },
      "properties": {
        "tile": "l0/7/5",
        "cellMetres": 4,
        "role": "eligible-measured-woodland",
        "mode": "before"
      }
    },
    {
      "type": "Feature",
      "geometry": {
        "type": "Polygon",
        "coordinates": [
          [
            [
              683677.5,
              7023750.5
            ],
            [
              683677.5,
              7023752.667291913
            ],
            [
              683678.8946713321,
              7023751.771757874
            ],
            [
              683680.6826848561,
              7023750.5
            ],
            [
              683677.5,
              7023750.5
            ]
          ]
        ]
      },
      "properties": {
        "tile": "l0/7/5",
        "cellMetres": 4,
        "role": "eligible-measured-woodland",
        "mode": "before"
      }
    },
    {
      "type": "Feature",
      "geometry": {
        "type": "Polygon",
        "coordinates": [
          [
            [
              683673.5,
              7023742.5
            ],
            [
              683673.5,
              7023738.5
            ],
            [
              683669.5,
              7023738.5
            ],
            [
              683669.5,
              7023742.5
            ],
            [
              683673.5,
              7023742.5
            ]
          ]
        ]
      },
      "properties": {
        "tile": "l0/7/5",
        "cellMetres": 4,
        "role": "eligible-measured-woodland",
        "mode": "before"
      }
    },
    {
      "type": "Feature",
      "geometry": {
        "type": "Polygon",
        "coordinates": [
          [
            [
              683681.5,
              7023742.5
            ],
            [
              683681.5,
              7023738.5
            ],
            [
              683677.5,
              7023738.5
            ],
            [
              683677.5,
              7023742.5
            ],
            [
              683681.5,
              7023742.5
            ]
          ]
        ]
      },
      "properties": {
        "tile": "l0/7/5",
        "cellMetres": 4,
        "role": "eligible-measured-woodland",
        "mode": "before"
      }
    },
    {
      "type": "Feature",
      "geometry": {
        "type": "Polygon",
        "coordinates": [
          [
            [
              683689.5,
              7023742.5
            ],
            [
              683689.5,
              7023738.5
            ],
            [
              683685.5,
              7023738.5
            ],
            [
              683685.5,
              7023742.5
            ],
            [
              683689.5,
              7023742.5
            ]
          ]
        ]
      },
      "properties": {
        "tile": "l0/7/5",
        "cellMetres": 4,
        "role": "eligible-measured-woodland",
        "mode": "before"
      }
    },
    {
      "type": "Feature",
      "geometry": {
        "type": "Polygon",
        "coordinates": [
          [
            [
              683725.5,
              7023734.5
            ],
            [
              683721.5,
              7023734.5
            ],
            [
              683721.5,
              7023736.792674929
            ],
            [
              683725.5,
              7023735.463222076
            ],
            [
              683725.5,
              7023734.5
            ]
          ]
        ]
      },
      "properties": {
        "tile": "l0/7/5",
        "cellMetres": 4,
        "role": "eligible-measured-woodland",
        "mode": "before"
      }
    },
    {
      "type": "Feature",
      "geometry": {
        "type": "Polygon",
        "coordinates": [
          [
            [
              683705.5,
              7023730.5
            ],
            [
              683705.5,
              7023726.5
            ],
            [
              683701.5,
              7023726.5
            ],
            [
              683701.5,
              7023730.5
            ],
            [
              683705.5,
              7023730.5
            ]
          ]
        ]
      },
      "properties": {
        "tile": "l0/7/5",
        "cellMetres": 4,
        "role": "eligible-measured-woodland",
        "mode": "before"
      }
    },
    {
      "type": "Feature",
      "geometry": {
        "type": "Polygon",
        "coordinates": [
          [
            [
              683749.5,
              7023726.5
            ],
            [
              683741.5,
              7023726.5
            ],
            [
              683741.5,
              7023730.145410668
            ],
            [
              683749.5,
              7023727.486504964
            ],
            [
              683749.5,
              7023726.5
            ]
          ]
        ]
      },
      "properties": {
        "tile": "l0/7/5",
        "cellMetres": 4,
        "role": "eligible-measured-woodland",
        "mode": "before"
      }
    },
    {
      "type": "Feature",
      "geometry": {
        "type": "Polygon",
        "coordinates": [
          [
            [
              683761.5,
              7023722.5
            ],
            [
              683757.5,
              7023722.5
            ],
            [
              683757.5,
              7023724.827599259
            ],
            [
              683761.5,
              7023723.498146407
            ],
            [
              683761.5,
              7023722.5
            ]
          ]
        ]
      },
      "properties": {
        "tile": "l0/7/5",
        "cellMetres": 4,
        "role": "eligible-measured-woodland",
        "mode": "before"
      }
    },
    {
      "type": "Feature",
      "geometry": {
        "type": "Polygon",
        "coordinates": [
          [
            [
              683773.5,
              7023718.5
            ],
            [
              683769.5,
              7023718.5
            ],
            [
              683769.5,
              7023720.839240703
            ],
            [
              683773.5,
              7023719.509787851
            ],
            [
              683773.5,
              7023718.5
            ]
          ]
        ]
      },
      "properties": {
        "tile": "l0/7/5",
        "cellMetres": 4,
        "role": "eligible-measured-woodland",
        "mode": "before"
      }
    },
    {
      "type": "Feature",
      "geometry": {
        "type": "Polygon",
        "coordinates": [
          [
            [
              683797.5,
              7023710.5
            ],
            [
              683789.5,
              7023710.5
            ],
            [
              683789.5,
              7023714.191976442
            ],
            [
              683797.5,
              7023711.5330707375
            ],
            [
              683797.5,
              7023710.5
            ]
          ]
        ]
      },
      "properties": {
        "tile": "l0/7/5",
        "cellMetres": 4,
        "role": "eligible-measured-woodland",
        "mode": "before"
      }
    },
    {
      "type": "Feature",
      "geometry": {
        "type": "Polygon",
        "coordinates": [
          [
            [
              683661.5,
              7023718.5
            ],
            [
              683661.5,
              7023714.5
            ],
            [
              683677.5,
              7023714.5
            ],
            [
              683677.5,
              7023706.5
            ],
            [
              683673.5,
              7023706.5
            ],
            [
              683673.5,
              7023710.5
            ],
            [
              683653.5,
              7023710.5
            ],
            [
              683653.5,
              7023714.5
            ],
            [
              683657.5,
              7023714.5
            ],
            [
              683657.5,
              7023718.5
            ],
            [
              683661.5,
              7023718.5
            ]
          ]
        ]
      },
      "properties": {
        "tile": "l0/7/5",
        "cellMetres": 4,
        "role": "eligible-measured-woodland",
        "mode": "before"
      }
    },
    {
      "type": "Feature",
      "geometry": {
        "type": "Polygon",
        "coordinates": [
          [
            [
              683809.5,
              7023706.5
            ],
            [
              683801.5,
              7023706.5
            ],
            [
              683801.5,
              7023710.203617886
            ],
            [
              683809.5,
              7023707.544712181
            ],
            [
              683809.5,
              7023706.5
            ]
          ]
        ]
      },
      "properties": {
        "tile": "l0/7/5",
        "cellMetres": 4,
        "role": "eligible-measured-woodland",
        "mode": "before"
      }
    },
    {
      "type": "Feature",
      "geometry": {
        "type": "Polygon",
        "coordinates": [
          [
            [
              683821.5,
              7023702.5
            ],
            [
              683817.5,
              7023702.5
            ],
            [
              683817.5,
              7023704.885806478
            ],
            [
              683821.5,
              7023703.556353625
            ],
            [
              683821.5,
              7023702.5
            ]
          ]
        ]
      },
      "properties": {
        "tile": "l0/7/5",
        "cellMetres": 4,
        "role": "eligible-measured-woodland",
        "mode": "before"
      }
    },
    {
      "type": "Feature",
      "geometry": {
        "type": "Polygon",
        "coordinates": [
          [
            [
              683829.5,
              7023698.5
            ],
            [
              683821.5,
              7023698.5
            ],
            [
              683821.5,
              7023702.5
            ],
            [
              683824.6783109069,
              7023702.5
            ],
            [
              683829.5,
              7023700.89744792
            ],
            [
              683829.5,
              7023698.5
            ]
          ]
        ]
      },
      "properties": {
        "tile": "l0/7/5",
        "cellMetres": 4,
        "role": "eligible-measured-woodland",
        "mode": "before"
      }
    },
    {
      "type": "Feature",
      "geometry": {
        "type": "Polygon",
        "coordinates": [
          [
            [
              683841.5,
              7023694.5
            ],
            [
              683837.5,
              7023694.5
            ],
            [
              683837.5,
              7023698.238542217
            ],
            [
              683841.5,
              7023696.909089364
            ],
            [
              683841.5,
              7023694.5
            ]
          ]
        ]
      },
      "properties": {
        "tile": "l0/7/5",
        "cellMetres": 4,
        "role": "eligible-measured-woodland",
        "mode": "before"
      }
    },
    {
      "type": "Feature",
      "geometry": {
        "type": "Polygon",
        "coordinates": [
          [
            [
              683821.5,
              7023694.5
            ],
            [
              683821.5,
              7023690.5
            ],
            [
              683817.5,
              7023690.5
            ],
            [
              683817.5,
              7023694.5
            ],
            [
              683821.5,
              7023694.5
            ]
          ]
        ]
      },
      "properties": {
        "tile": "l0/7/5",
        "cellMetres": 4,
        "role": "eligible-measured-woodland",
        "mode": "before"
      }
    },
    {
      "type": "Feature",
      "geometry": {
        "type": "Polygon",
        "coordinates": [
          [
            [
              683853.5,
              7023690.5
            ],
            [
              683849.5,
              7023690.5
            ],
            [
              683849.5,
              7023694.1327529
            ],
            [
              683850.0547504744,
              7023693.918074737
            ],
            [
              683852.6458174672,
              7023692.615089257
            ],
            [
              683853.5,
              7023692.076391574
            ],
            [
              683853.5,
              7023690.5
            ]
          ]
        ]
      },
      "properties": {
        "tile": "l0/7/5",
        "cellMetres": 4,
        "role": "eligible-measured-woodland",
        "mode": "before"
      }
    },
    {
      "type": "Feature",
      "geometry": {
        "type": "Polygon",
        "coordinates": [
          [
            [
              683857.5,
              7023686.5
            ],
            [
              683857.5,
              7023689.188691713
            ],
            [
              683859.5012542827,
              7023687.3014617665
            ],
            [
              683860.2013610249,
              7023686.5
            ],
            [
              683857.5,
              7023686.5
            ]
          ]
        ]
      },
      "properties": {
        "tile": "l0/7/5",
        "cellMetres": 4,
        "role": "eligible-measured-woodland",
        "mode": "before"
      }
    },
    {
      "type": "Feature",
      "geometry": {
        "type": "Polygon",
        "coordinates": [
          [
            [
              683837.5,
              7023690.5
            ],
            [
              683837.5,
              7023686.5
            ],
            [
              683833.5,
              7023686.5
            ],
            [
              683833.5,
              7023682.5
            ],
            [
              683829.5,
              7023682.5
            ],
            [
              683829.5,
              7023686.5
            ],
            [
              683825.5,
              7023686.5
            ],
            [
              683825.5,
              7023690.5
            ],
            [
              683837.5,
              7023690.5
            ]
          ]
        ]
      },
      "properties": {
        "tile": "l0/7/5",
        "cellMetres": 4,
        "role": "eligible-measured-woodland",
        "mode": "before"
      }
    },
    {
      "type": "Feature",
      "geometry": {
        "type": "Polygon",
        "coordinates": [
          [
            [
              683861.5,
              7023670.5
            ],
            [
              683861.5,
              7023674.5
            ],
            [
              683857.5,
              7023674.5
            ],
            [
              683857.5,
              7023678.5
            ],
            [
              683853.5,
              7023678.5
            ],
            [
              683853.5,
              7023674.5
            ],
            [
              683849.5,
              7023674.5
            ],
            [
              683849.5,
              7023678.5
            ],
            [
              683845.5,
              7023678.5
            ],
            [
              683845.5,
              7023686.5
            ],
            [
              683853.5,
              7023686.5
            ],
            [
              683853.5,
              7023682.5
            ],
            [
              683863.2472939367,
              7023682.5
            ],
            [
              683864.5500235382,
              7023680.248690677
            ],
            [
              683865.7534151331,
              7023677.609893983
            ],
            [
              683866.6963765792,
              7023674.867226845
            ],
            [
              683867.3700949594,
              7023672.046322226
            ],
            [
              683867.6612067894,
              7023670.5
            ],
            [
              683861.5,
              7023670.5
            ]
          ]
        ]
      },
      "properties": {
        "tile": "l0/7/5",
        "cellMetres": 4,
        "role": "eligible-measured-woodland",
        "mode": "before"
      }
    },
    {
      "type": "Feature",
      "geometry": {
        "type": "Polygon",
        "coordinates": [
          [
            [
              683657.5,
              7023634.5
            ],
            [
              683657.5,
              7023630.5
            ],
            [
              683653.5,
              7023630.5
            ],
            [
              683653.5,
              7023634.5
            ],
            [
              683657.5,
              7023634.5
            ]
          ]
        ]
      },
      "properties": {
        "tile": "l0/7/5",
        "cellMetres": 4,
        "role": "eligible-measured-woodland",
        "mode": "before"
      }
    },
    {
      "type": "Feature",
      "geometry": {
        "type": "Polygon",
        "coordinates": [
          [
            [
              683681.5,
              7023622.5
            ],
            [
              683681.5,
              7023618.5
            ],
            [
              683677.5,
              7023618.5
            ],
            [
              683677.5,
              7023622.5
            ],
            [
              683681.5,
              7023622.5
            ]
          ]
        ]
      },
      "properties": {
        "tile": "l0/7/5",
        "cellMetres": 4,
        "role": "eligible-measured-woodland",
        "mode": "before"
      }
    },
    {
      "type": "Feature",
      "geometry": {
        "type": "Polygon",
        "coordinates": [
          [
            [
              683717.5,
              7023606.5
            ],
            [
              683717.5,
              7023602.5
            ],
            [
              683709.5,
              7023602.5
            ],
            [
              683709.5,
              7023606.5
            ],
            [
              683717.5,
              7023606.5
            ]
          ]
        ]
      },
      "properties": {
        "tile": "l0/7/5",
        "cellMetres": 4,
        "role": "eligible-measured-woodland",
        "mode": "before"
      }
    },
    {
      "type": "Feature",
      "geometry": {
        "type": "Polygon",
        "coordinates": [
          [
            [
              683753.5,
              7023578.5
            ],
            [
              683753.5,
              7023586.5
            ],
            [
              683757.5,
              7023586.5
            ],
            [
              683757.5,
              7023582.5
            ],
            [
              683769.5,
              7023582.5
            ],
            [
              683769.5,
              7023574.5
            ],
            [
              683761.5,
              7023574.5
            ],
            [
              683761.5,
              7023570.5
            ],
            [
              683757.5,
              7023570.5
            ],
            [
              683757.5,
              7023562.5
            ],
            [
              683753.5,
              7023562.5
            ],
            [
              683753.5,
              7023558.5
            ],
            [
              683745.5,
              7023558.5
            ],
            [
              683745.5,
              7023554.5
            ],
            [
              683741.5,
              7023554.5
            ],
            [
              683741.5,
              7023550.5
            ],
            [
              683733.5,
              7023550.5
            ],
            [
              683733.5,
              7023554.5
            ],
            [
              683729.5,
              7023554.5
            ],
            [
              683729.5,
              7023562.5
            ],
            [
              683733.5,
              7023562.5
            ],
            [
              683733.5,
              7023570.5
            ],
            [
              683725.5,
              7023570.5
            ],
            [
              683725.5,
              7023562.5
            ],
            [
              683717.5,
              7023562.5
            ],
            [
              683717.5,
              7023566.5
            ],
            [
              683713.5,
              7023566.5
            ],
            [
              683713.5,
              7023570.5
            ],
            [
              683705.5,
              7023570.5
            ],
            [
              683705.5,
              7023566.5
            ],
            [
              683701.5,
              7023566.5
            ],
            [
              683701.5,
              7023570.5
            ],
            [
              683697.5,
              7023570.5
            ],
            [
              683697.5,
              7023574.5
            ],
            [
              683693.5,
              7023574.5
            ],
            [
              683693.5,
              7023586.5
            ],
            [
              683681.5,
              7023586.5
            ],
            [
              683681.5,
              7023594.5
            ],
            [
              683673.5,
              7023594.5
            ],
            [
              683673.5,
              7023598.5
            ],
            [
              683669.5,
              7023598.5
            ],
            [
              683669.5,
              7023602.5
            ],
            [
              683665.5,
              7023602.5
            ],
            [
              683665.5,
              7023618.5
            ],
            [
              683669.5,
              7023618.5
            ],
            [
              683669.5,
              7023638.5
            ],
            [
              683673.5,
              7023638.5
            ],
            [
              683673.5,
              7023626.5
            ],
            [
              683677.5,
              7023626.5
            ],
            [
              683677.5,
              7023622.5
            ],
            [
              683673.5,
              7023622.5
            ],
            [
              683673.5,
              7023618.5
            ],
            [
              683677.5,
              7023618.5
            ],
            [
              683677.5,
              7023614.5
            ],
            [
              683681.5,
              7023614.5
            ],
            [
              683681.5,
              7023618.5
            ],
            [
              683685.5,
              7023618.5
            ],
            [
              683685.5,
              7023614.5
            ],
            [
              683689.5,
              7023614.5
            ],
            [
              683689.5,
              7023622.5
            ],
            [
              683693.5,
              7023622.5
            ],
            [
              683693.5,
              7023610.5
            ],
            [
              683689.5,
              7023610.5
            ],
            [
              683689.5,
              7023606.5
            ],
            [
              683693.5,
              7023606.5
            ],
            [
              683693.5,
              7023602.5
            ],
            [
              683701.5,
              7023602.5
            ],
            [
              683701.5,
              7023598.5
            ],
            [
              683713.5,
              7023598.5
            ],
            [
              683713.5,
              7023594.5
            ],
            [
              683717.5,
              7023594.5
            ],
            [
              683717.5,
              7023598.5
            ],
            [
              683729.5,
              7023598.5
            ],
            [
              683729.5,
              7023594.5
            ],
            [
              683749.5,
              7023594.5
            ],
            [
              683749.5,
              7023590.5
            ],
            [
              683745.5,
              7023590.5
            ],
            [
              683745.5,
              7023582.5
            ],
            [
              683749.5,
              7023582.5
            ],
            [
              683749.5,
              7023578.5
            ],
            [
              683753.5,
              7023578.5
            ]
          ],
          [
            [
              683689.5,
              7023602.5
            ],
            [
              683689.5,
              7023594.5
            ],
            [
              683693.5,
              7023594.5
            ],
            [
              683693.5,
              7023590.5
            ],
            [
              683697.5,
              7023590.5
            ],
            [
              683697.5,
              7023598.5
            ],
            [
              683693.5,
              7023598.5
            ],
            [
              683693.5,
              7023602.5
            ],
            [
              683689.5,
              7023602.5
            ]
          ],
          [
            [
              683745.5,
              7023578.5
            ],
            [
              683745.5,
              7023574.5
            ],
            [
              683749.5,
              7023574.5
            ],
            [
              683749.5,
              7023578.5
            ],
            [
              683745.5,
              7023578.5
            ]
          ]
        ]
      },
      "properties": {
        "tile": "l0/7/5",
        "cellMetres": 4,
        "role": "eligible-measured-woodland",
        "mode": "before"
      }
    },
    {
      "type": "Feature",
      "geometry": {
        "type": "Polygon",
        "coordinates": [
          [
            [
              683745.5,
              7023550.5
            ],
            [
              683745.5,
              7023542.5
            ],
            [
              683741.5,
              7023542.5
            ],
            [
              683741.5,
              7023550.5
            ],
            [
              683745.5,
              7023550.5
            ]
          ]
        ]
      },
      "properties": {
        "tile": "l0/7/5",
        "cellMetres": 4,
        "role": "eligible-measured-woodland",
        "mode": "before"
      }
    },
    {
      "type": "Feature",
      "geometry": {
        "type": "Polygon",
        "coordinates": [
          [
            [
              683657.5,
              7023542.5
            ],
            [
              683657.5,
              7023538.5
            ],
            [
              683653.5,
              7023538.5
            ],
            [
              683653.5,
              7023542.5
            ],
            [
              683657.5,
              7023542.5
            ]
          ]
        ]
      },
      "properties": {
        "tile": "l0/7/5",
        "cellMetres": 4,
        "role": "eligible-measured-woodland",
        "mode": "before"
      }
    },
    {
      "type": "Feature",
      "geometry": {
        "type": "Polygon",
        "coordinates": [
          [
            [
              683657.5,
              7023534.5
            ],
            [
              683657.5,
              7023530.5
            ],
            [
              683661.5,
              7023530.5
            ],
            [
              683661.5,
              7023526.5
            ],
            [
              683653.5,
              7023526.5
            ],
            [
              683653.5,
              7023534.5
            ],
            [
              683657.5,
              7023534.5
            ]
          ]
        ]
      },
      "properties": {
        "tile": "l0/7/5",
        "cellMetres": 4,
        "role": "eligible-measured-woodland",
        "mode": "before"
      }
    },
    {
      "type": "Feature",
      "geometry": {
        "type": "Polygon",
        "coordinates": [
          [
            [
              683673.5,
              7023546.5
            ],
            [
              683673.5,
              7023542.5
            ],
            [
              683685.5,
              7023542.5
            ],
            [
              683685.5,
              7023538.5
            ],
            [
              683693.5,
              7023538.5
            ],
            [
              683693.5,
              7023534.5
            ],
            [
              683701.5,
              7023534.5
            ],
            [
              683701.5,
              7023530.5
            ],
            [
              683705.5,
              7023530.5
            ],
            [
              683705.5,
              7023522.5
            ],
            [
              683701.5,
              7023522.5
            ],
            [
              683701.5,
              7023518.5
            ],
            [
              683697.5,
              7023518.5
            ],
            [
              683697.5,
              7023522.5
            ],
            [
              683693.5,
              7023522.5
            ],
            [
              683693.5,
              7023530.5
            ],
            [
              683685.5,
              7023530.5
            ],
            [
              683685.5,
              7023526.5
            ],
            [
              683677.5,
              7023526.5
            ],
            [
              683677.5,
              7023534.5
            ],
            [
              683673.5,
              7023534.5
            ],
            [
              683673.5,
              7023526.5
            ],
            [
              683665.5,
              7023526.5
            ],
            [
              683665.5,
              7023538.5
            ],
            [
              683669.5,
              7023538.5
            ],
            [
              683669.5,
              7023546.5
            ],
            [
              683673.5,
              7023546.5
            ]
          ]
        ]
      },
      "properties": {
        "tile": "l0/7/5",
        "cellMetres": 4,
        "role": "eligible-measured-woodland",
        "mode": "before"
      }
    },
    {
      "type": "Feature",
      "geometry": {
        "type": "Polygon",
        "coordinates": [
          [
            [
              683909.5,
              7023514.5
            ],
            [
              683889.5,
              7023514.5
            ],
            [
              683889.5,
              7023518.5
            ],
            [
              683885.5,
              7023518.5
            ],
            [
              683885.5,
              7023522.5
            ],
            [
              683881.5,
              7023522.5
            ],
            [
              683881.5,
              7023530.5
            ],
            [
              683877.5,
              7023530.5
            ],
            [
              683877.5,
              7023534.5
            ],
            [
              683873.5,
              7023534.5
            ],
            [
              683873.5,
              7023538.5
            ],
            [
              683869.5,
              7023538.5
            ],
            [
              683869.5,
              7023542.5
            ],
            [
              683865.5,
              7023542.5
            ],
            [
              683865.5,
              7023550.5
            ],
            [
              683861.5,
              7023550.5
            ],
            [
              683861.5,
              7023558.5
            ],
            [
              683857.5,
              7023558.5
            ],
            [
              683857.5,
              7023566.5
            ],
            [
              683849.5,
              7023566.5
            ],
            [
              683849.5,
              7023570.5
            ],
            [
              683845.5,
              7023570.5
            ],
            [
              683845.5,
              7023574.5
            ],
            [
              683837.5,
              7023574.5
            ],
            [
              683837.5,
              7023578.5
            ],
            [
              683829.5,
              7023578.5
            ],
            [
              683829.5,
              7023582.5
            ],
            [
              683825.5,
              7023582.5
            ],
            [
              683825.5,
              7023586.5
            ],
            [
              683821.5,
              7023586.5
            ],
            [
              683821.5,
              7023590.5
            ],
            [
              683813.5,
              7023590.5
            ],
            [
              683813.5,
              7023622.5
            ],
            [
              683809.5,
              7023622.5
            ],
            [
              683809.5,
              7023618.5
            ],
            [
              683801.5,
              7023618.5
            ],
            [
              683801.5,
              7023614.5
            ],
            [
              683797.5,
              7023614.5
            ],
            [
              683797.5,
              7023618.5
            ],
            [
              683793.5,
              7023618.5
            ],
            [
              683793.5,
              7023622.5
            ],
            [
              683789.5,
              7023622.5
            ],
            [
              683789.5,
              7023626.5
            ],
            [
              683785.5,
              7023626.5
            ],
            [
              683785.5,
              7023634.5
            ],
            [
              683793.5,
              7023634.5
            ],
            [
              683793.5,
              7023638.5
            ],
            [
              683789.5,
              7023638.5
            ],
            [
              683789.5,
              7023642.5
            ],
            [
              683781.5,
              7023642.5
            ],
            [
              683781.5,
              7023638.5
            ],
            [
              683777.5,
              7023638.5
            ],
            [
              683777.5,
              7023642.5
            ],
            [
              683773.5,
              7023642.5
            ],
            [
              683773.5,
              7023654.5
            ],
            [
              683781.5,
              7023654.5
            ],
            [
              683781.5,
              7023666.5
            ],
            [
              683785.5,
              7023666.5
            ],
            [
              683785.5,
              7023670.5
            ],
            [
              683789.5,
              7023670.5
            ],
            [
              683789.5,
              7023666.5
            ],
            [
              683793.5,
              7023666.5
            ],
            [
              683793.5,
              7023670.5
            ],
            [
              683797.5,
              7023670.5
            ],
            [
              683797.5,
              7023674.5
            ],
            [
              683801.5,
              7023674.5
            ],
            [
              683801.5,
              7023678.5
            ],
            [
              683797.5,
              7023678.5
            ],
            [
              683797.5,
              7023682.5
            ],
            [
              683809.5,
              7023682.5
            ],
            [
              683809.5,
              7023678.5
            ],
            [
              683821.5,
              7023678.5
            ],
            [
              683821.5,
              7023674.5
            ],
            [
              683833.5,
              7023674.5
            ],
            [
              683833.5,
              7023670.5
            ],
            [
              683841.5,
              7023670.5
            ],
            [
              683841.5,
              7023666.5
            ],
            [
              683849.5,
              7023666.5
            ],
            [
              683849.5,
              7023662.5
            ],
            [
              683857.5,
              7023662.5
            ],
            [
              683857.5,
              7023658.5
            ],
            [
              683869.5,
              7023658.5
            ],
            [
              683869.5,
              7023654.5
            ],
            [
              683870.6733792869,
              7023654.5
            ],
            [
              683877.1484485081,
              7023620.105851715
            ],
            [
              683885.7687600598,
              7023613.851059423
            ],
            [
              683886.9494854953,
              7023612.94887174
            ],
            [
              683889.264814734,
              7023611.087137629
            ],
            [
              683891.485117089,
              7023609.113040165
            ],
            [
              683893.6049452919,
              7023607.03142258
            ],
            [
              683895.6190985629,
              7023604.847391906
            ],
            [
              683897.5226353889,
              7023602.566306434
            ],
            [
              683899.3108856444,
              7023600.193762563
            ],
            [
              683900.9794620433,
              7023597.735581084
            ],
            [
              683902.5242709081,
              7023595.197792889
            ],
            [
              683903.9415222178,
              7023592.586624165
            ],
            [
              683905.2277388944,
              7023589.908481142
            ],
            [
              683906.3409783152,
              7023587.2621371765
            ],
            [
              683909.5,
              7023584.724449441
            ],
            [
              683909.5,
              7023514.5
            ]
          ],
          [
            [
              683833.5,
              7023658.5
            ],
            [
              683825.5,
              7023658.5
            ],
            [
              683825.5,
              7023654.5
            ],
            [
              683821.5,
              7023654.5
            ],
            [
              683821.5,
              7023646.5
            ],
            [
              683825.5,
              7023646.5
            ],
            [
              683825.5,
              7023642.5
            ],
            [
              683829.5,
              7023642.5
            ],
            [
              683829.5,
              7023638.5
            ],
            [
              683833.5,
              7023638.5
            ],
            [
              683833.5,
              7023642.5
            ],
            [
              683837.5,
              7023642.5
            ],
            [
              683837.5,
              7023638.5
            ],
            [
              683845.5,
              7023638.5
            ],
            [
              683845.5,
              7023646.5
            ],
            [
              683841.5,
              7023646.5
            ],
            [
              683841.5,
              7023650.5
            ],
            [
              683837.5,
              7023650.5
            ],
            [
              683837.5,
              7023662.5
            ],
            [
              683833.5,
              7023662.5
            ],
            [
              683833.5,
              7023658.5
            ]
          ]
        ]
      },
      "properties": {
        "tile": "l0/7/5",
        "cellMetres": 4,
        "role": "eligible-measured-woodland",
        "mode": "before"
      }
    },
    {
      "type": "Feature",
      "geometry": {
        "type": "Polygon",
        "coordinates": [
          [
            [
              683785.5,
              7023578.5
            ],
            [
              683785.5,
              7023574.5
            ],
            [
              683789.5,
              7023574.5
            ],
            [
              683789.5,
              7023566.5
            ],
            [
              683793.5,
              7023566.5
            ],
            [
              683793.5,
              7023570.5
            ],
            [
              683797.5,
              7023570.5
            ],
            [
              683797.5,
              7023558.5
            ],
            [
              683805.5,
              7023558.5
            ],
            [
              683805.5,
              7023550.5
            ],
            [
              683809.5,
              7023550.5
            ],
            [
              683809.5,
              7023546.5
            ],
            [
              683817.5,
              7023546.5
            ],
            [
              683817.5,
              7023550.5
            ],
            [
              683829.5,
              7023550.5
            ],
            [
              683829.5,
              7023538.5
            ],
            [
              683837.5,
              7023538.5
            ],
            [
              683837.5,
              7023546.5
            ],
            [
              683841.5,
              7023546.5
            ],
            [
              683841.5,
              7023538.5
            ],
            [
              683849.5,
              7023538.5
            ],
            [
              683849.5,
              7023534.5
            ],
            [
              683853.5,
              7023534.5
            ],
            [
              683853.5,
              7023530.5
            ],
            [
              683857.5,
              7023530.5
            ],
            [
              683857.5,
              7023526.5
            ],
            [
              683861.5,
              7023526.5
            ],
            [
              683861.5,
              7023522.5
            ],
            [
              683865.5,
              7023522.5
            ],
            [
              683865.5,
              7023518.5
            ],
            [
              683873.5,
              7023518.5
            ],
            [
              683873.5,
              7023514.5
            ],
            [
              683861.5,
              7023514.5
            ],
            [
              683861.5,
              7023518.5
            ],
            [
              683857.5,
              7023518.5
            ],
            [
              683857.5,
              7023514.5
            ],
            [
              683789.5,
              7023514.5
            ],
            [
              683789.5,
              7023518.5
            ],
            [
              683785.5,
              7023518.5
            ],
            [
              683785.5,
              7023522.5
            ],
            [
              683781.5,
              7023522.5
            ],
            [
              683781.5,
              7023526.5
            ],
            [
              683769.5,
              7023526.5
            ],
            [
              683769.5,
              7023530.5
            ],
            [
              683765.5,
              7023530.5
            ],
            [
              683765.5,
              7023534.5
            ],
            [
              683761.5,
              7023534.5
            ],
            [
              683761.5,
              7023530.5
            ],
            [
              683757.5,
              7023530.5
            ],
            [
              683757.5,
              7023546.5
            ],
            [
              683769.5,
              7023546.5
            ],
            [
              683769.5,
              7023550.5
            ],
            [
              683765.5,
              7023550.5
            ],
            [
              683765.5,
              7023562.5
            ],
            [
              683769.5,
              7023562.5
            ],
            [
              683769.5,
              7023566.5
            ],
            [
              683773.5,
              7023566.5
            ],
            [
              683773.5,
              7023574.5
            ],
            [
              683777.5,
              7023574.5
            ],
            [
              683777.5,
              7023578.5
            ],
            [
              683785.5,
              7023578.5
            ]
          ],
          [
            [
              683773.5,
              7023558.5
            ],
            [
              683777.5,
              7023558.5
            ],
            [
              683777.5,
              7023562.5
            ],
            [
              683773.5,
              7023562.5
            ],
            [
              683773.5,
              7023558.5
            ]
          ],
          [
            [
              683793.5,
              7023554.5
            ],
            [
              683789.5,
              7023554.5
            ],
            [
              683789.5,
              7023546.5
            ],
            [
              683793.5,
              7023546.5
            ],
            [
              683793.5,
              7023554.5
            ]
          ],
          [
            [
              683793.5,
              7023542.5
            ],
            [
              683801.5,
              7023542.5
            ],
            [
              683801.5,
              7023546.5
            ],
            [
              683793.5,
              7023546.5
            ],
            [
              683793.5,
              7023542.5
            ]
          ],
          [
            [
              683825.5,
              7023538.5
            ],
            [
              683825.5,
              7023542.5
            ],
            [
              683821.5,
              7023542.5
            ],
            [
              683821.5,
              7023538.5
            ],
            [
              683825.5,
              7023538.5
            ]
          ],
          [
            [
              683817.5,
              7023538.5
            ],
            [
              683817.5,
              7023534.5
            ],
            [
              683821.5,
              7023534.5
            ],
            [
              683821.5,
              7023538.5
            ],
            [
              683817.5,
              7023538.5
            ]
          ],
          [
            [
              683773.5,
              7023534.5
            ],
            [
              683777.5,
              7023534.5
            ],
            [
              683777.5,
              7023538.5
            ],
            [
              683773.5,
              7023538.5
            ],
            [
              683773.5,
              7023534.5
            ]
          ],
          [
            [
              683829.5,
              7023530.5
            ],
            [
              683833.5,
              7023530.5
            ],
            [
              683833.5,
              7023534.5
            ],
            [
              683829.5,
              7023534.5
            ],
            [
              683829.5,
              7023530.5
            ]
          ],
          [
            [
              683801.5,
              7023526.5
            ],
            [
              683805.5,
              7023526.5
            ],
            [
              683805.5,
              7023530.5
            ],
            [
              683801.5,
              7023530.5
            ],
            [
              683801.5,
              7023526.5
            ]
          ],
          [
            [
              683793.5,
              7023518.5
            ],
            [
              683797.5,
              7023518.5
            ],
            [
              683797.5,
              7023522.5
            ],
            [
              683793.5,
              7023522.5
            ],
            [
              683793.5,
              7023518.5
            ]
          ]
        ]
      },
      "properties": {
        "tile": "l0/7/5",
        "cellMetres": 4,
        "role": "eligible-measured-woodland",
        "mode": "before"
      }
    },
    {
      "type": "Feature",
      "geometry": {
        "type": "Polygon",
        "coordinates": [
          [
            [
              683973.5,
              7023530.5
            ],
            [
              683969.5,
              7023530.5
            ],
            [
              683969.5,
              7023534.086125957
            ],
            [
              683973.5,
              7023532.598972647
            ],
            [
              683973.5,
              7023530.5
            ]
          ]
        ]
      },
      "properties": {
        "tile": "l0/8/5",
        "cellMetres": 4,
        "role": "eligible-measured-woodland",
        "mode": "before"
      }
    },
    {
      "type": "Feature",
      "geometry": {
        "type": "Polygon",
        "coordinates": [
          [
            [
              683985.5,
              7023526.5
            ],
            [
              683973.5,
              7023526.5
            ],
            [
              683973.5,
              7023530.5
            ],
            [
              683977.5,
              7023530.5
            ],
            [
              683977.5,
              7023531.111819338
            ],
            [
              683985.5,
              7023528.137512718
            ],
            [
              683985.5,
              7023526.5
            ]
          ]
        ]
      },
      "properties": {
        "tile": "l0/8/5",
        "cellMetres": 4,
        "role": "eligible-measured-woodland",
        "mode": "before"
      }
    },
    {
      "type": "Feature",
      "geometry": {
        "type": "Polygon",
        "coordinates": [
          [
            [
              684005.5,
              7023518.5
            ],
            [
              684001.5,
              7023518.5
            ],
            [
              684001.5,
              7023522.188899481
            ],
            [
              684005.5,
              7023520.701746171
            ],
            [
              684005.5,
              7023518.5
            ]
          ]
        ]
      },
      "properties": {
        "tile": "l0/8/5",
        "cellMetres": 4,
        "role": "eligible-measured-woodland",
        "mode": "before"
      }
    },
    {
      "type": "Feature",
      "geometry": {
        "type": "Polygon",
        "coordinates": [
          [
            [
              683949.5,
              7023534.5
            ],
            [
              683945.5,
              7023534.5
            ],
            [
              683945.5,
              7023522.5
            ],
            [
              683949.5,
              7023522.5
            ],
            [
              683949.5,
              7023518.5
            ],
            [
              683957.5,
              7023518.5
            ],
            [
              683957.5,
              7023514.5
            ],
            [
              683909.5,
              7023514.5
            ],
            [
              683909.5,
              7023584.724449441
            ],
            [
              683911.406041427,
              7023583.193298839
            ],
            [
              683912.3899763981,
              7023582.367618111
            ],
            [
              683914.9731875008,
              7023580.103895502
            ],
            [
              683917.0894937116,
              7023578.0572543405
            ],
            [
              683919.4383823302,
              7023575.551233209
            ],
            [
              683921.3438920266,
              7023573.30701291
            ],
            [
              683923.4358370795,
              7023570.582827611
            ],
            [
              683925.1121991766,
              7023568.162641226
            ],
            [
              683926.9270540895,
              7023565.246527151
            ],
            [
              683928.358124294,
              7023562.673682409
            ],
            [
              683929.878411022,
              7023559.593723332
            ],
            [
              683931.0504073469,
              7023556.892998136
            ],
            [
              683932.2614846977,
              7023553.678855746
            ],
            [
              683933.1631201811,
              7023550.876259546
            ],
            [
              683934.0533248177,
              7023547.558887791
            ],
            [
              683934.2122078979,
              7023546.824566118
            ],
            [
              683936.9873815327,
              7023545.745137361
            ],
            [
              683939.7563612014,
              7023544.503431578
            ],
            [
              683942.4589946488,
              7023543.123267084
            ],
            [
              683945.0883639214,
              7023541.608176697
            ],
            [
              683946.3838789433,
              7023540.817363515
            ],
            [
              683949.5,
              7023538.805275758
            ],
            [
              683949.5,
              7023534.5
            ]
          ]
        ]
      },
      "properties": {
        "tile": "l0/8/5",
        "cellMetres": 4,
        "role": "eligible-measured-woodland",
        "mode": "before"
      }
    },
    {
      "type": "Feature",
      "geometry": {
        "type": "Polygon",
        "coordinates": [
          [
            [
              683993.5,
              7023518.5
            ],
            [
              683993.5,
              7023514.5
            ],
            [
              683989.5,
              7023514.5
            ],
            [
              683989.5,
              7023518.5
            ],
            [
              683993.5,
              7023518.5
            ]
          ]
        ]
      },
      "properties": {
        "tile": "l0/8/5",
        "cellMetres": 4,
        "role": "eligible-measured-woodland",
        "mode": "before"
      }
    },
    {
      "type": "Feature",
      "geometry": {
        "type": "Polygon",
        "coordinates": [
          [
            [
              683653.5,
              7023514.5
            ],
            [
              683653.5,
              7023506.5
            ],
            [
              683649.5,
              7023506.5
            ],
            [
              683649.5,
              7023510.5
            ],
            [
              683645.5,
              7023510.5
            ],
            [
              683645.5,
              7023514.5
            ],
            [
              683653.5,
              7023514.5
            ]
          ]
        ]
      },
      "properties": {
        "tile": "l0/6/6",
        "cellMetres": 4,
        "role": "eligible-measured-woodland",
        "mode": "before"
      }
    },
    {
      "type": "Feature",
      "geometry": {
        "type": "Polygon",
        "coordinates": [
          [
            [
              683629.5,
              7023514.5
            ],
            [
              683629.5,
              7023502.5
            ],
            [
              683621.5,
              7023502.5
            ],
            [
              683621.5,
              7023506.5
            ],
            [
              683625.5,
              7023506.5
            ],
            [
              683625.5,
              7023510.5
            ],
            [
              683621.5,
              7023510.5
            ],
            [
              683621.5,
              7023514.5
            ],
            [
              683629.5,
              7023514.5
            ]
          ]
        ]
      },
      "properties": {
        "tile": "l0/6/6",
        "cellMetres": 4,
        "role": "eligible-measured-woodland",
        "mode": "before"
      }
    },
    {
      "type": "Feature",
      "geometry": {
        "type": "Polygon",
        "coordinates": [
          [
            [
              683645.5,
              7023486.5
            ],
            [
              683645.5,
              7023482.5
            ],
            [
              683641.5,
              7023482.5
            ],
            [
              683641.5,
              7023486.5
            ],
            [
              683645.5,
              7023486.5
            ]
          ]
        ]
      },
      "properties": {
        "tile": "l0/6/6",
        "cellMetres": 4,
        "role": "eligible-measured-woodland",
        "mode": "before"
      }
    },
    {
      "type": "Feature",
      "geometry": {
        "type": "Polygon",
        "coordinates": [
          [
            [
              683653.5,
              7023478.5
            ],
            [
              683653.5,
              7023474.5
            ],
            [
              683649.5,
              7023474.5
            ],
            [
              683649.5,
              7023478.5
            ],
            [
              683653.5,
              7023478.5
            ]
          ]
        ]
      },
      "properties": {
        "tile": "l0/6/6",
        "cellMetres": 4,
        "role": "eligible-measured-woodland",
        "mode": "before"
      }
    },
    {
      "type": "Feature",
      "geometry": {
        "type": "Polygon",
        "coordinates": [
          [
            [
              683645.5,
              7023470.5
            ],
            [
              683645.5,
              7023466.5
            ],
            [
              683641.5,
              7023466.5
            ],
            [
              683641.5,
              7023470.5
            ],
            [
              683645.5,
              7023470.5
            ]
          ]
        ]
      },
      "properties": {
        "tile": "l0/6/6",
        "cellMetres": 4,
        "role": "eligible-measured-woodland",
        "mode": "before"
      }
    },
    {
      "type": "Feature",
      "geometry": {
        "type": "Polygon",
        "coordinates": [
          [
            [
              683653.5,
              7023466.5
            ],
            [
              683653.5,
              7023462.5
            ],
            [
              683649.5,
              7023462.5
            ],
            [
              683649.5,
              7023466.5
            ],
            [
              683653.5,
              7023466.5
            ]
          ]
        ]
      },
      "properties": {
        "tile": "l0/6/6",
        "cellMetres": 4,
        "role": "eligible-measured-woodland",
        "mode": "before"
      }
    },
    {
      "type": "Feature",
      "geometry": {
        "type": "Polygon",
        "coordinates": [
          [
            [
              683625.5,
              7023458.5
            ],
            [
              683625.5,
              7023454.5
            ],
            [
              683621.5,
              7023454.5
            ],
            [
              683621.5,
              7023458.5
            ],
            [
              683625.5,
              7023458.5
            ]
          ]
        ]
      },
      "properties": {
        "tile": "l0/6/6",
        "cellMetres": 4,
        "role": "eligible-measured-woodland",
        "mode": "before"
      }
    },
    {
      "type": "Feature",
      "geometry": {
        "type": "Polygon",
        "coordinates": [
          [
            [
              683625.5,
              7023450.5
            ],
            [
              683625.5,
              7023446.5
            ],
            [
              683621.5,
              7023446.5
            ],
            [
              683621.5,
              7023450.5
            ],
            [
              683625.5,
              7023450.5
            ]
          ]
        ]
      },
      "properties": {
        "tile": "l0/6/6",
        "cellMetres": 4,
        "role": "eligible-measured-woodland",
        "mode": "before"
      }
    },
    {
      "type": "Feature",
      "geometry": {
        "type": "Polygon",
        "coordinates": [
          [
            [
              683625.5,
              7023442.5
            ],
            [
              683625.5,
              7023434.5
            ],
            [
              683621.5,
              7023434.5
            ],
            [
              683621.5,
              7023442.5
            ],
            [
              683625.5,
              7023442.5
            ]
          ]
        ]
      },
      "properties": {
        "tile": "l0/6/6",
        "cellMetres": 4,
        "role": "eligible-measured-woodland",
        "mode": "before"
      }
    },
    {
      "type": "Feature",
      "geometry": {
        "type": "Polygon",
        "coordinates": [
          [
            [
              683569.5,
              7023418.5
            ],
            [
              683569.5,
              7023414.5
            ],
            [
              683565.5,
              7023414.5
            ],
            [
              683565.5,
              7023418.5
            ],
            [
              683569.5,
              7023418.5
            ]
          ]
        ]
      },
      "properties": {
        "tile": "l0/6/6",
        "cellMetres": 4,
        "role": "eligible-measured-woodland",
        "mode": "before"
      }
    },
    {
      "type": "Feature",
      "geometry": {
        "type": "Polygon",
        "coordinates": [
          [
            [
              683477.5,
              7023394.5
            ],
            [
              683477.5,
              7023386.5
            ],
            [
              683475.3411395624,
              7023386.5
            ],
            [
              683477.2621051605,
              7023394.5
            ],
            [
              683477.5,
              7023394.5
            ]
          ]
        ]
      },
      "properties": {
        "tile": "l0/6/6",
        "cellMetres": 4,
        "role": "eligible-measured-woodland",
        "mode": "before"
      }
    },
    {
      "type": "Feature",
      "geometry": {
        "type": "Polygon",
        "coordinates": [
          [
            [
              683477.5,
              7023378.5
            ],
            [
              683477.5,
              7023374.5
            ],
            [
              683473.5,
              7023374.5
            ],
            [
              683473.5,
              7023378.5
            ],
            [
              683477.5,
              7023378.5
            ]
          ]
        ]
      },
      "properties": {
        "tile": "l0/6/6",
        "cellMetres": 4,
        "role": "eligible-measured-woodland",
        "mode": "before"
      }
    },
    {
      "type": "Feature",
      "geometry": {
        "type": "Polygon",
        "coordinates": [
          [
            [
              683641.5,
              7023362.5
            ],
            [
              683641.5,
              7023358.5
            ],
            [
              683633.5,
              7023358.5
            ],
            [
              683633.5,
              7023362.5
            ],
            [
              683641.5,
              7023362.5
            ]
          ]
        ]
      },
      "properties": {
        "tile": "l0/6/6",
        "cellMetres": 4,
        "role": "eligible-measured-woodland",
        "mode": "before"
      }
    },
    {
      "type": "Feature",
      "geometry": {
        "type": "Polygon",
        "coordinates": [
          [
            [
              683637.5,
              7023354.5
            ],
            [
              683637.5,
              7023350.5
            ],
            [
              683633.5,
              7023350.5
            ],
            [
              683633.5,
              7023346.5
            ],
            [
              683629.5,
              7023346.5
            ],
            [
              683629.5,
              7023354.5
            ],
            [
              683637.5,
              7023354.5
            ]
          ]
        ]
      },
      "properties": {
        "tile": "l0/6/6",
        "cellMetres": 4,
        "role": "eligible-measured-woodland",
        "mode": "before"
      }
    },
    {
      "type": "Feature",
      "geometry": {
        "type": "Polygon",
        "coordinates": [
          [
            [
              683561.5,
              7023378.5
            ],
            [
              683561.5,
              7023374.5
            ],
            [
              683565.5,
              7023374.5
            ],
            [
              683565.5,
              7023378.5
            ],
            [
              683569.5,
              7023378.5
            ],
            [
              683569.5,
              7023374.5
            ],
            [
              683573.5,
              7023374.5
            ],
            [
              683573.5,
              7023370.5
            ],
            [
              683577.5,
              7023370.5
            ],
            [
              683577.5,
              7023366.5
            ],
            [
              683569.5,
              7023366.5
            ],
            [
              683569.5,
              7023350.5
            ],
            [
              683565.5,
              7023350.5
            ],
            [
              683565.5,
              7023346.5
            ],
            [
              683561.5,
              7023346.5
            ],
            [
              683561.5,
              7023342.5
            ],
            [
              683553.5,
              7023342.5
            ],
            [
              683553.5,
              7023346.5
            ],
            [
              683557.5,
              7023346.5
            ],
            [
              683557.5,
              7023354.5
            ],
            [
              683565.5,
              7023354.5
            ],
            [
              683565.5,
              7023358.5
            ],
            [
              683561.5,
              7023358.5
            ],
            [
              683561.5,
              7023370.5
            ],
            [
              683557.5,
              7023370.5
            ],
            [
              683557.5,
              7023378.5
            ],
            [
              683561.5,
              7023378.5
            ]
          ]
        ]
      },
      "properties": {
        "tile": "l0/6/6",
        "cellMetres": 4,
        "role": "eligible-measured-woodland",
        "mode": "before"
      }
    },
    {
      "type": "Feature",
      "geometry": {
        "type": "Polygon",
        "coordinates": [
          [
            [
              683597.5,
              7023342.5
            ],
            [
              683597.5,
              7023338.5
            ],
            [
              683593.5,
              7023338.5
            ],
            [
              683593.5,
              7023334.5
            ],
            [
              683585.5,
              7023334.5
            ],
            [
              683585.5,
              7023342.5
            ],
            [
              683597.5,
              7023342.5
            ]
          ]
        ]
      },
      "properties": {
        "tile": "l0/6/6",
        "cellMetres": 4,
        "role": "eligible-measured-woodland",
        "mode": "before"
      }
    },
    {
      "type": "Feature",
      "geometry": {
        "type": "Polygon",
        "coordinates": [
          [
            [
              683613.5,
              7023350.5
            ],
            [
              683613.5,
              7023346.5
            ],
            [
              683617.5,
              7023346.5
            ],
            [
              683617.5,
              7023350.5
            ],
            [
              683625.5,
              7023350.5
            ],
            [
              683625.5,
              7023334.5
            ],
            [
              683621.5,
              7023334.5
            ],
            [
              683621.5,
              7023330.5
            ],
            [
              683617.5,
              7023330.5
            ],
            [
              683617.5,
              7023334.5
            ],
            [
              683613.5,
              7023334.5
            ],
            [
              683613.5,
              7023342.5
            ],
            [
              683601.5,
              7023342.5
            ],
            [
              683601.5,
              7023350.5
            ],
            [
              683613.5,
              7023350.5
            ]
          ]
        ]
      },
      "properties": {
        "tile": "l0/6/6",
        "cellMetres": 4,
        "role": "eligible-measured-woodland",
        "mode": "before"
      }
    },
    {
      "type": "Feature",
      "geometry": {
        "type": "MultiPolygon",
        "coordinates": [
          [
            [
              [
                683477.5,
                7023362.5
              ],
              [
                683477.5,
                7023370.5
              ],
              [
                683485.5,
                7023370.5
              ],
              [
                683485.5,
                7023374.5
              ],
              [
                683489.5,
                7023374.5
              ],
              [
                683489.5,
                7023382.5
              ],
              [
                683481.5,
                7023382.5
              ],
              [
                683481.5,
                7023394.5
              ],
              [
                683477.5,
                7023394.5
              ],
              [
                683477.5,
                7023395.490730244
              ],
              [
                683488.2885569418,
                7023440.420454973
              ],
              [
                683488.6673898638,
                7023441.843362013
              ],
              [
                683488.8595880339,
                7023442.5
              ],
              [
                683489.5,
                7023442.5
              ],
              [
                683489.5,
                7023444.687943955
              ],
              [
                683489.632256171,
                7023445.1397923045
              ],
              [
                683490.5969295304,
                7023447.9213201795
              ],
              [
                683491.6356320184,
                7023450.5
              ],
              [
                683493.5,
                7023450.5
              ],
              [
                683493.5,
                7023454.5224053385
              ],
              [
                683494.70235033,
                7023456.825737577
              ],
              [
                683495.6837417178,
                7023458.5
              ],
              [
                683497.5,
                7023458.5
              ],
              [
                683497.5,
                7023461.36655265
              ],
              [
                683498.0713596215,
                7023462.240021943
              ],
              [
                683498.2602604879,
                7023462.5
              ],
              [
                683501.5,
                7023462.5
              ],
              [
                683501.5,
                7023470.5
              ],
              [
                683505.5,
                7023470.5
              ],
              [
                683505.5,
                7023478.5
              ],
              [
                683509.5,
                7023478.5
              ],
              [
                683509.5,
                7023494.5
              ],
              [
                683513.5,
                7023494.5
              ],
              [
                683513.5,
                7023506.5
              ],
              [
                683509.5,
                7023506.5
              ],
              [
                683509.5,
                7023514.5
              ],
              [
                683537.5,
                7023514.5
              ],
              [
                683537.5,
                7023506.5
              ],
              [
                683533.5,
                7023506.5
              ],
              [
                683533.5,
                7023502.5
              ],
              [
                683545.5,
                7023502.5
              ],
              [
                683545.5,
                7023506.5
              ],
              [
                683549.5,
                7023506.5
              ],
              [
                683549.5,
                7023498.5
              ],
              [
                683553.5,
                7023498.5
              ],
              [
                683553.5,
                7023486.5
              ],
              [
                683557.5,
                7023486.5
              ],
              [
                683557.5,
                7023466.5
              ],
              [
                683561.5,
                7023466.5
              ],
              [
                683561.5,
                7023450.5
              ],
              [
                683565.5,
                7023450.5
              ],
              [
                683565.5,
                7023434.5
              ],
              [
                683549.5,
                7023434.5
              ],
              [
                683549.5,
                7023422.5
              ],
              [
                683545.5,
                7023422.5
              ],
              [
                683545.5,
                7023410.5
              ],
              [
                683541.5,
                7023410.5
              ],
              [
                683541.5,
                7023402.5
              ],
              [
                683537.5,
                7023402.5
              ],
              [
                683537.5,
                7023386.5
              ],
              [
                683533.5,
                7023386.5
              ],
              [
                683533.5,
                7023358.5
              ],
              [
                683529.5,
                7023358.5
              ],
              [
                683529.5,
                7023354.5
              ],
              [
                683525.5,
                7023354.5
              ],
              [
                683525.5,
                7023346.5
              ],
              [
                683521.5,
                7023346.5
              ],
              [
                683521.5,
                7023330.5
              ],
              [
                683513.5,
                7023330.5
              ],
              [
                683513.5,
                7023334.5
              ],
              [
                683505.5,
                7023334.5
              ],
              [
                683505.5,
                7023338.5
              ],
              [
                683497.5,
                7023338.5
              ],
              [
                683497.5,
                7023342.5
              ],
              [
                683493.5,
                7023342.5
              ],
              [
                683493.5,
                7023346.5
              ],
              [
                683489.5,
                7023346.5
              ],
              [
                683489.5,
                7023350.5
              ],
              [
                683481.5,
                7023350.5
              ],
              [
                683481.5,
                7023354.5
              ],
              [
                683469.5,
                7023354.5
              ],
              [
                683469.5,
                7023358.5
              ],
              [
                683468.6177599693,
                7023358.5
              ],
              [
                683469.5782427683,
                7023362.5
              ],
              [
                683477.5,
                7023362.5
              ]
            ],
            [
              [
                683529.5,
                7023494.5
              ],
              [
                683533.5,
                7023494.5
              ],
              [
                683533.5,
                7023498.5
              ],
              [
                683529.5,
                7023498.5
              ],
              [
                683529.5,
                7023494.5
              ]
            ]
          ],
          [
            [
              [
                683473.5,
                7023374.5
              ],
              [
                683473.5,
                7023366.5
              ],
              [
                683470.5387255674,
                7023366.5
              ],
              [
                683472.4596911654,
                7023374.5
              ],
              [
                683473.5,
                7023374.5
              ]
            ]
          ],
          [
            [
              [
                683489.5,
                7023514.5
              ],
              [
                683489.5,
                7023510.5
              ],
              [
                683493.5,
                7023510.5
              ],
              [
                683493.5,
                7023514.5
              ],
              [
                683497.5,
                7023514.5
              ],
              [
                683497.5,
                7023506.5
              ],
              [
                683501.5,
                7023506.5
              ],
              [
                683501.5,
                7023502.5
              ],
              [
                683493.5,
                7023502.5
              ],
              [
                683493.5,
                7023498.5
              ],
              [
                683497.5,
                7023498.5
              ],
              [
                683497.5,
                7023482.5
              ],
              [
                683494.9533440118,
                7023482.5
              ],
              [
                683493.6667522594,
                7023486.197403866
              ],
              [
                683493.0264308428,
                7023488.277852756
              ],
              [
                683491.8983287207,
                7023492.479704266
              ],
              [
                683491.410548015,
                7023494.601106887
              ],
              [
                683489.4441661119,
                7023504.841239824
              ],
              [
                683486.997556165,
                7023511.87230081
              ],
              [
                683486.9055502642,
                7023511.973750415
              ],
              [
                683485.8284950033,
                7023513.290214595
              ],
              [
                683485.717136631,
                7023513.341178727
              ],
              [
                683484.9879924494,
                7023513.6868123105
              ],
              [
                683483.5392635867,
                7023514.397564615
              ],
              [
                683483.3373814878,
                7023514.5
              ],
              [
                683489.5,
                7023514.5
              ]
            ]
          ]
        ]
      },
      "properties": {
        "tile": "l0/6/6",
        "cellMetres": 4,
        "role": "eligible-measured-woodland",
        "mode": "before"
      }
    },
    {
      "type": "Feature",
      "geometry": {
        "type": "Polygon",
        "coordinates": [
          [
            [
              683653.5,
              7023326.5
            ],
            [
              683653.5,
              7023322.5
            ],
            [
              683645.5,
              7023322.5
            ],
            [
              683645.5,
              7023326.5
            ],
            [
              683653.5,
              7023326.5
            ]
          ]
        ]
      },
      "properties": {
        "tile": "l0/6/6",
        "cellMetres": 4,
        "role": "eligible-measured-woodland",
        "mode": "before"
      }
    },
    {
      "type": "Feature",
      "geometry": {
        "type": "Polygon",
        "coordinates": [
          [
            [
              683593.5,
              7023326.5
            ],
            [
              683593.5,
              7023318.5
            ],
            [
              683597.5,
              7023318.5
            ],
            [
              683597.5,
              7023326.5
            ],
            [
              683613.5,
              7023326.5
            ],
            [
              683613.5,
              7023322.5
            ],
            [
              683621.5,
              7023322.5
            ],
            [
              683621.5,
              7023326.5
            ],
            [
              683625.5,
              7023326.5
            ],
            [
              683625.5,
              7023314.5
            ],
            [
              683617.5,
              7023314.5
            ],
            [
              683617.5,
              7023302.5
            ],
            [
              683613.5,
              7023302.5
            ],
            [
              683613.5,
              7023298.5
            ],
            [
              683609.5,
              7023298.5
            ],
            [
              683609.5,
              7023294.5
            ],
            [
              683605.5,
              7023294.5
            ],
            [
              683605.5,
              7023278.5
            ],
            [
              683597.5,
              7023278.5
            ],
            [
              683597.5,
              7023270.5
            ],
            [
              683589.5,
              7023270.5
            ],
            [
              683589.5,
              7023266.5
            ],
            [
              683581.5,
              7023266.5
            ],
            [
              683581.5,
              7023262.5
            ],
            [
              683577.5,
              7023262.5
            ],
            [
              683577.5,
              7023258.5
            ],
            [
              683565.5,
              7023258.5
            ],
            [
              683565.5,
              7023262.5
            ],
            [
              683557.5,
              7023262.5
            ],
            [
              683557.5,
              7023270.5
            ],
            [
              683553.5,
              7023270.5
            ],
            [
              683553.5,
              7023286.5
            ],
            [
              683557.5,
              7023286.5
            ],
            [
              683557.5,
              7023290.5
            ],
            [
              683561.5,
              7023290.5
            ],
            [
              683561.5,
              7023298.5
            ],
            [
              683565.5,
              7023298.5
            ],
            [
              683565.5,
              7023302.5
            ],
            [
              683569.5,
              7023302.5
            ],
            [
              683569.5,
              7023306.5
            ],
            [
              683573.5,
              7023306.5
            ],
            [
              683573.5,
              7023310.5
            ],
            [
              683577.5,
              7023310.5
            ],
            [
              683577.5,
              7023314.5
            ],
            [
              683581.5,
              7023314.5
            ],
            [
              683581.5,
              7023318.5
            ],
            [
              683585.5,
              7023318.5
            ],
            [
              683585.5,
              7023326.5
            ],
            [
              683593.5,
              7023326.5
            ]
          ]
        ]
      },
      "properties": {
        "tile": "l0/6/6",
        "cellMetres": 4,
        "role": "eligible-measured-woodland",
        "mode": "before"
      }
    },
    {
      "type": "Feature",
      "geometry": {
        "type": "Polygon",
        "coordinates": [
          [
            [
              683637.5,
              7023302.5
            ],
            [
              683637.5,
              7023298.5
            ],
            [
              683641.5,
              7023298.5
            ],
            [
              683641.5,
              7023294.5
            ],
            [
              683637.5,
              7023294.5
            ],
            [
              683637.5,
              7023286.5
            ],
            [
              683641.5,
              7023286.5
            ],
            [
              683641.5,
              7023266.5
            ],
            [
              683645.5,
              7023266.5
            ],
            [
              683645.5,
              7023258.5
            ],
            [
              683605.5,
              7023258.5
            ],
            [
              683605.5,
              7023270.5
            ],
            [
              683609.5,
              7023270.5
            ],
            [
              683609.5,
              7023278.5
            ],
            [
              683613.5,
              7023278.5
            ],
            [
              683613.5,
              7023282.5
            ],
            [
              683617.5,
              7023282.5
            ],
            [
              683617.5,
              7023290.5
            ],
            [
              683621.5,
              7023290.5
            ],
            [
              683621.5,
              7023294.5
            ],
            [
              683625.5,
              7023294.5
            ],
            [
              683625.5,
              7023302.5
            ],
            [
              683637.5,
              7023302.5
            ]
          ]
        ]
      },
      "properties": {
        "tile": "l0/6/6",
        "cellMetres": 4,
        "role": "eligible-measured-woodland",
        "mode": "before"
      }
    },
    {
      "type": "Feature",
      "geometry": {
        "type": "Polygon",
        "coordinates": [
          [
            [
              683657.5,
              7023514.5
            ],
            [
              683657.5,
              7023510.5
            ],
            [
              683653.5,
              7023510.5
            ],
            [
              683653.5,
              7023514.5
            ],
            [
              683657.5,
              7023514.5
            ]
          ]
        ]
      },
      "properties": {
        "tile": "l0/7/6",
        "cellMetres": 4,
        "role": "eligible-measured-woodland",
        "mode": "before"
      }
    },
    {
      "type": "Feature",
      "geometry": {
        "type": "Polygon",
        "coordinates": [
          [
            [
              683909.5,
              7023514.5
            ],
            [
              683909.5,
              7023506.5
            ],
            [
              683893.5,
              7023506.5
            ],
            [
              683893.5,
              7023510.5
            ],
            [
              683889.5,
              7023510.5
            ],
            [
              683889.5,
              7023514.5
            ],
            [
              683909.5,
              7023514.5
            ]
          ]
        ]
      },
      "properties": {
        "tile": "l0/7/6",
        "cellMetres": 4,
        "role": "eligible-measured-woodland",
        "mode": "before"
      }
    },
    {
      "type": "Feature",
      "geometry": {
        "type": "Polygon",
        "coordinates": [
          [
            [
              683665.5,
              7023502.5
            ],
            [
              683665.5,
              7023498.5
            ],
            [
              683661.5,
              7023498.5
            ],
            [
              683661.5,
              7023502.5
            ],
            [
              683665.5,
              7023502.5
            ]
          ]
        ]
      },
      "properties": {
        "tile": "l0/7/6",
        "cellMetres": 4,
        "role": "eligible-measured-woodland",
        "mode": "before"
      }
    },
    {
      "type": "Feature",
      "geometry": {
        "type": "Polygon",
        "coordinates": [
          [
            [
              683681.5,
              7023506.5
            ],
            [
              683681.5,
              7023498.5
            ],
            [
              683673.5,
              7023498.5
            ],
            [
              683673.5,
              7023502.5
            ],
            [
              683677.5,
              7023502.5
            ],
            [
              683677.5,
              7023506.5
            ],
            [
              683681.5,
              7023506.5
            ]
          ]
        ]
      },
      "properties": {
        "tile": "l0/7/6",
        "cellMetres": 4,
        "role": "eligible-measured-woodland",
        "mode": "before"
      }
    },
    {
      "type": "Feature",
      "geometry": {
        "type": "Polygon",
        "coordinates": [
          [
            [
              683697.5,
              7023502.5
            ],
            [
              683697.5,
              7023494.5
            ],
            [
              683693.5,
              7023494.5
            ],
            [
              683693.5,
              7023502.5
            ],
            [
              683697.5,
              7023502.5
            ]
          ]
        ]
      },
      "properties": {
        "tile": "l0/7/6",
        "cellMetres": 4,
        "role": "eligible-measured-woodland",
        "mode": "before"
      }
    },
    {
      "type": "Feature",
      "geometry": {
        "type": "Polygon",
        "coordinates": [
          [
            [
              683701.5,
              7023494.5
            ],
            [
              683701.5,
              7023486.5
            ],
            [
              683697.5,
              7023486.5
            ],
            [
              683697.5,
              7023494.5
            ],
            [
              683701.5,
              7023494.5
            ]
          ]
        ]
      },
      "properties": {
        "tile": "l0/7/6",
        "cellMetres": 4,
        "role": "eligible-measured-woodland",
        "mode": "before"
      }
    },
    {
      "type": "Feature",
      "geometry": {
        "type": "Polygon",
        "coordinates": [
          [
            [
              683669.5,
              7023486.5
            ],
            [
              683669.5,
              7023482.5
            ],
            [
              683677.5,
              7023482.5
            ],
            [
              683677.5,
              7023486.5
            ],
            [
              683681.5,
              7023486.5
            ],
            [
              683681.5,
              7023470.5
            ],
            [
              683673.5,
              7023470.5
            ],
            [
              683673.5,
              7023474.5
            ],
            [
              683665.5,
              7023474.5
            ],
            [
              683665.5,
              7023486.5
            ],
            [
              683669.5,
              7023486.5
            ]
          ]
        ]
      },
      "properties": {
        "tile": "l0/7/6",
        "cellMetres": 4,
        "role": "eligible-measured-woodland",
        "mode": "before"
      }
    },
    {
      "type": "Feature",
      "geometry": {
        "type": "Polygon",
        "coordinates": [
          [
            [
              683689.5,
              7023474.5
            ],
            [
              683689.5,
              7023470.5
            ],
            [
              683685.5,
              7023470.5
            ],
            [
              683685.5,
              7023474.5
            ],
            [
              683689.5,
              7023474.5
            ]
          ]
        ]
      },
      "properties": {
        "tile": "l0/7/6",
        "cellMetres": 4,
        "role": "eligible-measured-woodland",
        "mode": "before"
      }
    },
    {
      "type": "Feature",
      "geometry": {
        "type": "Polygon",
        "coordinates": [
          [
            [
              683841.5,
              7023470.5
            ],
            [
              683841.5,
              7023466.5
            ],
            [
              683837.5,
              7023466.5
            ],
            [
              683837.5,
              7023470.5
            ],
            [
              683841.5,
              7023470.5
            ]
          ]
        ]
      },
      "properties": {
        "tile": "l0/7/6",
        "cellMetres": 4,
        "role": "eligible-measured-woodland",
        "mode": "before"
      }
    },
    {
      "type": "Feature",
      "geometry": {
        "type": "Polygon",
        "coordinates": [
          [
            [
              683717.5,
              7023514.5
            ],
            [
              683717.5,
              7023510.5
            ],
            [
              683725.5,
              7023510.5
            ],
            [
              683725.5,
              7023490.5
            ],
            [
              683729.5,
              7023490.5
            ],
            [
              683729.5,
              7023466.5
            ],
            [
              683737.5,
              7023466.5
            ],
            [
              683737.5,
              7023458.5
            ],
            [
              683729.5,
              7023458.5
            ],
            [
              683729.5,
              7023462.5
            ],
            [
              683725.5,
              7023462.5
            ],
            [
              683725.5,
              7023466.5
            ],
            [
              683721.5,
              7023466.5
            ],
            [
              683721.5,
              7023470.5
            ],
            [
              683717.5,
              7023470.5
            ],
            [
              683717.5,
              7023466.5
            ],
            [
              683713.5,
              7023466.5
            ],
            [
              683713.5,
              7023462.5
            ],
            [
              683709.5,
              7023462.5
            ],
            [
              683709.5,
              7023466.5
            ],
            [
              683705.5,
              7023466.5
            ],
            [
              683705.5,
              7023462.5
            ],
            [
              683697.5,
              7023462.5
            ],
            [
              683697.5,
              7023466.5
            ],
            [
              683693.5,
              7023466.5
            ],
            [
              683693.5,
              7023478.5
            ],
            [
              683701.5,
              7023478.5
            ],
            [
              683701.5,
              7023482.5
            ],
            [
              683709.5,
              7023482.5
            ],
            [
              683709.5,
              7023498.5
            ],
            [
              683705.5,
              7023498.5
            ],
            [
              683705.5,
              7023514.5
            ],
            [
              683717.5,
              7023514.5
            ]
          ],
          [
            [
              683717.5,
              7023474.5
            ],
            [
              683721.5,
              7023474.5
            ],
            [
              683721.5,
              7023478.5
            ],
            [
              683717.5,
              7023478.5
            ],
            [
              683717.5,
              7023474.5
            ]
          ]
        ]
      },
      "properties": {
        "tile": "l0/7/6",
        "cellMetres": 4,
        "role": "eligible-measured-woodland",
        "mode": "before"
      }
    },
    {
      "type": "Feature",
      "geometry": {
        "type": "Polygon",
        "coordinates": [
          [
            [
              683833.5,
              7023458.5
            ],
            [
              683833.5,
              7023454.5
            ],
            [
              683829.5,
              7023454.5
            ],
            [
              683829.5,
              7023458.5
            ],
            [
              683833.5,
              7023458.5
            ]
          ]
        ]
      },
      "properties": {
        "tile": "l0/7/6",
        "cellMetres": 4,
        "role": "eligible-measured-woodland",
        "mode": "before"
      }
    },
    {
      "type": "Feature",
      "geometry": {
        "type": "Polygon",
        "coordinates": [
          [
            [
              683741.5,
              7023450.5
            ],
            [
              683741.5,
              7023446.5
            ],
            [
              683733.5,
              7023446.5
            ],
            [
              683733.5,
              7023450.5
            ],
            [
              683741.5,
              7023450.5
            ]
          ]
        ]
      },
      "properties": {
        "tile": "l0/7/6",
        "cellMetres": 4,
        "role": "eligible-measured-woodland",
        "mode": "before"
      }
    },
    {
      "type": "Feature",
      "geometry": {
        "type": "Polygon",
        "coordinates": [
          [
            [
              683849.5,
              7023442.5
            ],
            [
              683849.5,
              7023438.5
            ],
            [
              683841.5,
              7023438.5
            ],
            [
              683841.5,
              7023442.5
            ],
            [
              683849.5,
              7023442.5
            ]
          ]
        ]
      },
      "properties": {
        "tile": "l0/7/6",
        "cellMetres": 4,
        "role": "eligible-measured-woodland",
        "mode": "before"
      }
    },
    {
      "type": "Feature",
      "geometry": {
        "type": "Polygon",
        "coordinates": [
          [
            [
              683717.5,
              7023450.5
            ],
            [
              683717.5,
              7023442.5
            ],
            [
              683745.5,
              7023442.5
            ],
            [
              683745.5,
              7023438.5
            ],
            [
              683741.5,
              7023438.5
            ],
            [
              683741.5,
              7023434.5
            ],
            [
              683721.5,
              7023434.5
            ],
            [
              683721.5,
              7023438.5
            ],
            [
              683713.5,
              7023438.5
            ],
            [
              683713.5,
              7023442.5
            ],
            [
              683709.5,
              7023442.5
            ],
            [
              683709.5,
              7023446.5
            ],
            [
              683713.5,
              7023446.5
            ],
            [
              683713.5,
              7023450.5
            ],
            [
              683717.5,
              7023450.5
            ]
          ]
        ]
      },
      "properties": {
        "tile": "l0/7/6",
        "cellMetres": 4,
        "role": "eligible-measured-woodland",
        "mode": "before"
      }
    },
    {
      "type": "Feature",
      "geometry": {
        "type": "Polygon",
        "coordinates": [
          [
            [
              683905.5,
              7023438.5
            ],
            [
              683905.5,
              7023434.5
            ],
            [
              683901.5,
              7023434.5
            ],
            [
              683901.5,
              7023438.5
            ],
            [
              683905.5,
              7023438.5
            ]
          ]
        ]
      },
      "properties": {
        "tile": "l0/7/6",
        "cellMetres": 4,
        "role": "eligible-measured-woodland",
        "mode": "before"
      }
    },
    {
      "type": "Feature",
      "geometry": {
        "type": "Polygon",
        "coordinates": [
          [
            [
              683873.5,
              7023514.5
            ],
            [
              683873.5,
              7023510.5
            ],
            [
              683877.5,
              7023510.5
            ],
            [
              683877.5,
              7023506.5
            ],
            [
              683881.5,
              7023506.5
            ],
            [
              683881.5,
              7023502.5
            ],
            [
              683885.5,
              7023502.5
            ],
            [
              683885.5,
              7023490.5
            ],
            [
              683889.5,
              7023490.5
            ],
            [
              683889.5,
              7023486.5
            ],
            [
              683893.5,
              7023486.5
            ],
            [
              683893.5,
              7023478.5
            ],
            [
              683897.5,
              7023478.5
            ],
            [
              683897.5,
              7023466.5
            ],
            [
              683901.5,
              7023466.5
            ],
            [
              683901.5,
              7023462.5
            ],
            [
              683897.5,
              7023462.5
            ],
            [
              683897.5,
              7023454.5
            ],
            [
              683889.5,
              7023454.5
            ],
            [
              683889.5,
              7023450.5
            ],
            [
              683893.5,
              7023450.5
            ],
            [
              683893.5,
              7023446.5
            ],
            [
              683897.5,
              7023446.5
            ],
            [
              683897.5,
              7023442.5
            ],
            [
              683901.5,
              7023442.5
            ],
            [
              683901.5,
              7023438.5
            ],
            [
              683893.5,
              7023438.5
            ],
            [
              683893.5,
              7023442.5
            ],
            [
              683889.5,
              7023442.5
            ],
            [
              683889.5,
              7023434.5
            ],
            [
              683893.5,
              7023434.5
            ],
            [
              683893.5,
              7023430.5
            ],
            [
              683889.5,
              7023430.5
            ],
            [
              683889.5,
              7023426.5
            ],
            [
              683885.5,
              7023426.5
            ],
            [
              683885.5,
              7023446.5
            ],
            [
              683873.5,
              7023446.5
            ],
            [
              683873.5,
              7023442.5
            ],
            [
              683869.5,
              7023442.5
            ],
            [
              683869.5,
              7023434.5
            ],
            [
              683865.5,
              7023434.5
            ],
            [
              683865.5,
              7023430.5
            ],
            [
              683861.5,
              7023430.5
            ],
            [
              683861.5,
              7023426.5
            ],
            [
              683869.5,
              7023426.5
            ],
            [
              683869.5,
              7023422.5
            ],
            [
              683853.5,
              7023422.5
            ],
            [
              683853.5,
              7023426.5
            ],
            [
              683849.5,
              7023426.5
            ],
            [
              683849.5,
              7023434.5
            ],
            [
              683857.5,
              7023434.5
            ],
            [
              683857.5,
              7023442.5
            ],
            [
              683849.5,
              7023442.5
            ],
            [
              683849.5,
              7023446.5
            ],
            [
              683845.5,
              7023446.5
            ],
            [
              683845.5,
              7023454.5
            ],
            [
              683837.5,
              7023454.5
            ],
            [
              683837.5,
              7023458.5
            ],
            [
              683841.5,
              7023458.5
            ],
            [
              683841.5,
              7023466.5
            ],
            [
              683845.5,
              7023466.5
            ],
            [
              683845.5,
              7023478.5
            ],
            [
              683837.5,
              7023478.5
            ],
            [
              683837.5,
              7023482.5
            ],
            [
              683833.5,
              7023482.5
            ],
            [
              683833.5,
              7023462.5
            ],
            [
              683829.5,
              7023462.5
            ],
            [
              683829.5,
              7023458.5
            ],
            [
              683825.5,
              7023458.5
            ],
            [
              683825.5,
              7023462.5
            ],
            [
              683821.5,
              7023462.5
            ],
            [
              683821.5,
              7023466.5
            ],
            [
              683817.5,
              7023466.5
            ],
            [
              683817.5,
              7023470.5
            ],
            [
              683813.5,
              7023470.5
            ],
            [
              683813.5,
              7023478.5
            ],
            [
              683809.5,
              7023478.5
            ],
            [
              683809.5,
              7023482.5
            ],
            [
              683805.5,
              7023482.5
            ],
            [
              683805.5,
              7023498.5
            ],
            [
              683801.5,
              7023498.5
            ],
            [
              683801.5,
              7023502.5
            ],
            [
              683797.5,
              7023502.5
            ],
            [
              683797.5,
              7023506.5
            ],
            [
              683793.5,
              7023506.5
            ],
            [
              683793.5,
              7023510.5
            ],
            [
              683789.5,
              7023510.5
            ],
            [
              683789.5,
              7023514.5
            ],
            [
              683873.5,
              7023514.5
            ]
          ],
          [
            [
              683869.5,
              7023474.5
            ],
            [
              683865.5,
              7023474.5
            ],
            [
              683865.5,
              7023470.5
            ],
            [
              683869.5,
              7023470.5
            ],
            [
              683869.5,
              7023466.5
            ],
            [
              683873.5,
              7023466.5
            ],
            [
              683873.5,
              7023478.5
            ],
            [
              683869.5,
              7023478.5
            ],
            [
              683869.5,
              7023474.5
            ]
          ]
        ]
      },
      "properties": {
        "tile": "l0/7/6",
        "cellMetres": 4,
        "role": "eligible-measured-woodland",
        "mode": "before"
      }
    },
    {
      "type": "Feature",
      "geometry": {
        "type": "Polygon",
        "coordinates": [
          [
            [
              683901.5,
              7023406.5
            ],
            [
              683901.5,
              7023402.5
            ],
            [
              683897.5,
              7023402.5
            ],
            [
              683897.5,
              7023406.5
            ],
            [
              683901.5,
              7023406.5
            ]
          ]
        ]
      },
      "properties": {
        "tile": "l0/7/6",
        "cellMetres": 4,
        "role": "eligible-measured-woodland",
        "mode": "before"
      }
    },
    {
      "type": "Feature",
      "geometry": {
        "type": "Polygon",
        "coordinates": [
          [
            [
              683881.5,
              7023410.5
            ],
            [
              683881.5,
              7023406.5
            ],
            [
              683885.5,
              7023406.5
            ],
            [
              683885.5,
              7023398.5
            ],
            [
              683881.5,
              7023398.5
            ],
            [
              683881.5,
              7023402.5
            ],
            [
              683877.5,
              7023402.5
            ],
            [
              683877.5,
              7023406.5
            ],
            [
              683873.5,
              7023406.5
            ],
            [
              683873.5,
              7023410.5
            ],
            [
              683881.5,
              7023410.5
            ]
          ]
        ]
      },
      "properties": {
        "tile": "l0/7/6",
        "cellMetres": 4,
        "role": "eligible-measured-woodland",
        "mode": "before"
      }
    },
    {
      "type": "Feature",
      "geometry": {
        "type": "Polygon",
        "coordinates": [
          [
            [
              683897.5,
              7023402.5
            ],
            [
              683897.5,
              7023398.5
            ],
            [
              683889.5,
              7023398.5
            ],
            [
              683889.5,
              7023402.5
            ],
            [
              683897.5,
              7023402.5
            ]
          ]
        ]
      },
      "properties": {
        "tile": "l0/7/6",
        "cellMetres": 4,
        "role": "eligible-measured-woodland",
        "mode": "before"
      }
    },
    {
      "type": "Feature",
      "geometry": {
        "type": "Polygon",
        "coordinates": [
          [
            [
              683697.5,
              7023398.5
            ],
            [
              683697.5,
              7023390.5
            ],
            [
              683693.5,
              7023390.5
            ],
            [
              683693.5,
              7023398.5
            ],
            [
              683697.5,
              7023398.5
            ]
          ]
        ]
      },
      "properties": {
        "tile": "l0/7/6",
        "cellMetres": 4,
        "role": "eligible-measured-woodland",
        "mode": "before"
      }
    },
    {
      "type": "Feature",
      "geometry": {
        "type": "Polygon",
        "coordinates": [
          [
            [
              683909.5,
              7023414.5
            ],
            [
              683909.5,
              7023390.5
            ],
            [
              683901.5,
              7023390.5
            ],
            [
              683901.5,
              7023394.5
            ],
            [
              683897.5,
              7023394.5
            ],
            [
              683897.5,
              7023398.5
            ],
            [
              683901.5,
              7023398.5
            ],
            [
              683901.5,
              7023402.5
            ],
            [
              683905.5,
              7023402.5
            ],
            [
              683905.5,
              7023410.5
            ],
            [
              683901.5,
              7023410.5
            ],
            [
              683901.5,
              7023414.5
            ],
            [
              683909.5,
              7023414.5
            ]
          ]
        ]
      },
      "properties": {
        "tile": "l0/7/6",
        "cellMetres": 4,
        "role": "eligible-measured-woodland",
        "mode": "before"
      }
    },
    {
      "type": "Feature",
      "geometry": {
        "type": "Polygon",
        "coordinates": [
          [
            [
              683689.5,
              7023382.5
            ],
            [
              683689.5,
              7023374.5
            ],
            [
              683685.5,
              7023374.5
            ],
            [
              683685.5,
              7023382.5
            ],
            [
              683689.5,
              7023382.5
            ]
          ]
        ]
      },
      "properties": {
        "tile": "l0/7/6",
        "cellMetres": 4,
        "role": "eligible-measured-woodland",
        "mode": "before"
      }
    },
    {
      "type": "Feature",
      "geometry": {
        "type": "Polygon",
        "coordinates": [
          [
            [
              683685.5,
              7023374.5
            ],
            [
              683685.5,
              7023370.5
            ],
            [
              683681.5,
              7023370.5
            ],
            [
              683681.5,
              7023374.5
            ],
            [
              683685.5,
              7023374.5
            ]
          ]
        ]
      },
      "properties": {
        "tile": "l0/7/6",
        "cellMetres": 4,
        "role": "eligible-measured-woodland",
        "mode": "before"
      }
    },
    {
      "type": "Feature",
      "geometry": {
        "type": "Polygon",
        "coordinates": [
          [
            [
              683681.5,
              7023354.5
            ],
            [
              683681.5,
              7023346.5
            ],
            [
              683677.5,
              7023346.5
            ],
            [
              683677.5,
              7023354.5
            ],
            [
              683681.5,
              7023354.5
            ]
          ]
        ]
      },
      "properties": {
        "tile": "l0/7/6",
        "cellMetres": 4,
        "role": "eligible-measured-woodland",
        "mode": "before"
      }
    },
    {
      "type": "Feature",
      "geometry": {
        "type": "Polygon",
        "coordinates": [
          [
            [
              683697.5,
              7023350.5
            ],
            [
              683697.5,
              7023346.5
            ],
            [
              683693.5,
              7023346.5
            ],
            [
              683693.5,
              7023342.5
            ],
            [
              683689.5,
              7023342.5
            ],
            [
              683689.5,
              7023350.5
            ],
            [
              683697.5,
              7023350.5
            ]
          ]
        ]
      },
      "properties": {
        "tile": "l0/7/6",
        "cellMetres": 4,
        "role": "eligible-measured-woodland",
        "mode": "before"
      }
    },
    {
      "type": "Feature",
      "geometry": {
        "type": "Polygon",
        "coordinates": [
          [
            [
              683721.5,
              7023414.5
            ],
            [
              683721.5,
              7023410.5
            ],
            [
              683725.5,
              7023410.5
            ],
            [
              683725.5,
              7023414.5
            ],
            [
              683729.5,
              7023414.5
            ],
            [
              683729.5,
              7023410.5
            ],
            [
              683737.5,
              7023410.5
            ],
            [
              683737.5,
              7023406.5
            ],
            [
              683741.5,
              7023406.5
            ],
            [
              683741.5,
              7023398.5
            ],
            [
              683745.5,
              7023398.5
            ],
            [
              683745.5,
              7023390.5
            ],
            [
              683749.5,
              7023390.5
            ],
            [
              683749.5,
              7023382.5
            ],
            [
              683753.5,
              7023382.5
            ],
            [
              683753.5,
              7023378.5
            ],
            [
              683757.5,
              7023378.5
            ],
            [
              683757.5,
              7023370.5
            ],
            [
              683761.5,
              7023370.5
            ],
            [
              683761.5,
              7023366.5
            ],
            [
              683765.5,
              7023366.5
            ],
            [
              683765.5,
              7023358.5
            ],
            [
              683769.5,
              7023358.5
            ],
            [
              683769.5,
              7023354.5
            ],
            [
              683773.5,
              7023354.5
            ],
            [
              683773.5,
              7023350.5
            ],
            [
              683777.5,
              7023350.5
            ],
            [
              683777.5,
              7023338.5
            ],
            [
              683737.5,
              7023338.5
            ],
            [
              683737.5,
              7023342.5
            ],
            [
              683733.5,
              7023342.5
            ],
            [
              683733.5,
              7023346.5
            ],
            [
              683725.5,
              7023346.5
            ],
            [
              683725.5,
              7023350.5
            ],
            [
              683713.5,
              7023350.5
            ],
            [
              683713.5,
              7023354.5
            ],
            [
              683709.5,
              7023354.5
            ],
            [
              683709.5,
              7023358.5
            ],
            [
              683705.5,
              7023358.5
            ],
            [
              683705.5,
              7023362.5
            ],
            [
              683701.5,
              7023362.5
            ],
            [
              683701.5,
              7023370.5
            ],
            [
              683705.5,
              7023370.5
            ],
            [
              683705.5,
              7023374.5
            ],
            [
              683709.5,
              7023374.5
            ],
            [
              683709.5,
              7023382.5
            ],
            [
              683705.5,
              7023382.5
            ],
            [
              683705.5,
              7023394.5
            ],
            [
              683709.5,
              7023394.5
            ],
            [
              683709.5,
              7023398.5
            ],
            [
              683713.5,
              7023398.5
            ],
            [
              683713.5,
              7023406.5
            ],
            [
              683717.5,
              7023406.5
            ],
            [
              683717.5,
              7023414.5
            ],
            [
              683721.5,
              7023414.5
            ]
          ],
          [
            [
              683717.5,
              7023390.5
            ],
            [
              683721.5,
              7023390.5
            ],
            [
              683721.5,
              7023398.5
            ],
            [
              683717.5,
              7023398.5
            ],
            [
              683717.5,
              7023390.5
            ]
          ]
        ]
      },
      "properties": {
        "tile": "l0/7/6",
        "cellMetres": 4,
        "role": "eligible-measured-woodland",
        "mode": "before"
      }
    },
    {
      "type": "Feature",
      "geometry": {
        "type": "Polygon",
        "coordinates": [
          [
            [
              683685.5,
              7023346.5
            ],
            [
              683685.5,
              7023338.5
            ],
            [
              683681.5,
              7023338.5
            ],
            [
              683681.5,
              7023346.5
            ],
            [
              683685.5,
              7023346.5
            ]
          ]
        ]
      },
      "properties": {
        "tile": "l0/7/6",
        "cellMetres": 4,
        "role": "eligible-measured-woodland",
        "mode": "before"
      }
    },
    {
      "type": "Feature",
      "geometry": {
        "type": "Polygon",
        "coordinates": [
          [
            [
              683749.5,
              7023434.5
            ],
            [
              683749.5,
              7023430.5
            ],
            [
              683757.5,
              7023430.5
            ],
            [
              683757.5,
              7023426.5
            ],
            [
              683761.5,
              7023426.5
            ],
            [
              683761.5,
              7023422.5
            ],
            [
              683769.5,
              7023422.5
            ],
            [
              683769.5,
              7023410.5
            ],
            [
              683781.5,
              7023410.5
            ],
            [
              683781.5,
              7023406.5
            ],
            [
              683785.5,
              7023406.5
            ],
            [
              683785.5,
              7023402.5
            ],
            [
              683789.5,
              7023402.5
            ],
            [
              683789.5,
              7023398.5
            ],
            [
              683793.5,
              7023398.5
            ],
            [
              683793.5,
              7023394.5
            ],
            [
              683801.5,
              7023394.5
            ],
            [
              683801.5,
              7023390.5
            ],
            [
              683809.5,
              7023390.5
            ],
            [
              683809.5,
              7023386.5
            ],
            [
              683817.5,
              7023386.5
            ],
            [
              683817.5,
              7023382.5
            ],
            [
              683825.5,
              7023382.5
            ],
            [
              683825.5,
              7023378.5
            ],
            [
              683829.5,
              7023378.5
            ],
            [
              683829.5,
              7023374.5
            ],
            [
              683833.5,
              7023374.5
            ],
            [
              683833.5,
              7023366.5
            ],
            [
              683841.5,
              7023366.5
            ],
            [
              683841.5,
              7023362.5
            ],
            [
              683845.5,
              7023362.5
            ],
            [
              683845.5,
              7023350.5
            ],
            [
              683849.5,
              7023350.5
            ],
            [
              683849.5,
              7023346.5
            ],
            [
              683853.5,
              7023346.5
            ],
            [
              683853.5,
              7023342.5
            ],
            [
              683849.5,
              7023342.5
            ],
            [
              683849.5,
              7023338.5
            ],
            [
              683845.5,
              7023338.5
            ],
            [
              683845.5,
              7023334.5
            ],
            [
              683841.5,
              7023334.5
            ],
            [
              683841.5,
              7023338.5
            ],
            [
              683837.5,
              7023338.5
            ],
            [
              683837.5,
              7023342.5
            ],
            [
              683829.5,
              7023342.5
            ],
            [
              683829.5,
              7023346.5
            ],
            [
              683825.5,
              7023346.5
            ],
            [
              683825.5,
              7023350.5
            ],
            [
              683817.5,
              7023350.5
            ],
            [
              683817.5,
              7023346.5
            ],
            [
              683813.5,
              7023346.5
            ],
            [
              683813.5,
              7023342.5
            ],
            [
              683809.5,
              7023342.5
            ],
            [
              683809.5,
              7023346.5
            ],
            [
              683805.5,
              7023346.5
            ],
            [
              683805.5,
              7023354.5
            ],
            [
              683797.5,
              7023354.5
            ],
            [
              683797.5,
              7023358.5
            ],
            [
              683789.5,
              7023358.5
            ],
            [
              683789.5,
              7023350.5
            ],
            [
              683785.5,
              7023350.5
            ],
            [
              683785.5,
              7023354.5
            ],
            [
              683777.5,
              7023354.5
            ],
            [
              683777.5,
              7023362.5
            ],
            [
              683773.5,
              7023362.5
            ],
            [
              683773.5,
              7023366.5
            ],
            [
              683769.5,
              7023366.5
            ],
            [
              683769.5,
              7023374.5
            ],
            [
              683765.5,
              7023374.5
            ],
            [
              683765.5,
              7023378.5
            ],
            [
              683761.5,
              7023378.5
            ],
            [
              683761.5,
              7023386.5
            ],
            [
              683757.5,
              7023386.5
            ],
            [
              683757.5,
              7023390.5
            ],
            [
              683753.5,
              7023390.5
            ],
            [
              683753.5,
              7023398.5
            ],
            [
              683749.5,
              7023398.5
            ],
            [
              683749.5,
              7023406.5
            ],
            [
              683745.5,
              7023406.5
            ],
            [
              683745.5,
              7023410.5
            ],
            [
              683741.5,
              7023410.5
            ],
            [
              683741.5,
              7023414.5
            ],
            [
              683737.5,
              7023414.5
            ],
            [
              683737.5,
              7023418.5
            ],
            [
              683733.5,
              7023418.5
            ],
            [
              683733.5,
              7023426.5
            ],
            [
              683737.5,
              7023426.5
            ],
            [
              683737.5,
              7023430.5
            ],
            [
              683741.5,
              7023430.5
            ],
            [
              683741.5,
              7023434.5
            ],
            [
              683749.5,
              7023434.5
            ]
          ]
        ]
      },
      "properties": {
        "tile": "l0/7/6",
        "cellMetres": 4,
        "role": "eligible-measured-woodland",
        "mode": "before"
      }
    },
    {
      "type": "Feature",
      "geometry": {
        "type": "Polygon",
        "coordinates": [
          [
            [
              683673.5,
              7023330.5
            ],
            [
              683673.5,
              7023326.5
            ],
            [
              683669.5,
              7023326.5
            ],
            [
              683669.5,
              7023330.5
            ],
            [
              683673.5,
              7023330.5
            ]
          ]
        ]
      },
      "properties": {
        "tile": "l0/7/6",
        "cellMetres": 4,
        "role": "eligible-measured-woodland",
        "mode": "before"
      }
    },
    {
      "type": "Feature",
      "geometry": {
        "type": "Polygon",
        "coordinates": [
          [
            [
              683681.5,
              7023310.5
            ],
            [
              683681.5,
              7023306.5
            ],
            [
              683677.5,
              7023306.5
            ],
            [
              683677.5,
              7023310.5
            ],
            [
              683681.5,
              7023310.5
            ]
          ]
        ]
      },
      "properties": {
        "tile": "l0/7/6",
        "cellMetres": 4,
        "role": "eligible-measured-woodland",
        "mode": "before"
      }
    },
    {
      "type": "Feature",
      "geometry": {
        "type": "Polygon",
        "coordinates": [
          [
            [
              683865.5,
              7023338.5
            ],
            [
              683865.5,
              7023334.5
            ],
            [
              683873.5,
              7023334.5
            ],
            [
              683873.5,
              7023330.5
            ],
            [
              683881.5,
              7023330.5
            ],
            [
              683881.5,
              7023326.5
            ],
            [
              683885.5,
              7023326.5
            ],
            [
              683885.5,
              7023322.5
            ],
            [
              683889.5,
              7023322.5
            ],
            [
              683889.5,
              7023318.5
            ],
            [
              683885.5,
              7023318.5
            ],
            [
              683885.5,
              7023310.5
            ],
            [
              683889.5,
              7023310.5
            ],
            [
              683889.5,
              7023314.5
            ],
            [
              683893.5,
              7023314.5
            ],
            [
              683893.5,
              7023318.5
            ],
            [
              683897.5,
              7023318.5
            ],
            [
              683897.5,
              7023314.5
            ],
            [
              683901.5,
              7023314.5
            ],
            [
              683901.5,
              7023322.5
            ],
            [
              683909.5,
              7023322.5
            ],
            [
              683909.5,
              7023294.5
            ],
            [
              683897.5,
              7023294.5
            ],
            [
              683897.5,
              7023298.5
            ],
            [
              683893.5,
              7023298.5
            ],
            [
              683893.5,
              7023302.5
            ],
            [
              683889.5,
              7023302.5
            ],
            [
              683889.5,
              7023306.5
            ],
            [
              683881.5,
              7023306.5
            ],
            [
              683881.5,
              7023310.5
            ],
            [
              683877.5,
              7023310.5
            ],
            [
              683877.5,
              7023314.5
            ],
            [
              683869.5,
              7023314.5
            ],
            [
              683869.5,
              7023322.5
            ],
            [
              683857.5,
              7023322.5
            ],
            [
              683857.5,
              7023330.5
            ],
            [
              683853.5,
              7023330.5
            ],
            [
              683853.5,
              7023338.5
            ],
            [
              683865.5,
              7023338.5
            ]
          ]
        ]
      },
      "properties": {
        "tile": "l0/7/6",
        "cellMetres": 4,
        "role": "eligible-measured-woodland",
        "mode": "before"
      }
    },
    {
      "type": "Feature",
      "geometry": {
        "type": "Polygon",
        "coordinates": [
          [
            [
              683813.5,
              7023326.5
            ],
            [
              683813.5,
              7023322.5
            ],
            [
              683821.5,
              7023322.5
            ],
            [
              683821.5,
              7023318.5
            ],
            [
              683829.5,
              7023318.5
            ],
            [
              683829.5,
              7023314.5
            ],
            [
              683833.5,
              7023314.5
            ],
            [
              683833.5,
              7023306.5
            ],
            [
              683837.5,
              7023306.5
            ],
            [
              683837.5,
              7023310.5
            ],
            [
              683841.5,
              7023310.5
            ],
            [
              683841.5,
              7023306.5
            ],
            [
              683845.5,
              7023306.5
            ],
            [
              683845.5,
              7023302.5
            ],
            [
              683853.5,
              7023302.5
            ],
            [
              683853.5,
              7023294.5
            ],
            [
              683829.5,
              7023294.5
            ],
            [
              683829.5,
              7023298.5
            ],
            [
              683825.5,
              7023298.5
            ],
            [
              683825.5,
              7023302.5
            ],
            [
              683821.5,
              7023302.5
            ],
            [
              683821.5,
              7023306.5
            ],
            [
              683813.5,
              7023306.5
            ],
            [
              683813.5,
              7023310.5
            ],
            [
              683805.5,
              7023310.5
            ],
            [
              683805.5,
              7023318.5
            ],
            [
              683809.5,
              7023318.5
            ],
            [
              683809.5,
              7023326.5
            ],
            [
              683813.5,
              7023326.5
            ]
          ]
        ]
      },
      "properties": {
        "tile": "l0/7/6",
        "cellMetres": 4,
        "role": "eligible-measured-woodland",
        "mode": "before"
      }
    },
    {
      "type": "Feature",
      "geometry": {
        "type": "Polygon",
        "coordinates": [
          [
            [
              683849.5,
              7023290.5
            ],
            [
              683849.5,
              7023286.5
            ],
            [
              683841.5,
              7023286.5
            ],
            [
              683841.5,
              7023290.5
            ],
            [
              683849.5,
              7023290.5
            ]
          ]
        ]
      },
      "properties": {
        "tile": "l0/7/6",
        "cellMetres": 4,
        "role": "eligible-measured-woodland",
        "mode": "before"
      }
    },
    {
      "type": "Feature",
      "geometry": {
        "type": "Polygon",
        "coordinates": [
          [
            [
              683857.5,
              7023290.5
            ],
            [
              683857.5,
              7023286.5
            ],
            [
              683865.5,
              7023286.5
            ],
            [
              683865.5,
              7023282.5
            ],
            [
              683869.5,
              7023282.5
            ],
            [
              683869.5,
              7023278.5
            ],
            [
              683865.5,
              7023278.5
            ],
            [
              683865.5,
              7023274.5
            ],
            [
              683861.5,
              7023274.5
            ],
            [
              683861.5,
              7023270.5
            ],
            [
              683857.5,
              7023270.5
            ],
            [
              683857.5,
              7023266.5
            ],
            [
              683853.5,
              7023266.5
            ],
            [
              683853.5,
              7023274.5
            ],
            [
              683857.5,
              7023274.5
            ],
            [
              683857.5,
              7023278.5
            ],
            [
              683853.5,
              7023278.5
            ],
            [
              683853.5,
              7023282.5
            ],
            [
              683849.5,
              7023282.5
            ],
            [
              683849.5,
              7023286.5
            ],
            [
              683853.5,
              7023286.5
            ],
            [
              683853.5,
              7023290.5
            ],
            [
              683857.5,
              7023290.5
            ]
          ]
        ]
      },
      "properties": {
        "tile": "l0/7/6",
        "cellMetres": 4,
        "role": "eligible-measured-woodland",
        "mode": "before"
      }
    },
    {
      "type": "Feature",
      "geometry": {
        "type": "Polygon",
        "coordinates": [
          [
            [
              683877.5,
              7023274.5
            ],
            [
              683877.5,
              7023270.5
            ],
            [
              683881.5,
              7023270.5
            ],
            [
              683881.5,
              7023262.5
            ],
            [
              683873.5,
              7023262.5
            ],
            [
              683873.5,
              7023266.5
            ],
            [
              683865.5,
              7023266.5
            ],
            [
              683865.5,
              7023270.5
            ],
            [
              683869.5,
              7023270.5
            ],
            [
              683869.5,
              7023274.5
            ],
            [
              683877.5,
              7023274.5
            ]
          ]
        ]
      },
      "properties": {
        "tile": "l0/7/6",
        "cellMetres": 4,
        "role": "eligible-measured-woodland",
        "mode": "before"
      }
    },
    {
      "type": "Feature",
      "geometry": {
        "type": "Polygon",
        "coordinates": [
          [
            [
              683897.5,
              7023274.5
            ],
            [
              683897.5,
              7023266.5
            ],
            [
              683893.5,
              7023266.5
            ],
            [
              683893.5,
              7023262.5
            ],
            [
              683889.5,
              7023262.5
            ],
            [
              683889.5,
              7023258.5
            ],
            [
              683885.5,
              7023258.5
            ],
            [
              683885.5,
              7023266.5
            ],
            [
              683889.5,
              7023266.5
            ],
            [
              683889.5,
              7023274.5
            ],
            [
              683897.5,
              7023274.5
            ]
          ]
        ]
      },
      "properties": {
        "tile": "l0/7/6",
        "cellMetres": 4,
        "role": "eligible-measured-woodland",
        "mode": "before"
      }
    },
    {
      "type": "Feature",
      "geometry": {
        "type": "Polygon",
        "coordinates": [
          [
            [
              684001.5,
              7023514.5
            ],
            [
              684001.5,
              7023510.5
            ],
            [
              683993.5,
              7023510.5
            ],
            [
              683993.5,
              7023514.5
            ],
            [
              684001.5,
              7023514.5
            ]
          ]
        ]
      },
      "properties": {
        "tile": "l0/8/6",
        "cellMetres": 4,
        "role": "eligible-measured-woodland",
        "mode": "before"
      }
    },
    {
      "type": "Feature",
      "geometry": {
        "type": "Polygon",
        "coordinates": [
          [
            [
              684021.5,
              7023510.5
            ],
            [
              684021.5,
              7023506.5
            ],
            [
              684017.5,
              7023506.5
            ],
            [
              684017.5,
              7023502.5
            ],
            [
              684013.5,
              7023502.5
            ],
            [
              684013.5,
              7023510.5
            ],
            [
              684021.5,
              7023510.5
            ]
          ]
        ]
      },
      "properties": {
        "tile": "l0/8/6",
        "cellMetres": 4,
        "role": "eligible-measured-woodland",
        "mode": "before"
      }
    },
    {
      "type": "Feature",
      "geometry": {
        "type": "Polygon",
        "coordinates": [
          [
            [
              684025.5,
              7023502.5
            ],
            [
              684025.5,
              7023498.5
            ],
            [
              684021.5,
              7023498.5
            ],
            [
              684021.5,
              7023502.5
            ],
            [
              684025.5,
              7023502.5
            ]
          ]
        ]
      },
      "properties": {
        "tile": "l0/8/6",
        "cellMetres": 4,
        "role": "eligible-measured-woodland",
        "mode": "before"
      }
    },
    {
      "type": "Feature",
      "geometry": {
        "type": "Polygon",
        "coordinates": [
          [
            [
              683957.5,
              7023514.5
            ],
            [
              683957.5,
              7023502.5
            ],
            [
              683961.5,
              7023502.5
            ],
            [
              683961.5,
              7023498.5
            ],
            [
              683957.5,
              7023498.5
            ],
            [
              683957.5,
              7023494.5
            ],
            [
              683953.5,
              7023494.5
            ],
            [
              683953.5,
              7023490.5
            ],
            [
              683949.5,
              7023490.5
            ],
            [
              683949.5,
              7023494.5
            ],
            [
              683933.5,
              7023494.5
            ],
            [
              683933.5,
              7023498.5
            ],
            [
              683921.5,
              7023498.5
            ],
            [
              683921.5,
              7023502.5
            ],
            [
              683917.5,
              7023502.5
            ],
            [
              683917.5,
              7023506.5
            ],
            [
              683909.5,
              7023506.5
            ],
            [
              683909.5,
              7023514.5
            ],
            [
              683957.5,
              7023514.5
            ]
          ]
        ]
      },
      "properties": {
        "tile": "l0/8/6",
        "cellMetres": 4,
        "role": "eligible-measured-woodland",
        "mode": "before"
      }
    },
    {
      "type": "Feature",
      "geometry": {
        "type": "Polygon",
        "coordinates": [
          [
            [
              684093.5,
              7023482.5
            ],
            [
              684093.5,
              7023488.718938357
            ],
            [
              684094.7568594974,
              7023487.845745717
            ],
            [
              684097.1013318235,
              7023485.829335321
            ],
            [
              684099.2257790128,
              7023483.582296045
            ],
            [
              684100.0558075894,
              7023482.5
            ],
            [
              684093.5,
              7023482.5
            ]
          ]
        ]
      },
      "properties": {
        "tile": "l0/8/6",
        "cellMetres": 4,
        "role": "eligible-measured-woodland",
        "mode": "before"
      }
    },
    {
      "type": "Feature",
      "geometry": {
        "type": "Polygon",
        "coordinates": [
          [
            [
              684081.5,
              7023482.5
            ],
            [
              684081.5,
              7023478.5
            ],
            [
              684077.5,
              7023478.5
            ],
            [
              684077.5,
              7023482.5
            ],
            [
              684081.5,
              7023482.5
            ]
          ]
        ]
      },
      "properties": {
        "tile": "l0/8/6",
        "cellMetres": 4,
        "role": "eligible-measured-woodland",
        "mode": "before"
      }
    },
    {
      "type": "Feature",
      "geometry": {
        "type": "Polygon",
        "coordinates": [
          [
            [
              684089.5,
              7023446.5
            ],
            [
              684089.5,
              7023442.5
            ],
            [
              684093.5,
              7023442.5
            ],
            [
              684093.5,
              7023438.5
            ],
            [
              684085.5,
              7023438.5
            ],
            [
              684085.5,
              7023446.5
            ],
            [
              684089.5,
              7023446.5
            ]
          ]
        ]
      },
      "properties": {
        "tile": "l0/8/6",
        "cellMetres": 4,
        "role": "eligible-measured-woodland",
        "mode": "before"
      }
    },
    {
      "type": "Feature",
      "geometry": {
        "type": "Polygon",
        "coordinates": [
          [
            [
              683913.5,
              7023438.5
            ],
            [
              683913.5,
              7023434.5
            ],
            [
              683909.5,
              7023434.5
            ],
            [
              683909.5,
              7023438.5
            ],
            [
              683913.5,
              7023438.5
            ]
          ]
        ]
      },
      "properties": {
        "tile": "l0/8/6",
        "cellMetres": 4,
        "role": "eligible-measured-woodland",
        "mode": "before"
      }
    },
    {
      "type": "Feature",
      "geometry": {
        "type": "Polygon",
        "coordinates": [
          [
            [
              683917.5,
              7023430.5
            ],
            [
              683917.5,
              7023426.5
            ],
            [
              683913.5,
              7023426.5
            ],
            [
              683913.5,
              7023430.5
            ],
            [
              683917.5,
              7023430.5
            ]
          ]
        ]
      },
      "properties": {
        "tile": "l0/8/6",
        "cellMetres": 4,
        "role": "eligible-measured-woodland",
        "mode": "before"
      }
    },
    {
      "type": "Feature",
      "geometry": {
        "type": "Polygon",
        "coordinates": [
          [
            [
              684057.5,
              7023438.5
            ],
            [
              684057.5,
              7023434.5
            ],
            [
              684053.5,
              7023434.5
            ],
            [
              684053.5,
              7023430.5
            ],
            [
              684045.5,
              7023430.5
            ],
            [
              684045.5,
              7023426.5
            ],
            [
              684033.5,
              7023426.5
            ],
            [
              684033.5,
              7023430.5
            ],
            [
              684029.5,
              7023430.5
            ],
            [
              684029.5,
              7023434.5
            ],
            [
              684025.5,
              7023434.5
            ],
            [
              684025.5,
              7023438.5
            ],
            [
              684021.5,
              7023438.5
            ],
            [
              684021.5,
              7023450.5
            ],
            [
              684017.5,
              7023450.5
            ],
            [
              684017.5,
              7023458.5
            ],
            [
              684013.5,
              7023458.5
            ],
            [
              684013.5,
              7023462.5
            ],
            [
              684009.5,
              7023462.5
            ],
            [
              684009.5,
              7023466.5
            ],
            [
              683997.5,
              7023466.5
            ],
            [
              683997.5,
              7023470.5
            ],
            [
              683989.5,
              7023470.5
            ],
            [
              683989.5,
              7023474.5
            ],
            [
              683985.5,
              7023474.5
            ],
            [
              683985.5,
              7023478.5
            ],
            [
              683973.5,
              7023478.5
            ],
            [
              683973.5,
              7023482.5
            ],
            [
              683965.5,
              7023482.5
            ],
            [
              683965.5,
              7023494.5
            ],
            [
              683973.5,
              7023494.5
            ],
            [
              683973.5,
              7023498.5
            ],
            [
              683977.5,
              7023498.5
            ],
            [
              683977.5,
              7023494.5
            ],
            [
              683989.5,
              7023494.5
            ],
            [
              683989.5,
              7023490.5
            ],
            [
              683997.5,
              7023490.5
            ],
            [
              683997.5,
              7023486.5
            ],
            [
              684009.5,
              7023486.5
            ],
            [
              684009.5,
              7023482.5
            ],
            [
              684013.5,
              7023482.5
            ],
            [
              684013.5,
              7023478.5
            ],
            [
              684017.5,
              7023478.5
            ],
            [
              684017.5,
              7023482.5
            ],
            [
              684025.5,
              7023482.5
            ],
            [
              684025.5,
              7023486.5
            ],
            [
              684037.5,
              7023486.5
            ],
            [
              684037.5,
              7023494.5
            ],
            [
              684045.5,
              7023494.5
            ],
            [
              684045.5,
              7023498.5
            ],
            [
              684048.1730889742,
              7023498.5
            ],
            [
              684061.5,
              7023496.57933008
            ],
            [
              684061.5,
              7023494.5
            ],
            [
              684057.5,
              7023494.5
            ],
            [
              684057.5,
              7023482.5
            ],
            [
              684061.5,
              7023482.5
            ],
            [
              684061.5,
              7023478.5
            ],
            [
              684049.5,
              7023478.5
            ],
            [
              684049.5,
              7023470.5
            ],
            [
              684057.5,
              7023470.5
            ],
            [
              684057.5,
              7023474.5
            ],
            [
              684061.5,
              7023474.5
            ],
            [
              684061.5,
              7023470.5
            ],
            [
              684069.5,
              7023470.5
            ],
            [
              684069.5,
              7023462.5
            ],
            [
              684061.5,
              7023462.5
            ],
            [
              684061.5,
              7023454.5
            ],
            [
              684065.5,
              7023454.5
            ],
            [
              684065.5,
              7023450.5
            ],
            [
              684069.5,
              7023450.5
            ],
            [
              684069.5,
              7023446.5
            ],
            [
              684073.5,
              7023446.5
            ],
            [
              684073.5,
              7023434.5
            ],
            [
              684069.5,
              7023434.5
            ],
            [
              684069.5,
              7023430.5
            ],
            [
              684081.5,
              7023430.5
            ],
            [
              684081.5,
              7023422.5
            ],
            [
              684077.5,
              7023422.5
            ],
            [
              684077.5,
              7023418.5
            ],
            [
              684081.5,
              7023418.5
            ],
            [
              684081.5,
              7023410.5
            ],
            [
              684065.5,
              7023410.5
            ],
            [
              684065.5,
              7023430.5
            ],
            [
              684061.5,
              7023430.5
            ],
            [
              684061.5,
              7023438.5
            ],
            [
              684057.5,
              7023438.5
            ]
          ],
          [
            [
              684065.5,
              7023438.5
            ],
            [
              684065.5,
              7023442.5
            ],
            [
              684061.5,
              7023442.5
            ],
            [
              684061.5,
              7023438.5
            ],
            [
              684065.5,
              7023438.5
            ]
          ]
        ]
      },
      "properties": {
        "tile": "l0/8/6",
        "cellMetres": 4,
        "role": "eligible-measured-woodland",
        "mode": "before"
      }
    },
    {
      "type": "Feature",
      "geometry": {
        "type": "Polygon",
        "coordinates": [
          [
            [
              684137.5,
              7023402.5
            ],
            [
              684137.5,
              7023398.5
            ],
            [
              684141.5,
              7023398.5
            ],
            [
              684141.5,
              7023394.5
            ],
            [
              684133.5,
              7023394.5
            ],
            [
              684133.5,
              7023402.5
            ],
            [
              684137.5,
              7023402.5
            ]
          ]
        ]
      },
      "properties": {
        "tile": "l0/8/6",
        "cellMetres": 4,
        "role": "eligible-measured-woodland",
        "mode": "before"
      }
    },
    {
      "type": "Feature",
      "geometry": {
        "type": "Polygon",
        "coordinates": [
          [
            [
              684097.5,
              7023434.5
            ],
            [
              684097.5,
              7023430.5
            ],
            [
              684101.5,
              7023430.5
            ],
            [
              684101.5,
              7023422.5
            ],
            [
              684109.5,
              7023422.5
            ],
            [
              684109.5,
              7023418.5
            ],
            [
              684113.5,
              7023418.5
            ],
            [
              684113.5,
              7023414.5
            ],
            [
              684117.5,
              7023414.5
            ],
            [
              684117.5,
              7023410.5
            ],
            [
              684113.5,
              7023410.5
            ],
            [
              684113.5,
              7023406.5
            ],
            [
              684117.5,
              7023406.5
            ],
            [
              684117.5,
              7023402.5
            ],
            [
              684121.5,
              7023402.5
            ],
            [
              684121.5,
              7023398.5
            ],
            [
              684125.5,
              7023398.5
            ],
            [
              684125.5,
              7023390.5
            ],
            [
              684129.5,
              7023390.5
            ],
            [
              684129.5,
              7023374.5
            ],
            [
              684125.5,
              7023374.5
            ],
            [
              684125.5,
              7023382.5
            ],
            [
              684121.5,
              7023382.5
            ],
            [
              684121.5,
              7023386.5
            ],
            [
              684117.5,
              7023386.5
            ],
            [
              684117.5,
              7023390.5
            ],
            [
              684113.5,
              7023390.5
            ],
            [
              684113.5,
              7023394.5
            ],
            [
              684109.5,
              7023394.5
            ],
            [
              684109.5,
              7023398.5
            ],
            [
              684105.5,
              7023398.5
            ],
            [
              684105.5,
              7023402.5
            ],
            [
              684101.5,
              7023402.5
            ],
            [
              684101.5,
              7023406.5
            ],
            [
              684097.5,
              7023406.5
            ],
            [
              684097.5,
              7023410.5
            ],
            [
              684093.5,
              7023410.5
            ],
            [
              684093.5,
              7023414.5
            ],
            [
              684089.5,
              7023414.5
            ],
            [
              684089.5,
              7023422.5
            ],
            [
              684085.5,
              7023422.5
            ],
            [
              684085.5,
              7023426.5
            ],
            [
              684089.5,
              7023426.5
            ],
            [
              684089.5,
              7023434.5
            ],
            [
              684097.5,
              7023434.5
            ]
          ]
        ]
      },
      "properties": {
        "tile": "l0/8/6",
        "cellMetres": 4,
        "role": "eligible-measured-woodland",
        "mode": "before"
      }
    },
    {
      "type": "Feature",
      "geometry": {
        "type": "Polygon",
        "coordinates": [
          [
            [
              683941.5,
              7023370.5
            ],
            [
              683941.5,
              7023362.5
            ],
            [
              683937.5,
              7023362.5
            ],
            [
              683937.5,
              7023370.5
            ],
            [
              683941.5,
              7023370.5
            ]
          ]
        ]
      },
      "properties": {
        "tile": "l0/8/6",
        "cellMetres": 4,
        "role": "eligible-measured-woodland",
        "mode": "before"
      }
    },
    {
      "type": "Feature",
      "geometry": {
        "type": "Polygon",
        "coordinates": [
          [
            [
              684149.5,
              7023370.5
            ],
            [
              684149.5,
              7023366.5
            ],
            [
              684161.5,
              7023366.5
            ],
            [
              684161.5,
              7023362.5
            ],
            [
              684145.5,
              7023362.5
            ],
            [
              684145.5,
              7023366.5
            ],
            [
              684141.5,
              7023366.5
            ],
            [
              684141.5,
              7023370.5
            ],
            [
              684149.5,
              7023370.5
            ]
          ]
        ]
      },
      "properties": {
        "tile": "l0/8/6",
        "cellMetres": 4,
        "role": "eligible-measured-woodland",
        "mode": "before"
      }
    },
    {
      "type": "Feature",
      "geometry": {
        "type": "Polygon",
        "coordinates": [
          [
            [
              683953.5,
              7023362.5
            ],
            [
              683953.5,
              7023358.5
            ],
            [
              683949.5,
              7023358.5
            ],
            [
              683949.5,
              7023370.5
            ],
            [
              683945.5,
              7023370.5
            ],
            [
              683945.5,
              7023374.5
            ],
            [
              683937.5,
              7023374.5
            ],
            [
              683937.5,
              7023378.5
            ],
            [
              683929.5,
              7023378.5
            ],
            [
              683929.5,
              7023382.5
            ],
            [
              683925.5,
              7023382.5
            ],
            [
              683925.5,
              7023390.5
            ],
            [
              683909.5,
              7023390.5
            ],
            [
              683909.5,
              7023410.5
            ],
            [
              683913.5,
              7023410.5
            ],
            [
              683913.5,
              7023406.5
            ],
            [
              683917.5,
              7023406.5
            ],
            [
              683917.5,
              7023414.5
            ],
            [
              683913.5,
              7023414.5
            ],
            [
              683913.5,
              7023422.5
            ],
            [
              683917.5,
              7023422.5
            ],
            [
              683917.5,
              7023426.5
            ],
            [
              683921.5,
              7023426.5
            ],
            [
              683921.5,
              7023430.5
            ],
            [
              683925.5,
              7023430.5
            ],
            [
              683925.5,
              7023434.5
            ],
            [
              683941.5,
              7023434.5
            ],
            [
              683941.5,
              7023438.5
            ],
            [
              683945.5,
              7023438.5
            ],
            [
              683945.5,
              7023434.5
            ],
            [
              683953.5,
              7023434.5
            ],
            [
              683953.5,
              7023430.5
            ],
            [
              683957.5,
              7023430.5
            ],
            [
              683957.5,
              7023426.5
            ],
            [
              683961.5,
              7023426.5
            ],
            [
              683961.5,
              7023418.5
            ],
            [
              683973.5,
              7023418.5
            ],
            [
              683973.5,
              7023410.5
            ],
            [
              683981.5,
              7023410.5
            ],
            [
              683981.5,
              7023406.5
            ],
            [
              683985.5,
              7023406.5
            ],
            [
              683985.5,
              7023402.5
            ],
            [
              683989.5,
              7023402.5
            ],
            [
              683989.5,
              7023390.5
            ],
            [
              683981.5,
              7023390.5
            ],
            [
              683981.5,
              7023386.5
            ],
            [
              683985.5,
              7023386.5
            ],
            [
              683985.5,
              7023378.5
            ],
            [
              683981.5,
              7023378.5
            ],
            [
              683981.5,
              7023374.5
            ],
            [
              683993.5,
              7023374.5
            ],
            [
              683993.5,
              7023370.5
            ],
            [
              683997.5,
              7023370.5
            ],
            [
              683997.5,
              7023362.5
            ],
            [
              683993.5,
              7023362.5
            ],
            [
              683993.5,
              7023358.5
            ],
            [
              684005.5,
              7023358.5
            ],
            [
              684005.5,
              7023354.5
            ],
            [
              684009.5,
              7023354.5
            ],
            [
              684009.5,
              7023350.5
            ],
            [
              684017.5,
              7023350.5
            ],
            [
              684017.5,
              7023346.5
            ],
            [
              684021.5,
              7023346.5
            ],
            [
              684021.5,
              7023342.5
            ],
            [
              684025.5,
              7023342.5
            ],
            [
              684025.5,
              7023350.5
            ],
            [
              684021.5,
              7023350.5
            ],
            [
              684021.5,
              7023354.5
            ],
            [
              684033.5,
              7023354.5
            ],
            [
              684033.5,
              7023350.5
            ],
            [
              684041.5,
              7023350.5
            ],
            [
              684041.5,
              7023342.5
            ],
            [
              684037.5,
              7023342.5
            ],
            [
              684037.5,
              7023338.5
            ],
            [
              684029.5,
              7023338.5
            ],
            [
              684029.5,
              7023334.5
            ],
            [
              684025.5,
              7023334.5
            ],
            [
              684025.5,
              7023330.5
            ],
            [
              684017.5,
              7023330.5
            ],
            [
              684017.5,
              7023334.5
            ],
            [
              684005.5,
              7023334.5
            ],
            [
              684005.5,
              7023338.5
            ],
            [
              684001.5,
              7023338.5
            ],
            [
              684001.5,
              7023342.5
            ],
            [
              683997.5,
              7023342.5
            ],
            [
              683997.5,
              7023346.5
            ],
            [
              683993.5,
              7023346.5
            ],
            [
              683993.5,
              7023354.5
            ],
            [
              683981.5,
              7023354.5
            ],
            [
              683981.5,
              7023358.5
            ],
            [
              683973.5,
              7023358.5
            ],
            [
              683973.5,
              7023354.5
            ],
            [
              683965.5,
              7023354.5
            ],
            [
              683965.5,
              7023346.5
            ],
            [
              683961.5,
              7023346.5
            ],
            [
              683961.5,
              7023350.5
            ],
            [
              683957.5,
              7023350.5
            ],
            [
              683957.5,
              7023358.5
            ],
            [
              683961.5,
              7023358.5
            ],
            [
              683961.5,
              7023362.5
            ],
            [
              683953.5,
              7023362.5
            ]
          ],
          [
            [
              683965.5,
              7023362.5
            ],
            [
              683965.5,
              7023366.5
            ],
            [
              683969.5,
              7023366.5
            ],
            [
              683969.5,
              7023374.5
            ],
            [
              683977.5,
              7023374.5
            ],
            [
              683977.5,
              7023386.5
            ],
            [
              683969.5,
              7023386.5
            ],
            [
              683969.5,
              7023390.5
            ],
            [
              683965.5,
              7023390.5
            ],
            [
              683965.5,
              7023370.5
            ],
            [
              683961.5,
              7023370.5
            ],
            [
              683961.5,
              7023362.5
            ],
            [
              683965.5,
              7023362.5
            ]
          ],
          [
            [
              683937.5,
              7023402.5
            ],
            [
              683941.5,
              7023402.5
            ],
            [
              683941.5,
              7023406.5
            ],
            [
              683945.5,
              7023406.5
            ],
            [
              683945.5,
              7023410.5
            ],
            [
              683937.5,
              7023410.5
            ],
            [
              683937.5,
              7023402.5
            ]
          ],
          [
            [
              683913.5,
              7023394.5
            ],
            [
              683917.5,
              7023394.5
            ],
            [
              683917.5,
              7023398.5
            ],
            [
              683913.5,
              7023398.5
            ],
            [
              683913.5,
              7023394.5
            ]
          ]
        ]
      },
      "properties": {
        "tile": "l0/8/6",
        "cellMetres": 4,
        "role": "eligible-measured-woodland",
        "mode": "before"
      }
    },
    {
      "type": "Feature",
      "geometry": {
        "type": "Polygon",
        "coordinates": [
          [
            [
              684053.5,
              7023334.5
            ],
            [
              684053.5,
              7023330.5
            ],
            [
              684049.5,
              7023330.5
            ],
            [
              684049.5,
              7023334.5
            ],
            [
              684053.5,
              7023334.5
            ]
          ]
        ]
      },
      "properties": {
        "tile": "l0/8/6",
        "cellMetres": 4,
        "role": "eligible-measured-woodland",
        "mode": "before"
      }
    },
    {
      "type": "Feature",
      "geometry": {
        "type": "Polygon",
        "coordinates": [
          [
            [
              683925.5,
              7023334.5
            ],
            [
              683925.5,
              7023330.5
            ],
            [
              683929.5,
              7023330.5
            ],
            [
              683929.5,
              7023326.5
            ],
            [
              683917.5,
              7023326.5
            ],
            [
              683917.5,
              7023322.5
            ],
            [
              683913.5,
              7023322.5
            ],
            [
              683913.5,
              7023330.5
            ],
            [
              683921.5,
              7023330.5
            ],
            [
              683921.5,
              7023334.5
            ],
            [
              683925.5,
              7023334.5
            ]
          ]
        ]
      },
      "properties": {
        "tile": "l0/8/6",
        "cellMetres": 4,
        "role": "eligible-measured-woodland",
        "mode": "before"
      }
    },
    {
      "type": "Feature",
      "geometry": {
        "type": "Polygon",
        "coordinates": [
          [
            [
              684037.5,
              7023326.5
            ],
            [
              684037.5,
              7023318.5
            ],
            [
              684029.5,
              7023318.5
            ],
            [
              684029.5,
              7023326.5
            ],
            [
              684037.5,
              7023326.5
            ]
          ]
        ]
      },
      "properties": {
        "tile": "l0/8/6",
        "cellMetres": 4,
        "role": "eligible-measured-woodland",
        "mode": "before"
      }
    },
    {
      "type": "Feature",
      "geometry": {
        "type": "Polygon",
        "coordinates": [
          [
            [
              683997.5,
              7023318.5
            ],
            [
              683997.5,
              7023314.5
            ],
            [
              683993.5,
              7023314.5
            ],
            [
              683993.5,
              7023318.5
            ],
            [
              683997.5,
              7023318.5
            ]
          ]
        ]
      },
      "properties": {
        "tile": "l0/8/6",
        "cellMetres": 4,
        "role": "eligible-measured-woodland",
        "mode": "before"
      }
    },
    {
      "type": "Feature",
      "geometry": {
        "type": "Polygon",
        "coordinates": [
          [
            [
              683913.5,
              7023318.5
            ],
            [
              683913.5,
              7023310.5
            ],
            [
              683909.5,
              7023310.5
            ],
            [
              683909.5,
              7023318.5
            ],
            [
              683913.5,
              7023318.5
            ]
          ]
        ]
      },
      "properties": {
        "tile": "l0/8/6",
        "cellMetres": 4,
        "role": "eligible-measured-woodland",
        "mode": "before"
      }
    },
    {
      "type": "Feature",
      "geometry": {
        "type": "Polygon",
        "coordinates": [
          [
            [
              683929.5,
              7023314.5
            ],
            [
              683929.5,
              7023310.5
            ],
            [
              683925.5,
              7023310.5
            ],
            [
              683925.5,
              7023314.5
            ],
            [
              683929.5,
              7023314.5
            ]
          ]
        ]
      },
      "properties": {
        "tile": "l0/8/6",
        "cellMetres": 4,
        "role": "eligible-measured-woodland",
        "mode": "before"
      }
    },
    {
      "type": "Feature",
      "geometry": {
        "type": "Polygon",
        "coordinates": [
          [
            [
              683989.5,
              7023310.5
            ],
            [
              683989.5,
              7023306.5
            ],
            [
              683985.5,
              7023306.5
            ],
            [
              683985.5,
              7023310.5
            ],
            [
              683989.5,
              7023310.5
            ]
          ]
        ]
      },
      "properties": {
        "tile": "l0/8/6",
        "cellMetres": 4,
        "role": "eligible-measured-woodland",
        "mode": "before"
      }
    },
    {
      "type": "Feature",
      "geometry": {
        "type": "Polygon",
        "coordinates": [
          [
            [
              683949.5,
              7023346.5
            ],
            [
              683949.5,
              7023342.5
            ],
            [
              683953.5,
              7023342.5
            ],
            [
              683953.5,
              7023338.5
            ],
            [
              683957.5,
              7023338.5
            ],
            [
              683957.5,
              7023334.5
            ],
            [
              683961.5,
              7023334.5
            ],
            [
              683961.5,
              7023330.5
            ],
            [
              683969.5,
              7023330.5
            ],
            [
              683969.5,
              7023322.5
            ],
            [
              683965.5,
              7023322.5
            ],
            [
              683965.5,
              7023318.5
            ],
            [
              683961.5,
              7023318.5
            ],
            [
              683961.5,
              7023322.5
            ],
            [
              683957.5,
              7023322.5
            ],
            [
              683957.5,
              7023318.5
            ],
            [
              683953.5,
              7023318.5
            ],
            [
              683953.5,
              7023322.5
            ],
            [
              683949.5,
              7023322.5
            ],
            [
              683949.5,
              7023314.5
            ],
            [
              683953.5,
              7023314.5
            ],
            [
              683953.5,
              7023306.5
            ],
            [
              683949.5,
              7023306.5
            ],
            [
              683949.5,
              7023302.5
            ],
            [
              683941.5,
              7023302.5
            ],
            [
              683941.5,
              7023310.5
            ],
            [
              683937.5,
              7023310.5
            ],
            [
              683937.5,
              7023314.5
            ],
            [
              683933.5,
              7023314.5
            ],
            [
              683933.5,
              7023330.5
            ],
            [
              683937.5,
              7023330.5
            ],
            [
              683937.5,
              7023334.5
            ],
            [
              683941.5,
              7023334.5
            ],
            [
              683941.5,
              7023342.5
            ],
            [
              683945.5,
              7023342.5
            ],
            [
              683945.5,
              7023346.5
            ],
            [
              683949.5,
              7023346.5
            ]
          ]
        ]
      },
      "properties": {
        "tile": "l0/8/6",
        "cellMetres": 4,
        "role": "eligible-measured-woodland",
        "mode": "before"
      }
    },
    {
      "type": "Feature",
      "geometry": {
        "type": "Polygon",
        "coordinates": [
          [
            [
              683977.5,
              7023306.5
            ],
            [
              683977.5,
              7023298.5
            ],
            [
              683969.5,
              7023298.5
            ],
            [
              683969.5,
              7023306.5
            ],
            [
              683977.5,
              7023306.5
            ]
          ]
        ]
      },
      "properties": {
        "tile": "l0/8/6",
        "cellMetres": 4,
        "role": "eligible-measured-woodland",
        "mode": "before"
      }
    },
    {
      "type": "Feature",
      "geometry": {
        "type": "Polygon",
        "coordinates": [
          [
            [
              683965.5,
              7023302.5
            ],
            [
              683965.5,
              7023294.5
            ],
            [
              683953.5,
              7023294.5
            ],
            [
              683953.5,
              7023298.5
            ],
            [
              683961.5,
              7023298.5
            ],
            [
              683961.5,
              7023302.5
            ],
            [
              683965.5,
              7023302.5
            ]
          ]
        ]
      },
      "properties": {
        "tile": "l0/8/6",
        "cellMetres": 4,
        "role": "eligible-measured-woodland",
        "mode": "before"
      }
    },
    {
      "type": "Feature",
      "geometry": {
        "type": "Polygon",
        "coordinates": [
          [
            [
              684009.5,
              7023290.5
            ],
            [
              684009.5,
              7023286.5
            ],
            [
              684001.5,
              7023286.5
            ],
            [
              684001.5,
              7023290.5
            ],
            [
              684009.5,
              7023290.5
            ]
          ]
        ]
      },
      "properties": {
        "tile": "l0/8/6",
        "cellMetres": 4,
        "role": "eligible-measured-woodland",
        "mode": "before"
      }
    },
    {
      "type": "Feature",
      "geometry": {
        "type": "Polygon",
        "coordinates": [
          [
            [
              683957.5,
              7023286.5
            ],
            [
              683957.5,
              7023282.5
            ],
            [
              683953.5,
              7023282.5
            ],
            [
              683953.5,
              7023286.5
            ],
            [
              683957.5,
              7023286.5
            ]
          ]
        ]
      },
      "properties": {
        "tile": "l0/8/6",
        "cellMetres": 4,
        "role": "eligible-measured-woodland",
        "mode": "before"
      }
    },
    {
      "type": "Feature",
      "geometry": {
        "type": "Polygon",
        "coordinates": [
          [
            [
              684037.5,
              7023286.5
            ],
            [
              684037.5,
              7023278.5
            ],
            [
              684033.5,
              7023278.5
            ],
            [
              684033.5,
              7023274.5
            ],
            [
              684029.5,
              7023274.5
            ],
            [
              684029.5,
              7023278.5
            ],
            [
              684025.5,
              7023278.5
            ],
            [
              684025.5,
              7023282.5
            ],
            [
              684029.5,
              7023282.5
            ],
            [
              684029.5,
              7023286.5
            ],
            [
              684037.5,
              7023286.5
            ]
          ]
        ]
      },
      "properties": {
        "tile": "l0/8/6",
        "cellMetres": 4,
        "role": "eligible-measured-woodland",
        "mode": "before"
      }
    },
    {
      "type": "Feature",
      "geometry": {
        "type": "Polygon",
        "coordinates": [
          [
            [
              684053.5,
              7023270.5
            ],
            [
              684053.5,
              7023262.5
            ],
            [
              684049.5,
              7023262.5
            ],
            [
              684049.5,
              7023270.5
            ],
            [
              684053.5,
              7023270.5
            ]
          ]
        ]
      },
      "properties": {
        "tile": "l0/8/6",
        "cellMetres": 4,
        "role": "eligible-measured-woodland",
        "mode": "before"
      }
    },
    {
      "type": "Feature",
      "geometry": {
        "type": "Polygon",
        "coordinates": [
          [
            [
              684109.5,
              7023266.5
            ],
            [
              684109.5,
              7023262.5
            ],
            [
              684105.5,
              7023262.5
            ],
            [
              684105.5,
              7023266.5
            ],
            [
              684109.5,
              7023266.5
            ]
          ]
        ]
      },
      "properties": {
        "tile": "l0/8/6",
        "cellMetres": 4,
        "role": "eligible-measured-woodland",
        "mode": "before"
      }
    },
    {
      "type": "Feature",
      "geometry": {
        "type": "Polygon",
        "coordinates": [
          [
            [
              683997.5,
              7023306.5
            ],
            [
              683997.5,
              7023294.5
            ],
            [
              683993.5,
              7023294.5
            ],
            [
              683993.5,
              7023290.5
            ],
            [
              683997.5,
              7023290.5
            ],
            [
              683997.5,
              7023278.5
            ],
            [
              684001.5,
              7023278.5
            ],
            [
              684001.5,
              7023274.5
            ],
            [
              684009.5,
              7023274.5
            ],
            [
              684009.5,
              7023278.5
            ],
            [
              684013.5,
              7023278.5
            ],
            [
              684013.5,
              7023274.5
            ],
            [
              684017.5,
              7023274.5
            ],
            [
              684017.5,
              7023270.5
            ],
            [
              684025.5,
              7023270.5
            ],
            [
              684025.5,
              7023266.5
            ],
            [
              684017.5,
              7023266.5
            ],
            [
              684017.5,
              7023262.5
            ],
            [
              684005.5,
              7023262.5
            ],
            [
              684005.5,
              7023258.5
            ],
            [
              683997.5,
              7023258.5
            ],
            [
              683997.5,
              7023262.5
            ],
            [
              683993.5,
              7023262.5
            ],
            [
              683993.5,
              7023258.5
            ],
            [
              683989.5,
              7023258.5
            ],
            [
              683989.5,
              7023266.5
            ],
            [
              683985.5,
              7023266.5
            ],
            [
              683985.5,
              7023270.5
            ],
            [
              683969.5,
              7023270.5
            ],
            [
              683969.5,
              7023282.5
            ],
            [
              683965.5,
              7023282.5
            ],
            [
              683965.5,
              7023286.5
            ],
            [
              683969.5,
              7023286.5
            ],
            [
              683969.5,
              7023290.5
            ],
            [
              683973.5,
              7023290.5
            ],
            [
              683973.5,
              7023294.5
            ],
            [
              683981.5,
              7023294.5
            ],
            [
              683981.5,
              7023298.5
            ],
            [
              683989.5,
              7023298.5
            ],
            [
              683989.5,
              7023306.5
            ],
            [
              683997.5,
              7023306.5
            ]
          ]
        ]
      },
      "properties": {
        "tile": "l0/8/6",
        "cellMetres": 4,
        "role": "eligible-measured-woodland",
        "mode": "before"
      }
    },
    {
      "type": "Feature",
      "geometry": {
        "type": "Polygon",
        "coordinates": [
          [
            [
              684045.5,
              7023266.5
            ],
            [
              684045.5,
              7023258.5
            ],
            [
              684025.5,
              7023258.5
            ],
            [
              684025.5,
              7023262.5
            ],
            [
              684033.5,
              7023262.5
            ],
            [
              684033.5,
              7023266.5
            ],
            [
              684045.5,
              7023266.5
            ]
          ]
        ]
      },
      "properties": {
        "tile": "l0/8/6",
        "cellMetres": 4,
        "role": "eligible-measured-woodland",
        "mode": "before"
      }
    },
    {
      "type": "Feature",
      "geometry": {
        "type": "Polygon",
        "coordinates": [
          [
            [
              684057.5,
              7023262.5
            ],
            [
              684057.5,
              7023258.5
            ],
            [
              684053.5,
              7023258.5
            ],
            [
              684053.5,
              7023262.5
            ],
            [
              684057.5,
              7023262.5
            ]
          ]
        ]
      },
      "properties": {
        "tile": "l0/8/6",
        "cellMetres": 4,
        "role": "eligible-measured-woodland",
        "mode": "before"
      }
    },
    {
      "type": "Feature",
      "geometry": {
        "type": "Polygon",
        "coordinates": [
          [
            [
              684113.5,
              7023262.5
            ],
            [
              684113.5,
              7023258.5
            ],
            [
              684109.5,
              7023258.5
            ],
            [
              684109.5,
              7023262.5
            ],
            [
              684113.5,
              7023262.5
            ]
          ]
        ]
      },
      "properties": {
        "tile": "l0/8/6",
        "cellMetres": 4,
        "role": "eligible-measured-woodland",
        "mode": "before"
      }
    },
    {
      "type": "Feature",
      "geometry": {
        "type": "Polygon",
        "coordinates": [
          [
            [
              684181.5,
              7023414.5
            ],
            [
              684181.5,
              7023402.5
            ],
            [
              684177.5,
              7023402.5
            ],
            [
              684177.5,
              7023398.5
            ],
            [
              684173.5,
              7023398.5
            ],
            [
              684173.5,
              7023406.5
            ],
            [
              684169.5,
              7023406.5
            ],
            [
              684169.5,
              7023414.5
            ],
            [
              684181.5,
              7023414.5
            ]
          ]
        ]
      },
      "properties": {
        "tile": "l0/9/6",
        "cellMetres": 4,
        "role": "eligible-measured-woodland",
        "mode": "before"
      }
    },
    {
      "type": "Feature",
      "geometry": {
        "type": "Polygon",
        "coordinates": [
          [
            [
              684217.5,
              7023394.5
            ],
            [
              684209.5,
              7023394.5
            ],
            [
              684209.5,
              7023398.5
            ],
            [
              684215.7880543476,
              7023398.5
            ],
            [
              684217.5,
              7023395.206342813
            ],
            [
              684217.5,
              7023394.5
            ]
          ]
        ]
      },
      "properties": {
        "tile": "l0/9/6",
        "cellMetres": 4,
        "role": "eligible-measured-woodland",
        "mode": "before"
      }
    },
    {
      "type": "Feature",
      "geometry": {
        "type": "Polygon",
        "coordinates": [
          [
            [
              684225.5,
              7023374.5
            ],
            [
              684225.5,
              7023378.5
            ],
            [
              684226.1834631906,
              7023378.5
            ],
            [
              684228.2625449591,
              7023374.5
            ],
            [
              684225.5,
              7023374.5
            ]
          ]
        ]
      },
      "properties": {
        "tile": "l0/9/6",
        "cellMetres": 4,
        "role": "eligible-measured-woodland",
        "mode": "before"
      }
    },
    {
      "type": "Feature",
      "geometry": {
        "type": "Polygon",
        "coordinates": [
          [
            [
              684229.5,
              7023366.5
            ],
            [
              684229.5,
              7023370.5
            ],
            [
              684230.3416267276,
              7023370.5
            ],
            [
              684232.4207084962,
              7023366.5
            ],
            [
              684229.5,
              7023366.5
            ]
          ]
        ]
      },
      "properties": {
        "tile": "l0/9/6",
        "cellMetres": 4,
        "role": "eligible-measured-woodland",
        "mode": "before"
      }
    },
    {
      "type": "Feature",
      "geometry": {
        "type": "Polygon",
        "coordinates": [
          [
            [
              684181.5,
              7023362.5
            ],
            [
              684181.5,
              7023358.5
            ],
            [
              684185.5,
              7023358.5
            ],
            [
              684185.5,
              7023354.5
            ],
            [
              684177.5,
              7023354.5
            ],
            [
              684177.5,
              7023362.5
            ],
            [
              684181.5,
              7023362.5
            ]
          ]
        ]
      },
      "properties": {
        "tile": "l0/9/6",
        "cellMetres": 4,
        "role": "eligible-measured-woodland",
        "mode": "before"
      }
    },
    {
      "type": "Feature",
      "geometry": {
        "type": "Polygon",
        "coordinates": [
          [
            [
              684233.5,
              7023354.5
            ],
            [
              684233.5,
              7023358.5
            ],
            [
              684236.5788720334,
              7023358.5
            ],
            [
              684238.6579538019,
              7023354.5
            ],
            [
              684233.5,
              7023354.5
            ]
          ]
        ]
      },
      "properties": {
        "tile": "l0/9/6",
        "cellMetres": 4,
        "role": "eligible-measured-woodland",
        "mode": "before"
      }
    },
    {
      "type": "Feature",
      "geometry": {
        "type": "Polygon",
        "coordinates": [
          [
            [
              684197.5,
              7023346.5
            ],
            [
              684197.5,
              7023342.5
            ],
            [
              684193.5,
              7023342.5
            ],
            [
              684193.5,
              7023346.5
            ],
            [
              684197.5,
              7023346.5
            ]
          ]
        ]
      },
      "properties": {
        "tile": "l0/9/6",
        "cellMetres": 4,
        "role": "eligible-measured-woodland",
        "mode": "before"
      }
    },
    {
      "type": "Feature",
      "geometry": {
        "type": "Polygon",
        "coordinates": [
          [
            [
              684241.5,
              7023342.5
            ],
            [
              684241.5,
              7023346.5
            ],
            [
              684242.8161173391,
              7023346.5
            ],
            [
              684244.8951991076,
              7023342.5
            ],
            [
              684241.5,
              7023342.5
            ]
          ]
        ]
      },
      "properties": {
        "tile": "l0/9/6",
        "cellMetres": 4,
        "role": "eligible-measured-woodland",
        "mode": "before"
      }
    },
    {
      "type": "Feature",
      "geometry": {
        "type": "Polygon",
        "coordinates": [
          [
            [
              684249.5,
              7023330.5
            ],
            [
              684245.5,
              7023330.5
            ],
            [
              684245.5,
              7023338.5
            ],
            [
              684246.9742808762,
              7023338.5
            ],
            [
              684249.5,
              7023333.640702666
            ],
            [
              684249.5,
              7023330.5
            ]
          ]
        ]
      },
      "properties": {
        "tile": "l0/9/6",
        "cellMetres": 4,
        "role": "eligible-measured-woodland",
        "mode": "before"
      }
    },
    {
      "type": "Feature",
      "geometry": {
        "type": "Polygon",
        "coordinates": [
          [
            [
              684249.5,
              7023326.5
            ],
            [
              684249.5,
              7023330.5
            ],
            [
              684251.1324444133,
              7023330.5
            ],
            [
              684253.2115261819,
              7023326.5
            ],
            [
              684249.5,
              7023326.5
            ]
          ]
        ]
      },
      "properties": {
        "tile": "l0/9/6",
        "cellMetres": 4,
        "role": "eligible-measured-woodland",
        "mode": "before"
      }
    },
    {
      "type": "Feature",
      "geometry": {
        "type": "Polygon",
        "coordinates": [
          [
            [
              684213.5,
              7023322.5
            ],
            [
              684213.5,
              7023314.5
            ],
            [
              684209.5,
              7023314.5
            ],
            [
              684209.5,
              7023318.5
            ],
            [
              684205.5,
              7023318.5
            ],
            [
              684205.5,
              7023322.5
            ],
            [
              684213.5,
              7023322.5
            ]
          ]
        ]
      },
      "properties": {
        "tile": "l0/9/6",
        "cellMetres": 4,
        "role": "eligible-measured-woodland",
        "mode": "before"
      }
    },
    {
      "type": "Feature",
      "geometry": {
        "type": "Polygon",
        "coordinates": [
          [
            [
              684257.5,
              7023310.5
            ],
            [
              684257.5,
              7023314.5
            ],
            [
              684259.4487714876,
              7023314.5
            ],
            [
              684261.5278532561,
              7023310.5
            ],
            [
              684257.5,
              7023310.5
            ]
          ]
        ]
      },
      "properties": {
        "tile": "l0/9/6",
        "cellMetres": 4,
        "role": "eligible-measured-woodland",
        "mode": "before"
      }
    },
    {
      "type": "Feature",
      "geometry": {
        "type": "Polygon",
        "coordinates": [
          [
            [
              684269.5,
              7023294.5
            ],
            [
              684265.5,
              7023294.5
            ],
            [
              684265.5,
              7023298.5
            ],
            [
              684261.5,
              7023298.5
            ],
            [
              684261.5,
              7023306.5
            ],
            [
              684263.6069350247,
              7023306.5
            ],
            [
              684269.5,
              7023295.162177574
            ],
            [
              684269.5,
              7023294.5
            ]
          ]
        ]
      },
      "properties": {
        "tile": "l0/9/6",
        "cellMetres": 4,
        "role": "eligible-measured-woodland",
        "mode": "before"
      }
    },
    {
      "type": "Feature",
      "geometry": {
        "type": "Polygon",
        "coordinates": [
          [
            [
              684265.5,
              7023294.5
            ],
            [
              684265.5,
              7023290.5
            ],
            [
              684261.5,
              7023290.5
            ],
            [
              684261.5,
              7023294.5
            ],
            [
              684265.5,
              7023294.5
            ]
          ]
        ]
      },
      "properties": {
        "tile": "l0/9/6",
        "cellMetres": 4,
        "role": "eligible-measured-woodland",
        "mode": "before"
      }
    },
    {
      "type": "Feature",
      "geometry": {
        "type": "Polygon",
        "coordinates": [
          [
            [
              684273.5,
              7023286.5
            ],
            [
              684273.5,
              7023278.5
            ],
            [
              684269.5,
              7023278.5
            ],
            [
              684269.5,
              7023286.5
            ],
            [
              684273.5,
              7023286.5
            ]
          ]
        ]
      },
      "properties": {
        "tile": "l0/9/6",
        "cellMetres": 4,
        "role": "eligible-measured-woodland",
        "mode": "before"
      }
    },
    {
      "type": "Feature",
      "geometry": {
        "type": "Polygon",
        "coordinates": [
          [
            [
              684233.5,
              7023282.5
            ],
            [
              684233.5,
              7023278.5
            ],
            [
              684229.5,
              7023278.5
            ],
            [
              684229.5,
              7023282.5
            ],
            [
              684233.5,
              7023282.5
            ]
          ]
        ]
      },
      "properties": {
        "tile": "l0/9/6",
        "cellMetres": 4,
        "role": "eligible-measured-woodland",
        "mode": "before"
      }
    },
    {
      "type": "Feature",
      "geometry": {
        "type": "MultiPolygon",
        "coordinates": [
          [
            [
              [
                684273.5,
                7023286.5
              ],
              [
                684273.5,
                7023287.466472556
              ],
              [
                684274.0023438676,
                7023286.5
              ],
              [
                684273.5,
                7023286.5
              ]
            ]
          ],
          [
            [
              [
                684277.5,
                7023278.5
              ],
              [
                684277.5,
                7023279.770767537
              ],
              [
                684278.1605074047,
                7023278.5
              ],
              [
                684277.5,
                7023278.5
              ]
            ]
          ],
          [
            [
              [
                684281.5,
                7023270.5
              ],
              [
                684281.5,
                7023272.075062519
              ],
              [
                684282.3186709419,
                7023270.5
              ],
              [
                684281.5,
                7023270.5
              ]
            ]
          ]
        ]
      },
      "properties": {
        "tile": "l0/9/6",
        "cellMetres": 4,
        "role": "eligible-measured-woodland",
        "mode": "before"
      }
    },
    {
      "type": "Feature",
      "geometry": {
        "type": "Polygon",
        "coordinates": [
          [
            [
              684229.5,
              7023338.5
            ],
            [
              684229.5,
              7023330.5
            ],
            [
              684233.5,
              7023330.5
            ],
            [
              684233.5,
              7023322.5
            ],
            [
              684237.5,
              7023322.5
            ],
            [
              684237.5,
              7023314.5
            ],
            [
              684241.5,
              7023314.5
            ],
            [
              684241.5,
              7023310.5
            ],
            [
              684245.5,
              7023310.5
            ],
            [
              684245.5,
              7023302.5
            ],
            [
              684249.5,
              7023302.5
            ],
            [
              684249.5,
              7023290.5
            ],
            [
              684253.5,
              7023290.5
            ],
            [
              684253.5,
              7023278.5
            ],
            [
              684257.5,
              7023278.5
            ],
            [
              684257.5,
              7023266.5
            ],
            [
              684253.5,
              7023266.5
            ],
            [
              684253.5,
              7023270.5
            ],
            [
              684249.5,
              7023270.5
            ],
            [
              684249.5,
              7023274.5
            ],
            [
              684241.5,
              7023274.5
            ],
            [
              684241.5,
              7023278.5
            ],
            [
              684237.5,
              7023278.5
            ],
            [
              684237.5,
              7023286.5
            ],
            [
              684233.5,
              7023286.5
            ],
            [
              684233.5,
              7023290.5
            ],
            [
              684229.5,
              7023290.5
            ],
            [
              684229.5,
              7023298.5
            ],
            [
              684225.5,
              7023298.5
            ],
            [
              684225.5,
              7023302.5
            ],
            [
              684221.5,
              7023302.5
            ],
            [
              684221.5,
              7023322.5
            ],
            [
              684217.5,
              7023322.5
            ],
            [
              684217.5,
              7023330.5
            ],
            [
              684213.5,
              7023330.5
            ],
            [
              684213.5,
              7023338.5
            ],
            [
              684201.5,
              7023338.5
            ],
            [
              684201.5,
              7023350.5
            ],
            [
              684197.5,
              7023350.5
            ],
            [
              684197.5,
              7023358.5
            ],
            [
              684193.5,
              7023358.5
            ],
            [
              684193.5,
              7023362.5
            ],
            [
              684189.5,
              7023362.5
            ],
            [
              684189.5,
              7023374.5
            ],
            [
              684185.5,
              7023374.5
            ],
            [
              684185.5,
              7023378.5
            ],
            [
              684181.5,
              7023378.5
            ],
            [
              684181.5,
              7023382.5
            ],
            [
              684185.5,
              7023382.5
            ],
            [
              684185.5,
              7023386.5
            ],
            [
              684193.5,
              7023386.5
            ],
            [
              684193.5,
              7023390.5
            ],
            [
              684197.5,
              7023390.5
            ],
            [
              684197.5,
              7023386.5
            ],
            [
              684201.5,
              7023386.5
            ],
            [
              684201.5,
              7023382.5
            ],
            [
              684205.5,
              7023382.5
            ],
            [
              684205.5,
              7023374.5
            ],
            [
              684209.5,
              7023374.5
            ],
            [
              684209.5,
              7023366.5
            ],
            [
              684213.5,
              7023366.5
            ],
            [
              684213.5,
              7023358.5
            ],
            [
              684217.5,
              7023358.5
            ],
            [
              684217.5,
              7023354.5
            ],
            [
              684221.5,
              7023354.5
            ],
            [
              684221.5,
              7023346.5
            ],
            [
              684225.5,
              7023346.5
            ],
            [
              684225.5,
              7023342.5
            ],
            [
              684221.5,
              7023342.5
            ],
            [
              684221.5,
              7023338.5
            ],
            [
              684229.5,
              7023338.5
            ]
          ],
          [
            [
              684217.5,
              7023338.5
            ],
            [
              684217.5,
              7023334.5
            ],
            [
              684221.5,
              7023334.5
            ],
            [
              684221.5,
              7023338.5
            ],
            [
              684217.5,
              7023338.5
            ]
          ]
        ]
      },
      "properties": {
        "tile": "l0/9/6",
        "cellMetres": 4,
        "role": "eligible-measured-woodland",
        "mode": "before"
      }
    },
    {
      "type": "Feature",
      "geometry": {
        "type": "Polygon",
        "coordinates": [
          [
            [
              684245.5,
              7023270.5
            ],
            [
              684245.5,
              7023266.5
            ],
            [
              684241.5,
              7023266.5
            ],
            [
              684241.5,
              7023270.5
            ],
            [
              684245.5,
              7023270.5
            ]
          ]
        ]
      },
      "properties": {
        "tile": "l0/9/6",
        "cellMetres": 4,
        "role": "eligible-measured-woodland",
        "mode": "before"
      }
    },
    {
      "type": "Feature",
      "geometry": {
        "type": "Polygon",
        "coordinates": [
          [
            [
              684273.5,
              7023270.5
            ],
            [
              684273.5,
              7023266.5
            ],
            [
              684269.5,
              7023266.5
            ],
            [
              684269.5,
              7023270.5
            ],
            [
              684273.5,
              7023270.5
            ]
          ]
        ]
      },
      "properties": {
        "tile": "l0/9/6",
        "cellMetres": 4,
        "role": "eligible-measured-woodland",
        "mode": "before"
      }
    },
    {
      "type": "Feature",
      "geometry": {
        "type": "Polygon",
        "coordinates": [
          [
            [
              684201.5,
              7023418.5
            ],
            [
              684189.5,
              7023418.5
            ],
            [
              684189.5,
              7023425.458742093
            ],
            [
              684189.5698589474,
              7023425.447120577
            ],
            [
              684192.3947274178,
              7023424.688425453
            ],
            [
              684195.1322848472,
              7023423.658241253
            ],
            [
              684197.75650771,
              7023422.366361023
            ],
            [
              684200.2424498515,
              7023420.825065518
            ],
            [
              684201.5,
              7023419.864026487
            ],
            [
              684201.5,
              7023418.5
            ]
          ]
        ]
      },
      "properties": {
        "tile": "l0/9/6",
        "cellMetres": 4,
        "role": "eligible-measured-woodland",
        "mode": "before"
      }
    },
    {
      "type": "Feature",
      "geometry": {
        "type": "Polygon",
        "coordinates": [
          [
            [
              684277.5,
              7023258.5
            ],
            [
              684277.5,
              7023262.5
            ],
            [
              684273.5,
              7023262.5
            ],
            [
              684273.5,
              7023266.5
            ],
            [
              684277.5,
              7023266.5
            ],
            [
              684277.5,
              7023270.5
            ],
            [
              684281.5,
              7023270.5
            ],
            [
              684281.5,
              7023262.5
            ],
            [
              684286.4768344789,
              7023262.5
            ],
            [
              684288.5559162475,
              7023258.5
            ],
            [
              684277.5,
              7023258.5
            ]
          ]
        ]
      },
      "properties": {
        "tile": "l0/9/6",
        "cellMetres": 4,
        "role": "eligible-measured-woodland",
        "mode": "before"
      }
    },
    {
      "type": "Feature",
      "geometry": {
        "type": "Polygon",
        "coordinates": [
          [
            [
              684261.5,
              7023262.5
            ],
            [
              684261.5,
              7023258.5
            ],
            [
              684253.5,
              7023258.5
            ],
            [
              684253.5,
              7023262.5
            ],
            [
              684261.5,
              7023262.5
            ]
          ]
        ]
      },
      "properties": {
        "tile": "l0/9/6",
        "cellMetres": 4,
        "role": "eligible-measured-woodland",
        "mode": "before"
      }
    },
    {
      "type": "Feature",
      "geometry": {
        "type": "Polygon",
        "coordinates": [
          [
            [
              683577.5,
              7023258.5
            ],
            [
              683577.5,
              7023254.5
            ],
            [
              683573.5,
              7023254.5
            ],
            [
              683573.5,
              7023246.5
            ],
            [
              683565.5,
              7023246.5
            ],
            [
              683565.5,
              7023258.5
            ],
            [
              683577.5,
              7023258.5
            ]
          ]
        ]
      },
      "properties": {
        "tile": "l0/6/7",
        "cellMetres": 4,
        "role": "eligible-measured-woodland",
        "mode": "before"
      }
    },
    {
      "type": "Feature",
      "geometry": {
        "type": "Polygon",
        "coordinates": [
          [
            [
              683597.5,
              7023238.5
            ],
            [
              683597.5,
              7023234.5
            ],
            [
              683593.5,
              7023234.5
            ],
            [
              683593.5,
              7023238.5
            ],
            [
              683597.5,
              7023238.5
            ]
          ]
        ]
      },
      "properties": {
        "tile": "l0/6/7",
        "cellMetres": 4,
        "role": "eligible-measured-woodland",
        "mode": "before"
      }
    },
    {
      "type": "Feature",
      "geometry": {
        "type": "Polygon",
        "coordinates": [
          [
            [
              683645.5,
              7023250.5
            ],
            [
              683645.5,
              7023242.5
            ],
            [
              683653.5,
              7023242.5
            ],
            [
              683653.5,
              7023218.5
            ],
            [
              683641.5,
              7023218.5
            ],
            [
              683641.5,
              7023222.5
            ],
            [
              683633.5,
              7023222.5
            ],
            [
              683633.5,
              7023226.5
            ],
            [
              683617.5,
              7023226.5
            ],
            [
              683617.5,
              7023230.5
            ],
            [
              683613.5,
              7023230.5
            ],
            [
              683613.5,
              7023234.5
            ],
            [
              683601.5,
              7023234.5
            ],
            [
              683601.5,
              7023246.5
            ],
            [
              683609.5,
              7023246.5
            ],
            [
              683609.5,
              7023250.5
            ],
            [
              683605.5,
              7023250.5
            ],
            [
              683605.5,
              7023258.5
            ],
            [
              683637.5,
              7023258.5
            ],
            [
              683637.5,
              7023254.5
            ],
            [
              683633.5,
              7023254.5
            ],
            [
              683633.5,
              7023250.5
            ],
            [
              683645.5,
              7023250.5
            ]
          ],
          [
            [
              683629.5,
              7023250.5
            ],
            [
              683629.5,
              7023238.5
            ],
            [
              683637.5,
              7023238.5
            ],
            [
              683637.5,
              7023242.5
            ],
            [
              683633.5,
              7023242.5
            ],
            [
              683633.5,
              7023250.5
            ],
            [
              683629.5,
              7023250.5
            ]
          ],
          [
            [
              683637.5,
              7023234.5
            ],
            [
              683641.5,
              7023234.5
            ],
            [
              683641.5,
              7023238.5
            ],
            [
              683637.5,
              7023238.5
            ],
            [
              683637.5,
              7023234.5
            ]
          ],
          [
            [
              683617.5,
              7023234.5
            ],
            [
              683625.5,
              7023234.5
            ],
            [
              683625.5,
              7023238.5
            ],
            [
              683617.5,
              7023238.5
            ],
            [
              683617.5,
              7023234.5
            ]
          ]
        ]
      },
      "properties": {
        "tile": "l0/6/7",
        "cellMetres": 4,
        "role": "eligible-measured-woodland",
        "mode": "before"
      }
    },
    {
      "type": "Feature",
      "geometry": {
        "type": "Polygon",
        "coordinates": [
          [
            [
              683653.5,
              7023022.5
            ],
            [
              683653.5,
              7023014.5
            ],
            [
              683649.5,
              7023014.5
            ],
            [
              683649.5,
              7023018.5
            ],
            [
              683645.5,
              7023018.5
            ],
            [
              683645.5,
              7023022.5
            ],
            [
              683653.5,
              7023022.5
            ]
          ]
        ]
      },
      "properties": {
        "tile": "l0/6/7",
        "cellMetres": 4,
        "role": "eligible-measured-woodland",
        "mode": "before"
      }
    },
    {
      "type": "Feature",
      "geometry": {
        "type": "Polygon",
        "coordinates": [
          [
            [
              683881.5,
              7023258.5
            ],
            [
              683881.5,
              7023254.5
            ],
            [
              683889.5,
              7023254.5
            ],
            [
              683889.5,
              7023258.5
            ],
            [
              683897.5,
              7023258.5
            ],
            [
              683897.5,
              7023246.5
            ],
            [
              683885.5,
              7023246.5
            ],
            [
              683885.5,
              7023250.5
            ],
            [
              683877.5,
              7023250.5
            ],
            [
              683877.5,
              7023254.5
            ],
            [
              683873.5,
              7023254.5
            ],
            [
              683873.5,
              7023258.5
            ],
            [
              683881.5,
              7023258.5
            ]
          ]
        ]
      },
      "properties": {
        "tile": "l0/7/7",
        "cellMetres": 4,
        "role": "eligible-measured-woodland",
        "mode": "before"
      }
    },
    {
      "type": "Feature",
      "geometry": {
        "type": "Polygon",
        "coordinates": [
          [
            [
              683909.5,
              7023246.5
            ],
            [
              683909.5,
              7023238.5
            ],
            [
              683897.5,
              7023238.5
            ],
            [
              683897.5,
              7023242.5
            ],
            [
              683901.5,
              7023242.5
            ],
            [
              683901.5,
              7023246.5
            ],
            [
              683909.5,
              7023246.5
            ]
          ]
        ]
      },
      "properties": {
        "tile": "l0/7/7",
        "cellMetres": 4,
        "role": "eligible-measured-woodland",
        "mode": "before"
      }
    },
    {
      "type": "Feature",
      "geometry": {
        "type": "Polygon",
        "coordinates": [
          [
            [
              683893.5,
              7023242.5
            ],
            [
              683893.5,
              7023234.5
            ],
            [
              683885.5,
              7023234.5
            ],
            [
              683885.5,
              7023238.5
            ],
            [
              683889.5,
              7023238.5
            ],
            [
              683889.5,
              7023242.5
            ],
            [
              683893.5,
              7023242.5
            ]
          ]
        ]
      },
      "properties": {
        "tile": "l0/7/7",
        "cellMetres": 4,
        "role": "eligible-measured-woodland",
        "mode": "before"
      }
    },
    {
      "type": "Feature",
      "geometry": {
        "type": "Polygon",
        "coordinates": [
          [
            [
              683685.5,
              7023230.5
            ],
            [
              683685.5,
              7023226.5
            ],
            [
              683681.5,
              7023226.5
            ],
            [
              683681.5,
              7023222.5
            ],
            [
              683669.5,
              7023222.5
            ],
            [
              683669.5,
              7023226.5
            ],
            [
              683673.5,
              7023226.5
            ],
            [
              683673.5,
              7023230.5
            ],
            [
              683685.5,
              7023230.5
            ]
          ]
        ]
      },
      "properties": {
        "tile": "l0/7/7",
        "cellMetres": 4,
        "role": "eligible-measured-woodland",
        "mode": "before"
      }
    },
    {
      "type": "Feature",
      "geometry": {
        "type": "Polygon",
        "coordinates": [
          [
            [
              683669.5,
              7023242.5
            ],
            [
              683669.5,
              7023238.5
            ],
            [
              683673.5,
              7023238.5
            ],
            [
              683673.5,
              7023234.5
            ],
            [
              683665.5,
              7023234.5
            ],
            [
              683665.5,
              7023230.5
            ],
            [
              683657.5,
              7023230.5
            ],
            [
              683657.5,
              7023218.5
            ],
            [
              683653.5,
              7023218.5
            ],
            [
              683653.5,
              7023234.5
            ],
            [
              683661.5,
              7023234.5
            ],
            [
              683661.5,
              7023238.5
            ],
            [
              683665.5,
              7023238.5
            ],
            [
              683665.5,
              7023242.5
            ],
            [
              683669.5,
              7023242.5
            ]
          ]
        ]
      },
      "properties": {
        "tile": "l0/7/7",
        "cellMetres": 4,
        "role": "eligible-measured-woodland",
        "mode": "before"
      }
    },
    {
      "type": "Feature",
      "geometry": {
        "type": "Polygon",
        "coordinates": [
          [
            [
              683693.5,
              7023218.5
            ],
            [
              683693.5,
              7023210.5
            ],
            [
              683689.5,
              7023210.5
            ],
            [
              683689.5,
              7023218.5
            ],
            [
              683693.5,
              7023218.5
            ]
          ]
        ]
      },
      "properties": {
        "tile": "l0/7/7",
        "cellMetres": 4,
        "role": "eligible-measured-woodland",
        "mode": "before"
      }
    },
    {
      "type": "Feature",
      "geometry": {
        "type": "Polygon",
        "coordinates": [
          [
            [
              683813.5,
              7023218.5
            ],
            [
              683813.5,
              7023210.5
            ],
            [
              683805.5,
              7023210.5
            ],
            [
              683805.5,
              7023218.5
            ],
            [
              683813.5,
              7023218.5
            ]
          ]
        ]
      },
      "properties": {
        "tile": "l0/7/7",
        "cellMetres": 4,
        "role": "eligible-measured-woodland",
        "mode": "before"
      }
    },
    {
      "type": "Feature",
      "geometry": {
        "type": "Polygon",
        "coordinates": [
          [
            [
              683677.5,
              7023218.5
            ],
            [
              683677.5,
              7023214.5
            ],
            [
              683681.5,
              7023214.5
            ],
            [
              683681.5,
              7023210.5
            ],
            [
              683685.5,
              7023210.5
            ],
            [
              683685.5,
              7023198.5
            ],
            [
              683689.5,
              7023198.5
            ],
            [
              683689.5,
              7023190.5
            ],
            [
              683685.5,
              7023190.5
            ],
            [
              683685.5,
              7023194.5
            ],
            [
              683681.5,
              7023194.5
            ],
            [
              683681.5,
              7023198.5
            ],
            [
              683669.5,
              7023198.5
            ],
            [
              683669.5,
              7023210.5
            ],
            [
              683661.5,
              7023210.5
            ],
            [
              683661.5,
              7023214.5
            ],
            [
              683673.5,
              7023214.5
            ],
            [
              683673.5,
              7023218.5
            ],
            [
              683677.5,
              7023218.5
            ]
          ],
          [
            [
              683673.5,
              7023206.5
            ],
            [
              683677.5,
              7023206.5
            ],
            [
              683677.5,
              7023210.5
            ],
            [
              683673.5,
              7023210.5
            ],
            [
              683673.5,
              7023206.5
            ]
          ]
        ]
      },
      "properties": {
        "tile": "l0/7/7",
        "cellMetres": 4,
        "role": "eligible-measured-woodland",
        "mode": "before"
      }
    },
    {
      "type": "Feature",
      "geometry": {
        "type": "Polygon",
        "coordinates": [
          [
            [
              683833.5,
              7023198.5
            ],
            [
              683833.5,
              7023190.5
            ],
            [
              683829.5,
              7023190.5
            ],
            [
              683829.5,
              7023194.5
            ],
            [
              683825.5,
              7023194.5
            ],
            [
              683825.5,
              7023198.5
            ],
            [
              683833.5,
              7023198.5
            ]
          ]
        ]
      },
      "properties": {
        "tile": "l0/7/7",
        "cellMetres": 4,
        "role": "eligible-measured-woodland",
        "mode": "before"
      }
    },
    {
      "type": "Feature",
      "geometry": {
        "type": "Polygon",
        "coordinates": [
          [
            [
              683701.5,
              7023210.5
            ],
            [
              683701.5,
              7023206.5
            ],
            [
              683705.5,
              7023206.5
            ],
            [
              683705.5,
              7023210.5
            ],
            [
              683709.5,
              7023210.5
            ],
            [
              683709.5,
              7023202.5
            ],
            [
              683713.5,
              7023202.5
            ],
            [
              683713.5,
              7023198.5
            ],
            [
              683721.5,
              7023198.5
            ],
            [
              683721.5,
              7023190.5
            ],
            [
              683713.5,
              7023190.5
            ],
            [
              683713.5,
              7023186.5
            ],
            [
              683717.5,
              7023186.5
            ],
            [
              683717.5,
              7023182.5
            ],
            [
              683713.5,
              7023182.5
            ],
            [
              683713.5,
              7023178.5
            ],
            [
              683709.5,
              7023178.5
            ],
            [
              683709.5,
              7023190.5
            ],
            [
              683705.5,
              7023190.5
            ],
            [
              683705.5,
              7023194.5
            ],
            [
              683697.5,
              7023194.5
            ],
            [
              683697.5,
              7023210.5
            ],
            [
              683701.5,
              7023210.5
            ]
          ]
        ]
      },
      "properties": {
        "tile": "l0/7/7",
        "cellMetres": 4,
        "role": "eligible-measured-woodland",
        "mode": "before"
      }
    },
    {
      "type": "Feature",
      "geometry": {
        "type": "Polygon",
        "coordinates": [
          [
            [
              683701.5,
              7023190.5
            ],
            [
              683701.5,
              7023174.5
            ],
            [
              683697.5,
              7023174.5
            ],
            [
              683697.5,
              7023178.5
            ],
            [
              683693.5,
              7023178.5
            ],
            [
              683693.5,
              7023190.5
            ],
            [
              683701.5,
              7023190.5
            ]
          ]
        ]
      },
      "properties": {
        "tile": "l0/7/7",
        "cellMetres": 4,
        "role": "eligible-measured-woodland",
        "mode": "before"
      }
    },
    {
      "type": "Feature",
      "geometry": {
        "type": "Polygon",
        "coordinates": [
          [
            [
              683745.5,
              7023178.5
            ],
            [
              683745.5,
              7023174.5
            ],
            [
              683737.5,
              7023174.5
            ],
            [
              683737.5,
              7023178.5
            ],
            [
              683745.5,
              7023178.5
            ]
          ]
        ]
      },
      "properties": {
        "tile": "l0/7/7",
        "cellMetres": 4,
        "role": "eligible-measured-woodland",
        "mode": "before"
      }
    },
    {
      "type": "Feature",
      "geometry": {
        "type": "Polygon",
        "coordinates": [
          [
            [
              683729.5,
              7023182.5
            ],
            [
              683729.5,
              7023170.5
            ],
            [
              683725.5,
              7023170.5
            ],
            [
              683725.5,
              7023174.5
            ],
            [
              683721.5,
              7023174.5
            ],
            [
              683721.5,
              7023182.5
            ],
            [
              683729.5,
              7023182.5
            ]
          ]
        ]
      },
      "properties": {
        "tile": "l0/7/7",
        "cellMetres": 4,
        "role": "eligible-measured-woodland",
        "mode": "before"
      }
    },
    {
      "type": "Feature",
      "geometry": {
        "type": "Polygon",
        "coordinates": [
          [
            [
              683709.5,
              7023178.5
            ],
            [
              683709.5,
              7023170.5
            ],
            [
              683705.5,
              7023170.5
            ],
            [
              683705.5,
              7023178.5
            ],
            [
              683709.5,
              7023178.5
            ]
          ]
        ]
      },
      "properties": {
        "tile": "l0/7/7",
        "cellMetres": 4,
        "role": "eligible-measured-woodland",
        "mode": "before"
      }
    },
    {
      "type": "Feature",
      "geometry": {
        "type": "Polygon",
        "coordinates": [
          [
            [
              683733.5,
              7023170.5
            ],
            [
              683733.5,
              7023166.5
            ],
            [
              683729.5,
              7023166.5
            ],
            [
              683729.5,
              7023170.5
            ],
            [
              683733.5,
              7023170.5
            ]
          ]
        ]
      },
      "properties": {
        "tile": "l0/7/7",
        "cellMetres": 4,
        "role": "eligible-measured-woodland",
        "mode": "before"
      }
    },
    {
      "type": "Feature",
      "geometry": {
        "type": "Polygon",
        "coordinates": [
          [
            [
              683753.5,
              7023166.5
            ],
            [
              683753.5,
              7023162.5
            ],
            [
              683745.5,
              7023162.5
            ],
            [
              683745.5,
              7023166.5
            ],
            [
              683753.5,
              7023166.5
            ]
          ]
        ]
      },
      "properties": {
        "tile": "l0/7/7",
        "cellMetres": 4,
        "role": "eligible-measured-woodland",
        "mode": "before"
      }
    },
    {
      "type": "Feature",
      "geometry": {
        "type": "Polygon",
        "coordinates": [
          [
            [
              683873.5,
              7023162.5
            ],
            [
              683873.5,
              7023154.5
            ],
            [
              683869.5,
              7023154.5
            ],
            [
              683869.5,
              7023162.5
            ],
            [
              683873.5,
              7023162.5
            ]
          ]
        ]
      },
      "properties": {
        "tile": "l0/7/7",
        "cellMetres": 4,
        "role": "eligible-measured-woodland",
        "mode": "before"
      }
    },
    {
      "type": "Feature",
      "geometry": {
        "type": "Polygon",
        "coordinates": [
          [
            [
              683725.5,
              7023162.5
            ],
            [
              683725.5,
              7023158.5
            ],
            [
              683729.5,
              7023158.5
            ],
            [
              683729.5,
              7023150.5
            ],
            [
              683725.5,
              7023150.5
            ],
            [
              683725.5,
              7023154.5
            ],
            [
              683721.5,
              7023154.5
            ],
            [
              683721.5,
              7023162.5
            ],
            [
              683725.5,
              7023162.5
            ]
          ]
        ]
      },
      "properties": {
        "tile": "l0/7/7",
        "cellMetres": 4,
        "role": "eligible-measured-woodland",
        "mode": "before"
      }
    },
    {
      "type": "Feature",
      "geometry": {
        "type": "Polygon",
        "coordinates": [
          [
            [
              683753.5,
              7023158.5
            ],
            [
              683753.5,
              7023150.5
            ],
            [
              683745.5,
              7023150.5
            ],
            [
              683745.5,
              7023158.5
            ],
            [
              683753.5,
              7023158.5
            ]
          ]
        ]
      },
      "properties": {
        "tile": "l0/7/7",
        "cellMetres": 4,
        "role": "eligible-measured-woodland",
        "mode": "before"
      }
    },
    {
      "type": "Feature",
      "geometry": {
        "type": "Polygon",
        "coordinates": [
          [
            [
              683753.5,
              7023146.5
            ],
            [
              683753.5,
              7023142.5
            ],
            [
              683761.5,
              7023142.5
            ],
            [
              683761.5,
              7023138.5
            ],
            [
              683745.5,
              7023138.5
            ],
            [
              683745.5,
              7023142.5
            ],
            [
              683749.5,
              7023142.5
            ],
            [
              683749.5,
              7023146.5
            ],
            [
              683753.5,
              7023146.5
            ]
          ]
        ]
      },
      "properties": {
        "tile": "l0/7/7",
        "cellMetres": 4,
        "role": "eligible-measured-woodland",
        "mode": "before"
      }
    },
    {
      "type": "Feature",
      "geometry": {
        "type": "Polygon",
        "coordinates": [
          [
            [
              683757.5,
              7023134.5
            ],
            [
              683757.5,
              7023130.5
            ],
            [
              683753.5,
              7023130.5
            ],
            [
              683753.5,
              7023122.5
            ],
            [
              683745.5,
              7023122.5
            ],
            [
              683745.5,
              7023126.5
            ],
            [
              683749.5,
              7023126.5
            ],
            [
              683749.5,
              7023134.5
            ],
            [
              683757.5,
              7023134.5
            ]
          ]
        ]
      },
      "properties": {
        "tile": "l0/7/7",
        "cellMetres": 4,
        "role": "eligible-measured-woodland",
        "mode": "before"
      }
    },
    {
      "type": "Feature",
      "geometry": {
        "type": "Polygon",
        "coordinates": [
          [
            [
              683865.5,
              7023170.5
            ],
            [
              683865.5,
              7023166.5
            ],
            [
              683869.5,
              7023166.5
            ],
            [
              683869.5,
              7023162.5
            ],
            [
              683865.5,
              7023162.5
            ],
            [
              683865.5,
              7023154.5
            ],
            [
              683869.5,
              7023154.5
            ],
            [
              683869.5,
              7023150.5
            ],
            [
              683877.5,
              7023150.5
            ],
            [
              683877.5,
              7023146.5
            ],
            [
              683869.5,
              7023146.5
            ],
            [
              683869.5,
              7023138.5
            ],
            [
              683873.5,
              7023138.5
            ],
            [
              683873.5,
              7023122.5
            ],
            [
              683869.5,
              7023122.5
            ],
            [
              683869.5,
              7023114.5
            ],
            [
              683857.5,
              7023114.5
            ],
            [
              683857.5,
              7023126.5
            ],
            [
              683861.5,
              7023126.5
            ],
            [
              683861.5,
              7023134.5
            ],
            [
              683857.5,
              7023134.5
            ],
            [
              683857.5,
              7023150.5
            ],
            [
              683853.5,
              7023150.5
            ],
            [
              683853.5,
              7023166.5
            ],
            [
              683857.5,
              7023166.5
            ],
            [
              683857.5,
              7023170.5
            ],
            [
              683865.5,
              7023170.5
            ]
          ]
        ]
      },
      "properties": {
        "tile": "l0/7/7",
        "cellMetres": 4,
        "role": "eligible-measured-woodland",
        "mode": "before"
      }
    },
    {
      "type": "Feature",
      "geometry": {
        "type": "Polygon",
        "coordinates": [
          [
            [
              683877.5,
              7023098.5
            ],
            [
              683877.5,
              7023094.5
            ],
            [
              683873.5,
              7023094.5
            ],
            [
              683873.5,
              7023098.5
            ],
            [
              683877.5,
              7023098.5
            ]
          ]
        ]
      },
      "properties": {
        "tile": "l0/7/7",
        "cellMetres": 4,
        "role": "eligible-measured-woodland",
        "mode": "before"
      }
    },
    {
      "type": "Feature",
      "geometry": {
        "type": "Polygon",
        "coordinates": [
          [
            [
              683905.5,
              7023102.5
            ],
            [
              683905.5,
              7023094.5
            ],
            [
              683897.5,
              7023094.5
            ],
            [
              683897.5,
              7023098.5
            ],
            [
              683901.5,
              7023098.5
            ],
            [
              683901.5,
              7023102.5
            ],
            [
              683905.5,
              7023102.5
            ]
          ]
        ]
      },
      "properties": {
        "tile": "l0/7/7",
        "cellMetres": 4,
        "role": "eligible-measured-woodland",
        "mode": "before"
      }
    },
    {
      "type": "Feature",
      "geometry": {
        "type": "Polygon",
        "coordinates": [
          [
            [
              683897.5,
              7023094.5
            ],
            [
              683897.5,
              7023090.5
            ],
            [
              683893.5,
              7023090.5
            ],
            [
              683893.5,
              7023094.5
            ],
            [
              683897.5,
              7023094.5
            ]
          ]
        ]
      },
      "properties": {
        "tile": "l0/7/7",
        "cellMetres": 4,
        "role": "eligible-measured-woodland",
        "mode": "before"
      }
    },
    {
      "type": "Feature",
      "geometry": {
        "type": "Polygon",
        "coordinates": [
          [
            [
              683909.5,
              7023086.5
            ],
            [
              683909.5,
              7023082.5
            ],
            [
              683905.5,
              7023082.5
            ],
            [
              683905.5,
              7023086.5
            ],
            [
              683909.5,
              7023086.5
            ]
          ]
        ]
      },
      "properties": {
        "tile": "l0/7/7",
        "cellMetres": 4,
        "role": "eligible-measured-woodland",
        "mode": "before"
      }
    },
    {
      "type": "Feature",
      "geometry": {
        "type": "Polygon",
        "coordinates": [
          [
            [
              683753.5,
              7023070.5
            ],
            [
              683753.5,
              7023066.5
            ],
            [
              683749.5,
              7023066.5
            ],
            [
              683749.5,
              7023062.5
            ],
            [
              683741.5,
              7023062.5
            ],
            [
              683741.5,
              7023070.5
            ],
            [
              683753.5,
              7023070.5
            ]
          ]
        ]
      },
      "properties": {
        "tile": "l0/7/7",
        "cellMetres": 4,
        "role": "eligible-measured-woodland",
        "mode": "before"
      }
    },
    {
      "type": "Feature",
      "geometry": {
        "type": "Polygon",
        "coordinates": [
          [
            [
              683909.5,
              7023066.5
            ],
            [
              683909.5,
              7023062.5
            ],
            [
              683901.5,
              7023062.5
            ],
            [
              683901.5,
              7023066.5
            ],
            [
              683909.5,
              7023066.5
            ]
          ]
        ]
      },
      "properties": {
        "tile": "l0/7/7",
        "cellMetres": 4,
        "role": "eligible-measured-woodland",
        "mode": "before"
      }
    },
    {
      "type": "Feature",
      "geometry": {
        "type": "Polygon",
        "coordinates": [
          [
            [
              683685.5,
              7023030.5
            ],
            [
              683685.5,
              7023022.5
            ],
            [
              683681.5,
              7023022.5
            ],
            [
              683681.5,
              7023026.5
            ],
            [
              683677.5,
              7023026.5
            ],
            [
              683677.5,
              7023030.5
            ],
            [
              683685.5,
              7023030.5
            ]
          ]
        ]
      },
      "properties": {
        "tile": "l0/7/7",
        "cellMetres": 4,
        "role": "eligible-measured-woodland",
        "mode": "before"
      }
    },
    {
      "type": "Feature",
      "geometry": {
        "type": "Polygon",
        "coordinates": [
          [
            [
              683657.5,
              7023022.5
            ],
            [
              683657.5,
              7023018.5
            ],
            [
              683665.5,
              7023018.5
            ],
            [
              683665.5,
              7023014.5
            ],
            [
              683653.5,
              7023014.5
            ],
            [
              683653.5,
              7023022.5
            ],
            [
              683657.5,
              7023022.5
            ]
          ]
        ]
      },
      "properties": {
        "tile": "l0/7/7",
        "cellMetres": 4,
        "role": "eligible-measured-woodland",
        "mode": "before"
      }
    },
    {
      "type": "Feature",
      "geometry": {
        "type": "Polygon",
        "coordinates": [
          [
            [
              683669.5,
              7023014.5
            ],
            [
              683669.5,
              7023010.5
            ],
            [
              683665.5,
              7023010.5
            ],
            [
              683665.5,
              7023014.5
            ],
            [
              683669.5,
              7023014.5
            ]
          ]
        ]
      },
      "properties": {
        "tile": "l0/7/7",
        "cellMetres": 4,
        "role": "eligible-measured-woodland",
        "mode": "before"
      }
    },
    {
      "type": "Feature",
      "geometry": {
        "type": "Polygon",
        "coordinates": [
          [
            [
              683689.5,
              7023018.5
            ],
            [
              683689.5,
              7023014.5
            ],
            [
              683693.5,
              7023014.5
            ],
            [
              683693.5,
              7023010.5
            ],
            [
              683697.5,
              7023010.5
            ],
            [
              683697.5,
              7023002.5
            ],
            [
              683693.5,
              7023002.5
            ],
            [
              683693.5,
              7023006.5
            ],
            [
              683681.5,
              7023006.5
            ],
            [
              683681.5,
              7023010.5
            ],
            [
              683673.5,
              7023010.5
            ],
            [
              683673.5,
              7023018.5
            ],
            [
              683689.5,
              7023018.5
            ]
          ]
        ]
      },
      "properties": {
        "tile": "l0/7/7",
        "cellMetres": 4,
        "role": "eligible-measured-woodland",
        "mode": "before"
      }
    },
    {
      "type": "Feature",
      "geometry": {
        "type": "Polygon",
        "coordinates": [
          [
            [
              683737.5,
              7023050.5
            ],
            [
              683737.5,
              7023046.5
            ],
            [
              683745.5,
              7023046.5
            ],
            [
              683745.5,
              7023042.5
            ],
            [
              683749.5,
              7023042.5
            ],
            [
              683749.5,
              7023038.5
            ],
            [
              683757.5,
              7023038.5
            ],
            [
              683757.5,
              7023034.5
            ],
            [
              683765.5,
              7023034.5
            ],
            [
              683765.5,
              7023030.5
            ],
            [
              683773.5,
              7023030.5
            ],
            [
              683773.5,
              7023026.5
            ],
            [
              683777.5,
              7023026.5
            ],
            [
              683777.5,
              7023022.5
            ],
            [
              683781.5,
              7023022.5
            ],
            [
              683781.5,
              7023018.5
            ],
            [
              683785.5,
              7023018.5
            ],
            [
              683785.5,
              7023014.5
            ],
            [
              683789.5,
              7023014.5
            ],
            [
              683789.5,
              7023006.5
            ],
            [
              683781.5,
              7023006.5
            ],
            [
              683781.5,
              7023002.5
            ],
            [
              683725.5,
              7023002.5
            ],
            [
              683725.5,
              7023006.5
            ],
            [
              683729.5,
              7023006.5
            ],
            [
              683729.5,
              7023010.5
            ],
            [
              683717.5,
              7023010.5
            ],
            [
              683717.5,
              7023002.5
            ],
            [
              683701.5,
              7023002.5
            ],
            [
              683701.5,
              7023010.5
            ],
            [
              683697.5,
              7023010.5
            ],
            [
              683697.5,
              7023014.5
            ],
            [
              683693.5,
              7023014.5
            ],
            [
              683693.5,
              7023022.5
            ],
            [
              683701.5,
              7023022.5
            ],
            [
              683701.5,
              7023026.5
            ],
            [
              683709.5,
              7023026.5
            ],
            [
              683709.5,
              7023030.5
            ],
            [
              683717.5,
              7023030.5
            ],
            [
              683717.5,
              7023038.5
            ],
            [
              683721.5,
              7023038.5
            ],
            [
              683721.5,
              7023046.5
            ],
            [
              683725.5,
              7023046.5
            ],
            [
              683725.5,
              7023050.5
            ],
            [
              683737.5,
              7023050.5
            ]
          ]
        ]
      },
      "properties": {
        "tile": "l0/7/7",
        "cellMetres": 4,
        "role": "eligible-measured-woodland",
        "mode": "before"
      }
    },
    {
      "type": "Feature",
      "geometry": {
        "type": "Polygon",
        "coordinates": [
          [
            [
              684005.5,
              7023258.5
            ],
            [
              684005.5,
              7023254.5
            ],
            [
              684001.5,
              7023254.5
            ],
            [
              684001.5,
              7023258.5
            ],
            [
              684005.5,
              7023258.5
            ]
          ]
        ]
      },
      "properties": {
        "tile": "l0/8/7",
        "cellMetres": 4,
        "role": "eligible-measured-woodland",
        "mode": "before"
      }
    },
    {
      "type": "Feature",
      "geometry": {
        "type": "Polygon",
        "coordinates": [
          [
            [
              684117.5,
              7023258.5
            ],
            [
              684117.5,
              7023254.5
            ],
            [
              684109.5,
              7023254.5
            ],
            [
              684109.5,
              7023258.5
            ],
            [
              684117.5,
              7023258.5
            ]
          ]
        ]
      },
      "properties": {
        "tile": "l0/8/7",
        "cellMetres": 4,
        "role": "eligible-measured-woodland",
        "mode": "before"
      }
    },
    {
      "type": "Feature",
      "geometry": {
        "type": "Polygon",
        "coordinates": [
          [
            [
              684041.5,
              7023258.5
            ],
            [
              684041.5,
              7023254.5
            ],
            [
              684029.5,
              7023254.5
            ],
            [
              684029.5,
              7023250.5
            ],
            [
              684021.5,
              7023250.5
            ],
            [
              684021.5,
              7023258.5
            ],
            [
              684041.5,
              7023258.5
            ]
          ]
        ]
      },
      "properties": {
        "tile": "l0/8/7",
        "cellMetres": 4,
        "role": "eligible-measured-woodland",
        "mode": "before"
      }
    },
    {
      "type": "Feature",
      "geometry": {
        "type": "Polygon",
        "coordinates": [
          [
            [
              684057.5,
              7023258.5
            ],
            [
              684057.5,
              7023254.5
            ],
            [
              684053.5,
              7023254.5
            ],
            [
              684053.5,
              7023246.5
            ],
            [
              684041.5,
              7023246.5
            ],
            [
              684041.5,
              7023254.5
            ],
            [
              684045.5,
              7023254.5
            ],
            [
              684045.5,
              7023258.5
            ],
            [
              684057.5,
              7023258.5
            ]
          ]
        ]
      },
      "properties": {
        "tile": "l0/8/7",
        "cellMetres": 4,
        "role": "eligible-measured-woodland",
        "mode": "before"
      }
    },
    {
      "type": "Feature",
      "geometry": {
        "type": "Polygon",
        "coordinates": [
          [
            [
              684125.5,
              7023250.5
            ],
            [
              684125.5,
              7023242.5
            ],
            [
              684121.5,
              7023242.5
            ],
            [
              684121.5,
              7023246.5
            ],
            [
              684117.5,
              7023246.5
            ],
            [
              684117.5,
              7023250.5
            ],
            [
              684125.5,
              7023250.5
            ]
          ]
        ]
      },
      "properties": {
        "tile": "l0/8/7",
        "cellMetres": 4,
        "role": "eligible-measured-woodland",
        "mode": "before"
      }
    },
    {
      "type": "Feature",
      "geometry": {
        "type": "Polygon",
        "coordinates": [
          [
            [
              684021.5,
              7023246.5
            ],
            [
              684021.5,
              7023242.5
            ],
            [
              684013.5,
              7023242.5
            ],
            [
              684013.5,
              7023246.5
            ],
            [
              684021.5,
              7023246.5
            ]
          ]
        ]
      },
      "properties": {
        "tile": "l0/8/7",
        "cellMetres": 4,
        "role": "eligible-measured-woodland",
        "mode": "before"
      }
    },
    {
      "type": "Feature",
      "geometry": {
        "type": "Polygon",
        "coordinates": [
          [
            [
              684033.5,
              7023246.5
            ],
            [
              684033.5,
              7023238.5
            ],
            [
              684025.5,
              7023238.5
            ],
            [
              684025.5,
              7023246.5
            ],
            [
              684033.5,
              7023246.5
            ]
          ]
        ]
      },
      "properties": {
        "tile": "l0/8/7",
        "cellMetres": 4,
        "role": "eligible-measured-woodland",
        "mode": "before"
      }
    },
    {
      "type": "Feature",
      "geometry": {
        "type": "Polygon",
        "coordinates": [
          [
            [
              684065.5,
              7023250.5
            ],
            [
              684065.5,
              7023234.5
            ],
            [
              684061.5,
              7023234.5
            ],
            [
              684061.5,
              7023238.5
            ],
            [
              684057.5,
              7023238.5
            ],
            [
              684057.5,
              7023242.5
            ],
            [
              684053.5,
              7023242.5
            ],
            [
              684053.5,
              7023246.5
            ],
            [
              684057.5,
              7023246.5
            ],
            [
              684057.5,
              7023250.5
            ],
            [
              684065.5,
              7023250.5
            ]
          ]
        ]
      },
      "properties": {
        "tile": "l0/8/7",
        "cellMetres": 4,
        "role": "eligible-measured-woodland",
        "mode": "before"
      }
    },
    {
      "type": "Feature",
      "geometry": {
        "type": "Polygon",
        "coordinates": [
          [
            [
              684113.5,
              7023190.5
            ],
            [
              684113.5,
              7023182.5
            ],
            [
              684105.5,
              7023182.5
            ],
            [
              684105.5,
              7023190.5
            ],
            [
              684113.5,
              7023190.5
            ]
          ]
        ]
      },
      "properties": {
        "tile": "l0/8/7",
        "cellMetres": 4,
        "role": "eligible-measured-woodland",
        "mode": "before"
      }
    },
    {
      "type": "Feature",
      "geometry": {
        "type": "Polygon",
        "coordinates": [
          [
            [
              683917.5,
              7023082.5
            ],
            [
              683917.5,
              7023078.5
            ],
            [
              683913.5,
              7023078.5
            ],
            [
              683913.5,
              7023082.5
            ],
            [
              683917.5,
              7023082.5
            ]
          ]
        ]
      },
      "properties": {
        "tile": "l0/8/7",
        "cellMetres": 4,
        "role": "eligible-measured-woodland",
        "mode": "before"
      }
    },
    {
      "type": "Feature",
      "geometry": {
        "type": "Polygon",
        "coordinates": [
          [
            [
              683937.5,
              7023082.5
            ],
            [
              683937.5,
              7023074.5
            ],
            [
              683917.5,
              7023074.5
            ],
            [
              683917.5,
              7023078.5
            ],
            [
              683921.5,
              7023078.5
            ],
            [
              683921.5,
              7023082.5
            ],
            [
              683937.5,
              7023082.5
            ]
          ]
        ]
      },
      "properties": {
        "tile": "l0/8/7",
        "cellMetres": 4,
        "role": "eligible-measured-woodland",
        "mode": "before"
      }
    },
    {
      "type": "Feature",
      "geometry": {
        "type": "Polygon",
        "coordinates": [
          [
            [
              683941.5,
              7023074.5
            ],
            [
              683941.5,
              7023082.5
            ],
            [
              683957.5,
              7023082.5
            ],
            [
              683957.5,
              7023078.5
            ],
            [
              683969.5,
              7023078.5
            ],
            [
              683969.5,
              7023082.5
            ],
            [
              683973.5,
              7023082.5
            ],
            [
              683973.5,
              7023078.5
            ],
            [
              683981.5,
              7023078.5
            ],
            [
              683981.5,
              7023082.5
            ],
            [
              683989.5,
              7023082.5
            ],
            [
              683989.5,
              7023090.5
            ],
            [
              683993.5,
              7023090.5
            ],
            [
              683993.5,
              7023086.5
            ],
            [
              683997.5,
              7023086.5
            ],
            [
              683997.5,
              7023082.5
            ],
            [
              684001.5,
              7023082.5
            ],
            [
              684001.5,
              7023074.5
            ],
            [
              683993.5,
              7023074.5
            ],
            [
              683993.5,
              7023070.5
            ],
            [
              683945.5,
              7023070.5
            ],
            [
              683945.5,
              7023074.5
            ],
            [
              683941.5,
              7023074.5
            ]
          ],
          [
            [
              683949.5,
              7023074.5
            ],
            [
              683949.5,
              7023078.5
            ],
            [
              683945.5,
              7023078.5
            ],
            [
              683945.5,
              7023074.5
            ],
            [
              683949.5,
              7023074.5
            ]
          ]
        ]
      },
      "properties": {
        "tile": "l0/8/7",
        "cellMetres": 4,
        "role": "eligible-measured-woodland",
        "mode": "before"
      }
    },
    {
      "type": "Feature",
      "geometry": {
        "type": "Polygon",
        "coordinates": [
          [
            [
              683945.5,
              7023058.5
            ],
            [
              683945.5,
              7023054.5
            ],
            [
              683941.5,
              7023054.5
            ],
            [
              683941.5,
              7023058.5
            ],
            [
              683945.5,
              7023058.5
            ]
          ]
        ]
      },
      "properties": {
        "tile": "l0/8/7",
        "cellMetres": 4,
        "role": "eligible-measured-woodland",
        "mode": "before"
      }
    },
    {
      "type": "Feature",
      "geometry": {
        "type": "Polygon",
        "coordinates": [
          [
            [
              683973.5,
              7023058.5
            ],
            [
              683973.5,
              7023050.5
            ],
            [
              683969.5,
              7023050.5
            ],
            [
              683969.5,
              7023054.5
            ],
            [
              683965.5,
              7023054.5
            ],
            [
              683965.5,
              7023050.5
            ],
            [
              683953.5,
              7023050.5
            ],
            [
              683953.5,
              7023054.5
            ],
            [
              683949.5,
              7023054.5
            ],
            [
              683949.5,
              7023058.5
            ],
            [
              683973.5,
              7023058.5
            ]
          ]
        ]
      },
      "properties": {
        "tile": "l0/8/7",
        "cellMetres": 4,
        "role": "eligible-measured-woodland",
        "mode": "before"
      }
    },
    {
      "type": "Feature",
      "geometry": {
        "type": "Polygon",
        "coordinates": [
          [
            [
              683949.5,
              7023054.5
            ],
            [
              683949.5,
              7023050.5
            ],
            [
              683945.5,
              7023050.5
            ],
            [
              683945.5,
              7023054.5
            ],
            [
              683949.5,
              7023054.5
            ]
          ]
        ]
      },
      "properties": {
        "tile": "l0/8/7",
        "cellMetres": 4,
        "role": "eligible-measured-woodland",
        "mode": "before"
      }
    },
    {
      "type": "Feature",
      "geometry": {
        "type": "Polygon",
        "coordinates": [
          [
            [
              684021.5,
              7023062.5
            ],
            [
              684021.5,
              7023054.5
            ],
            [
              684017.5,
              7023054.5
            ],
            [
              684017.5,
              7023050.5
            ],
            [
              684021.5,
              7023050.5
            ],
            [
              684021.5,
              7023046.5
            ],
            [
              684013.5,
              7023046.5
            ],
            [
              684013.5,
              7023054.5
            ],
            [
              684009.5,
              7023054.5
            ],
            [
              684009.5,
              7023058.5
            ],
            [
              684013.5,
              7023058.5
            ],
            [
              684013.5,
              7023062.5
            ],
            [
              684021.5,
              7023062.5
            ]
          ]
        ]
      },
      "properties": {
        "tile": "l0/8/7",
        "cellMetres": 4,
        "role": "eligible-measured-woodland",
        "mode": "before"
      }
    },
    {
      "type": "Feature",
      "geometry": {
        "type": "Polygon",
        "coordinates": [
          [
            [
              683929.5,
              7023058.5
            ],
            [
              683929.5,
              7023062.5
            ],
            [
              683937.5,
              7023062.5
            ],
            [
              683937.5,
              7023050.5
            ],
            [
              683941.5,
              7023050.5
            ],
            [
              683941.5,
              7023046.5
            ],
            [
              683937.5,
              7023046.5
            ],
            [
              683937.5,
              7023042.5
            ],
            [
              683933.5,
              7023042.5
            ],
            [
              683933.5,
              7023046.5
            ],
            [
              683929.5,
              7023046.5
            ],
            [
              683929.5,
              7023054.5
            ],
            [
              683925.5,
              7023054.5
            ],
            [
              683925.5,
              7023050.5
            ],
            [
              683909.5,
              7023050.5
            ],
            [
              683909.5,
              7023066.5
            ],
            [
              683913.5,
              7023066.5
            ],
            [
              683913.5,
              7023062.5
            ],
            [
              683921.5,
              7023062.5
            ],
            [
              683921.5,
              7023058.5
            ],
            [
              683929.5,
              7023058.5
            ]
          ],
          [
            [
              683917.5,
              7023058.5
            ],
            [
              683917.5,
              7023054.5
            ],
            [
              683921.5,
              7023054.5
            ],
            [
              683921.5,
              7023058.5
            ],
            [
              683917.5,
              7023058.5
            ]
          ]
        ]
      },
      "properties": {
        "tile": "l0/8/7",
        "cellMetres": 4,
        "role": "eligible-measured-woodland",
        "mode": "before"
      }
    },
    {
      "type": "Feature",
      "geometry": {
        "type": "Polygon",
        "coordinates": [
          [
            [
              683997.5,
              7023058.5
            ],
            [
              683997.5,
              7023054.5
            ],
            [
              684001.5,
              7023054.5
            ],
            [
              684001.5,
              7023050.5
            ],
            [
              683997.5,
              7023050.5
            ],
            [
              683997.5,
              7023042.5
            ],
            [
              683993.5,
              7023042.5
            ],
            [
              683993.5,
              7023046.5
            ],
            [
              683985.5,
              7023046.5
            ],
            [
              683985.5,
              7023050.5
            ],
            [
              683989.5,
              7023050.5
            ],
            [
              683989.5,
              7023054.5
            ],
            [
              683993.5,
              7023054.5
            ],
            [
              683993.5,
              7023058.5
            ],
            [
              683997.5,
              7023058.5
            ]
          ]
        ]
      },
      "properties": {
        "tile": "l0/8/7",
        "cellMetres": 4,
        "role": "eligible-measured-woodland",
        "mode": "before"
      }
    },
    {
      "type": "Feature",
      "geometry": {
        "type": "Polygon",
        "coordinates": [
          [
            [
              684009.5,
              7023050.5
            ],
            [
              684009.5,
              7023042.5
            ],
            [
              684001.5,
              7023042.5
            ],
            [
              684001.5,
              7023050.5
            ],
            [
              684009.5,
              7023050.5
            ]
          ]
        ]
      },
      "properties": {
        "tile": "l0/8/7",
        "cellMetres": 4,
        "role": "eligible-measured-woodland",
        "mode": "before"
      }
    },
    {
      "type": "Feature",
      "geometry": {
        "type": "Polygon",
        "coordinates": [
          [
            [
              683961.5,
              7023046.5
            ],
            [
              683961.5,
              7023042.5
            ],
            [
              683957.5,
              7023042.5
            ],
            [
              683957.5,
              7023046.5
            ],
            [
              683961.5,
              7023046.5
            ]
          ]
        ]
      },
      "properties": {
        "tile": "l0/8/7",
        "cellMetres": 4,
        "role": "eligible-measured-woodland",
        "mode": "before"
      }
    },
    {
      "type": "Feature",
      "geometry": {
        "type": "Polygon",
        "coordinates": [
          [
            [
              683949.5,
              7023042.5
            ],
            [
              683949.5,
              7023038.5
            ],
            [
              683945.5,
              7023038.5
            ],
            [
              683945.5,
              7023042.5
            ],
            [
              683949.5,
              7023042.5
            ]
          ]
        ]
      },
      "properties": {
        "tile": "l0/8/7",
        "cellMetres": 4,
        "role": "eligible-measured-woodland",
        "mode": "before"
      }
    },
    {
      "type": "Feature",
      "geometry": {
        "type": "Polygon",
        "coordinates": [
          [
            [
              683965.5,
              7023042.5
            ],
            [
              683965.5,
              7023038.5
            ],
            [
              683961.5,
              7023038.5
            ],
            [
              683961.5,
              7023042.5
            ],
            [
              683965.5,
              7023042.5
            ]
          ]
        ]
      },
      "properties": {
        "tile": "l0/8/7",
        "cellMetres": 4,
        "role": "eligible-measured-woodland",
        "mode": "before"
      }
    },
    {
      "type": "Feature",
      "geometry": {
        "type": "Polygon",
        "coordinates": [
          [
            [
              683969.5,
              7023038.5
            ],
            [
              683969.5,
              7023034.5
            ],
            [
              683965.5,
              7023034.5
            ],
            [
              683965.5,
              7023038.5
            ],
            [
              683969.5,
              7023038.5
            ]
          ]
        ]
      },
      "properties": {
        "tile": "l0/8/7",
        "cellMetres": 4,
        "role": "eligible-measured-woodland",
        "mode": "before"
      }
    },
    {
      "type": "Feature",
      "geometry": {
        "type": "Polygon",
        "coordinates": [
          [
            [
              683985.5,
              7023038.5
            ],
            [
              683985.5,
              7023034.5
            ],
            [
              683981.5,
              7023034.5
            ],
            [
              683981.5,
              7023038.5
            ],
            [
              683985.5,
              7023038.5
            ]
          ]
        ]
      },
      "properties": {
        "tile": "l0/8/7",
        "cellMetres": 4,
        "role": "eligible-measured-woodland",
        "mode": "before"
      }
    },
    {
      "type": "Feature",
      "geometry": {
        "type": "Polygon",
        "coordinates": [
          [
            [
              684029.5,
              7023030.5
            ],
            [
              684029.5,
              7023026.5
            ],
            [
              684025.5,
              7023026.5
            ],
            [
              684025.5,
              7023030.5
            ],
            [
              684029.5,
              7023030.5
            ]
          ]
        ]
      },
      "properties": {
        "tile": "l0/8/7",
        "cellMetres": 4,
        "role": "eligible-measured-woodland",
        "mode": "before"
      }
    },
    {
      "type": "Feature",
      "geometry": {
        "type": "Polygon",
        "coordinates": [
          [
            [
              684261.5,
              7023258.5
            ],
            [
              684261.5,
              7023250.5
            ],
            [
              684257.5,
              7023250.5
            ],
            [
              684257.5,
              7023254.5
            ],
            [
              684253.5,
              7023254.5
            ],
            [
              684253.5,
              7023258.5
            ],
            [
              684261.5,
              7023258.5
            ]
          ]
        ]
      },
      "properties": {
        "tile": "l0/9/7",
        "cellMetres": 4,
        "role": "eligible-measured-woodland",
        "mode": "before"
      }
    },
    {
      "type": "Feature",
      "geometry": {
        "type": "Polygon",
        "coordinates": [
          [
            [
              684249.5,
              7023258.5
            ],
            [
              684249.5,
              7023250.5
            ],
            [
              684253.5,
              7023250.5
            ],
            [
              684253.5,
              7023246.5
            ],
            [
              684249.5,
              7023246.5
            ],
            [
              684249.5,
              7023242.5
            ],
            [
              684245.5,
              7023242.5
            ],
            [
              684245.5,
              7023250.5
            ],
            [
              684241.5,
              7023250.5
            ],
            [
              684241.5,
              7023254.5
            ],
            [
              684245.5,
              7023254.5
            ],
            [
              684245.5,
              7023258.5
            ],
            [
              684249.5,
              7023258.5
            ]
          ]
        ]
      },
      "properties": {
        "tile": "l0/9/7",
        "cellMetres": 4,
        "role": "eligible-measured-woodland",
        "mode": "before"
      }
    },
    {
      "type": "Feature",
      "geometry": {
        "type": "Polygon",
        "coordinates": [
          [
            [
              684261.5,
              7023246.5
            ],
            [
              684261.5,
              7023242.5
            ],
            [
              684253.5,
              7023242.5
            ],
            [
              684253.5,
              7023246.5
            ],
            [
              684261.5,
              7023246.5
            ]
          ]
        ]
      },
      "properties": {
        "tile": "l0/9/7",
        "cellMetres": 4,
        "role": "eligible-measured-woodland",
        "mode": "before"
      }
    },
    {
      "type": "Feature",
      "geometry": {
        "type": "Polygon",
        "coordinates": [
          [
            [
              684265.5,
              7023238.5
            ],
            [
              684265.5,
              7023234.5
            ],
            [
              684269.5,
              7023234.5
            ],
            [
              684269.5,
              7023222.5
            ],
            [
              684265.5,
              7023222.5
            ],
            [
              684265.5,
              7023226.5
            ],
            [
              684261.5,
              7023226.5
            ],
            [
              684261.5,
              7023222.5
            ],
            [
              684257.5,
              7023222.5
            ],
            [
              684257.5,
              7023226.5
            ],
            [
              684253.5,
              7023226.5
            ],
            [
              684253.5,
              7023230.5
            ],
            [
              684257.5,
              7023230.5
            ],
            [
              684257.5,
              7023234.5
            ],
            [
              684253.5,
              7023234.5
            ],
            [
              684253.5,
              7023238.5
            ],
            [
              684265.5,
              7023238.5
            ]
          ]
        ]
      },
      "properties": {
        "tile": "l0/9/7",
        "cellMetres": 4,
        "role": "eligible-measured-woodland",
        "mode": "before"
      }
    },
    {
      "type": "Feature",
      "geometry": {
        "type": "MultiPolygon",
        "coordinates": [
          [
            [
              [
                684305.5,
                7023226.5
              ],
              [
                684305.5,
                7023229.274017446
              ],
              [
                684307.7959347336,
                7023226.5
              ],
              [
                684305.5,
                7023226.5
              ]
            ]
          ],
          [
            [
              [
                684309.5,
                7023222.5
              ],
              [
                684309.5,
                7023224.441097058
              ],
              [
                684311.1065624115,
                7023222.5
              ],
              [
                684309.5,
                7023222.5
              ]
            ]
          ]
        ]
      },
      "properties": {
        "tile": "l0/9/7",
        "cellMetres": 4,
        "role": "eligible-measured-woodland",
        "mode": "before"
      }
    },
    {
      "type": "Feature",
      "geometry": {
        "type": "Polygon",
        "coordinates": [
          [
            [
              684301.5,
              7023230.5
            ],
            [
              684301.5,
              7023222.5
            ],
            [
              684305.5,
              7023222.5
            ],
            [
              684305.5,
              7023218.5
            ],
            [
              684301.5,
              7023218.5
            ],
            [
              684301.5,
              7023214.5
            ],
            [
              684293.5,
              7023214.5
            ],
            [
              684293.5,
              7023210.5
            ],
            [
              684289.5,
              7023210.5
            ],
            [
              684289.5,
              7023218.5
            ],
            [
              684285.5,
              7023218.5
            ],
            [
              684285.5,
              7023226.5
            ],
            [
              684281.5,
              7023226.5
            ],
            [
              684281.5,
              7023238.5
            ],
            [
              684277.5,
              7023238.5
            ],
            [
              684277.5,
              7023246.5
            ],
            [
              684281.5,
              7023246.5
            ],
            [
              684281.5,
              7023254.5
            ],
            [
              684277.5,
              7023254.5
            ],
            [
              684277.5,
              7023250.5
            ],
            [
              684273.5,
              7023250.5
            ],
            [
              684273.5,
              7023258.5
            ],
            [
              684288.5559162475,
              7023258.5
            ],
            [
              684289.5,
              7023256.683652482
            ],
            [
              684289.5,
              7023234.5
            ],
            [
              684293.5,
              7023234.5
            ],
            [
              684293.5,
              7023230.5
            ],
            [
              684301.5,
              7023230.5
            ]
          ],
          [
            [
              684289.5,
              7023230.5
            ],
            [
              684289.5,
              7023226.5
            ],
            [
              684293.5,
              7023226.5
            ],
            [
              684293.5,
              7023230.5
            ],
            [
              684289.5,
              7023230.5
            ]
          ]
        ]
      },
      "properties": {
        "tile": "l0/9/7",
        "cellMetres": 4,
        "role": "eligible-measured-woodland",
        "mode": "before"
      }
    },
    {
      "type": "Feature",
      "geometry": {
        "type": "Polygon",
        "coordinates": [
          [
            [
              684273.5,
              7023218.5
            ],
            [
              684273.5,
              7023206.5
            ],
            [
              684269.5,
              7023206.5
            ],
            [
              684269.5,
              7023218.5
            ],
            [
              684273.5,
              7023218.5
            ]
          ]
        ]
      },
      "properties": {
        "tile": "l0/9/7",
        "cellMetres": 4,
        "role": "eligible-measured-woodland",
        "mode": "before"
      }
    },
    {
      "type": "Feature",
      "geometry": {
        "type": "Polygon",
        "coordinates": [
          [
            [
              684301.5,
              7023202.5
            ],
            [
              684301.5,
              7023198.5
            ],
            [
              684297.5,
              7023198.5
            ],
            [
              684297.5,
              7023202.5
            ],
            [
              684301.5,
              7023202.5
            ]
          ]
        ]
      },
      "properties": {
        "tile": "l0/9/7",
        "cellMetres": 4,
        "role": "eligible-measured-woodland",
        "mode": "before"
      }
    },
    {
      "type": "Feature",
      "geometry": {
        "type": "Polygon",
        "coordinates": [
          [
            [
              684265.5,
              7023218.5
            ],
            [
              684265.5,
              7023206.5
            ],
            [
              684269.5,
              7023206.5
            ],
            [
              684269.5,
              7023202.5
            ],
            [
              684265.5,
              7023202.5
            ],
            [
              684265.5,
              7023194.5
            ],
            [
              684261.5,
              7023194.5
            ],
            [
              684261.5,
              7023206.5
            ],
            [
              684257.5,
              7023206.5
            ],
            [
              684257.5,
              7023210.5
            ],
            [
              684261.5,
              7023210.5
            ],
            [
              684261.5,
              7023218.5
            ],
            [
              684265.5,
              7023218.5
            ]
          ]
        ]
      },
      "properties": {
        "tile": "l0/9/7",
        "cellMetres": 4,
        "role": "eligible-measured-woodland",
        "mode": "before"
      }
    },
    {
      "type": "Feature",
      "geometry": {
        "type": "Polygon",
        "coordinates": [
          [
            [
              684285.5,
              7023198.5
            ],
            [
              684285.5,
              7023190.5
            ],
            [
              684289.5,
              7023190.5
            ],
            [
              684289.5,
              7023186.5
            ],
            [
              684281.5,
              7023186.5
            ],
            [
              684281.5,
              7023190.5
            ],
            [
              684277.5,
              7023190.5
            ],
            [
              684277.5,
              7023198.5
            ],
            [
              684285.5,
              7023198.5
            ]
          ]
        ]
      },
      "properties": {
        "tile": "l0/9/7",
        "cellMetres": 4,
        "role": "eligible-measured-woodland",
        "mode": "before"
      }
    },
    {
      "type": "Feature",
      "geometry": {
        "type": "Polygon",
        "coordinates": [
          [
            [
              684273.5,
              7023194.5
            ],
            [
              684273.5,
              7023190.5
            ],
            [
              684277.5,
              7023190.5
            ],
            [
              684277.5,
              7023182.5
            ],
            [
              684281.5,
              7023182.5
            ],
            [
              684281.5,
              7023178.5
            ],
            [
              684273.5,
              7023178.5
            ],
            [
              684273.5,
              7023182.5
            ],
            [
              684265.5,
              7023182.5
            ],
            [
              684265.5,
              7023186.5
            ],
            [
              684269.5,
              7023186.5
            ],
            [
              684269.5,
              7023194.5
            ],
            [
              684273.5,
              7023194.5
            ]
          ]
        ]
      },
      "properties": {
        "tile": "l0/9/7",
        "cellMetres": 4,
        "role": "eligible-measured-woodland",
        "mode": "before"
      }
    },
    {
      "type": "Feature",
      "geometry": {
        "type": "Polygon",
        "coordinates": [
          [
            [
              684317.5,
              7023178.5
            ],
            [
              684317.5,
              7023174.5
            ],
            [
              684313.5,
              7023174.5
            ],
            [
              684313.5,
              7023178.5
            ],
            [
              684317.5,
              7023178.5
            ]
          ]
        ]
      },
      "properties": {
        "tile": "l0/9/7",
        "cellMetres": 4,
        "role": "eligible-measured-woodland",
        "mode": "before"
      }
    },
    {
      "type": "Feature",
      "geometry": {
        "type": "Polygon",
        "coordinates": [
          [
            [
              684293.5,
              7023178.5
            ],
            [
              684293.5,
              7023166.5
            ],
            [
              684289.5,
              7023166.5
            ],
            [
              684289.5,
              7023162.5
            ],
            [
              684285.5,
              7023162.5
            ],
            [
              684285.5,
              7023174.5
            ],
            [
              684281.5,
              7023174.5
            ],
            [
              684281.5,
              7023178.5
            ],
            [
              684293.5,
              7023178.5
            ]
          ]
        ]
      },
      "properties": {
        "tile": "l0/9/7",
        "cellMetres": 4,
        "role": "eligible-measured-woodland",
        "mode": "before"
      }
    },
    {
      "type": "Feature",
      "geometry": {
        "type": "Polygon",
        "coordinates": [
          [
            [
              684305.5,
              7023158.5
            ],
            [
              684305.5,
              7023146.5
            ],
            [
              684297.5,
              7023146.5
            ],
            [
              684297.5,
              7023158.5
            ],
            [
              684305.5,
              7023158.5
            ]
          ]
        ]
      },
      "properties": {
        "tile": "l0/9/7",
        "cellMetres": 4,
        "role": "eligible-measured-woodland",
        "mode": "before"
      }
    },
    {
      "type": "Feature",
      "geometry": {
        "type": "Polygon",
        "coordinates": [
          [
            [
              684313.5,
              7023142.5
            ],
            [
              684313.5,
              7023134.5
            ],
            [
              684305.5,
              7023134.5
            ],
            [
              684305.5,
              7023142.5
            ],
            [
              684313.5,
              7023142.5
            ]
          ]
        ]
      },
      "properties": {
        "tile": "l0/9/7",
        "cellMetres": 4,
        "role": "eligible-measured-woodland",
        "mode": "before"
      }
    },
    {
      "type": "Feature",
      "geometry": {
        "type": "Polygon",
        "coordinates": [
          [
            [
              684317.5,
              7023114.5
            ],
            [
              684317.5,
              7023106.5
            ],
            [
              684321.5,
              7023106.5
            ],
            [
              684321.5,
              7023102.5
            ],
            [
              684313.5,
              7023102.5
            ],
            [
              684313.5,
              7023114.5
            ],
            [
              684317.5,
              7023114.5
            ]
          ]
        ]
      },
      "properties": {
        "tile": "l0/9/7",
        "cellMetres": 4,
        "role": "eligible-measured-woodland",
        "mode": "before"
      }
    },
    {
      "type": "Feature",
      "geometry": {
        "type": "Polygon",
        "coordinates": [
          [
            [
              684373.5,
              7023102.5
            ],
            [
              684373.5,
              7023098.5
            ],
            [
              684369.5,
              7023098.5
            ],
            [
              684369.5,
              7023102.5
            ],
            [
              684373.5,
              7023102.5
            ]
          ]
        ]
      },
      "properties": {
        "tile": "l0/9/7",
        "cellMetres": 4,
        "role": "eligible-measured-woodland",
        "mode": "before"
      }
    },
    {
      "type": "Feature",
      "geometry": {
        "type": "Polygon",
        "coordinates": [
          [
            [
              684340.9022115137,
              7023186.5
            ],
            [
              684356.9628916366,
              7023167.0950029
            ],
            [
              684357.8736199343,
              7023165.93795804
            ],
            [
              684359.9311370276,
              7023163.187677497
            ],
            [
              684361.576927471,
              7023160.746598683
            ],
            [
              684363.2898585567,
              7023157.915492233
            ],
            [
              684364.6607405685,
              7023158.265786683
            ],
            [
              684367.1352409195,
              7023158.766509668
            ],
            [
              684370.1311932532,
              7023159.216676644
            ],
            [
              684372.6435774592,
              7023159.465274907
            ],
            [
              684375.6696557755,
              7023159.610982699
            ],
            [
              684378.194302038,
              7023159.604920984
            ],
            [
              684381.2196457665,
              7023159.444683634
            ],
            [
              684383.7308072358,
              7023159.18402376
            ],
            [
              684385.233553143,
              7023158.989564683
            ],
            [
              684394.513553143,
              7023157.549564683
            ],
            [
              684396.087209877,
              7023157.262216751
            ],
            [
              684398.6953428931,
              7023156.7137426585
            ],
            [
              684400.2514457785,
              7023156.342921678
            ],
            [
              684408.5152437653,
              7023154.139242215
            ],
            [
              684421.4028231811,
              7023151.387961216
            ],
            [
              684421.5,
              7023151.364747721
            ],
            [
              684421.5,
              7023094.5
            ],
            [
              684409.5,
              7023094.5
            ],
            [
              684409.5,
              7023102.5
            ],
            [
              684397.5,
              7023102.5
            ],
            [
              684397.5,
              7023106.5
            ],
            [
              684369.5,
              7023106.5
            ],
            [
              684369.5,
              7023110.5
            ],
            [
              684353.5,
              7023110.5
            ],
            [
              684353.5,
              7023114.5
            ],
            [
              684345.5,
              7023114.5
            ],
            [
              684345.5,
              7023118.5
            ],
            [
              684341.5,
              7023118.5
            ],
            [
              684341.5,
              7023122.5
            ],
            [
              684333.5,
              7023122.5
            ],
            [
              684333.5,
              7023134.5
            ],
            [
              684329.5,
              7023134.5
            ],
            [
              684329.5,
              7023138.5
            ],
            [
              684325.5,
              7023138.5
            ],
            [
              684325.5,
              7023146.5
            ],
            [
              684321.5,
              7023146.5
            ],
            [
              684321.5,
              7023150.5
            ],
            [
              684325.5,
              7023150.5
            ],
            [
              684325.5,
              7023158.5
            ],
            [
              684321.5,
              7023158.5
            ],
            [
              684321.5,
              7023170.5
            ],
            [
              684325.5,
              7023170.5
            ],
            [
              684325.5,
              7023186.5
            ],
            [
              684329.5,
              7023186.5
            ],
            [
              684329.5,
              7023200.276495121
            ],
            [
              684337.5,
              7023190.610654347
            ],
            [
              684337.5,
              7023186.5
            ],
            [
              684340.9022115137,
              7023186.5
            ]
          ],
          [
            [
              684333.5,
              7023186.5
            ],
            [
              684333.5,
              7023182.5
            ],
            [
              684329.5,
              7023182.5
            ],
            [
              684329.5,
              7023174.5
            ],
            [
              684341.5,
              7023174.5
            ],
            [
              684341.5,
              7023178.5
            ],
            [
              684337.5,
              7023178.5
            ],
            [
              684337.5,
              7023186.5
            ],
            [
              684333.5,
              7023186.5
            ]
          ],
          [
            [
              684329.5,
              7023150.5
            ],
            [
              684337.5,
              7023150.5
            ],
            [
              684337.5,
              7023154.5
            ],
            [
              684329.5,
              7023154.5
            ],
            [
              684329.5,
              7023150.5
            ]
          ]
        ]
      },
      "properties": {
        "tile": "l0/9/7",
        "cellMetres": 4,
        "role": "eligible-measured-woodland",
        "mode": "before"
      }
    },
    {
      "type": "Feature",
      "geometry": {
        "type": "Polygon",
        "coordinates": [
          [
            [
              684369.5,
              7023098.5
            ],
            [
              684369.5,
              7023094.5
            ],
            [
              684365.5,
              7023094.5
            ],
            [
              684365.5,
              7023098.5
            ],
            [
              684369.5,
              7023098.5
            ]
          ]
        ]
      },
      "properties": {
        "tile": "l0/9/7",
        "cellMetres": 4,
        "role": "eligible-measured-woodland",
        "mode": "before"
      }
    },
    {
      "type": "Feature",
      "geometry": {
        "type": "Polygon",
        "coordinates": [
          [
            [
              684341.5,
              7023102.5
            ],
            [
              684341.5,
              7023098.5
            ],
            [
              684345.5,
              7023098.5
            ],
            [
              684345.5,
              7023094.5
            ],
            [
              684349.5,
              7023094.5
            ],
            [
              684349.5,
              7023090.5
            ],
            [
              684337.5,
              7023090.5
            ],
            [
              684337.5,
              7023102.5
            ],
            [
              684341.5,
              7023102.5
            ]
          ]
        ]
      },
      "properties": {
        "tile": "l0/9/7",
        "cellMetres": 4,
        "role": "eligible-measured-woodland",
        "mode": "before"
      }
    },
    {
      "type": "Feature",
      "geometry": {
        "type": "Polygon",
        "coordinates": [
          [
            [
              684353.5,
              7023086.5
            ],
            [
              684353.5,
              7023082.5
            ],
            [
              684357.5,
              7023082.5
            ],
            [
              684357.5,
              7023078.5
            ],
            [
              684353.5,
              7023078.5
            ],
            [
              684353.5,
              7023074.5
            ],
            [
              684345.5,
              7023074.5
            ],
            [
              684345.5,
              7023082.5
            ],
            [
              684349.5,
              7023082.5
            ],
            [
              684349.5,
              7023086.5
            ],
            [
              684353.5,
              7023086.5
            ]
          ]
        ]
      },
      "properties": {
        "tile": "l0/9/7",
        "cellMetres": 4,
        "role": "eligible-measured-woodland",
        "mode": "before"
      }
    },
    {
      "type": "Feature",
      "geometry": {
        "type": "Polygon",
        "coordinates": [
          [
            [
              684373.5,
              7023074.5
            ],
            [
              684373.5,
              7023070.5
            ],
            [
              684365.5,
              7023070.5
            ],
            [
              684365.5,
              7023074.5
            ],
            [
              684373.5,
              7023074.5
            ]
          ]
        ]
      },
      "properties": {
        "tile": "l0/9/7",
        "cellMetres": 4,
        "role": "eligible-measured-woodland",
        "mode": "before"
      }
    },
    {
      "type": "Feature",
      "geometry": {
        "type": "Polygon",
        "coordinates": [
          [
            [
              684417.5,
              7023062.5
            ],
            [
              684417.5,
              7023058.5
            ],
            [
              684413.5,
              7023058.5
            ],
            [
              684413.5,
              7023062.5
            ],
            [
              684417.5,
              7023062.5
            ]
          ]
        ]
      },
      "properties": {
        "tile": "l0/9/7",
        "cellMetres": 4,
        "role": "eligible-measured-woodland",
        "mode": "before"
      }
    },
    {
      "type": "Feature",
      "geometry": {
        "type": "Polygon",
        "coordinates": [
          [
            [
              684381.5,
              7023042.5
            ],
            [
              684381.5,
              7023030.5
            ],
            [
              684377.5,
              7023030.5
            ],
            [
              684377.5,
              7023042.5
            ],
            [
              684381.5,
              7023042.5
            ]
          ]
        ]
      },
      "properties": {
        "tile": "l0/9/7",
        "cellMetres": 4,
        "role": "eligible-measured-woodland",
        "mode": "before"
      }
    },
    {
      "type": "Feature",
      "geometry": {
        "type": "Polygon",
        "coordinates": [
          [
            [
              684249.5,
              7023030.5
            ],
            [
              684249.5,
              7023022.5
            ],
            [
              684241.5,
              7023022.5
            ],
            [
              684241.5,
              7023030.5
            ],
            [
              684249.5,
              7023030.5
            ]
          ]
        ]
      },
      "properties": {
        "tile": "l0/9/7",
        "cellMetres": 4,
        "role": "eligible-measured-woodland",
        "mode": "before"
      }
    },
    {
      "type": "Feature",
      "geometry": {
        "type": "Polygon",
        "coordinates": [
          [
            [
              684441.5,
              7023046.5
            ],
            [
              684441.5,
              7023042.5
            ],
            [
              684437.5,
              7023042.5
            ],
            [
              684437.5,
              7023046.5
            ],
            [
              684441.5,
              7023046.5
            ]
          ]
        ]
      },
      "properties": {
        "tile": "l0/10/7",
        "cellMetres": 4,
        "role": "eligible-measured-woodland",
        "mode": "before"
      }
    },
    {
      "type": "Feature",
      "geometry": {
        "type": "MultiPolygon",
        "coordinates": [
          [
            [
              [
                684461.5,
                7023082.5
              ],
              [
                684461.5,
                7023086.5
              ],
              [
                684441.5,
                7023086.5
              ],
              [
                684441.5,
                7023090.5
              ],
              [
                684433.5,
                7023090.5
              ],
              [
                684433.5,
                7023094.5
              ],
              [
                684421.5,
                7023094.5
              ],
              [
                684421.5,
                7023151.364747721
              ],
              [
                684422.8125486652,
                7023151.051207483
              ],
              [
                684425.1471660741,
                7023150.4335386455
              ],
              [
                684427.9096381132,
                7023149.557889805
              ],
              [
                684430.1737674328,
                7023148.71784715
              ],
              [
                684432.8388640025,
                7023147.579746551
              ],
              [
                684435.0113783586,
                7023146.52516862
              ],
              [
                684437.5542310899,
                7023145.13523603
              ],
              [
                684439.6148584791,
                7023143.875963224
              ],
              [
                684442.0117397204,
                7023142.247168266
              ],
              [
                684443.9412521706,
                7023140.794951015
              ],
              [
                684446.1697962973,
                7023138.9424921945
              ],
              [
                684447.9501892864,
                7023137.310881321
              ],
              [
                684449.9896015027,
                7023135.252044139
              ],
              [
                684451.6042619605,
                7023133.456264407
              ],
              [
                684453.4355122277,
                7023131.210260159
              ],
              [
                684454.8693735558,
                7023129.267068216
              ],
              [
                684456.4753742685,
                7023126.854854626
              ],
              [
                684457.715056927,
                7023124.782382636
              ],
              [
                684459.0808222787,
                7023122.226468389
              ],
              [
                684460.1147586337,
                7023120.044054851
              ],
              [
                684461.227544505,
                7023117.368289489
              ],
              [
                684462.0460867669,
                7023115.096298776
              ],
              [
                684462.8955096109,
                7023112.325650205
              ],
              [
                684463.4910198593,
                7023109.985282545
              ],
              [
                684464.0691536043,
                7023107.145604036
              ],
              [
                684464.4360750586,
                7023104.758697694
              ],
              [
                684464.7375250672,
                7023101.87648664
              ],
              [
                684464.8724339374,
                7023099.465314138
              ],
              [
                684464.918421785,
                7023098.01665471
              ],
              [
                684465.0359721995,
                7023082.5
              ],
              [
                684461.5,
                7023082.5
              ]
            ],
            [
              [
                684449.5,
                7023106.5
              ],
              [
                684457.5,
                7023106.5
              ],
              [
                684457.5,
                7023118.5
              ],
              [
                684449.5,
                7023118.5
              ],
              [
                684449.5,
                7023106.5
              ]
            ]
          ],
          [
            [
              [
                684469.5,
                7023042.5
              ],
              [
                684469.5,
                7023054.5
              ],
              [
                684470.4390469315,
                7023054.5
              ],
              [
                684470.780005109,
                7023054.059170367
              ],
              [
                684472.18777907,
                7023052.041121567
              ],
              [
                684473.7558883708,
                7023049.539263251
              ],
              [
                684474.9584633675,
                7023047.392600291
              ],
              [
                684476.2730371495,
                7023044.748709681
              ],
              [
                684477.2562398476,
                7023042.5
              ],
              [
                684469.5,
                7023042.5
              ]
            ]
          ]
        ]
      },
      "properties": {
        "tile": "l0/10/7",
        "cellMetres": 4,
        "role": "eligible-measured-woodland",
        "mode": "before"
      }
    },
    {
      "type": "Feature",
      "geometry": {
        "type": "Polygon",
        "coordinates": [
          [
            [
              684465.5,
              7023026.5
            ],
            [
              684465.5,
              7023030.5
            ],
            [
              684469.5,
              7023030.5
            ],
            [
              684469.5,
              7023038.5
            ],
            [
              684478.7073942182,
              7023038.5
            ],
            [
              684479.0663977275,
              7023037.393452595
            ],
            [
              684479.8382771577,
              7023034.543458922
            ],
            [
              684480.3638544013,
              7023032.139687501
            ],
            [
              684480.8518320555,
              7023029.227619567
            ],
            [
              684481.1385655086,
              7023026.783824892
            ],
            [
              684481.1648033288,
              7023026.5
            ],
            [
              684465.5,
              7023026.5
            ]
          ]
        ]
      },
      "properties": {
        "tile": "l0/10/7",
        "cellMetres": 4,
        "role": "eligible-measured-woodland",
        "mode": "before"
      }
    },
    {
      "type": "Feature",
      "geometry": {
        "type": "Polygon",
        "coordinates": [
          [
            [
              684437.5,
              7023006.5
            ],
            [
              684437.5,
              7023002.5
            ],
            [
              684433.5,
              7023002.5
            ],
            [
              684433.5,
              7023006.5
            ],
            [
              684437.5,
              7023006.5
            ]
          ]
        ]
      },
      "properties": {
        "tile": "l0/10/7",
        "cellMetres": 4,
        "role": "eligible-measured-woodland",
        "mode": "before"
      }
    },
    {
      "type": "Feature",
      "geometry": {
        "type": "Polygon",
        "coordinates": [
          [
            [
              683709.5,
              7023002.5
            ],
            [
              683709.5,
              7022998.5
            ],
            [
              683705.5,
              7022998.5
            ],
            [
              683705.5,
              7023002.5
            ],
            [
              683709.5,
              7023002.5
            ]
          ]
        ]
      },
      "properties": {
        "tile": "l0/7/8",
        "cellMetres": 4,
        "role": "eligible-measured-woodland",
        "mode": "before"
      }
    },
    {
      "type": "Feature",
      "geometry": {
        "type": "Polygon",
        "coordinates": [
          [
            [
              683837.5,
              7022994.5
            ],
            [
              683837.5,
              7022986.5
            ],
            [
              683849.5,
              7022986.5
            ],
            [
              683849.5,
              7022978.5
            ],
            [
              683833.5,
              7022978.5
            ],
            [
              683833.5,
              7022982.5
            ],
            [
              683829.5,
              7022982.5
            ],
            [
              683829.5,
              7022990.5
            ],
            [
              683833.5,
              7022990.5
            ],
            [
              683833.5,
              7022994.5
            ],
            [
              683837.5,
              7022994.5
            ]
          ]
        ]
      },
      "properties": {
        "tile": "l0/7/8",
        "cellMetres": 4,
        "role": "eligible-measured-woodland",
        "mode": "before"
      }
    },
    {
      "type": "Feature",
      "geometry": {
        "type": "Polygon",
        "coordinates": [
          [
            [
              683697.5,
              7022982.5
            ],
            [
              683697.5,
              7022978.5
            ],
            [
              683693.5,
              7022978.5
            ],
            [
              683693.5,
              7022982.5
            ],
            [
              683697.5,
              7022982.5
            ]
          ]
        ]
      },
      "properties": {
        "tile": "l0/7/8",
        "cellMetres": 4,
        "role": "eligible-measured-woodland",
        "mode": "before"
      }
    },
    {
      "type": "Feature",
      "geometry": {
        "type": "Polygon",
        "coordinates": [
          [
            [
              683729.5,
              7022986.5
            ],
            [
              683725.5,
              7022986.5
            ],
            [
              683725.5,
              7022990.5
            ],
            [
              683721.5,
              7022990.5
            ],
            [
              683721.5,
              7022994.5
            ],
            [
              683713.5,
              7022994.5
            ],
            [
              683713.5,
              7023002.5
            ],
            [
              683773.5,
              7023002.5
            ],
            [
              683773.5,
              7022998.5
            ],
            [
              683769.5,
              7022998.5
            ],
            [
              683769.5,
              7022994.5
            ],
            [
              683765.5,
              7022994.5
            ],
            [
              683765.5,
              7022986.5
            ],
            [
              683761.5,
              7022986.5
            ],
            [
              683761.5,
              7022985.16253206
            ],
            [
              683748.6406667274,
              7022997.178736696
            ],
            [
              683748.3540348217,
              7022996.906309127
            ],
            [
              683746.390750929,
              7022995.196191226
            ],
            [
              683745.3905479595,
              7022994.362441065
            ],
            [
              683742.2605479595,
              7022991.8664410645
            ],
            [
              683741.1957805714,
              7022991.055534033
            ],
            [
              683739.0311373055,
              7022989.482017768
            ],
            [
              683736.7984661707,
              7022988.006614937
            ],
            [
              683734.502210927,
              7022986.632262086
            ],
            [
              683733.3387509403,
              7022985.97070283
            ],
            [
              683730.0947509403,
              7022984.22070283
            ],
            [
              683729.5,
              7022983.919540305
            ],
            [
              683729.5,
              7022986.5
            ]
          ]
        ]
      },
      "properties": {
        "tile": "l0/7/8",
        "cellMetres": 4,
        "role": "eligible-measured-woodland",
        "mode": "before"
      }
    },
    {
      "type": "Feature",
      "geometry": {
        "type": "Polygon",
        "coordinates": [
          [
            [
              683701.5,
              7022982.5
            ],
            [
              683697.5,
              7022982.5
            ],
            [
              683697.5,
              7022986.5
            ],
            [
              683693.5,
              7022986.5
            ],
            [
              683693.5,
              7022990.5
            ],
            [
              683697.5,
              7022990.5
            ],
            [
              683697.5,
              7022994.5
            ],
            [
              683705.5,
              7022994.5
            ],
            [
              683705.5,
              7022986.5
            ],
            [
              683709.5,
              7022986.5
            ],
            [
              683709.5,
              7022990.5
            ],
            [
              683713.5,
              7022990.5
            ],
            [
              683713.5,
              7022986.5
            ],
            [
              683717.5,
              7022986.5
            ],
            [
              683717.5,
              7022982.5
            ],
            [
              683725.5,
              7022982.5
            ],
            [
              683725.5,
              7022982.021446226
            ],
            [
              683723.0059897865,
              7022980.994010816
            ],
            [
              683720.066430422,
              7022979.958127661
            ],
            [
              683717.077030101,
              7022979.076340371
            ],
            [
              683714.0458607029,
              7022978.351029919
            ],
            [
              683712.5208504547,
              7022978.027765301
            ],
            [
              683709.1418504547,
              7022977.402765301
            ],
            [
              683707.5926731897,
              7022977.157914032
            ],
            [
              683704.4836392702,
              7022976.749509814
            ],
            [
              683701.5,
              7022976.515332878
            ],
            [
              683701.5,
              7022982.5
            ]
          ]
        ]
      },
      "properties": {
        "tile": "l0/7/8",
        "cellMetres": 4,
        "role": "eligible-measured-woodland",
        "mode": "before"
      }
    },
    {
      "type": "Feature",
      "geometry": {
        "type": "Polygon",
        "coordinates": [
          [
            [
              683877.5,
              7022946.5
            ],
            [
              683877.5,
              7022942.5
            ],
            [
              683873.5,
              7022942.5
            ],
            [
              683873.5,
              7022946.5
            ],
            [
              683877.5,
              7022946.5
            ]
          ]
        ]
      },
      "properties": {
        "tile": "l0/7/8",
        "cellMetres": 4,
        "role": "eligible-measured-woodland",
        "mode": "before"
      }
    },
    {
      "type": "Feature",
      "geometry": {
        "type": "Polygon",
        "coordinates": [
          [
            [
              683909.5,
              7022886.5
            ],
            [
              683909.5,
              7022878.5
            ],
            [
              683905.5,
              7022878.5
            ],
            [
              683905.5,
              7022886.5
            ],
            [
              683909.5,
              7022886.5
            ]
          ]
        ]
      },
      "properties": {
        "tile": "l0/7/8",
        "cellMetres": 4,
        "role": "eligible-measured-woodland",
        "mode": "before"
      }
    },
    {
      "type": "Feature",
      "geometry": {
        "type": "Polygon",
        "coordinates": [
          [
            [
              683909.5,
              7022874.5
            ],
            [
              683909.5,
              7022862.5
            ],
            [
              683905.5,
              7022862.5
            ],
            [
              683905.5,
              7022866.5
            ],
            [
              683901.5,
              7022866.5
            ],
            [
              683901.5,
              7022874.5
            ],
            [
              683909.5,
              7022874.5
            ]
          ]
        ]
      },
      "properties": {
        "tile": "l0/7/8",
        "cellMetres": 4,
        "role": "eligible-measured-woodland",
        "mode": "before"
      }
    },
    {
      "type": "Feature",
      "geometry": {
        "type": "Polygon",
        "coordinates": [
          [
            [
              683909.5,
              7022858.5
            ],
            [
              683909.5,
              7022842.5
            ],
            [
              683905.5,
              7022842.5
            ],
            [
              683905.5,
              7022846.5
            ],
            [
              683901.5,
              7022846.5
            ],
            [
              683901.5,
              7022850.5
            ],
            [
              683897.5,
              7022850.5
            ],
            [
              683897.5,
              7022858.5
            ],
            [
              683909.5,
              7022858.5
            ]
          ]
        ]
      },
      "properties": {
        "tile": "l0/7/8",
        "cellMetres": 4,
        "role": "eligible-measured-woodland",
        "mode": "before"
      }
    },
    {
      "type": "Feature",
      "geometry": {
        "type": "MultiPolygon",
        "coordinates": [
          [
            [
              [
                683773.5,
                7022974.5
              ],
              [
                683773.5,
                7022982.5
              ],
              [
                683777.5,
                7022982.5
              ],
              [
                683777.5,
                7022986.5
              ],
              [
                683781.5,
                7022986.5
              ],
              [
                683781.5,
                7022990.5
              ],
              [
                683789.5,
                7022990.5
              ],
              [
                683789.5,
                7022994.5
              ],
              [
                683797.5,
                7022994.5
              ],
              [
                683797.5,
                7022998.5
              ],
              [
                683801.5,
                7022998.5
              ],
              [
                683801.5,
                7022994.5
              ],
              [
                683809.5,
                7022994.5
              ],
              [
                683809.5,
                7022990.5
              ],
              [
                683813.5,
                7022990.5
              ],
              [
                683813.5,
                7022986.5
              ],
              [
                683817.5,
                7022986.5
              ],
              [
                683817.5,
                7022982.5
              ],
              [
                683821.5,
                7022982.5
              ],
              [
                683821.5,
                7022970.5
              ],
              [
                683825.5,
                7022970.5
              ],
              [
                683825.5,
                7022966.5
              ],
              [
                683829.5,
                7022966.5
              ],
              [
                683829.5,
                7022962.5
              ],
              [
                683853.5,
                7022962.5
              ],
              [
                683853.5,
                7022966.5
              ],
              [
                683861.5,
                7022966.5
              ],
              [
                683861.5,
                7022962.5
              ],
              [
                683857.5,
                7022962.5
              ],
              [
                683857.5,
                7022958.5
              ],
              [
                683861.5,
                7022958.5
              ],
              [
                683861.5,
                7022950.5
              ],
              [
                683869.5,
                7022950.5
              ],
              [
                683869.5,
                7022942.5
              ],
              [
                683873.5,
                7022942.5
              ],
              [
                683873.5,
                7022938.5
              ],
              [
                683869.5,
                7022938.5
              ],
              [
                683869.5,
                7022934.5
              ],
              [
                683873.5,
                7022934.5
              ],
              [
                683873.5,
                7022926.5
              ],
              [
                683885.5,
                7022926.5
              ],
              [
                683885.5,
                7022930.5
              ],
              [
                683881.5,
                7022930.5
              ],
              [
                683881.5,
                7022934.5
              ],
              [
                683885.5,
                7022934.5
              ],
              [
                683885.5,
                7022938.5
              ],
              [
                683897.5,
                7022938.5
              ],
              [
                683897.5,
                7022942.5
              ],
              [
                683893.5,
                7022942.5
              ],
              [
                683893.5,
                7022946.5
              ],
              [
                683897.5,
                7022946.5
              ],
              [
                683897.5,
                7022950.5
              ],
              [
                683901.5,
                7022950.5
              ],
              [
                683901.5,
                7022946.5
              ],
              [
                683905.5,
                7022946.5
              ],
              [
                683905.5,
                7022938.5
              ],
              [
                683909.5,
                7022938.5
              ],
              [
                683909.5,
                7022906.5
              ],
              [
                683905.5,
                7022906.5
              ],
              [
                683905.5,
                7022898.5
              ],
              [
                683897.5,
                7022898.5
              ],
              [
                683897.5,
                7022890.5
              ],
              [
                683901.5,
                7022890.5
              ],
              [
                683901.5,
                7022886.5
              ],
              [
                683897.5,
                7022886.5
              ],
              [
                683897.5,
                7022874.5
              ],
              [
                683893.5,
                7022874.5
              ],
              [
                683893.5,
                7022862.5
              ],
              [
                683889.5,
                7022862.5
              ],
              [
                683889.5,
                7022850.5
              ],
              [
                683885.5,
                7022850.5
              ],
              [
                683885.5,
                7022838.5
              ],
              [
                683881.5,
                7022838.5
              ],
              [
                683881.5,
                7022826.5
              ],
              [
                683877.5,
                7022826.5
              ],
              [
                683877.5,
                7022814.5
              ],
              [
                683873.5,
                7022814.5
              ],
              [
                683873.5,
                7022802.5
              ],
              [
                683869.5,
                7022802.5
              ],
              [
                683869.5,
                7022790.5
              ],
              [
                683865.5,
                7022790.5
              ],
              [
                683865.5,
                7022770.5
              ],
              [
                683861.5,
                7022770.5
              ],
              [
                683861.5,
                7022750.5
              ],
              [
                683857.5,
                7022750.5
              ],
              [
                683857.5,
                7022746.5
              ],
              [
                683805.5652299861,
                7022746.5
              ],
              [
                683805.7349654505,
                7022747.0434607435
              ],
              [
                683858.5582032669,
                7022894.431562332
              ],
              [
                683858.2674414659,
                7022894.5
              ],
              [
                683869.5,
                7022894.5
              ],
              [
                683869.5,
                7022890.5
              ],
              [
                683881.5,
                7022890.5
              ],
              [
                683881.5,
                7022886.5
              ],
              [
                683889.5,
                7022886.5
              ],
              [
                683889.5,
                7022894.5
              ],
              [
                683877.5,
                7022894.5
              ],
              [
                683877.5,
                7022898.5
              ],
              [
                683865.5,
                7022898.5
              ],
              [
                683865.5,
                7022902.5
              ],
              [
                683857.5,
                7022902.5
              ],
              [
                683857.5,
                7022906.5
              ],
              [
                683845.5,
                7022906.5
              ],
              [
                683845.5,
                7022910.5
              ],
              [
                683841.5,
                7022910.5
              ],
              [
                683841.5,
                7022914.5
              ],
              [
                683837.5,
                7022914.5
              ],
              [
                683837.5,
                7022918.5
              ],
              [
                683833.5,
                7022918.5
              ],
              [
                683833.5,
                7022922.5
              ],
              [
                683837.5,
                7022922.5
              ],
              [
                683837.5,
                7022930.5
              ],
              [
                683829.5,
                7022930.5
              ],
              [
                683829.5,
                7022926.5
              ],
              [
                683825.5,
                7022926.5
              ],
              [
                683825.5,
                7022930.5
              ],
              [
                683821.5,
                7022930.5
              ],
              [
                683821.5,
                7022934.5
              ],
              [
                683817.5,
                7022934.5
              ],
              [
                683817.5,
                7022938.5
              ],
              [
                683813.5,
                7022938.5
              ],
              [
                683813.5,
                7022942.5
              ],
              [
                683809.5,
                7022942.5
              ],
              [
                683809.5,
                7022946.5
              ],
              [
                683805.5,
                7022946.5
              ],
              [
                683805.5,
                7022950.5
              ],
              [
                683801.5,
                7022950.5
              ],
              [
                683801.5,
                7022958.5
              ],
              [
                683797.5,
                7022958.5
              ],
              [
                683797.5,
                7022962.5
              ],
              [
                683793.5,
                7022962.5
              ],
              [
                683793.5,
                7022966.5
              ],
              [
                683797.5,
                7022966.5
              ],
              [
                683797.5,
                7022970.5
              ],
              [
                683793.5,
                7022970.5
              ],
              [
                683793.5,
                7022974.5
              ],
              [
                683785.5,
                7022974.5
              ],
              [
                683785.5,
                7022966.5
              ],
              [
                683781.4720066998,
                7022966.5
              ],
              [
                683777.5,
                7022970.211580087
              ],
              [
                683777.5,
                7022970.5
              ],
              [
                683777.1913428253,
                7022970.5
              ],
              [
                683772.9106789508,
                7022974.5
              ],
              [
                683773.5,
                7022974.5
              ]
            ],
            [
              [
                683881.5,
                7022898.5
              ],
              [
                683881.5,
                7022902.5
              ],
              [
                683877.5,
                7022902.5
              ],
              [
                683877.5,
                7022898.5
              ],
              [
                683881.5,
                7022898.5
              ]
            ],
            [
              [
                683781.5,
                7022970.5
              ],
              [
                683781.5,
                7022974.5
              ],
              [
                683777.5,
                7022974.5
              ],
              [
                683777.5,
                7022970.5
              ],
              [
                683781.5,
                7022970.5
              ]
            ],
            [
              [
                683813.5,
                7022950.5
              ],
              [
                683817.5,
                7022950.5
              ],
              [
                683817.5,
                7022954.5
              ],
              [
                683813.5,
                7022954.5
              ],
              [
                683813.5,
                7022950.5
              ]
            ],
            [
              [
                683849.5,
                7022910.5
              ],
              [
                683853.5,
                7022910.5
              ],
              [
                683853.5,
                7022914.5
              ],
              [
                683849.5,
                7022914.5
              ],
              [
                683849.5,
                7022910.5
              ]
            ]
          ],
          [
            [
              [
                683857.5,
                7022898.5
              ],
              [
                683857.5,
                7022894.680635503
              ],
              [
                683856.7360801861,
                7022894.8604421
              ],
              [
                683853.4353479681,
                7022895.810487614
              ],
              [
                683850.6495138443,
                7022896.762653666
              ],
              [
                683847.4577962984,
                7022898.031652783
              ],
              [
                683846.429856709,
                7022898.5
              ],
              [
                683857.5,
                7022898.5
              ]
            ]
          ],
          [
            [
              [
                683821.5,
                7022918.5
              ],
              [
                683825.5,
                7022918.5
              ],
              [
                683825.5,
                7022914.5
              ],
              [
                683829.5,
                7022914.5
              ],
              [
                683829.5,
                7022910.5
              ],
              [
                683833.5,
                7022910.5
              ],
              [
                683833.5,
                7022906.5
              ],
              [
                683841.5,
                7022906.5
              ],
              [
                683841.5,
                7022902.5
              ],
              [
                683845.5,
                7022902.5
              ],
              [
                683845.5,
                7022898.923658945
              ],
              [
                683844.7787053059,
                7022899.252293396
              ],
              [
                683844.7627284316,
                7022899.260542267
              ],
              [
                683842.5767822478,
                7022900.076957647
              ],
              [
                683839.8781403553,
                7022901.2384239165
              ],
              [
                683837.2396082199,
                7022902.530639115
              ],
              [
                683834.6675160103,
                7022903.950503055
              ],
              [
                683832.1680344978,
                7022905.494609307
              ],
              [
                683829.7471602587,
                7022907.15925336
              ],
              [
                683827.4107012626,
                7022908.940441532
              ],
              [
                683825.1642629654,
                7022910.833900534
              ],
              [
                683823.0132348723,
                7022912.8350877045
              ],
              [
                683821.5,
                7022914.387921326
              ],
              [
                683821.5,
                7022918.5
              ]
            ]
          ]
        ]
      },
      "properties": {
        "tile": "l0/7/8",
        "cellMetres": 4,
        "role": "eligible-measured-woodland",
        "mode": "before"
      }
    },
    {
      "type": "Feature",
      "geometry": {
        "type": "MultiPolygon",
        "coordinates": [
          [
            [
              [
                683813.5,
                7022930.5
              ],
              [
                683813.5,
                7022926.5
              ],
              [
                683817.5,
                7022926.5
              ],
              [
                683817.5,
                7022919.039348113
              ],
              [
                683817.1829994207,
                7022919.435784708
              ],
              [
                683815.4627467517,
                7022921.817465355
              ],
              [
                683813.8611794361,
                7022924.280523222
              ],
              [
                683812.3821398305,
                7022926.819049131
              ],
              [
                683811.0291763367,
                7022929.426952842
              ],
              [
                683810.5375953632,
                7022930.5
              ],
              [
                683813.5,
                7022930.5
              ]
            ]
          ],
          [
            [
              [
                683809.5,
                7022938.5
              ],
              [
                683809.5,
                7022932.8616128815
              ],
              [
                683808.7141511557,
                7022934.825715449
              ],
              [
                683807.7576435003,
                7022937.6036220435
              ],
              [
                683807.4973356328,
                7022938.5
              ],
              [
                683809.5,
                7022938.5
              ]
            ]
          ]
        ]
      },
      "properties": {
        "tile": "l0/7/8",
        "cellMetres": 4,
        "role": "eligible-measured-woodland",
        "mode": "before"
      }
    },
    {
      "type": "Feature",
      "geometry": {
        "type": "Polygon",
        "coordinates": [
          [
            [
              683905.5,
              7022842.5
            ],
            [
              683905.5,
              7022822.5
            ],
            [
              683901.5,
              7022822.5
            ],
            [
              683901.5,
              7022798.5
            ],
            [
              683897.5,
              7022798.5
            ],
            [
              683897.5,
              7022794.5
            ],
            [
              683901.5,
              7022794.5
            ],
            [
              683901.5,
              7022790.5
            ],
            [
              683897.5,
              7022790.5
            ],
            [
              683897.5,
              7022758.5
            ],
            [
              683893.5,
              7022758.5
            ],
            [
              683893.5,
              7022754.5
            ],
            [
              683885.5,
              7022754.5
            ],
            [
              683885.5,
              7022750.5
            ],
            [
              683877.5,
              7022750.5
            ],
            [
              683877.5,
              7022746.5
            ],
            [
              683865.5,
              7022746.5
            ],
            [
              683865.5,
              7022754.5
            ],
            [
              683869.5,
              7022754.5
            ],
            [
              683869.5,
              7022774.5
            ],
            [
              683873.5,
              7022774.5
            ],
            [
              683873.5,
              7022786.5
            ],
            [
              683877.5,
              7022786.5
            ],
            [
              683877.5,
              7022802.5
            ],
            [
              683881.5,
              7022802.5
            ],
            [
              683881.5,
              7022814.5
            ],
            [
              683885.5,
              7022814.5
            ],
            [
              683885.5,
              7022826.5
            ],
            [
              683889.5,
              7022826.5
            ],
            [
              683889.5,
              7022830.5
            ],
            [
              683893.5,
              7022830.5
            ],
            [
              683893.5,
              7022842.5
            ],
            [
              683905.5,
              7022842.5
            ]
          ]
        ]
      },
      "properties": {
        "tile": "l0/7/8",
        "cellMetres": 4,
        "role": "eligible-measured-woodland",
        "mode": "before"
      }
    },
    {
      "type": "Feature",
      "geometry": {
        "type": "Polygon",
        "coordinates": [
          [
            [
              684057.5,
              7022986.5
            ],
            [
              684057.5,
              7022982.5
            ],
            [
              684053.5,
              7022982.5
            ],
            [
              684053.5,
              7022986.5
            ],
            [
              684057.5,
              7022986.5
            ]
          ]
        ]
      },
      "properties": {
        "tile": "l0/8/8",
        "cellMetres": 4,
        "role": "eligible-measured-woodland",
        "mode": "before"
      }
    },
    {
      "type": "Feature",
      "geometry": {
        "type": "Polygon",
        "coordinates": [
          [
            [
              684141.5,
              7022990.5
            ],
            [
              684141.5,
              7022986.5
            ],
            [
              684145.5,
              7022986.5
            ],
            [
              684145.5,
              7022974.5
            ],
            [
              684125.5,
              7022974.5
            ],
            [
              684125.5,
              7022978.5
            ],
            [
              684121.5,
              7022978.5
            ],
            [
              684121.5,
              7022986.5
            ],
            [
              684129.5,
              7022986.5
            ],
            [
              684129.5,
              7022990.5
            ],
            [
              684141.5,
              7022990.5
            ]
          ]
        ]
      },
      "properties": {
        "tile": "l0/8/8",
        "cellMetres": 4,
        "role": "eligible-measured-woodland",
        "mode": "before"
      }
    },
    {
      "type": "Feature",
      "geometry": {
        "type": "Polygon",
        "coordinates": [
          [
            [
              684145.5,
              7022970.5
            ],
            [
              684145.5,
              7022966.5
            ],
            [
              684149.5,
              7022966.5
            ],
            [
              684149.5,
              7022962.5
            ],
            [
              684145.5,
              7022962.5
            ],
            [
              684145.5,
              7022958.5
            ],
            [
              684137.5,
              7022958.5
            ],
            [
              684137.5,
              7022970.5
            ],
            [
              684145.5,
              7022970.5
            ]
          ]
        ]
      },
      "properties": {
        "tile": "l0/8/8",
        "cellMetres": 4,
        "role": "eligible-measured-woodland",
        "mode": "before"
      }
    },
    {
      "type": "Feature",
      "geometry": {
        "type": "Polygon",
        "coordinates": [
          [
            [
              684149.5,
              7022942.5
            ],
            [
              684149.5,
              7022934.5
            ],
            [
              684137.5,
              7022934.5
            ],
            [
              684137.5,
              7022942.5
            ],
            [
              684149.5,
              7022942.5
            ]
          ]
        ]
      },
      "properties": {
        "tile": "l0/8/8",
        "cellMetres": 4,
        "role": "eligible-measured-woodland",
        "mode": "before"
      }
    },
    {
      "type": "Feature",
      "geometry": {
        "type": "Polygon",
        "coordinates": [
          [
            [
              683913.5,
              7022926.5
            ],
            [
              683913.5,
              7022918.5
            ],
            [
              683909.5,
              7022918.5
            ],
            [
              683909.5,
              7022926.5
            ],
            [
              683913.5,
              7022926.5
            ]
          ]
        ]
      },
      "properties": {
        "tile": "l0/8/8",
        "cellMetres": 4,
        "role": "eligible-measured-woodland",
        "mode": "before"
      }
    },
    {
      "type": "Feature",
      "geometry": {
        "type": "Polygon",
        "coordinates": [
          [
            [
              683949.5,
              7022970.5
            ],
            [
              683953.5,
              7022970.5
            ],
            [
              683953.5,
              7022966.5
            ],
            [
              683957.5,
              7022966.5
            ],
            [
              683957.5,
              7022958.5
            ],
            [
              683965.5,
              7022958.5
            ],
            [
              683965.5,
              7022962.5
            ],
            [
              683969.5,
              7022962.5
            ],
            [
              683969.5,
              7022970.5
            ],
            [
              683973.5,
              7022970.5
            ],
            [
              683973.5,
              7022974.5
            ],
            [
              683985.5,
              7022974.5
            ],
            [
              683985.5,
              7022970.5
            ],
            [
              683989.5,
              7022970.5
            ],
            [
              683989.5,
              7022974.5
            ],
            [
              684013.5,
              7022974.5
            ],
            [
              684013.5,
              7022978.5
            ],
            [
              684017.5,
              7022978.5
            ],
            [
              684017.5,
              7022982.5
            ],
            [
              684021.5,
              7022982.5
            ],
            [
              684021.5,
              7022978.5
            ],
            [
              684029.5,
              7022978.5
            ],
            [
              684029.5,
              7022974.5
            ],
            [
              684037.5,
              7022974.5
            ],
            [
              684037.5,
              7022982.5
            ],
            [
              684045.5,
              7022982.5
            ],
            [
              684045.5,
              7022978.5
            ],
            [
              684049.5,
              7022978.5
            ],
            [
              684049.5,
              7022974.5
            ],
            [
              684045.5,
              7022974.5
            ],
            [
              684045.5,
              7022962.5
            ],
            [
              684053.5,
              7022962.5
            ],
            [
              684053.5,
              7022966.5
            ],
            [
              684057.5,
              7022966.5
            ],
            [
              684057.5,
              7022974.5
            ],
            [
              684061.5,
              7022974.5
            ],
            [
              684061.5,
              7022978.5
            ],
            [
              684077.5,
              7022978.5
            ],
            [
              684077.5,
              7022974.5
            ],
            [
              684089.5,
              7022974.5
            ],
            [
              684089.5,
              7022978.5
            ],
            [
              684093.5,
              7022978.5
            ],
            [
              684093.5,
              7022982.5
            ],
            [
              684101.5,
              7022982.5
            ],
            [
              684101.5,
              7022986.5
            ],
            [
              684117.5,
              7022986.5
            ],
            [
              684117.5,
              7022974.5
            ],
            [
              684105.5,
              7022974.5
            ],
            [
              684105.5,
              7022966.5
            ],
            [
              684113.5,
              7022966.5
            ],
            [
              684113.5,
              7022962.5
            ],
            [
              684133.5,
              7022962.5
            ],
            [
              684133.5,
              7022958.5
            ],
            [
              684137.5,
              7022958.5
            ],
            [
              684137.5,
              7022954.5
            ],
            [
              684133.5,
              7022954.5
            ],
            [
              684133.5,
              7022950.5
            ],
            [
              684129.5,
              7022950.5
            ],
            [
              684129.5,
              7022942.5
            ],
            [
              684125.5,
              7022942.5
            ],
            [
              684125.5,
              7022934.5
            ],
            [
              684113.5,
              7022934.5
            ],
            [
              684113.5,
              7022930.5
            ],
            [
              684101.5,
              7022930.5
            ],
            [
              684101.5,
              7022926.5
            ],
            [
              684109.5,
              7022926.5
            ],
            [
              684109.5,
              7022918.5
            ],
            [
              684113.5,
              7022918.5
            ],
            [
              684113.5,
              7022922.5
            ],
            [
              684117.5,
              7022922.5
            ],
            [
              684117.5,
              7022930.5
            ],
            [
              684121.5,
              7022930.5
            ],
            [
              684121.5,
              7022926.5
            ],
            [
              684125.5,
              7022926.5
            ],
            [
              684125.5,
              7022922.5
            ],
            [
              684121.5,
              7022922.5
            ],
            [
              684121.5,
              7022910.5
            ],
            [
              684117.5,
              7022910.5
            ],
            [
              684117.5,
              7022906.5
            ],
            [
              684105.5,
              7022906.5
            ],
            [
              684105.5,
              7022910.5
            ],
            [
              684081.5,
              7022910.5
            ],
            [
              684081.5,
              7022914.5
            ],
            [
              684061.5,
              7022914.5
            ],
            [
              684061.5,
              7022918.5
            ],
            [
              684057.5,
              7022918.5
            ],
            [
              684057.5,
              7022914.5
            ],
            [
              684053.5,
              7022914.5
            ],
            [
              684053.5,
              7022918.5
            ],
            [
              684025.5,
              7022918.5
            ],
            [
              684025.5,
              7022922.5
            ],
            [
              683993.5,
              7022922.5
            ],
            [
              683993.5,
              7022926.5
            ],
            [
              683933.5,
              7022926.5
            ],
            [
              683933.5,
              7022934.5
            ],
            [
              683929.5,
              7022934.5
            ],
            [
              683929.5,
              7022918.5
            ],
            [
              683925.5,
              7022918.5
            ],
            [
              683925.5,
              7022922.5
            ],
            [
              683921.5,
              7022922.5
            ],
            [
              683921.5,
              7022934.5
            ],
            [
              683925.5,
              7022934.5
            ],
            [
              683925.5,
              7022938.5
            ],
            [
              683921.5,
              7022938.5
            ],
            [
              683921.5,
              7022950.5
            ],
            [
              683941.5,
              7022950.5
            ],
            [
              683941.5,
              7022954.5
            ],
            [
              683937.5,
              7022954.5
            ],
            [
              683937.5,
              7022962.5
            ],
            [
              683949.5,
              7022962.5
            ],
            [
              683949.5,
              7022970.5
            ]
          ],
          [
            [
              683949.5,
              7022958.5
            ],
            [
              683953.5,
              7022958.5
            ],
            [
              683953.5,
              7022962.5
            ],
            [
              683949.5,
              7022962.5
            ],
            [
              683949.5,
              7022958.5
            ]
          ],
          [
            [
              683945.5,
              7022958.5
            ],
            [
              683945.5,
              7022950.5
            ],
            [
              683949.5,
              7022950.5
            ],
            [
              683949.5,
              7022958.5
            ],
            [
              683945.5,
              7022958.5
            ]
          ]
        ]
      },
      "properties": {
        "tile": "l0/8/8",
        "cellMetres": 4,
        "role": "eligible-measured-woodland",
        "mode": "before"
      }
    },
    {
      "type": "Feature",
      "geometry": {
        "type": "Polygon",
        "coordinates": [
          [
            [
              683913.5,
              7022910.5
            ],
            [
              683913.5,
              7022906.5
            ],
            [
              683909.5,
              7022906.5
            ],
            [
              683909.5,
              7022910.5
            ],
            [
              683913.5,
              7022910.5
            ]
          ]
        ]
      },
      "properties": {
        "tile": "l0/8/8",
        "cellMetres": 4,
        "role": "eligible-measured-woodland",
        "mode": "before"
      }
    },
    {
      "type": "Feature",
      "geometry": {
        "type": "Polygon",
        "coordinates": [
          [
            [
              684165.5,
              7022930.5
            ],
            [
              684165.5,
              7022902.5
            ],
            [
              684137.5,
              7022902.5
            ],
            [
              684137.5,
              7022906.5
            ],
            [
              684129.5,
              7022906.5
            ],
            [
              684129.5,
              7022910.5
            ],
            [
              684125.5,
              7022910.5
            ],
            [
              684125.5,
              7022914.5
            ],
            [
              684129.5,
              7022914.5
            ],
            [
              684129.5,
              7022922.5
            ],
            [
              684133.5,
              7022922.5
            ],
            [
              684133.5,
              7022926.5
            ],
            [
              684149.5,
              7022926.5
            ],
            [
              684149.5,
              7022922.5
            ],
            [
              684157.5,
              7022922.5
            ],
            [
              684157.5,
              7022930.5
            ],
            [
              684165.5,
              7022930.5
            ]
          ],
          [
            [
              684149.5,
              7022914.5
            ],
            [
              684153.5,
              7022914.5
            ],
            [
              684153.5,
              7022918.5
            ],
            [
              684149.5,
              7022918.5
            ],
            [
              684149.5,
              7022914.5
            ]
          ]
        ]
      },
      "properties": {
        "tile": "l0/8/8",
        "cellMetres": 4,
        "role": "eligible-measured-woodland",
        "mode": "before"
      }
    },
    {
      "type": "Feature",
      "geometry": {
        "type": "Polygon",
        "coordinates": [
          [
            [
              683913.5,
              7022890.5
            ],
            [
              683913.5,
              7022886.5
            ],
            [
              683917.5,
              7022886.5
            ],
            [
              683917.5,
              7022878.5
            ],
            [
              683909.5,
              7022878.5
            ],
            [
              683909.5,
              7022890.5
            ],
            [
              683913.5,
              7022890.5
            ]
          ]
        ]
      },
      "properties": {
        "tile": "l0/8/8",
        "cellMetres": 4,
        "role": "eligible-measured-woodland",
        "mode": "before"
      }
    },
    {
      "type": "Feature",
      "geometry": {
        "type": "Polygon",
        "coordinates": [
          [
            [
              684141.5,
              7022898.5
            ],
            [
              684141.5,
              7022894.5
            ],
            [
              684161.5,
              7022894.5
            ],
            [
              684161.5,
              7022886.5
            ],
            [
              684165.5,
              7022886.5
            ],
            [
              684165.5,
              7022882.5
            ],
            [
              684161.5,
              7022882.5
            ],
            [
              684161.5,
              7022874.5
            ],
            [
              684149.5,
              7022874.5
            ],
            [
              684149.5,
              7022878.5
            ],
            [
              684137.5,
              7022878.5
            ],
            [
              684137.5,
              7022882.5
            ],
            [
              684133.5,
              7022882.5
            ],
            [
              684133.5,
              7022886.5
            ],
            [
              684129.5,
              7022886.5
            ],
            [
              684129.5,
              7022890.5
            ],
            [
              684125.5,
              7022890.5
            ],
            [
              684125.5,
              7022898.5
            ],
            [
              684141.5,
              7022898.5
            ]
          ]
        ]
      },
      "properties": {
        "tile": "l0/8/8",
        "cellMetres": 4,
        "role": "eligible-measured-woodland",
        "mode": "before"
      }
    },
    {
      "type": "Feature",
      "geometry": {
        "type": "Polygon",
        "coordinates": [
          [
            [
              683961.5,
              7022918.5
            ],
            [
              683961.5,
              7022910.5
            ],
            [
              683965.5,
              7022910.5
            ],
            [
              683965.5,
              7022914.5
            ],
            [
              683969.5,
              7022914.5
            ],
            [
              683969.5,
              7022918.5
            ],
            [
              683993.5,
              7022918.5
            ],
            [
              683993.5,
              7022914.5
            ],
            [
              684029.5,
              7022914.5
            ],
            [
              684029.5,
              7022910.5
            ],
            [
              684053.5,
              7022910.5
            ],
            [
              684053.5,
              7022906.5
            ],
            [
              684081.5,
              7022906.5
            ],
            [
              684081.5,
              7022902.5
            ],
            [
              684109.5,
              7022902.5
            ],
            [
              684109.5,
              7022898.5
            ],
            [
              684117.5,
              7022898.5
            ],
            [
              684117.5,
              7022890.5
            ],
            [
              684109.5,
              7022890.5
            ],
            [
              684109.5,
              7022886.5
            ],
            [
              684105.5,
              7022886.5
            ],
            [
              684105.5,
              7022890.5
            ],
            [
              684101.5,
              7022890.5
            ],
            [
              684101.5,
              7022898.5
            ],
            [
              684097.5,
              7022898.5
            ],
            [
              684097.5,
              7022894.5
            ],
            [
              684093.5,
              7022894.5
            ],
            [
              684093.5,
              7022890.5
            ],
            [
              684089.5,
              7022890.5
            ],
            [
              684089.5,
              7022894.5
            ],
            [
              684077.5,
              7022894.5
            ],
            [
              684077.5,
              7022890.5
            ],
            [
              684073.5,
              7022890.5
            ],
            [
              684073.5,
              7022886.5
            ],
            [
              684065.5,
              7022886.5
            ],
            [
              684065.5,
              7022882.5
            ],
            [
              684061.5,
              7022882.5
            ],
            [
              684061.5,
              7022878.5
            ],
            [
              684057.5,
              7022878.5
            ],
            [
              684057.5,
              7022874.5
            ],
            [
              684049.5,
              7022874.5
            ],
            [
              684049.5,
              7022870.5
            ],
            [
              684045.5,
              7022870.5
            ],
            [
              684045.5,
              7022866.5
            ],
            [
              684041.5,
              7022866.5
            ],
            [
              684041.5,
              7022862.5
            ],
            [
              684037.5,
              7022862.5
            ],
            [
              684037.5,
              7022866.5
            ],
            [
              684033.5,
              7022866.5
            ],
            [
              684033.5,
              7022870.5
            ],
            [
              684021.5,
              7022870.5
            ],
            [
              684021.5,
              7022874.5
            ],
            [
              684017.5,
              7022874.5
            ],
            [
              684017.5,
              7022878.5
            ],
            [
              684001.5,
              7022878.5
            ],
            [
              684001.5,
              7022882.5
            ],
            [
              684005.5,
              7022882.5
            ],
            [
              684005.5,
              7022890.5
            ],
            [
              684001.5,
              7022890.5
            ],
            [
              684001.5,
              7022886.5
            ],
            [
              683997.5,
              7022886.5
            ],
            [
              683997.5,
              7022890.5
            ],
            [
              683993.5,
              7022890.5
            ],
            [
              683993.5,
              7022894.5
            ],
            [
              683985.5,
              7022894.5
            ],
            [
              683985.5,
              7022898.5
            ],
            [
              683981.5,
              7022898.5
            ],
            [
              683981.5,
              7022902.5
            ],
            [
              683977.5,
              7022902.5
            ],
            [
              683977.5,
              7022906.5
            ],
            [
              683945.5,
              7022906.5
            ],
            [
              683945.5,
              7022918.5
            ],
            [
              683961.5,
              7022918.5
            ]
          ],
          [
            [
              684033.5,
              7022886.5
            ],
            [
              684037.5,
              7022886.5
            ],
            [
              684037.5,
              7022890.5
            ],
            [
              684033.5,
              7022890.5
            ],
            [
              684033.5,
              7022886.5
            ]
          ]
        ]
      },
      "properties": {
        "tile": "l0/8/8",
        "cellMetres": 4,
        "role": "eligible-measured-woodland",
        "mode": "before"
      }
    },
    {
      "type": "Feature",
      "geometry": {
        "type": "Polygon",
        "coordinates": [
          [
            [
              683913.5,
              7022874.5
            ],
            [
              683913.5,
              7022862.5
            ],
            [
              683909.5,
              7022862.5
            ],
            [
              683909.5,
              7022874.5
            ],
            [
              683913.5,
              7022874.5
            ]
          ]
        ]
      },
      "properties": {
        "tile": "l0/8/8",
        "cellMetres": 4,
        "role": "eligible-measured-woodland",
        "mode": "before"
      }
    },
    {
      "type": "Feature",
      "geometry": {
        "type": "Polygon",
        "coordinates": [
          [
            [
              683913.5,
              7022850.5
            ],
            [
              683913.5,
              7022842.5
            ],
            [
              683909.5,
              7022842.5
            ],
            [
              683909.5,
              7022850.5
            ],
            [
              683913.5,
              7022850.5
            ]
          ]
        ]
      },
      "properties": {
        "tile": "l0/8/8",
        "cellMetres": 4,
        "role": "eligible-measured-woodland",
        "mode": "before"
      }
    },
    {
      "type": "Feature",
      "geometry": {
        "type": "Polygon",
        "coordinates": [
          [
            [
              684065.5,
              7022842.5
            ],
            [
              684065.5,
              7022838.5
            ],
            [
              684061.5,
              7022838.5
            ],
            [
              684061.5,
              7022834.5
            ],
            [
              684057.5,
              7022834.5
            ],
            [
              684057.5,
              7022830.5
            ],
            [
              684053.5,
              7022830.5
            ],
            [
              684053.5,
              7022826.5
            ],
            [
              684049.5,
              7022826.5
            ],
            [
              684049.5,
              7022842.5
            ],
            [
              684065.5,
              7022842.5
            ]
          ]
        ]
      },
      "properties": {
        "tile": "l0/8/8",
        "cellMetres": 4,
        "role": "eligible-measured-woodland",
        "mode": "before"
      }
    },
    {
      "type": "Feature",
      "geometry": {
        "type": "Polygon",
        "coordinates": [
          [
            [
              684061.5,
              7022826.5
            ],
            [
              684061.5,
              7022822.5
            ],
            [
              684057.5,
              7022822.5
            ],
            [
              684057.5,
              7022826.5
            ],
            [
              684061.5,
              7022826.5
            ]
          ]
        ]
      },
      "properties": {
        "tile": "l0/8/8",
        "cellMetres": 4,
        "role": "eligible-measured-woodland",
        "mode": "before"
      }
    },
    {
      "type": "Feature",
      "geometry": {
        "type": "Polygon",
        "coordinates": [
          [
            [
              684045.5,
              7022850.5
            ],
            [
              684045.5,
              7022846.5
            ],
            [
              684041.5,
              7022846.5
            ],
            [
              684041.5,
              7022838.5
            ],
            [
              684037.5,
              7022838.5
            ],
            [
              684037.5,
              7022830.5
            ],
            [
              684033.5,
              7022830.5
            ],
            [
              684033.5,
              7022826.5
            ],
            [
              684029.5,
              7022826.5
            ],
            [
              684029.5,
              7022822.5
            ],
            [
              684025.5,
              7022822.5
            ],
            [
              684025.5,
              7022818.5
            ],
            [
              684017.5,
              7022818.5
            ],
            [
              684017.5,
              7022822.5
            ],
            [
              684021.5,
              7022822.5
            ],
            [
              684021.5,
              7022830.5
            ],
            [
              684025.5,
              7022830.5
            ],
            [
              684025.5,
              7022842.5
            ],
            [
              684029.5,
              7022842.5
            ],
            [
              684029.5,
              7022846.5
            ],
            [
              684037.5,
              7022846.5
            ],
            [
              684037.5,
              7022850.5
            ],
            [
              684045.5,
              7022850.5
            ]
          ]
        ]
      },
      "properties": {
        "tile": "l0/8/8",
        "cellMetres": 4,
        "role": "eligible-measured-woodland",
        "mode": "before"
      }
    },
    {
      "type": "Feature",
      "geometry": {
        "type": "Polygon",
        "coordinates": [
          [
            [
              684077.5,
              7022814.5
            ],
            [
              684077.5,
              7022810.5
            ],
            [
              684069.5,
              7022810.5
            ],
            [
              684069.5,
              7022814.5
            ],
            [
              684077.5,
              7022814.5
            ]
          ]
        ]
      },
      "properties": {
        "tile": "l0/8/8",
        "cellMetres": 4,
        "role": "eligible-measured-woodland",
        "mode": "before"
      }
    },
    {
      "type": "Feature",
      "geometry": {
        "type": "Polygon",
        "coordinates": [
          [
            [
              684097.5,
              7022818.5
            ],
            [
              684097.5,
              7022810.5
            ],
            [
              684093.5,
              7022810.5
            ],
            [
              684093.5,
              7022806.5
            ],
            [
              684085.5,
              7022806.5
            ],
            [
              684085.5,
              7022810.5
            ],
            [
              684089.5,
              7022810.5
            ],
            [
              684089.5,
              7022814.5
            ],
            [
              684093.5,
              7022814.5
            ],
            [
              684093.5,
              7022818.5
            ],
            [
              684097.5,
              7022818.5
            ]
          ]
        ]
      },
      "properties": {
        "tile": "l0/8/8",
        "cellMetres": 4,
        "role": "eligible-measured-woodland",
        "mode": "before"
      }
    },
    {
      "type": "Feature",
      "geometry": {
        "type": "Polygon",
        "coordinates": [
          [
            [
              684081.5,
              7022790.5
            ],
            [
              684081.5,
              7022778.5
            ],
            [
              684073.5,
              7022778.5
            ],
            [
              684073.5,
              7022782.5
            ],
            [
              684077.5,
              7022782.5
            ],
            [
              684077.5,
              7022790.5
            ],
            [
              684081.5,
              7022790.5
            ]
          ]
        ]
      },
      "properties": {
        "tile": "l0/8/8",
        "cellMetres": 4,
        "role": "eligible-measured-woodland",
        "mode": "before"
      }
    },
    {
      "type": "Feature",
      "geometry": {
        "type": "Polygon",
        "coordinates": [
          [
            [
              684073.5,
              7022778.5
            ],
            [
              684073.5,
              7022774.5
            ],
            [
              684069.5,
              7022774.5
            ],
            [
              684069.5,
              7022778.5
            ],
            [
              684073.5,
              7022778.5
            ]
          ]
        ]
      },
      "properties": {
        "tile": "l0/8/8",
        "cellMetres": 4,
        "role": "eligible-measured-woodland",
        "mode": "before"
      }
    },
    {
      "type": "Feature",
      "geometry": {
        "type": "Polygon",
        "coordinates": [
          [
            [
              683969.5,
              7022774.5
            ],
            [
              683969.5,
              7022766.5
            ],
            [
              683965.5,
              7022766.5
            ],
            [
              683965.5,
              7022774.5
            ],
            [
              683969.5,
              7022774.5
            ]
          ]
        ]
      },
      "properties": {
        "tile": "l0/8/8",
        "cellMetres": 4,
        "role": "eligible-measured-woodland",
        "mode": "before"
      }
    },
    {
      "type": "Feature",
      "geometry": {
        "type": "Polygon",
        "coordinates": [
          [
            [
              684121.5,
              7022818.5
            ],
            [
              684125.5,
              7022818.5
            ],
            [
              684125.5,
              7022822.5
            ],
            [
              684133.5,
              7022822.5
            ],
            [
              684133.5,
              7022826.5
            ],
            [
              684137.5,
              7022826.5
            ],
            [
              684137.5,
              7022822.5
            ],
            [
              684145.5,
              7022822.5
            ],
            [
              684145.5,
              7022826.5
            ],
            [
              684153.5,
              7022826.5
            ],
            [
              684153.5,
              7022814.5
            ],
            [
              684157.5,
              7022814.5
            ],
            [
              684157.5,
              7022806.5
            ],
            [
              684153.5,
              7022806.5
            ],
            [
              684153.5,
              7022794.5
            ],
            [
              684149.5,
              7022794.5
            ],
            [
              684149.5,
              7022786.5
            ],
            [
              684145.5,
              7022786.5
            ],
            [
              684145.5,
              7022778.5
            ],
            [
              684141.5,
              7022778.5
            ],
            [
              684141.5,
              7022766.5
            ],
            [
              684145.5,
              7022766.5
            ],
            [
              684145.5,
              7022754.5
            ],
            [
              684129.5,
              7022754.5
            ],
            [
              684129.5,
              7022762.5
            ],
            [
              684125.5,
              7022762.5
            ],
            [
              684125.5,
              7022770.5
            ],
            [
              684109.5,
              7022770.5
            ],
            [
              684109.5,
              7022766.5
            ],
            [
              684101.5,
              7022766.5
            ],
            [
              684101.5,
              7022774.5
            ],
            [
              684097.5,
              7022774.5
            ],
            [
              684097.5,
              7022766.5
            ],
            [
              684089.5,
              7022766.5
            ],
            [
              684089.5,
              7022770.5
            ],
            [
              684093.5,
              7022770.5
            ],
            [
              684093.5,
              7022774.5
            ],
            [
              684089.5,
              7022774.5
            ],
            [
              684089.5,
              7022782.5
            ],
            [
              684085.5,
              7022782.5
            ],
            [
              684085.5,
              7022790.5
            ],
            [
              684097.5,
              7022790.5
            ],
            [
              684097.5,
              7022798.5
            ],
            [
              684105.5,
              7022798.5
            ],
            [
              684105.5,
              7022802.5
            ],
            [
              684101.5,
              7022802.5
            ],
            [
              684101.5,
              7022806.5
            ],
            [
              684109.5,
              7022806.5
            ],
            [
              684109.5,
              7022810.5
            ],
            [
              684113.5,
              7022810.5
            ],
            [
              684113.5,
              7022814.5
            ],
            [
              684121.5,
              7022814.5
            ],
            [
              684121.5,
              7022818.5
            ]
          ],
          [
            [
              684105.5,
              7022774.5
            ],
            [
              684105.5,
              7022778.5
            ],
            [
              684101.5,
              7022778.5
            ],
            [
              684101.5,
              7022774.5
            ],
            [
              684105.5,
              7022774.5
            ]
          ],
          [
            [
              684121.5,
              7022806.5
            ],
            [
              684125.5,
              7022806.5
            ],
            [
              684125.5,
              7022814.5
            ],
            [
              684121.5,
              7022814.5
            ],
            [
              684121.5,
              7022806.5
            ]
          ],
          [
            [
              684113.5,
              7022778.5
            ],
            [
              684117.5,
              7022778.5
            ],
            [
              684117.5,
              7022782.5
            ],
            [
              684113.5,
              7022782.5
            ],
            [
              684113.5,
              7022778.5
            ]
          ],
          [
            [
              684133.5,
              7022758.5
            ],
            [
              684137.5,
              7022758.5
            ],
            [
              684137.5,
              7022766.5
            ],
            [
              684133.5,
              7022766.5
            ],
            [
              684133.5,
              7022758.5
            ]
          ]
        ]
      },
      "properties": {
        "tile": "l0/8/8",
        "cellMetres": 4,
        "role": "eligible-measured-woodland",
        "mode": "before"
      }
    },
    {
      "type": "Feature",
      "geometry": {
        "type": "Polygon",
        "coordinates": [
          [
            [
              684073.5,
              7022770.5
            ],
            [
              684073.5,
              7022762.5
            ],
            [
              684077.5,
              7022762.5
            ],
            [
              684077.5,
              7022758.5
            ],
            [
              684073.5,
              7022758.5
            ],
            [
              684073.5,
              7022754.5
            ],
            [
              684069.5,
              7022754.5
            ],
            [
              684069.5,
              7022758.5
            ],
            [
              684065.5,
              7022758.5
            ],
            [
              684065.5,
              7022754.5
            ],
            [
              684061.5,
              7022754.5
            ],
            [
              684061.5,
              7022750.5
            ],
            [
              684053.5,
              7022750.5
            ],
            [
              684053.5,
              7022762.5
            ],
            [
              684057.5,
              7022762.5
            ],
            [
              684057.5,
              7022766.5
            ],
            [
              684069.5,
              7022766.5
            ],
            [
              684069.5,
              7022770.5
            ],
            [
              684073.5,
              7022770.5
            ]
          ]
        ]
      },
      "properties": {
        "tile": "l0/8/8",
        "cellMetres": 4,
        "role": "eligible-measured-woodland",
        "mode": "before"
      }
    },
    {
      "type": "Feature",
      "geometry": {
        "type": "Polygon",
        "coordinates": [
          [
            [
              684053.5,
              7022750.5
            ],
            [
              684053.5,
              7022746.5
            ],
            [
              684049.5,
              7022746.5
            ],
            [
              684049.5,
              7022750.5
            ],
            [
              684053.5,
              7022750.5
            ]
          ]
        ]
      },
      "properties": {
        "tile": "l0/8/8",
        "cellMetres": 4,
        "role": "eligible-measured-woodland",
        "mode": "before"
      }
    },
    {
      "type": "Feature",
      "geometry": {
        "type": "Polygon",
        "coordinates": [
          [
            [
              684421.5,
              7022982.5
            ],
            [
              684421.5,
              7022978.5
            ],
            [
              684417.5,
              7022978.5
            ],
            [
              684417.5,
              7022982.5
            ],
            [
              684421.5,
              7022982.5
            ]
          ]
        ]
      },
      "properties": {
        "tile": "l0/9/8",
        "cellMetres": 4,
        "role": "eligible-measured-woodland",
        "mode": "before"
      }
    },
    {
      "type": "Feature",
      "geometry": {
        "type": "Polygon",
        "coordinates": [
          [
            [
              684229.5,
              7022986.5
            ],
            [
              684229.5,
              7022974.5
            ],
            [
              684225.5,
              7022974.5
            ],
            [
              684225.5,
              7022986.5
            ],
            [
              684229.5,
              7022986.5
            ]
          ]
        ]
      },
      "properties": {
        "tile": "l0/9/8",
        "cellMetres": 4,
        "role": "eligible-measured-woodland",
        "mode": "before"
      }
    },
    {
      "type": "Feature",
      "geometry": {
        "type": "Polygon",
        "coordinates": [
          [
            [
              684285.5,
              7022974.5
            ],
            [
              684285.5,
              7022970.5
            ],
            [
              684289.5,
              7022970.5
            ],
            [
              684289.5,
              7022962.5
            ],
            [
              684281.5,
              7022962.5
            ],
            [
              684281.5,
              7022974.5
            ],
            [
              684285.5,
              7022974.5
            ]
          ]
        ]
      },
      "properties": {
        "tile": "l0/9/8",
        "cellMetres": 4,
        "role": "eligible-measured-woodland",
        "mode": "before"
      }
    },
    {
      "type": "Feature",
      "geometry": {
        "type": "Polygon",
        "coordinates": [
          [
            [
              684229.5,
              7022970.5
            ],
            [
              684229.5,
              7022962.5
            ],
            [
              684225.5,
              7022962.5
            ],
            [
              684225.5,
              7022970.5
            ],
            [
              684229.5,
              7022970.5
            ]
          ]
        ]
      },
      "properties": {
        "tile": "l0/9/8",
        "cellMetres": 4,
        "role": "eligible-measured-woodland",
        "mode": "before"
      }
    },
    {
      "type": "Feature",
      "geometry": {
        "type": "Polygon",
        "coordinates": [
          [
            [
              684341.5,
              7022974.5
            ],
            [
              684341.5,
              7022970.5
            ],
            [
              684345.5,
              7022970.5
            ],
            [
              684345.5,
              7022966.5
            ],
            [
              684341.5,
              7022966.5
            ],
            [
              684341.5,
              7022962.5
            ],
            [
              684333.5,
              7022962.5
            ],
            [
              684333.5,
              7022970.5
            ],
            [
              684337.5,
              7022970.5
            ],
            [
              684337.5,
              7022974.5
            ],
            [
              684341.5,
              7022974.5
            ]
          ]
        ]
      },
      "properties": {
        "tile": "l0/9/8",
        "cellMetres": 4,
        "role": "eligible-measured-woodland",
        "mode": "before"
      }
    },
    {
      "type": "Feature",
      "geometry": {
        "type": "Polygon",
        "coordinates": [
          [
            [
              684237.5,
              7022958.5
            ],
            [
              684237.5,
              7022954.5
            ],
            [
              684233.5,
              7022954.5
            ],
            [
              684233.5,
              7022958.5
            ],
            [
              684237.5,
              7022958.5
            ]
          ]
        ]
      },
      "properties": {
        "tile": "l0/9/8",
        "cellMetres": 4,
        "role": "eligible-measured-woodland",
        "mode": "before"
      }
    },
    {
      "type": "Feature",
      "geometry": {
        "type": "Polygon",
        "coordinates": [
          [
            [
              684421.5,
              7022970.5
            ],
            [
              684421.5,
              7022934.5
            ],
            [
              684417.5,
              7022934.5
            ],
            [
              684417.5,
              7022938.5
            ],
            [
              684413.5,
              7022938.5
            ],
            [
              684413.5,
              7022942.5
            ],
            [
              684401.5,
              7022942.5
            ],
            [
              684401.5,
              7022946.5
            ],
            [
              684405.5,
              7022946.5
            ],
            [
              684405.5,
              7022962.5
            ],
            [
              684409.5,
              7022962.5
            ],
            [
              684409.5,
              7022966.5
            ],
            [
              684417.5,
              7022966.5
            ],
            [
              684417.5,
              7022970.5
            ],
            [
              684421.5,
              7022970.5
            ]
          ]
        ]
      },
      "properties": {
        "tile": "l0/9/8",
        "cellMetres": 4,
        "role": "eligible-measured-woodland",
        "mode": "before"
      }
    },
    {
      "type": "Feature",
      "geometry": {
        "type": "Polygon",
        "coordinates": [
          [
            [
              684373.5,
              7022954.5
            ],
            [
              684373.5,
              7022950.5
            ],
            [
              684381.5,
              7022950.5
            ],
            [
              684381.5,
              7022942.5
            ],
            [
              684377.5,
              7022942.5
            ],
            [
              684377.5,
              7022930.5
            ],
            [
              684365.5,
              7022930.5
            ],
            [
              684365.5,
              7022934.5
            ],
            [
              684361.5,
              7022934.5
            ],
            [
              684361.5,
              7022938.5
            ],
            [
              684365.5,
              7022938.5
            ],
            [
              684365.5,
              7022950.5
            ],
            [
              684369.5,
              7022950.5
            ],
            [
              684369.5,
              7022954.5
            ],
            [
              684373.5,
              7022954.5
            ]
          ]
        ]
      },
      "properties": {
        "tile": "l0/9/8",
        "cellMetres": 4,
        "role": "eligible-measured-woodland",
        "mode": "before"
      }
    },
    {
      "type": "Feature",
      "geometry": {
        "type": "Polygon",
        "coordinates": [
          [
            [
              684277.5,
              7022918.5
            ],
            [
              684277.5,
              7022914.5
            ],
            [
              684273.5,
              7022914.5
            ],
            [
              684273.5,
              7022918.5
            ],
            [
              684277.5,
              7022918.5
            ]
          ]
        ]
      },
      "properties": {
        "tile": "l0/9/8",
        "cellMetres": 4,
        "role": "eligible-measured-woodland",
        "mode": "before"
      }
    },
    {
      "type": "Feature",
      "geometry": {
        "type": "Polygon",
        "coordinates": [
          [
            [
              684297.5,
              7022930.5
            ],
            [
              684297.5,
              7022922.5
            ],
            [
              684305.5,
              7022922.5
            ],
            [
              684305.5,
              7022918.5
            ],
            [
              684309.5,
              7022918.5
            ],
            [
              684309.5,
              7022910.5
            ],
            [
              684289.5,
              7022910.5
            ],
            [
              684289.5,
              7022906.5
            ],
            [
              684285.5,
              7022906.5
            ],
            [
              684285.5,
              7022914.5
            ],
            [
              684281.5,
              7022914.5
            ],
            [
              684281.5,
              7022918.5
            ],
            [
              684285.5,
              7022918.5
            ],
            [
              684285.5,
              7022922.5
            ],
            [
              684289.5,
              7022922.5
            ],
            [
              684289.5,
              7022930.5
            ],
            [
              684297.5,
              7022930.5
            ]
          ]
        ]
      },
      "properties": {
        "tile": "l0/9/8",
        "cellMetres": 4,
        "role": "eligible-measured-woodland",
        "mode": "before"
      }
    },
    {
      "type": "Feature",
      "geometry": {
        "type": "Polygon",
        "coordinates": [
          [
            [
              684185.5,
              7022930.5
            ],
            [
              684185.5,
              7022926.5
            ],
            [
              684189.5,
              7022926.5
            ],
            [
              684189.5,
              7022906.5
            ],
            [
              684185.5,
              7022906.5
            ],
            [
              684185.5,
              7022902.5
            ],
            [
              684181.5,
              7022902.5
            ],
            [
              684181.5,
              7022898.5
            ],
            [
              684173.5,
              7022898.5
            ],
            [
              684173.5,
              7022902.5
            ],
            [
              684165.5,
              7022902.5
            ],
            [
              684165.5,
              7022930.5
            ],
            [
              684185.5,
              7022930.5
            ]
          ]
        ]
      },
      "properties": {
        "tile": "l0/9/8",
        "cellMetres": 4,
        "role": "eligible-measured-woodland",
        "mode": "before"
      }
    },
    {
      "type": "Feature",
      "geometry": {
        "type": "Polygon",
        "coordinates": [
          [
            [
              684245.5,
              7022950.5
            ],
            [
              684245.5,
              7022918.5
            ],
            [
              684261.5,
              7022918.5
            ],
            [
              684261.5,
              7022914.5
            ],
            [
              684273.5,
              7022914.5
            ],
            [
              684273.5,
              7022910.5
            ],
            [
              684277.5,
              7022910.5
            ],
            [
              684277.5,
              7022906.5
            ],
            [
              684273.5,
              7022906.5
            ],
            [
              684273.5,
              7022902.5
            ],
            [
              684245.5,
              7022902.5
            ],
            [
              684245.5,
              7022910.5
            ],
            [
              684229.5,
              7022910.5
            ],
            [
              684229.5,
              7022914.5
            ],
            [
              684225.5,
              7022914.5
            ],
            [
              684225.5,
              7022910.5
            ],
            [
              684221.5,
              7022910.5
            ],
            [
              684221.5,
              7022906.5
            ],
            [
              684225.5,
              7022906.5
            ],
            [
              684225.5,
              7022898.5
            ],
            [
              684205.5,
              7022898.5
            ],
            [
              684205.5,
              7022902.5
            ],
            [
              684201.5,
              7022902.5
            ],
            [
              684201.5,
              7022906.5
            ],
            [
              684197.5,
              7022906.5
            ],
            [
              684197.5,
              7022910.5
            ],
            [
              684201.5,
              7022910.5
            ],
            [
              684201.5,
              7022914.5
            ],
            [
              684197.5,
              7022914.5
            ],
            [
              684197.5,
              7022918.5
            ],
            [
              684201.5,
              7022918.5
            ],
            [
              684201.5,
              7022922.5
            ],
            [
              684217.5,
              7022922.5
            ],
            [
              684217.5,
              7022926.5
            ],
            [
              684221.5,
              7022926.5
            ],
            [
              684221.5,
              7022930.5
            ],
            [
              684225.5,
              7022930.5
            ],
            [
              684225.5,
              7022938.5
            ],
            [
              684233.5,
              7022938.5
            ],
            [
              684233.5,
              7022946.5
            ],
            [
              684241.5,
              7022946.5
            ],
            [
              684241.5,
              7022950.5
            ],
            [
              684245.5,
              7022950.5
            ]
          ]
        ]
      },
      "properties": {
        "tile": "l0/9/8",
        "cellMetres": 4,
        "role": "eligible-measured-woodland",
        "mode": "before"
      }
    },
    {
      "type": "Feature",
      "geometry": {
        "type": "Polygon",
        "coordinates": [
          [
            [
              684329.5,
              7022906.5
            ],
            [
              684329.5,
              7022898.5
            ],
            [
              684321.5,
              7022898.5
            ],
            [
              684321.5,
              7022906.5
            ],
            [
              684329.5,
              7022906.5
            ]
          ]
        ]
      },
      "properties": {
        "tile": "l0/9/8",
        "cellMetres": 4,
        "role": "eligible-measured-woodland",
        "mode": "before"
      }
    },
    {
      "type": "Feature",
      "geometry": {
        "type": "Polygon",
        "coordinates": [
          [
            [
              684333.5,
              7022894.5
            ],
            [
              684333.5,
              7022890.5
            ],
            [
              684329.5,
              7022890.5
            ],
            [
              684329.5,
              7022894.5
            ],
            [
              684333.5,
              7022894.5
            ]
          ]
        ]
      },
      "properties": {
        "tile": "l0/9/8",
        "cellMetres": 4,
        "role": "eligible-measured-woodland",
        "mode": "before"
      }
    },
    {
      "type": "Feature",
      "geometry": {
        "type": "Polygon",
        "coordinates": [
          [
            [
              684209.5,
              7022890.5
            ],
            [
              684209.5,
              7022886.5
            ],
            [
              684213.5,
              7022886.5
            ],
            [
              684213.5,
              7022874.5
            ],
            [
              684209.5,
              7022874.5
            ],
            [
              684209.5,
              7022870.5
            ],
            [
              684205.5,
              7022870.5
            ],
            [
              684205.5,
              7022874.5
            ],
            [
              684201.5,
              7022874.5
            ],
            [
              684201.5,
              7022882.5
            ],
            [
              684173.5,
              7022882.5
            ],
            [
              684173.5,
              7022874.5
            ],
            [
              684165.5,
              7022874.5
            ],
            [
              684165.5,
              7022886.5
            ],
            [
              684173.5,
              7022886.5
            ],
            [
              684173.5,
              7022890.5
            ],
            [
              684209.5,
              7022890.5
            ]
          ]
        ]
      },
      "properties": {
        "tile": "l0/9/8",
        "cellMetres": 4,
        "role": "eligible-measured-woodland",
        "mode": "before"
      }
    },
    {
      "type": "Feature",
      "geometry": {
        "type": "Polygon",
        "coordinates": [
          [
            [
              684185.5,
              7022878.5
            ],
            [
              684185.5,
              7022870.5
            ],
            [
              684177.5,
              7022870.5
            ],
            [
              684177.5,
              7022878.5
            ],
            [
              684185.5,
              7022878.5
            ]
          ]
        ]
      },
      "properties": {
        "tile": "l0/9/8",
        "cellMetres": 4,
        "role": "eligible-measured-woodland",
        "mode": "before"
      }
    },
    {
      "type": "Feature",
      "geometry": {
        "type": "Polygon",
        "coordinates": [
          [
            [
              684229.5,
              7022882.5
            ],
            [
              684229.5,
              7022874.5
            ],
            [
              684225.5,
              7022874.5
            ],
            [
              684225.5,
              7022870.5
            ],
            [
              684217.5,
              7022870.5
            ],
            [
              684217.5,
              7022878.5
            ],
            [
              684221.5,
              7022878.5
            ],
            [
              684221.5,
              7022882.5
            ],
            [
              684229.5,
              7022882.5
            ]
          ]
        ]
      },
      "properties": {
        "tile": "l0/9/8",
        "cellMetres": 4,
        "role": "eligible-measured-woodland",
        "mode": "before"
      }
    },
    {
      "type": "Feature",
      "geometry": {
        "type": "Polygon",
        "coordinates": [
          [
            [
              684173.5,
              7022866.5
            ],
            [
              684173.5,
              7022862.5
            ],
            [
              684165.5,
              7022862.5
            ],
            [
              684165.5,
              7022866.5
            ],
            [
              684173.5,
              7022866.5
            ]
          ]
        ]
      },
      "properties": {
        "tile": "l0/9/8",
        "cellMetres": 4,
        "role": "eligible-measured-woodland",
        "mode": "before"
      }
    },
    {
      "type": "Feature",
      "geometry": {
        "type": "Polygon",
        "coordinates": [
          [
            [
              684257.5,
              7022894.5
            ],
            [
              684257.5,
              7022886.5
            ],
            [
              684261.5,
              7022886.5
            ],
            [
              684261.5,
              7022882.5
            ],
            [
              684265.5,
              7022882.5
            ],
            [
              684265.5,
              7022874.5
            ],
            [
              684261.5,
              7022874.5
            ],
            [
              684261.5,
              7022870.5
            ],
            [
              684265.5,
              7022870.5
            ],
            [
              684265.5,
              7022866.5
            ],
            [
              684269.5,
              7022866.5
            ],
            [
              684269.5,
              7022858.5
            ],
            [
              684261.5,
              7022858.5
            ],
            [
              684261.5,
              7022866.5
            ],
            [
              684257.5,
              7022866.5
            ],
            [
              684257.5,
              7022870.5
            ],
            [
              684253.5,
              7022870.5
            ],
            [
              684253.5,
              7022874.5
            ],
            [
              684249.5,
              7022874.5
            ],
            [
              684249.5,
              7022882.5
            ],
            [
              684245.5,
              7022882.5
            ],
            [
              684245.5,
              7022886.5
            ],
            [
              684249.5,
              7022886.5
            ],
            [
              684249.5,
              7022894.5
            ],
            [
              684257.5,
              7022894.5
            ]
          ]
        ]
      },
      "properties": {
        "tile": "l0/9/8",
        "cellMetres": 4,
        "role": "eligible-measured-woodland",
        "mode": "before"
      }
    },
    {
      "type": "Feature",
      "geometry": {
        "type": "Polygon",
        "coordinates": [
          [
            [
              684253.5,
              7022862.5
            ],
            [
              684253.5,
              7022858.5
            ],
            [
              684249.5,
              7022858.5
            ],
            [
              684249.5,
              7022862.5
            ],
            [
              684253.5,
              7022862.5
            ]
          ]
        ]
      },
      "properties": {
        "tile": "l0/9/8",
        "cellMetres": 4,
        "role": "eligible-measured-woodland",
        "mode": "before"
      }
    },
    {
      "type": "Feature",
      "geometry": {
        "type": "Polygon",
        "coordinates": [
          [
            [
              684193.5,
              7022862.5
            ],
            [
              684193.5,
              7022858.5
            ],
            [
              684189.5,
              7022858.5
            ],
            [
              684189.5,
              7022854.5
            ],
            [
              684185.5,
              7022854.5
            ],
            [
              684185.5,
              7022858.5
            ],
            [
              684181.5,
              7022858.5
            ],
            [
              684181.5,
              7022862.5
            ],
            [
              684193.5,
              7022862.5
            ]
          ]
        ]
      },
      "properties": {
        "tile": "l0/9/8",
        "cellMetres": 4,
        "role": "eligible-measured-woodland",
        "mode": "before"
      }
    },
    {
      "type": "Feature",
      "geometry": {
        "type": "Polygon",
        "coordinates": [
          [
            [
              684229.5,
              7022858.5
            ],
            [
              684229.5,
              7022854.5
            ],
            [
              684233.5,
              7022854.5
            ],
            [
              684233.5,
              7022850.5
            ],
            [
              684225.5,
              7022850.5
            ],
            [
              684225.5,
              7022858.5
            ],
            [
              684229.5,
              7022858.5
            ]
          ]
        ]
      },
      "properties": {
        "tile": "l0/9/8",
        "cellMetres": 4,
        "role": "eligible-measured-woodland",
        "mode": "before"
      }
    },
    {
      "type": "Feature",
      "geometry": {
        "type": "Polygon",
        "coordinates": [
          [
            [
              684245.5,
              7022854.5
            ],
            [
              684245.5,
              7022850.5
            ],
            [
              684241.5,
              7022850.5
            ],
            [
              684241.5,
              7022846.5
            ],
            [
              684237.5,
              7022846.5
            ],
            [
              684237.5,
              7022854.5
            ],
            [
              684245.5,
              7022854.5
            ]
          ]
        ]
      },
      "properties": {
        "tile": "l0/9/8",
        "cellMetres": 4,
        "role": "eligible-measured-woodland",
        "mode": "before"
      }
    },
    {
      "type": "Feature",
      "geometry": {
        "type": "Polygon",
        "coordinates": [
          [
            [
              684197.5,
              7022854.5
            ],
            [
              684197.5,
              7022846.5
            ],
            [
              684189.5,
              7022846.5
            ],
            [
              684189.5,
              7022850.5
            ],
            [
              684193.5,
              7022850.5
            ],
            [
              684193.5,
              7022854.5
            ],
            [
              684197.5,
              7022854.5
            ]
          ]
        ]
      },
      "properties": {
        "tile": "l0/9/8",
        "cellMetres": 4,
        "role": "eligible-measured-woodland",
        "mode": "before"
      }
    },
    {
      "type": "Feature",
      "geometry": {
        "type": "Polygon",
        "coordinates": [
          [
            [
              684253.5,
              7022850.5
            ],
            [
              684253.5,
              7022846.5
            ],
            [
              684249.5,
              7022846.5
            ],
            [
              684249.5,
              7022850.5
            ],
            [
              684253.5,
              7022850.5
            ]
          ]
        ]
      },
      "properties": {
        "tile": "l0/9/8",
        "cellMetres": 4,
        "role": "eligible-measured-woodland",
        "mode": "before"
      }
    },
    {
      "type": "Feature",
      "geometry": {
        "type": "Polygon",
        "coordinates": [
          [
            [
              684265.5,
              7022846.5
            ],
            [
              684265.5,
              7022842.5
            ],
            [
              684261.5,
              7022842.5
            ],
            [
              684261.5,
              7022846.5
            ],
            [
              684265.5,
              7022846.5
            ]
          ]
        ]
      },
      "properties": {
        "tile": "l0/9/8",
        "cellMetres": 4,
        "role": "eligible-measured-woodland",
        "mode": "before"
      }
    },
    {
      "type": "Feature",
      "geometry": {
        "type": "Polygon",
        "coordinates": [
          [
            [
              684193.5,
              7022826.5
            ],
            [
              684193.5,
              7022806.5
            ],
            [
              684189.5,
              7022806.5
            ],
            [
              684189.5,
              7022790.5
            ],
            [
              684185.5,
              7022790.5
            ],
            [
              684185.5,
              7022786.5
            ],
            [
              684181.5,
              7022786.5
            ],
            [
              684181.5,
              7022810.5
            ],
            [
              684185.5,
              7022810.5
            ],
            [
              684185.5,
              7022826.5
            ],
            [
              684193.5,
              7022826.5
            ]
          ]
        ]
      },
      "properties": {
        "tile": "l0/9/8",
        "cellMetres": 4,
        "role": "eligible-measured-woodland",
        "mode": "before"
      }
    },
    {
      "type": "Feature",
      "geometry": {
        "type": "Polygon",
        "coordinates": [
          [
            [
              684373.5,
              7022774.5
            ],
            [
              684373.5,
              7022770.5
            ],
            [
              684369.5,
              7022770.5
            ],
            [
              684369.5,
              7022774.5
            ],
            [
              684373.5,
              7022774.5
            ]
          ]
        ]
      },
      "properties": {
        "tile": "l0/9/8",
        "cellMetres": 4,
        "role": "eligible-measured-woodland",
        "mode": "before"
      }
    },
    {
      "type": "Feature",
      "geometry": {
        "type": "Polygon",
        "coordinates": [
          [
            [
              684421.5,
              7022766.5
            ],
            [
              684417.5,
              7022766.5
            ],
            [
              684417.5,
              7022762.5
            ],
            [
              684421.5,
              7022762.5
            ],
            [
              684421.5,
              7022746.5
            ],
            [
              684401.5,
              7022746.5
            ],
            [
              684401.5,
              7022750.5
            ],
            [
              684393.5,
              7022750.5
            ],
            [
              684393.5,
              7022746.5
            ],
            [
              684389.5,
              7022746.5
            ],
            [
              684389.5,
              7022750.5
            ],
            [
              684385.5,
              7022750.5
            ],
            [
              684385.5,
              7022758.5
            ],
            [
              684381.5,
              7022758.5
            ],
            [
              684381.5,
              7022762.5
            ],
            [
              684377.5,
              7022762.5
            ],
            [
              684377.5,
              7022766.5
            ],
            [
              684381.5,
              7022766.5
            ],
            [
              684381.5,
              7022770.5
            ],
            [
              684377.5,
              7022770.5
            ],
            [
              684377.5,
              7022774.5
            ],
            [
              684373.5,
              7022774.5
            ],
            [
              684373.5,
              7022786.5
            ],
            [
              684365.5,
              7022786.5
            ],
            [
              684365.5,
              7022798.5
            ],
            [
              684369.5,
              7022798.5
            ],
            [
              684369.5,
              7022806.5
            ],
            [
              684365.5,
              7022806.5
            ],
            [
              684365.5,
              7022818.5
            ],
            [
              684345.5,
              7022818.5
            ],
            [
              684345.5,
              7022822.5
            ],
            [
              684341.5,
              7022822.5
            ],
            [
              684341.5,
              7022826.5
            ],
            [
              684337.5,
              7022826.5
            ],
            [
              684337.5,
              7022842.5
            ],
            [
              684341.5,
              7022842.5
            ],
            [
              684341.5,
              7022846.5
            ],
            [
              684345.5,
              7022846.5
            ],
            [
              684345.5,
              7022850.5
            ],
            [
              684349.5,
              7022850.5
            ],
            [
              684349.5,
              7022854.5
            ],
            [
              684353.5,
              7022854.5
            ],
            [
              684353.5,
              7022858.5
            ],
            [
              684357.5,
              7022858.5
            ],
            [
              684357.5,
              7022862.5
            ],
            [
              684361.5,
              7022862.5
            ],
            [
              684361.5,
              7022878.5
            ],
            [
              684369.5,
              7022878.5
            ],
            [
              684369.5,
              7022874.5
            ],
            [
              684373.5,
              7022874.5
            ],
            [
              684373.5,
              7022866.5
            ],
            [
              684377.5,
              7022866.5
            ],
            [
              684377.5,
              7022858.5
            ],
            [
              684381.5,
              7022858.5
            ],
            [
              684381.5,
              7022854.5
            ],
            [
              684385.5,
              7022854.5
            ],
            [
              684385.5,
              7022858.5
            ],
            [
              684389.5,
              7022858.5
            ],
            [
              684389.5,
              7022874.5
            ],
            [
              684385.5,
              7022874.5
            ],
            [
              684385.5,
              7022882.5
            ],
            [
              684381.5,
              7022882.5
            ],
            [
              684381.5,
              7022886.5
            ],
            [
              684377.5,
              7022886.5
            ],
            [
              684377.5,
              7022890.5
            ],
            [
              684369.5,
              7022890.5
            ],
            [
              684369.5,
              7022902.5
            ],
            [
              684365.5,
              7022902.5
            ],
            [
              684365.5,
              7022910.5
            ],
            [
              684361.5,
              7022910.5
            ],
            [
              684361.5,
              7022914.5
            ],
            [
              684357.5,
              7022914.5
            ],
            [
              684357.5,
              7022922.5
            ],
            [
              684353.5,
              7022922.5
            ],
            [
              684353.5,
              7022926.5
            ],
            [
              684361.5,
              7022926.5
            ],
            [
              684361.5,
              7022922.5
            ],
            [
              684385.5,
              7022922.5
            ],
            [
              684385.5,
              7022926.5
            ],
            [
              684393.5,
              7022926.5
            ],
            [
              684393.5,
              7022930.5
            ],
            [
              684405.5,
              7022930.5
            ],
            [
              684405.5,
              7022934.5
            ],
            [
              684409.5,
              7022934.5
            ],
            [
              684409.5,
              7022930.5
            ],
            [
              684413.5,
              7022930.5
            ],
            [
              684413.5,
              7022926.5
            ],
            [
              684421.5,
              7022926.5
            ],
            [
              684421.5,
              7022887.806728996
            ],
            [
              684420.6324904651,
              7022887.27430482
            ],
            [
              684418.50943973,
              7022886.1089461325
            ],
            [
              684415.8970331538,
              7022884.835558692
            ],
            [
              684413.6711835538,
              7022883.881096094
            ],
            [
              684410.947821416,
              7022882.866462064
            ],
            [
              684408.6400617671,
              7022882.131852849
            ],
            [
              684405.8313018319,
              7022881.3854942
            ],
            [
              684403.4632896472,
              7022880.877632419
            ],
            [
              684400.5954911314,
              7022880.406553464
            ],
            [
              684398.1894493729,
              7022880.130205222
            ],
            [
              684396.860633987,
              7022880.042511025
            ],
            [
              684396.2021424113,
              7022879.726031638
            ],
            [
              684393.8728448518,
              7022878.74815532
            ],
            [
              684392.4659078356,
              7022878.239480052
            ],
            [
              684390.6059246212,
              7022861.751148052
            ],
            [
              684390.1623992777,
              7022858.985716417
            ],
            [
              684389.4629100689,
              7022856.273698405
            ],
            [
              684388.513553686,
              7022853.638731743
            ],
            [
              684387.322604642,
              7022851.103782587
            ],
            [
              684385.900443152,
              7022848.690945347
            ],
            [
              684384.5301518497,
              7022846.795647115
            ],
            [
              684385.4651454274,
              7022845.824889878
            ],
            [
              684386.4853112868,
              7022844.710882921
            ],
            [
              684421.5,
              7022804.4873685995
            ],
            [
              684421.5,
              7022766.5
            ]
          ],
          [
            [
              684401.5,
              7022762.5
            ],
            [
              684405.5,
              7022762.5
            ],
            [
              684405.5,
              7022766.5
            ],
            [
              684401.5,
              7022766.5
            ],
            [
              684401.5,
              7022762.5
            ]
          ],
          [
            [
              684409.5,
              7022762.5
            ],
            [
              684413.5,
              7022762.5
            ],
            [
              684413.5,
              7022766.5
            ],
            [
              684409.5,
              7022766.5
            ],
            [
              684409.5,
              7022762.5
            ]
          ],
          [
            [
              684413.5,
              7022754.5
            ],
            [
              684417.5,
              7022754.5
            ],
            [
              684417.5,
              7022758.5
            ],
            [
              684413.5,
              7022758.5
            ],
            [
              684413.5,
              7022754.5
            ]
          ]
        ]
      },
      "properties": {
        "tile": "l0/9/8",
        "cellMetres": 4,
        "role": "eligible-measured-woodland",
        "mode": "before"
      }
    },
    {
      "type": "Feature",
      "geometry": {
        "type": "Polygon",
        "coordinates": [
          [
            [
              684261.5,
              7022750.5
            ],
            [
              684261.5,
              7022746.5
            ],
            [
              684257.5,
              7022746.5
            ],
            [
              684257.5,
              7022750.5
            ],
            [
              684261.5,
              7022750.5
            ]
          ]
        ]
      },
      "properties": {
        "tile": "l0/9/8",
        "cellMetres": 4,
        "role": "eligible-measured-woodland",
        "mode": "before"
      }
    },
    {
      "type": "Feature",
      "geometry": {
        "type": "Polygon",
        "coordinates": [
          [
            [
              684437.5,
              7023002.5
            ],
            [
              684437.5,
              7022998.5
            ],
            [
              684433.5,
              7022998.5
            ],
            [
              684433.5,
              7023002.5
            ],
            [
              684437.5,
              7023002.5
            ]
          ]
        ]
      },
      "properties": {
        "tile": "l0/10/8",
        "cellMetres": 4,
        "role": "eligible-measured-woodland",
        "mode": "before"
      }
    },
    {
      "type": "Feature",
      "geometry": {
        "type": "MultiPolygon",
        "coordinates": [
          [
            [
              [
                684421.5,
                7022970.5
              ],
              [
                684425.5,
                7022970.5
              ],
              [
                684425.5,
                7022966.5
              ],
              [
                684429.5,
                7022966.5
              ],
              [
                684429.5,
                7022962.5
              ],
              [
                684433.5,
                7022962.5
              ],
              [
                684433.5,
                7022978.5
              ],
              [
                684429.5,
                7022978.5
              ],
              [
                684429.5,
                7022990.5
              ],
              [
                684433.5,
                7022990.5
              ],
              [
                684433.5,
                7022994.5
              ],
              [
                684437.5,
                7022994.5
              ],
              [
                684437.5,
                7022990.5
              ],
              [
                684441.5,
                7022990.5
              ],
              [
                684441.5,
                7022994.5
              ],
              [
                684461.5,
                7022994.5
              ],
              [
                684461.5,
                7022990.5
              ],
              [
                684477.5,
                7022990.5
              ],
              [
                684477.5,
                7022994.5
              ],
              [
                684481.5,
                7022994.5
              ],
              [
                684481.5,
                7022990.5
              ],
              [
                684485.1643459472,
                7022990.5
              ],
              [
                684485.2980385463,
                7022988.307441373
              ],
              [
                684485.3511094204,
                7022986.872283322
              ],
              [
                684485.3822742043,
                7022984.479607073
              ],
              [
                684485.2822198479,
                7022981.60989573
              ],
              [
                684485.0844888788,
                7022979.22520008
              ],
              [
                684484.7105326682,
                7022976.37819976
              ],
              [
                684484.2857174372,
                7022974.023331844
              ],
              [
                684483.6412853324,
                7022971.225125038
              ],
              [
                684482.9932777392,
                7022968.921658729
              ],
              [
                684482.0842736377,
                7022966.1978809135
              ],
              [
                684481.2190103346,
                7022963.966919171
              ],
              [
                684480.0537619751,
                7022961.342523932
              ],
              [
                684478.9791699796,
                7022959.204505476
              ],
              [
                684477.5683526704,
                7022956.703535953
              ],
              [
                684476.2942767426,
                7022954.678048009
              ],
              [
                684474.6508155299,
                7022952.323416553
              ],
              [
                684473.1889279805,
                7022950.429015415
              ],
              [
                684471.327879254,
                7022948.242293728
              ],
              [
                684469.6915730102,
                7022946.496334749
              ],
              [
                684468.8054286522,
                7022945.637187514
              ],
              [
                684467.8436445964,
                7022944.263747695
              ],
              [
                684466.0385981421,
                7022941.937957657
              ],
              [
                684464.4411037228,
                7022940.075941749
              ],
              [
                684462.4167817732,
                7022937.938276517
              ],
              [
                684460.6444702515,
                7022936.24180856
              ],
              [
                684458.420368136,
                7022934.312855023
              ],
              [
                684456.4903078409,
                7022932.798272929
              ],
              [
                684454.0878448721,
                7022931.096607957
              ],
              [
                684452.0186233394,
                7022929.778497981
              ],
              [
                684449.4609365431,
                7022928.320509536
              ],
              [
                684449.100267291,
                7022928.137749597
              ],
              [
                684444.9356447447,
                7022916.437143396
              ],
              [
                684444.4152047777,
                7022915.07996687
              ],
              [
                684443.4935323765,
                7022912.840340723
              ],
              [
                684442.2586462395,
                7022910.209515796
              ],
              [
                684441.1245908594,
                7022908.069580355
              ],
              [
                684439.6409387717,
                7022905.570588526
              ],
              [
                684438.3051431235,
                7022903.550426335
              ],
              [
                684436.5866486545,
                7022901.206719793
              ],
              [
                684435.061648711,
                7022899.325289362
              ],
              [
                684433.1244393127,
                7022897.158862949
              ],
              [
                684431.4245466623,
                7022895.433820843
              ],
              [
                684429.2868023796,
                7022893.465005726
              ],
              [
                684427.427969917,
                7022891.912540856
              ],
              [
                684425.1097527123,
                7022890.159813657
              ],
              [
                684423.1094249269,
                7022888.794495363
              ],
              [
                684421.5,
                7022887.806728996
              ],
              [
                684421.5,
                7022970.5
              ]
            ]
          ],
          [
            [
              [
                684421.5,
                7022746.5
              ],
              [
                684421.5,
                7022762.5
              ],
              [
                684425.5,
                7022762.5
              ],
              [
                684425.5,
                7022766.5
              ],
              [
                684421.5,
                7022766.5
              ],
              [
                684421.5,
                7022804.4873685995
              ],
              [
                684426.4823112867,
                7022798.763882921
              ],
              [
                684427.1875315427,
                7022797.923188324
              ],
              [
                684428.5667551826,
                7022796.216570833
              ],
              [
                684429.2407585664,
                7022795.350647938
              ],
              [
                684465.849573792,
                7022746.5
              ],
              [
                684421.5,
                7022746.5
              ]
            ]
          ]
        ]
      },
      "properties": {
        "tile": "l0/10/8",
        "cellMetres": 4,
        "role": "eligible-measured-woodland",
        "mode": "before"
      }
    },
    {
      "type": "Feature",
      "geometry": {
        "type": "Polygon",
        "coordinates": [
          [
            [
              683877.5,
              7022746.5
            ],
            [
              683877.5,
              7022742.5
            ],
            [
              683881.5,
              7022742.5
            ],
            [
              683881.5,
              7022734.5
            ],
            [
              683873.5,
              7022734.5
            ],
            [
              683873.5,
              7022738.5
            ],
            [
              683865.5,
              7022738.5
            ],
            [
              683865.5,
              7022746.5
            ],
            [
              683877.5,
              7022746.5
            ]
          ]
        ]
      },
      "properties": {
        "tile": "l0/7/9",
        "cellMetres": 4,
        "role": "eligible-measured-woodland",
        "mode": "before"
      }
    },
    {
      "type": "Feature",
      "geometry": {
        "type": "Polygon",
        "coordinates": [
          [
            [
              683869.5,
              7022714.5
            ],
            [
              683869.5,
              7022702.5
            ],
            [
              683873.5,
              7022702.5
            ],
            [
              683873.5,
              7022694.5
            ],
            [
              683865.5,
              7022694.5
            ],
            [
              683865.5,
              7022682.5
            ],
            [
              683857.5,
              7022682.5
            ],
            [
              683857.5,
              7022690.5
            ],
            [
              683853.5,
              7022690.5
            ],
            [
              683853.5,
              7022694.5
            ],
            [
              683857.5,
              7022694.5
            ],
            [
              683857.5,
              7022710.5
            ],
            [
              683861.5,
              7022710.5
            ],
            [
              683861.5,
              7022714.5
            ],
            [
              683869.5,
              7022714.5
            ]
          ]
        ]
      },
      "properties": {
        "tile": "l0/7/9",
        "cellMetres": 4,
        "role": "eligible-measured-woodland",
        "mode": "before"
      }
    },
    {
      "type": "Feature",
      "geometry": {
        "type": "Polygon",
        "coordinates": [
          [
            [
              683857.5,
              7022746.5
            ],
            [
              683857.5,
              7022730.5
            ],
            [
              683853.5,
              7022730.5
            ],
            [
              683853.5,
              7022710.5
            ],
            [
              683849.5,
              7022710.5
            ],
            [
              683849.5,
              7022690.5
            ],
            [
              683845.5,
              7022690.5
            ],
            [
              683845.5,
              7022658.5
            ],
            [
              683841.5,
              7022658.5
            ],
            [
              683841.5,
              7022630.5
            ],
            [
              683809.5,
              7022630.5
            ],
            [
              683809.5,
              7022634.5
            ],
            [
              683794.0093555801,
              7022634.5
            ],
            [
              683804.1131895162,
              7022739.787754701
            ],
            [
              683804.452624447,
              7022742.248377376
            ],
            [
              683804.9944545832,
              7022744.672485485
            ],
            [
              683805.5652299861,
              7022746.5
            ],
            [
              683857.5,
              7022746.5
            ]
          ]
        ]
      },
      "properties": {
        "tile": "l0/7/9",
        "cellMetres": 4,
        "role": "eligible-measured-woodland",
        "mode": "before"
      }
    },
    {
      "type": "Feature",
      "geometry": {
        "type": "Polygon",
        "coordinates": [
          [
            [
              683865.5,
              7022674.5
            ],
            [
              683865.5,
              7022670.5
            ],
            [
              683869.5,
              7022670.5
            ],
            [
              683869.5,
              7022666.5
            ],
            [
              683873.5,
              7022666.5
            ],
            [
              683873.5,
              7022662.5
            ],
            [
              683869.5,
              7022662.5
            ],
            [
              683869.5,
              7022622.5
            ],
            [
              683873.5,
              7022622.5
            ],
            [
              683873.5,
              7022610.5
            ],
            [
              683869.5,
              7022610.5
            ],
            [
              683869.5,
              7022606.5
            ],
            [
              683865.5,
              7022606.5
            ],
            [
              683865.5,
              7022598.5
            ],
            [
              683869.5,
              7022598.5
            ],
            [
              683869.5,
              7022586.5
            ],
            [
              683865.5,
              7022586.5
            ],
            [
              683865.5,
              7022582.5
            ],
            [
              683869.5,
              7022582.5
            ],
            [
              683869.5,
              7022578.5
            ],
            [
              683865.5,
              7022578.5
            ],
            [
              683865.5,
              7022522.5
            ],
            [
              683869.5,
              7022522.5
            ],
            [
              683869.5,
              7022514.5
            ],
            [
              683873.5,
              7022514.5
            ],
            [
              683873.5,
              7022506.5
            ],
            [
              683877.5,
              7022506.5
            ],
            [
              683877.5,
              7022498.5
            ],
            [
              683881.5,
              7022498.5
            ],
            [
              683881.5,
              7022494.5
            ],
            [
              683877.5,
              7022494.5
            ],
            [
              683877.5,
              7022490.5
            ],
            [
              683853.5,
              7022490.5
            ],
            [
              683853.5,
              7022514.5
            ],
            [
              683849.5,
              7022514.5
            ],
            [
              683849.5,
              7022534.5
            ],
            [
              683845.5,
              7022534.5
            ],
            [
              683845.5,
              7022606.5
            ],
            [
              683849.5,
              7022606.5
            ],
            [
              683849.5,
              7022610.5
            ],
            [
              683845.5,
              7022610.5
            ],
            [
              683845.5,
              7022614.5
            ],
            [
              683849.5,
              7022614.5
            ],
            [
              683849.5,
              7022658.5
            ],
            [
              683853.5,
              7022658.5
            ],
            [
              683853.5,
              7022674.5
            ],
            [
              683865.5,
              7022674.5
            ]
          ]
        ]
      },
      "properties": {
        "tile": "l0/7/9",
        "cellMetres": 4,
        "role": "eligible-measured-woodland",
        "mode": "before"
      }
    },
    {
      "type": "Feature",
      "geometry": {
        "type": "Polygon",
        "coordinates": [
          [
            [
              683797.5,
              7022630.5
            ],
            [
              683797.5,
              7022626.5
            ],
            [
              683813.5,
              7022626.5
            ],
            [
              683813.5,
              7022622.5
            ],
            [
              683837.5,
              7022622.5
            ],
            [
              683837.5,
              7022586.5
            ],
            [
              683833.5,
              7022586.5
            ],
            [
              683833.5,
              7022582.5
            ],
            [
              683837.5,
              7022582.5
            ],
            [
              683837.5,
              7022574.5
            ],
            [
              683833.5,
              7022574.5
            ],
            [
              683833.5,
              7022554.5
            ],
            [
              683837.5,
              7022554.5
            ],
            [
              683837.5,
              7022534.5
            ],
            [
              683841.5,
              7022534.5
            ],
            [
              683841.5,
              7022510.5
            ],
            [
              683845.5,
              7022510.5
            ],
            [
              683845.5,
              7022490.5
            ],
            [
              683794.8475550595,
              7022490.5
            ],
            [
              683786.6500665037,
              7022549.226590216
            ],
            [
              683786.3689399845,
              7022552.728747411
            ],
            [
              683786.4991895162,
              7022556.239754701
            ],
            [
              683793.625499586,
              7022630.5
            ],
            [
              683797.5,
              7022630.5
            ]
          ],
          [
            [
              683797.5,
              7022618.5
            ],
            [
              683793.5,
              7022618.5
            ],
            [
              683793.5,
              7022614.5
            ],
            [
              683801.5,
              7022614.5
            ],
            [
              683801.5,
              7022622.5
            ],
            [
              683797.5,
              7022622.5
            ],
            [
              683797.5,
              7022618.5
            ]
          ]
        ]
      },
      "properties": {
        "tile": "l0/7/9",
        "cellMetres": 4,
        "role": "eligible-measured-woodland",
        "mode": "before"
      }
    },
    {
      "type": "Feature",
      "geometry": {
        "type": "Polygon",
        "coordinates": [
          [
            [
              684053.5,
              7022746.5
            ],
            [
              684053.5,
              7022742.5
            ],
            [
              684041.5,
              7022742.5
            ],
            [
              684041.5,
              7022746.5
            ],
            [
              684053.5,
              7022746.5
            ]
          ]
        ]
      },
      "properties": {
        "tile": "l0/8/9",
        "cellMetres": 4,
        "role": "eligible-measured-woodland",
        "mode": "before"
      }
    },
    {
      "type": "Feature",
      "geometry": {
        "type": "Polygon",
        "coordinates": [
          [
            [
              684037.5,
              7022738.5
            ],
            [
              684037.5,
              7022726.5
            ],
            [
              684029.5,
              7022726.5
            ],
            [
              684029.5,
              7022730.5
            ],
            [
              684033.5,
              7022730.5
            ],
            [
              684033.5,
              7022734.5
            ],
            [
              684029.5,
              7022734.5
            ],
            [
              684029.5,
              7022738.5
            ],
            [
              684037.5,
              7022738.5
            ]
          ]
        ]
      },
      "properties": {
        "tile": "l0/8/9",
        "cellMetres": 4,
        "role": "eligible-measured-woodland",
        "mode": "before"
      }
    },
    {
      "type": "Feature",
      "geometry": {
        "type": "Polygon",
        "coordinates": [
          [
            [
              683965.5,
              7022734.5
            ],
            [
              683965.5,
              7022726.5
            ],
            [
              683961.5,
              7022726.5
            ],
            [
              683961.5,
              7022722.5
            ],
            [
              683957.5,
              7022722.5
            ],
            [
              683957.5,
              7022726.5
            ],
            [
              683953.5,
              7022726.5
            ],
            [
              683953.5,
              7022730.5
            ],
            [
              683957.5,
              7022730.5
            ],
            [
              683957.5,
              7022734.5
            ],
            [
              683965.5,
              7022734.5
            ]
          ]
        ]
      },
      "properties": {
        "tile": "l0/8/9",
        "cellMetres": 4,
        "role": "eligible-measured-woodland",
        "mode": "before"
      }
    },
    {
      "type": "Feature",
      "geometry": {
        "type": "Polygon",
        "coordinates": [
          [
            [
              683957.5,
              7022722.5
            ],
            [
              683957.5,
              7022718.5
            ],
            [
              683961.5,
              7022718.5
            ],
            [
              683961.5,
              7022710.5
            ],
            [
              683957.5,
              7022710.5
            ],
            [
              683957.5,
              7022706.5
            ],
            [
              683953.5,
              7022706.5
            ],
            [
              683953.5,
              7022718.5
            ],
            [
              683949.5,
              7022718.5
            ],
            [
              683949.5,
              7022722.5
            ],
            [
              683957.5,
              7022722.5
            ]
          ]
        ]
      },
      "properties": {
        "tile": "l0/8/9",
        "cellMetres": 4,
        "role": "eligible-measured-woodland",
        "mode": "before"
      }
    },
    {
      "type": "Feature",
      "geometry": {
        "type": "Polygon",
        "coordinates": [
          [
            [
              684017.5,
              7022730.5
            ],
            [
              684017.5,
              7022726.5
            ],
            [
              684025.5,
              7022726.5
            ],
            [
              684025.5,
              7022722.5
            ],
            [
              684029.5,
              7022722.5
            ],
            [
              684029.5,
              7022710.5
            ],
            [
              684025.5,
              7022710.5
            ],
            [
              684025.5,
              7022706.5
            ],
            [
              684017.5,
              7022706.5
            ],
            [
              684017.5,
              7022702.5
            ],
            [
              684005.5,
              7022702.5
            ],
            [
              684005.5,
              7022706.5
            ],
            [
              684001.5,
              7022706.5
            ],
            [
              684001.5,
              7022714.5
            ],
            [
              684005.5,
              7022714.5
            ],
            [
              684005.5,
              7022718.5
            ],
            [
              684009.5,
              7022718.5
            ],
            [
              684009.5,
              7022722.5
            ],
            [
              684013.5,
              7022722.5
            ],
            [
              684013.5,
              7022730.5
            ],
            [
              684017.5,
              7022730.5
            ]
          ]
        ]
      },
      "properties": {
        "tile": "l0/8/9",
        "cellMetres": 4,
        "role": "eligible-measured-woodland",
        "mode": "before"
      }
    },
    {
      "type": "Feature",
      "geometry": {
        "type": "Polygon",
        "coordinates": [
          [
            [
              684081.5,
              7022714.5
            ],
            [
              684081.5,
              7022698.5
            ],
            [
              684077.5,
              7022698.5
            ],
            [
              684077.5,
              7022702.5
            ],
            [
              684049.5,
              7022702.5
            ],
            [
              684049.5,
              7022706.5
            ],
            [
              684061.5,
              7022706.5
            ],
            [
              684061.5,
              7022710.5
            ],
            [
              684069.5,
              7022710.5
            ],
            [
              684069.5,
              7022706.5
            ],
            [
              684073.5,
              7022706.5
            ],
            [
              684073.5,
              7022710.5
            ],
            [
              684077.5,
              7022710.5
            ],
            [
              684077.5,
              7022714.5
            ],
            [
              684081.5,
              7022714.5
            ]
          ]
        ]
      },
      "properties": {
        "tile": "l0/8/9",
        "cellMetres": 4,
        "role": "eligible-measured-woodland",
        "mode": "before"
      }
    },
    {
      "type": "Feature",
      "geometry": {
        "type": "Polygon",
        "coordinates": [
          [
            [
              684049.5,
              7022702.5
            ],
            [
              684049.5,
              7022698.5
            ],
            [
              684041.5,
              7022698.5
            ],
            [
              684041.5,
              7022702.5
            ],
            [
              684049.5,
              7022702.5
            ]
          ]
        ]
      },
      "properties": {
        "tile": "l0/8/9",
        "cellMetres": 4,
        "role": "eligible-measured-woodland",
        "mode": "before"
      }
    },
    {
      "type": "Feature",
      "geometry": {
        "type": "Polygon",
        "coordinates": [
          [
            [
              684009.5,
              7022694.5
            ],
            [
              684009.5,
              7022690.5
            ],
            [
              684001.5,
              7022690.5
            ],
            [
              684001.5,
              7022694.5
            ],
            [
              684009.5,
              7022694.5
            ]
          ]
        ]
      },
      "properties": {
        "tile": "l0/8/9",
        "cellMetres": 4,
        "role": "eligible-measured-woodland",
        "mode": "before"
      }
    },
    {
      "type": "Feature",
      "geometry": {
        "type": "Polygon",
        "coordinates": [
          [
            [
              684101.5,
              7022718.5
            ],
            [
              684101.5,
              7022710.5
            ],
            [
              684105.5,
              7022710.5
            ],
            [
              684105.5,
              7022714.5
            ],
            [
              684109.5,
              7022714.5
            ],
            [
              684109.5,
              7022710.5
            ],
            [
              684117.5,
              7022710.5
            ],
            [
              684117.5,
              7022706.5
            ],
            [
              684113.5,
              7022706.5
            ],
            [
              684113.5,
              7022698.5
            ],
            [
              684117.5,
              7022698.5
            ],
            [
              684117.5,
              7022702.5
            ],
            [
              684125.5,
              7022702.5
            ],
            [
              684125.5,
              7022694.5
            ],
            [
              684117.5,
              7022694.5
            ],
            [
              684117.5,
              7022686.5
            ],
            [
              684113.5,
              7022686.5
            ],
            [
              684113.5,
              7022690.5
            ],
            [
              684109.5,
              7022690.5
            ],
            [
              684109.5,
              7022694.5
            ],
            [
              684097.5,
              7022694.5
            ],
            [
              684097.5,
              7022702.5
            ],
            [
              684085.5,
              7022702.5
            ],
            [
              684085.5,
              7022710.5
            ],
            [
              684089.5,
              7022710.5
            ],
            [
              684089.5,
              7022714.5
            ],
            [
              684085.5,
              7022714.5
            ],
            [
              684085.5,
              7022718.5
            ],
            [
              684101.5,
              7022718.5
            ]
          ]
        ]
      },
      "properties": {
        "tile": "l0/8/9",
        "cellMetres": 4,
        "role": "eligible-measured-woodland",
        "mode": "before"
      }
    },
    {
      "type": "Feature",
      "geometry": {
        "type": "Polygon",
        "coordinates": [
          [
            [
              684041.5,
              7022698.5
            ],
            [
              684041.5,
              7022694.5
            ],
            [
              684037.5,
              7022694.5
            ],
            [
              684037.5,
              7022686.5
            ],
            [
              684033.5,
              7022686.5
            ],
            [
              684033.5,
              7022694.5
            ],
            [
              684029.5,
              7022694.5
            ],
            [
              684029.5,
              7022698.5
            ],
            [
              684041.5,
              7022698.5
            ]
          ]
        ]
      },
      "properties": {
        "tile": "l0/8/9",
        "cellMetres": 4,
        "role": "eligible-measured-woodland",
        "mode": "before"
      }
    },
    {
      "type": "Feature",
      "geometry": {
        "type": "Polygon",
        "coordinates": [
          [
            [
              684153.5,
              7022670.5
            ],
            [
              684153.5,
              7022666.5
            ],
            [
              684149.5,
              7022666.5
            ],
            [
              684149.5,
              7022662.5
            ],
            [
              684145.5,
              7022662.5
            ],
            [
              684145.5,
              7022666.5
            ],
            [
              684141.5,
              7022666.5
            ],
            [
              684141.5,
              7022670.5
            ],
            [
              684153.5,
              7022670.5
            ]
          ]
        ]
      },
      "properties": {
        "tile": "l0/8/9",
        "cellMetres": 4,
        "role": "eligible-measured-woodland",
        "mode": "before"
      }
    },
    {
      "type": "Feature",
      "geometry": {
        "type": "Polygon",
        "coordinates": [
          [
            [
              684013.5,
              7022646.5
            ],
            [
              684009.5,
              7022646.5
            ],
            [
              684009.5,
              7022642.5
            ],
            [
              683997.5,
              7022642.5
            ],
            [
              683997.5,
              7022646.5
            ],
            [
              683993.5,
              7022646.5
            ],
            [
              683993.5,
              7022650.5
            ],
            [
              683989.5,
              7022650.5
            ],
            [
              683989.5,
              7022654.5
            ],
            [
              683977.5,
              7022654.5
            ],
            [
              683977.5,
              7022658.5
            ],
            [
              683981.5,
              7022658.5
            ],
            [
              683981.5,
              7022662.5
            ],
            [
              683985.5,
              7022662.5
            ],
            [
              683985.5,
              7022666.5
            ],
            [
              683989.5,
              7022666.5
            ],
            [
              683989.5,
              7022662.5
            ],
            [
              683993.5,
              7022662.5
            ],
            [
              683993.5,
              7022666.5
            ],
            [
              683997.5,
              7022666.5
            ],
            [
              683997.5,
              7022662.5
            ],
            [
              684001.5,
              7022662.5
            ],
            [
              684001.5,
              7022666.5
            ],
            [
              684005.5,
              7022666.5
            ],
            [
              684005.5,
              7022682.5
            ],
            [
              684009.5,
              7022682.5
            ],
            [
              684009.5,
              7022686.5
            ],
            [
              684013.5,
              7022686.5
            ],
            [
              684013.5,
              7022682.5
            ],
            [
              684017.5,
              7022682.5
            ],
            [
              684017.5,
              7022690.5
            ],
            [
              684013.5,
              7022690.5
            ],
            [
              684013.5,
              7022694.5
            ],
            [
              684025.5,
              7022694.5
            ],
            [
              684025.5,
              7022682.5
            ],
            [
              684029.5,
              7022682.5
            ],
            [
              684029.5,
              7022686.5
            ],
            [
              684033.5,
              7022686.5
            ],
            [
              684033.5,
              7022678.5
            ],
            [
              684029.5,
              7022678.5
            ],
            [
              684029.5,
              7022674.5
            ],
            [
              684033.5,
              7022674.5
            ],
            [
              684033.5,
              7022666.5
            ],
            [
              684037.5,
              7022666.5
            ],
            [
              684037.5,
              7022662.5
            ],
            [
              684053.5,
              7022662.5
            ],
            [
              684053.5,
              7022658.5
            ],
            [
              684049.5,
              7022658.5
            ],
            [
              684049.5,
              7022654.5
            ],
            [
              684041.5,
              7022654.5
            ],
            [
              684041.5,
              7022650.5
            ],
            [
              684037.5,
              7022650.5
            ],
            [
              684037.5,
              7022654.5
            ],
            [
              684033.5,
              7022654.5
            ],
            [
              684033.5,
              7022650.5
            ],
            [
              684025.5,
              7022650.5
            ],
            [
              684025.5,
              7022646.5
            ],
            [
              684021.5,
              7022646.5
            ],
            [
              684021.5,
              7022654.5
            ],
            [
              684025.5,
              7022654.5
            ],
            [
              684025.5,
              7022662.5
            ],
            [
              684017.5,
              7022662.5
            ],
            [
              684017.5,
              7022666.5
            ],
            [
              684013.5,
              7022666.5
            ],
            [
              684013.5,
              7022646.5
            ]
          ],
          [
            [
              684013.5,
              7022670.5
            ],
            [
              684009.5,
              7022670.5
            ],
            [
              684009.5,
              7022666.5
            ],
            [
              684013.5,
              7022666.5
            ],
            [
              684013.5,
              7022670.5
            ]
          ]
        ]
      },
      "properties": {
        "tile": "l0/8/9",
        "cellMetres": 4,
        "role": "eligible-measured-woodland",
        "mode": "before"
      }
    },
    {
      "type": "Feature",
      "geometry": {
        "type": "Polygon",
        "coordinates": [
          [
            [
              683985.5,
              7022646.5
            ],
            [
              683985.5,
              7022642.5
            ],
            [
              683989.5,
              7022642.5
            ],
            [
              683989.5,
              7022638.5
            ],
            [
              683985.5,
              7022638.5
            ],
            [
              683985.5,
              7022634.5
            ],
            [
              683969.5,
              7022634.5
            ],
            [
              683969.5,
              7022642.5
            ],
            [
              683973.5,
              7022642.5
            ],
            [
              683973.5,
              7022646.5
            ],
            [
              683985.5,
              7022646.5
            ]
          ]
        ]
      },
      "properties": {
        "tile": "l0/8/9",
        "cellMetres": 4,
        "role": "eligible-measured-woodland",
        "mode": "before"
      }
    },
    {
      "type": "Feature",
      "geometry": {
        "type": "Polygon",
        "coordinates": [
          [
            [
              684041.5,
              7022634.5
            ],
            [
              684041.5,
              7022630.5
            ],
            [
              684037.5,
              7022630.5
            ],
            [
              684037.5,
              7022634.5
            ],
            [
              684041.5,
              7022634.5
            ]
          ]
        ]
      },
      "properties": {
        "tile": "l0/8/9",
        "cellMetres": 4,
        "role": "eligible-measured-woodland",
        "mode": "before"
      }
    },
    {
      "type": "Feature",
      "geometry": {
        "type": "Polygon",
        "coordinates": [
          [
            [
              684101.5,
              7022610.5
            ],
            [
              684101.5,
              7022606.5
            ],
            [
              684097.5,
              7022606.5
            ],
            [
              684097.5,
              7022610.5
            ],
            [
              684101.5,
              7022610.5
            ]
          ]
        ]
      },
      "properties": {
        "tile": "l0/8/9",
        "cellMetres": 4,
        "role": "eligible-measured-woodland",
        "mode": "before"
      }
    },
    {
      "type": "Feature",
      "geometry": {
        "type": "Polygon",
        "coordinates": [
          [
            [
              684029.5,
              7022622.5
            ],
            [
              684029.5,
              7022610.5
            ],
            [
              684025.5,
              7022610.5
            ],
            [
              684025.5,
              7022602.5
            ],
            [
              684021.5,
              7022602.5
            ],
            [
              684021.5,
              7022598.5
            ],
            [
              684005.5,
              7022598.5
            ],
            [
              684005.5,
              7022606.5
            ],
            [
              684001.5,
              7022606.5
            ],
            [
              684001.5,
              7022610.5
            ],
            [
              684005.5,
              7022610.5
            ],
            [
              684005.5,
              7022614.5
            ],
            [
              684009.5,
              7022614.5
            ],
            [
              684009.5,
              7022618.5
            ],
            [
              684013.5,
              7022618.5
            ],
            [
              684013.5,
              7022622.5
            ],
            [
              684029.5,
              7022622.5
            ]
          ]
        ]
      },
      "properties": {
        "tile": "l0/8/9",
        "cellMetres": 4,
        "role": "eligible-measured-woodland",
        "mode": "before"
      }
    },
    {
      "type": "Feature",
      "geometry": {
        "type": "Polygon",
        "coordinates": [
          [
            [
              684105.5,
              7022670.5
            ],
            [
              684105.5,
              7022666.5
            ],
            [
              684125.5,
              7022666.5
            ],
            [
              684125.5,
              7022662.5
            ],
            [
              684129.5,
              7022662.5
            ],
            [
              684129.5,
              7022650.5
            ],
            [
              684113.5,
              7022650.5
            ],
            [
              684113.5,
              7022646.5
            ],
            [
              684101.5,
              7022646.5
            ],
            [
              684101.5,
              7022650.5
            ],
            [
              684097.5,
              7022650.5
            ],
            [
              684097.5,
              7022646.5
            ],
            [
              684089.5,
              7022646.5
            ],
            [
              684089.5,
              7022642.5
            ],
            [
              684085.5,
              7022642.5
            ],
            [
              684085.5,
              7022638.5
            ],
            [
              684081.5,
              7022638.5
            ],
            [
              684081.5,
              7022630.5
            ],
            [
              684073.5,
              7022630.5
            ],
            [
              684073.5,
              7022626.5
            ],
            [
              684069.5,
              7022626.5
            ],
            [
              684069.5,
              7022618.5
            ],
            [
              684065.5,
              7022618.5
            ],
            [
              684065.5,
              7022614.5
            ],
            [
              684061.5,
              7022614.5
            ],
            [
              684061.5,
              7022610.5
            ],
            [
              684057.5,
              7022610.5
            ],
            [
              684057.5,
              7022606.5
            ],
            [
              684053.5,
              7022606.5
            ],
            [
              684053.5,
              7022602.5
            ],
            [
              684049.5,
              7022602.5
            ],
            [
              684049.5,
              7022598.5
            ],
            [
              684037.5,
              7022598.5
            ],
            [
              684037.5,
              7022602.5
            ],
            [
              684033.5,
              7022602.5
            ],
            [
              684033.5,
              7022610.5
            ],
            [
              684037.5,
              7022610.5
            ],
            [
              684037.5,
              7022626.5
            ],
            [
              684041.5,
              7022626.5
            ],
            [
              684041.5,
              7022630.5
            ],
            [
              684049.5,
              7022630.5
            ],
            [
              684049.5,
              7022638.5
            ],
            [
              684053.5,
              7022638.5
            ],
            [
              684053.5,
              7022642.5
            ],
            [
              684057.5,
              7022642.5
            ],
            [
              684057.5,
              7022646.5
            ],
            [
              684053.5,
              7022646.5
            ],
            [
              684053.5,
              7022650.5
            ],
            [
              684057.5,
              7022650.5
            ],
            [
              684057.5,
              7022654.5
            ],
            [
              684061.5,
              7022654.5
            ],
            [
              684061.5,
              7022658.5
            ],
            [
              684069.5,
              7022658.5
            ],
            [
              684069.5,
              7022662.5
            ],
            [
              684073.5,
              7022662.5
            ],
            [
              684073.5,
              7022666.5
            ],
            [
              684085.5,
              7022666.5
            ],
            [
              684085.5,
              7022670.5
            ],
            [
              684105.5,
              7022670.5
            ]
          ]
        ]
      },
      "properties": {
        "tile": "l0/8/9",
        "cellMetres": 4,
        "role": "eligible-measured-woodland",
        "mode": "before"
      }
    },
    {
      "type": "Feature",
      "geometry": {
        "type": "Polygon",
        "coordinates": [
          [
            [
              684033.5,
              7022594.5
            ],
            [
              684033.5,
              7022586.5
            ],
            [
              684029.5,
              7022586.5
            ],
            [
              684029.5,
              7022594.5
            ],
            [
              684033.5,
              7022594.5
            ]
          ]
        ]
      },
      "properties": {
        "tile": "l0/8/9",
        "cellMetres": 4,
        "role": "eligible-measured-woodland",
        "mode": "before"
      }
    },
    {
      "type": "Feature",
      "geometry": {
        "type": "Polygon",
        "coordinates": [
          [
            [
              684141.5,
              7022586.5
            ],
            [
              684141.5,
              7022582.5
            ],
            [
              684137.5,
              7022582.5
            ],
            [
              684137.5,
              7022586.5
            ],
            [
              684141.5,
              7022586.5
            ]
          ]
        ]
      },
      "properties": {
        "tile": "l0/8/9",
        "cellMetres": 4,
        "role": "eligible-measured-woodland",
        "mode": "before"
      }
    },
    {
      "type": "Feature",
      "geometry": {
        "type": "Polygon",
        "coordinates": [
          [
            [
              684013.5,
              7022590.5
            ],
            [
              684013.5,
              7022586.5
            ],
            [
              684017.5,
              7022586.5
            ],
            [
              684017.5,
              7022582.5
            ],
            [
              684013.5,
              7022582.5
            ],
            [
              684013.5,
              7022578.5
            ],
            [
              684005.5,
              7022578.5
            ],
            [
              684005.5,
              7022590.5
            ],
            [
              684013.5,
              7022590.5
            ]
          ]
        ]
      },
      "properties": {
        "tile": "l0/8/9",
        "cellMetres": 4,
        "role": "eligible-measured-woodland",
        "mode": "before"
      }
    },
    {
      "type": "Feature",
      "geometry": {
        "type": "Polygon",
        "coordinates": [
          [
            [
              684145.5,
              7022582.5
            ],
            [
              684145.5,
              7022578.5
            ],
            [
              684141.5,
              7022578.5
            ],
            [
              684141.5,
              7022582.5
            ],
            [
              684145.5,
              7022582.5
            ]
          ]
        ]
      },
      "properties": {
        "tile": "l0/8/9",
        "cellMetres": 4,
        "role": "eligible-measured-woodland",
        "mode": "before"
      }
    },
    {
      "type": "Feature",
      "geometry": {
        "type": "Polygon",
        "coordinates": [
          [
            [
              684001.5,
              7022602.5
            ],
            [
              684001.5,
              7022594.5
            ],
            [
              683997.5,
              7022594.5
            ],
            [
              683997.5,
              7022590.5
            ],
            [
              683989.5,
              7022590.5
            ],
            [
              683989.5,
              7022586.5
            ],
            [
              683981.5,
              7022586.5
            ],
            [
              683981.5,
              7022582.5
            ],
            [
              683973.5,
              7022582.5
            ],
            [
              683973.5,
              7022578.5
            ],
            [
              683965.5,
              7022578.5
            ],
            [
              683965.5,
              7022574.5
            ],
            [
              683961.5,
              7022574.5
            ],
            [
              683961.5,
              7022570.5
            ],
            [
              683953.5,
              7022570.5
            ],
            [
              683953.5,
              7022574.5
            ],
            [
              683945.5,
              7022574.5
            ],
            [
              683945.5,
              7022578.5
            ],
            [
              683941.5,
              7022578.5
            ],
            [
              683941.5,
              7022586.5
            ],
            [
              683949.5,
              7022586.5
            ],
            [
              683949.5,
              7022590.5
            ],
            [
              683969.5,
              7022590.5
            ],
            [
              683969.5,
              7022586.5
            ],
            [
              683977.5,
              7022586.5
            ],
            [
              683977.5,
              7022590.5
            ],
            [
              683981.5,
              7022590.5
            ],
            [
              683981.5,
              7022594.5
            ],
            [
              683993.5,
              7022594.5
            ],
            [
              683993.5,
              7022602.5
            ],
            [
              684001.5,
              7022602.5
            ]
          ]
        ]
      },
      "properties": {
        "tile": "l0/8/9",
        "cellMetres": 4,
        "role": "eligible-measured-woodland",
        "mode": "before"
      }
    },
    {
      "type": "Feature",
      "geometry": {
        "type": "Polygon",
        "coordinates": [
          [
            [
              684165.5,
              7022606.5
            ],
            [
              684165.5,
              7022562.5
            ],
            [
              684161.5,
              7022562.5
            ],
            [
              684161.5,
              7022574.5
            ],
            [
              684157.5,
              7022574.5
            ],
            [
              684157.5,
              7022582.5
            ],
            [
              684153.5,
              7022582.5
            ],
            [
              684153.5,
              7022590.5
            ],
            [
              684149.5,
              7022590.5
            ],
            [
              684149.5,
              7022594.5
            ],
            [
              684153.5,
              7022594.5
            ],
            [
              684153.5,
              7022602.5
            ],
            [
              684161.5,
              7022602.5
            ],
            [
              684161.5,
              7022606.5
            ],
            [
              684165.5,
              7022606.5
            ]
          ]
        ]
      },
      "properties": {
        "tile": "l0/8/9",
        "cellMetres": 4,
        "role": "eligible-measured-woodland",
        "mode": "before"
      }
    },
    {
      "type": "Feature",
      "geometry": {
        "type": "Polygon",
        "coordinates": [
          [
            [
              683981.5,
              7022574.5
            ],
            [
              683981.5,
              7022570.5
            ],
            [
              683977.5,
              7022570.5
            ],
            [
              683977.5,
              7022566.5
            ],
            [
              683981.5,
              7022566.5
            ],
            [
              683981.5,
              7022562.5
            ],
            [
              683977.5,
              7022562.5
            ],
            [
              683977.5,
              7022558.5
            ],
            [
              683973.5,
              7022558.5
            ],
            [
              683973.5,
              7022562.5
            ],
            [
              683961.5,
              7022562.5
            ],
            [
              683961.5,
              7022566.5
            ],
            [
              683965.5,
              7022566.5
            ],
            [
              683965.5,
              7022570.5
            ],
            [
              683973.5,
              7022570.5
            ],
            [
              683973.5,
              7022574.5
            ],
            [
              683981.5,
              7022574.5
            ]
          ]
        ]
      },
      "properties": {
        "tile": "l0/8/9",
        "cellMetres": 4,
        "role": "eligible-measured-woodland",
        "mode": "before"
      }
    },
    {
      "type": "Feature",
      "geometry": {
        "type": "Polygon",
        "coordinates": [
          [
            [
              684077.5,
              7022586.5
            ],
            [
              684077.5,
              7022582.5
            ],
            [
              684073.5,
              7022582.5
            ],
            [
              684073.5,
              7022578.5
            ],
            [
              684069.5,
              7022578.5
            ],
            [
              684069.5,
              7022574.5
            ],
            [
              684065.5,
              7022574.5
            ],
            [
              684065.5,
              7022570.5
            ],
            [
              684061.5,
              7022570.5
            ],
            [
              684061.5,
              7022566.5
            ],
            [
              684057.5,
              7022566.5
            ],
            [
              684057.5,
              7022562.5
            ],
            [
              684053.5,
              7022562.5
            ],
            [
              684053.5,
              7022554.5
            ],
            [
              684049.5,
              7022554.5
            ],
            [
              684049.5,
              7022550.5
            ],
            [
              684041.5,
              7022550.5
            ],
            [
              684041.5,
              7022554.5
            ],
            [
              684045.5,
              7022554.5
            ],
            [
              684045.5,
              7022558.5
            ],
            [
              684049.5,
              7022558.5
            ],
            [
              684049.5,
              7022566.5
            ],
            [
              684053.5,
              7022566.5
            ],
            [
              684053.5,
              7022570.5
            ],
            [
              684057.5,
              7022570.5
            ],
            [
              684057.5,
              7022574.5
            ],
            [
              684061.5,
              7022574.5
            ],
            [
              684061.5,
              7022582.5
            ],
            [
              684065.5,
              7022582.5
            ],
            [
              684065.5,
              7022586.5
            ],
            [
              684077.5,
              7022586.5
            ]
          ]
        ]
      },
      "properties": {
        "tile": "l0/8/9",
        "cellMetres": 4,
        "role": "eligible-measured-woodland",
        "mode": "before"
      }
    },
    {
      "type": "Feature",
      "geometry": {
        "type": "Polygon",
        "coordinates": [
          [
            [
              683949.5,
              7022550.5
            ],
            [
              683949.5,
              7022546.5
            ],
            [
              683953.5,
              7022546.5
            ],
            [
              683953.5,
              7022542.5
            ],
            [
              683949.5,
              7022542.5
            ],
            [
              683949.5,
              7022538.5
            ],
            [
              683945.5,
              7022538.5
            ],
            [
              683945.5,
              7022550.5
            ],
            [
              683949.5,
              7022550.5
            ]
          ]
        ]
      },
      "properties": {
        "tile": "l0/8/9",
        "cellMetres": 4,
        "role": "eligible-measured-woodland",
        "mode": "before"
      }
    },
    {
      "type": "Feature",
      "geometry": {
        "type": "Polygon",
        "coordinates": [
          [
            [
              684041.5,
              7022542.5
            ],
            [
              684041.5,
              7022534.5
            ],
            [
              684037.5,
              7022534.5
            ],
            [
              684037.5,
              7022542.5
            ],
            [
              684041.5,
              7022542.5
            ]
          ]
        ]
      },
      "properties": {
        "tile": "l0/8/9",
        "cellMetres": 4,
        "role": "eligible-measured-woodland",
        "mode": "before"
      }
    },
    {
      "type": "Feature",
      "geometry": {
        "type": "Polygon",
        "coordinates": [
          [
            [
              684137.5,
              7022538.5
            ],
            [
              684137.5,
              7022534.5
            ],
            [
              684133.5,
              7022534.5
            ],
            [
              684133.5,
              7022538.5
            ],
            [
              684137.5,
              7022538.5
            ]
          ]
        ]
      },
      "properties": {
        "tile": "l0/8/9",
        "cellMetres": 4,
        "role": "eligible-measured-woodland",
        "mode": "before"
      }
    },
    {
      "type": "Feature",
      "geometry": {
        "type": "Polygon",
        "coordinates": [
          [
            [
              683933.5,
              7022550.5
            ],
            [
              683933.5,
              7022534.5
            ],
            [
              683929.5,
              7022534.5
            ],
            [
              683929.5,
              7022526.5
            ],
            [
              683925.5,
              7022526.5
            ],
            [
              683925.5,
              7022522.5
            ],
            [
              683921.5,
              7022522.5
            ],
            [
              683921.5,
              7022526.5
            ],
            [
              683917.5,
              7022526.5
            ],
            [
              683917.5,
              7022530.5
            ],
            [
              683921.5,
              7022530.5
            ],
            [
              683921.5,
              7022550.5
            ],
            [
              683933.5,
              7022550.5
            ]
          ]
        ]
      },
      "properties": {
        "tile": "l0/8/9",
        "cellMetres": 4,
        "role": "eligible-measured-woodland",
        "mode": "before"
      }
    },
    {
      "type": "Feature",
      "geometry": {
        "type": "Polygon",
        "coordinates": [
          [
            [
              683925.5,
              7022518.5
            ],
            [
              683925.5,
              7022514.5
            ],
            [
              683921.5,
              7022514.5
            ],
            [
              683921.5,
              7022506.5
            ],
            [
              683917.5,
              7022506.5
            ],
            [
              683917.5,
              7022518.5
            ],
            [
              683925.5,
              7022518.5
            ]
          ]
        ]
      },
      "properties": {
        "tile": "l0/8/9",
        "cellMetres": 4,
        "role": "eligible-measured-woodland",
        "mode": "before"
      }
    },
    {
      "type": "Feature",
      "geometry": {
        "type": "Polygon",
        "coordinates": [
          [
            [
              684153.5,
              7022510.5
            ],
            [
              684153.5,
              7022522.5
            ],
            [
              684145.5,
              7022522.5
            ],
            [
              684145.5,
              7022542.5
            ],
            [
              684141.5,
              7022542.5
            ],
            [
              684141.5,
              7022538.5
            ],
            [
              684137.5,
              7022538.5
            ],
            [
              684137.5,
              7022554.5
            ],
            [
              684145.5,
              7022554.5
            ],
            [
              684145.5,
              7022562.5
            ],
            [
              684141.5,
              7022562.5
            ],
            [
              684141.5,
              7022566.5
            ],
            [
              684145.5,
              7022566.5
            ],
            [
              684145.5,
              7022578.5
            ],
            [
              684149.5,
              7022578.5
            ],
            [
              684149.5,
              7022574.5
            ],
            [
              684153.5,
              7022574.5
            ],
            [
              684153.5,
              7022562.5
            ],
            [
              684157.5,
              7022562.5
            ],
            [
              684157.5,
              7022558.5
            ],
            [
              684161.5,
              7022558.5
            ],
            [
              684161.5,
              7022550.5
            ],
            [
              684153.5,
              7022550.5
            ],
            [
              684153.5,
              7022554.5
            ],
            [
              684149.5,
              7022554.5
            ],
            [
              684149.5,
              7022538.5
            ],
            [
              684153.5,
              7022538.5
            ],
            [
              684153.5,
              7022542.5
            ],
            [
              684157.5,
              7022542.5
            ],
            [
              684157.5,
              7022538.5
            ],
            [
              684165.5,
              7022538.5
            ],
            [
              684165.5,
              7022490.5
            ],
            [
              684149.5,
              7022490.5
            ],
            [
              684149.5,
              7022494.5
            ],
            [
              684145.5,
              7022494.5
            ],
            [
              684145.5,
              7022490.5
            ],
            [
              684113.5,
              7022490.5
            ],
            [
              684113.5,
              7022506.5
            ],
            [
              684117.5,
              7022506.5
            ],
            [
              684117.5,
              7022510.5
            ],
            [
              684121.5,
              7022510.5
            ],
            [
              684121.5,
              7022506.5
            ],
            [
              684125.5,
              7022506.5
            ],
            [
              684125.5,
              7022514.5
            ],
            [
              684121.5,
              7022514.5
            ],
            [
              684121.5,
              7022522.5
            ],
            [
              684125.5,
              7022522.5
            ],
            [
              684125.5,
              7022530.5
            ],
            [
              684129.5,
              7022530.5
            ],
            [
              684129.5,
              7022534.5
            ],
            [
              684133.5,
              7022534.5
            ],
            [
              684133.5,
              7022522.5
            ],
            [
              684129.5,
              7022522.5
            ],
            [
              684129.5,
              7022518.5
            ],
            [
              684137.5,
              7022518.5
            ],
            [
              684137.5,
              7022514.5
            ],
            [
              684141.5,
              7022514.5
            ],
            [
              684141.5,
              7022518.5
            ],
            [
              684145.5,
              7022518.5
            ],
            [
              684145.5,
              7022510.5
            ],
            [
              684153.5,
              7022510.5
            ]
          ],
          [
            [
              684145.5,
              7022498.5
            ],
            [
              684141.5,
              7022498.5
            ],
            [
              684141.5,
              7022494.5
            ],
            [
              684145.5,
              7022494.5
            ],
            [
              684145.5,
              7022498.5
            ]
          ],
          [
            [
              684141.5,
              7022510.5
            ],
            [
              684141.5,
              7022506.5
            ],
            [
              684145.5,
              7022506.5
            ],
            [
              684145.5,
              7022510.5
            ],
            [
              684141.5,
              7022510.5
            ]
          ],
          [
            [
              684145.5,
              7022502.5
            ],
            [
              684149.5,
              7022502.5
            ],
            [
              684149.5,
              7022506.5
            ],
            [
              684145.5,
              7022506.5
            ],
            [
              684145.5,
              7022502.5
            ]
          ],
          [
            [
              684133.5,
              7022502.5
            ],
            [
              684137.5,
              7022502.5
            ],
            [
              684137.5,
              7022506.5
            ],
            [
              684133.5,
              7022506.5
            ],
            [
              684133.5,
              7022502.5
            ]
          ],
          [
            [
              684117.5,
              7022494.5
            ],
            [
              684121.5,
              7022494.5
            ],
            [
              684121.5,
              7022498.5
            ],
            [
              684117.5,
              7022498.5
            ],
            [
              684117.5,
              7022494.5
            ]
          ]
        ]
      },
      "properties": {
        "tile": "l0/8/9",
        "cellMetres": 4,
        "role": "eligible-measured-woodland",
        "mode": "before"
      }
    },
    {
      "type": "Feature",
      "geometry": {
        "type": "Polygon",
        "coordinates": [
          [
            [
              684009.5,
              7022494.5
            ],
            [
              684009.5,
              7022490.5
            ],
            [
              684001.5,
              7022490.5
            ],
            [
              684001.5,
              7022494.5
            ],
            [
              684009.5,
              7022494.5
            ]
          ]
        ]
      },
      "properties": {
        "tile": "l0/8/9",
        "cellMetres": 4,
        "role": "eligible-measured-woodland",
        "mode": "before"
      }
    },
    {
      "type": "Feature",
      "geometry": {
        "type": "Polygon",
        "coordinates": [
          [
            [
              684405.5,
              7022746.5
            ],
            [
              684405.5,
              7022742.5
            ],
            [
              684401.5,
              7022742.5
            ],
            [
              684401.5,
              7022738.5
            ],
            [
              684397.5,
              7022738.5
            ],
            [
              684397.5,
              7022746.5
            ],
            [
              684405.5,
              7022746.5
            ]
          ]
        ]
      },
      "properties": {
        "tile": "l0/9/9",
        "cellMetres": 4,
        "role": "eligible-measured-woodland",
        "mode": "before"
      }
    },
    {
      "type": "Feature",
      "geometry": {
        "type": "Polygon",
        "coordinates": [
          [
            [
              684241.5,
              7022746.5
            ],
            [
              684241.5,
              7022738.5
            ],
            [
              684233.5,
              7022738.5
            ],
            [
              684233.5,
              7022742.5
            ],
            [
              684237.5,
              7022742.5
            ],
            [
              684237.5,
              7022746.5
            ],
            [
              684241.5,
              7022746.5
            ]
          ]
        ]
      },
      "properties": {
        "tile": "l0/9/9",
        "cellMetres": 4,
        "role": "eligible-measured-woodland",
        "mode": "before"
      }
    },
    {
      "type": "Feature",
      "geometry": {
        "type": "Polygon",
        "coordinates": [
          [
            [
              684409.5,
              7022742.5
            ],
            [
              684409.5,
              7022734.5
            ],
            [
              684405.5,
              7022734.5
            ],
            [
              684405.5,
              7022742.5
            ],
            [
              684409.5,
              7022742.5
            ]
          ]
        ]
      },
      "properties": {
        "tile": "l0/9/9",
        "cellMetres": 4,
        "role": "eligible-measured-woodland",
        "mode": "before"
      }
    },
    {
      "type": "Feature",
      "geometry": {
        "type": "Polygon",
        "coordinates": [
          [
            [
              684421.5,
              7022746.5
            ],
            [
              684421.5,
              7022722.5
            ],
            [
              684417.5,
              7022722.5
            ],
            [
              684417.5,
              7022734.5
            ],
            [
              684413.5,
              7022734.5
            ],
            [
              684413.5,
              7022746.5
            ],
            [
              684421.5,
              7022746.5
            ]
          ]
        ]
      },
      "properties": {
        "tile": "l0/9/9",
        "cellMetres": 4,
        "role": "eligible-measured-woodland",
        "mode": "before"
      }
    },
    {
      "type": "Feature",
      "geometry": {
        "type": "Polygon",
        "coordinates": [
          [
            [
              684193.5,
              7022718.5
            ],
            [
              684193.5,
              7022710.5
            ],
            [
              684189.5,
              7022710.5
            ],
            [
              684189.5,
              7022706.5
            ],
            [
              684185.5,
              7022706.5
            ],
            [
              684185.5,
              7022714.5
            ],
            [
              684189.5,
              7022714.5
            ],
            [
              684189.5,
              7022718.5
            ],
            [
              684193.5,
              7022718.5
            ]
          ]
        ]
      },
      "properties": {
        "tile": "l0/9/9",
        "cellMetres": 4,
        "role": "eligible-measured-woodland",
        "mode": "before"
      }
    },
    {
      "type": "Feature",
      "geometry": {
        "type": "Polygon",
        "coordinates": [
          [
            [
              684253.5,
              7022718.5
            ],
            [
              684253.5,
              7022702.5
            ],
            [
              684245.5,
              7022702.5
            ],
            [
              684245.5,
              7022706.5
            ],
            [
              684241.5,
              7022706.5
            ],
            [
              684241.5,
              7022714.5
            ],
            [
              684245.5,
              7022714.5
            ],
            [
              684245.5,
              7022718.5
            ],
            [
              684253.5,
              7022718.5
            ]
          ]
        ]
      },
      "properties": {
        "tile": "l0/9/9",
        "cellMetres": 4,
        "role": "eligible-measured-woodland",
        "mode": "before"
      }
    },
    {
      "type": "Feature",
      "geometry": {
        "type": "Polygon",
        "coordinates": [
          [
            [
              684257.5,
              7022698.5
            ],
            [
              684257.5,
              7022690.5
            ],
            [
              684253.5,
              7022690.5
            ],
            [
              684253.5,
              7022698.5
            ],
            [
              684257.5,
              7022698.5
            ]
          ]
        ]
      },
      "properties": {
        "tile": "l0/9/9",
        "cellMetres": 4,
        "role": "eligible-measured-woodland",
        "mode": "before"
      }
    },
    {
      "type": "Feature",
      "geometry": {
        "type": "Polygon",
        "coordinates": [
          [
            [
              684181.5,
              7022682.5
            ],
            [
              684181.5,
              7022674.5
            ],
            [
              684177.5,
              7022674.5
            ],
            [
              684177.5,
              7022666.5
            ],
            [
              684165.5,
              7022666.5
            ],
            [
              684165.5,
              7022678.5
            ],
            [
              684173.5,
              7022678.5
            ],
            [
              684173.5,
              7022682.5
            ],
            [
              684181.5,
              7022682.5
            ]
          ]
        ]
      },
      "properties": {
        "tile": "l0/9/9",
        "cellMetres": 4,
        "role": "eligible-measured-woodland",
        "mode": "before"
      }
    },
    {
      "type": "Feature",
      "geometry": {
        "type": "Polygon",
        "coordinates": [
          [
            [
              684177.5,
              7022658.5
            ],
            [
              684177.5,
              7022650.5
            ],
            [
              684173.5,
              7022650.5
            ],
            [
              684173.5,
              7022658.5
            ],
            [
              684177.5,
              7022658.5
            ]
          ]
        ]
      },
      "properties": {
        "tile": "l0/9/9",
        "cellMetres": 4,
        "role": "eligible-measured-woodland",
        "mode": "before"
      }
    },
    {
      "type": "Feature",
      "geometry": {
        "type": "Polygon",
        "coordinates": [
          [
            [
              684417.5,
              7022606.5
            ],
            [
              684417.5,
              7022602.5
            ],
            [
              684421.5,
              7022602.5
            ],
            [
              684421.5,
              7022590.5
            ],
            [
              684409.5,
              7022590.5
            ],
            [
              684409.5,
              7022586.5
            ],
            [
              684397.5,
              7022586.5
            ],
            [
              684397.5,
              7022590.5
            ],
            [
              684393.5,
              7022590.5
            ],
            [
              684393.5,
              7022602.5
            ],
            [
              684409.5,
              7022602.5
            ],
            [
              684409.5,
              7022606.5
            ],
            [
              684417.5,
              7022606.5
            ]
          ]
        ]
      },
      "properties": {
        "tile": "l0/9/9",
        "cellMetres": 4,
        "role": "eligible-measured-woodland",
        "mode": "before"
      }
    },
    {
      "type": "Feature",
      "geometry": {
        "type": "Polygon",
        "coordinates": [
          [
            [
              684401.5,
              7022582.5
            ],
            [
              684401.5,
              7022578.5
            ],
            [
              684397.5,
              7022578.5
            ],
            [
              684397.5,
              7022582.5
            ],
            [
              684401.5,
              7022582.5
            ]
          ]
        ]
      },
      "properties": {
        "tile": "l0/9/9",
        "cellMetres": 4,
        "role": "eligible-measured-woodland",
        "mode": "before"
      }
    },
    {
      "type": "Feature",
      "geometry": {
        "type": "Polygon",
        "coordinates": [
          [
            [
              684229.5,
              7022550.5
            ],
            [
              684229.5,
              7022546.5
            ],
            [
              684225.5,
              7022546.5
            ],
            [
              684225.5,
              7022550.5
            ],
            [
              684229.5,
              7022550.5
            ]
          ]
        ]
      },
      "properties": {
        "tile": "l0/9/9",
        "cellMetres": 4,
        "role": "eligible-measured-woodland",
        "mode": "before"
      }
    },
    {
      "type": "Feature",
      "geometry": {
        "type": "Polygon",
        "coordinates": [
          [
            [
              684177.5,
              7022618.5
            ],
            [
              684181.5,
              7022618.5
            ],
            [
              684181.5,
              7022622.5
            ],
            [
              684189.5,
              7022622.5
            ],
            [
              684189.5,
              7022626.5
            ],
            [
              684181.5,
              7022626.5
            ],
            [
              684181.5,
              7022638.5
            ],
            [
              684177.5,
              7022638.5
            ],
            [
              684177.5,
              7022646.5
            ],
            [
              684181.5,
              7022646.5
            ],
            [
              684181.5,
              7022654.5
            ],
            [
              684185.5,
              7022654.5
            ],
            [
              684185.5,
              7022642.5
            ],
            [
              684189.5,
              7022642.5
            ],
            [
              684189.5,
              7022630.5
            ],
            [
              684193.5,
              7022630.5
            ],
            [
              684193.5,
              7022618.5
            ],
            [
              684197.5,
              7022618.5
            ],
            [
              684197.5,
              7022602.5
            ],
            [
              684201.5,
              7022602.5
            ],
            [
              684201.5,
              7022586.5
            ],
            [
              684205.5,
              7022586.5
            ],
            [
              684205.5,
              7022574.5
            ],
            [
              684209.5,
              7022574.5
            ],
            [
              684209.5,
              7022558.5
            ],
            [
              684213.5,
              7022558.5
            ],
            [
              684213.5,
              7022538.5
            ],
            [
              684209.5,
              7022538.5
            ],
            [
              684209.5,
              7022530.5
            ],
            [
              684201.5,
              7022530.5
            ],
            [
              684201.5,
              7022534.5
            ],
            [
              684193.5,
              7022534.5
            ],
            [
              684193.5,
              7022538.5
            ],
            [
              684185.5,
              7022538.5
            ],
            [
              684185.5,
              7022542.5
            ],
            [
              684181.5,
              7022542.5
            ],
            [
              684181.5,
              7022546.5
            ],
            [
              684177.5,
              7022546.5
            ],
            [
              684177.5,
              7022550.5
            ],
            [
              684173.5,
              7022550.5
            ],
            [
              684173.5,
              7022554.5
            ],
            [
              684169.5,
              7022554.5
            ],
            [
              684169.5,
              7022558.5
            ],
            [
              684165.5,
              7022558.5
            ],
            [
              684165.5,
              7022606.5
            ],
            [
              684173.5,
              7022606.5
            ],
            [
              684173.5,
              7022610.5
            ],
            [
              684177.5,
              7022610.5
            ],
            [
              684177.5,
              7022618.5
            ]
          ],
          [
            [
              684177.5,
              7022606.5
            ],
            [
              684181.5,
              7022606.5
            ],
            [
              684181.5,
              7022610.5
            ],
            [
              684177.5,
              7022610.5
            ],
            [
              684177.5,
              7022606.5
            ]
          ],
          [
            [
              684185.5,
              7022610.5
            ],
            [
              684189.5,
              7022610.5
            ],
            [
              684189.5,
              7022614.5
            ],
            [
              684185.5,
              7022614.5
            ],
            [
              684185.5,
              7022610.5
            ]
          ]
        ]
      },
      "properties": {
        "tile": "l0/9/9",
        "cellMetres": 4,
        "role": "eligible-measured-woodland",
        "mode": "before"
      }
    },
    {
      "type": "Feature",
      "geometry": {
        "type": "Polygon",
        "coordinates": [
          [
            [
              684241.5,
              7022522.5
            ],
            [
              684241.5,
              7022514.5
            ],
            [
              684237.5,
              7022514.5
            ],
            [
              684237.5,
              7022518.5
            ],
            [
              684233.5,
              7022518.5
            ],
            [
              684233.5,
              7022522.5
            ],
            [
              684241.5,
              7022522.5
            ]
          ]
        ]
      },
      "properties": {
        "tile": "l0/9/9",
        "cellMetres": 4,
        "role": "eligible-measured-woodland",
        "mode": "before"
      }
    },
    {
      "type": "Feature",
      "geometry": {
        "type": "Polygon",
        "coordinates": [
          [
            [
              684217.5,
              7022510.5
            ],
            [
              684217.5,
              7022506.5
            ],
            [
              684213.5,
              7022506.5
            ],
            [
              684213.5,
              7022510.5
            ],
            [
              684217.5,
              7022510.5
            ]
          ]
        ]
      },
      "properties": {
        "tile": "l0/9/9",
        "cellMetres": 4,
        "role": "eligible-measured-woodland",
        "mode": "before"
      }
    },
    {
      "type": "Feature",
      "geometry": {
        "type": "Polygon",
        "coordinates": [
          [
            [
              684169.5,
              7022546.5
            ],
            [
              684169.5,
              7022542.5
            ],
            [
              684177.5,
              7022542.5
            ],
            [
              684177.5,
              7022538.5
            ],
            [
              684181.5,
              7022538.5
            ],
            [
              684181.5,
              7022534.5
            ],
            [
              684185.5,
              7022534.5
            ],
            [
              684185.5,
              7022530.5
            ],
            [
              684193.5,
              7022530.5
            ],
            [
              684193.5,
              7022526.5
            ],
            [
              684197.5,
              7022526.5
            ],
            [
              684197.5,
              7022522.5
            ],
            [
              684209.5,
              7022522.5
            ],
            [
              684209.5,
              7022518.5
            ],
            [
              684201.5,
              7022518.5
            ],
            [
              684201.5,
              7022510.5
            ],
            [
              684197.5,
              7022510.5
            ],
            [
              684197.5,
              7022506.5
            ],
            [
              684201.5,
              7022506.5
            ],
            [
              684201.5,
              7022502.5
            ],
            [
              684189.5,
              7022502.5
            ],
            [
              684189.5,
              7022498.5
            ],
            [
              684197.5,
              7022498.5
            ],
            [
              684197.5,
              7022494.5
            ],
            [
              684205.5,
              7022494.5
            ],
            [
              684205.5,
              7022498.5
            ],
            [
              684213.5,
              7022498.5
            ],
            [
              684213.5,
              7022490.5
            ],
            [
              684165.5,
              7022490.5
            ],
            [
              684165.5,
              7022546.5
            ],
            [
              684169.5,
              7022546.5
            ]
          ]
        ]
      },
      "properties": {
        "tile": "l0/9/9",
        "cellMetres": 4,
        "role": "eligible-measured-woodland",
        "mode": "before"
      }
    },
    {
      "type": "Feature",
      "geometry": {
        "type": "Polygon",
        "coordinates": [
          [
            [
              684313.5,
              7022490.5
            ],
            [
              684301.5,
              7022490.5
            ],
            [
              684301.5,
              7022506.5
            ],
            [
              684297.5,
              7022506.5
            ],
            [
              684297.5,
              7022510.5
            ],
            [
              684301.5,
              7022510.5
            ],
            [
              684301.5,
              7022514.5
            ],
            [
              684309.5,
              7022514.5
            ],
            [
              684309.5,
              7022510.5
            ],
            [
              684317.5,
              7022510.5
            ],
            [
              684317.5,
              7022502.5
            ],
            [
              684321.5,
              7022502.5
            ],
            [
              684321.5,
              7022506.5
            ],
            [
              684325.5,
              7022506.5
            ],
            [
              684325.5,
              7022502.5
            ],
            [
              684329.5,
              7022502.5
            ],
            [
              684329.5,
              7022498.5
            ],
            [
              684317.5,
              7022498.5
            ],
            [
              684317.5,
              7022494.5
            ],
            [
              684313.5,
              7022494.5
            ],
            [
              684313.5,
              7022490.5
            ]
          ],
          [
            [
              684313.5,
              7022502.5
            ],
            [
              684309.5,
              7022502.5
            ],
            [
              684309.5,
              7022494.5
            ],
            [
              684313.5,
              7022494.5
            ],
            [
              684313.5,
              7022502.5
            ]
          ]
        ]
      },
      "properties": {
        "tile": "l0/9/9",
        "cellMetres": 4,
        "role": "eligible-measured-woodland",
        "mode": "before"
      }
    },
    {
      "type": "Feature",
      "geometry": {
        "type": "Polygon",
        "coordinates": [
          [
            [
              684281.5,
              7022506.5
            ],
            [
              684281.5,
              7022498.5
            ],
            [
              684285.5,
              7022498.5
            ],
            [
              684285.5,
              7022490.5
            ],
            [
              684229.5,
              7022490.5
            ],
            [
              684229.5,
              7022506.5
            ],
            [
              684281.5,
              7022506.5
            ]
          ]
        ]
      },
      "properties": {
        "tile": "l0/9/9",
        "cellMetres": 4,
        "role": "eligible-measured-woodland",
        "mode": "before"
      }
    },
    {
      "type": "Feature",
      "geometry": {
        "type": "Polygon",
        "coordinates": [
          [
            [
              684265.5,
              7022690.5
            ],
            [
              684265.5,
              7022686.5
            ],
            [
              684273.5,
              7022686.5
            ],
            [
              684273.5,
              7022682.5
            ],
            [
              684277.5,
              7022682.5
            ],
            [
              684277.5,
              7022678.5
            ],
            [
              684281.5,
              7022678.5
            ],
            [
              684281.5,
              7022674.5
            ],
            [
              684285.5,
              7022674.5
            ],
            [
              684285.5,
              7022666.5
            ],
            [
              684289.5,
              7022666.5
            ],
            [
              684289.5,
              7022662.5
            ],
            [
              684293.5,
              7022662.5
            ],
            [
              684293.5,
              7022658.5
            ],
            [
              684297.5,
              7022658.5
            ],
            [
              684297.5,
              7022650.5
            ],
            [
              684301.5,
              7022650.5
            ],
            [
              684301.5,
              7022646.5
            ],
            [
              684305.5,
              7022646.5
            ],
            [
              684305.5,
              7022642.5
            ],
            [
              684309.5,
              7022642.5
            ],
            [
              684309.5,
              7022634.5
            ],
            [
              684313.5,
              7022634.5
            ],
            [
              684313.5,
              7022630.5
            ],
            [
              684317.5,
              7022630.5
            ],
            [
              684317.5,
              7022626.5
            ],
            [
              684321.5,
              7022626.5
            ],
            [
              684321.5,
              7022622.5
            ],
            [
              684325.5,
              7022622.5
            ],
            [
              684325.5,
              7022614.5
            ],
            [
              684329.5,
              7022614.5
            ],
            [
              684329.5,
              7022610.5
            ],
            [
              684337.5,
              7022610.5
            ],
            [
              684337.5,
              7022606.5
            ],
            [
              684341.5,
              7022606.5
            ],
            [
              684341.5,
              7022602.5
            ],
            [
              684349.5,
              7022602.5
            ],
            [
              684349.5,
              7022598.5
            ],
            [
              684353.5,
              7022598.5
            ],
            [
              684353.5,
              7022594.5
            ],
            [
              684361.5,
              7022594.5
            ],
            [
              684361.5,
              7022590.5
            ],
            [
              684373.5,
              7022590.5
            ],
            [
              684373.5,
              7022586.5
            ],
            [
              684369.5,
              7022586.5
            ],
            [
              684369.5,
              7022582.5
            ],
            [
              684377.5,
              7022582.5
            ],
            [
              684377.5,
              7022578.5
            ],
            [
              684381.5,
              7022578.5
            ],
            [
              684381.5,
              7022582.5
            ],
            [
              684393.5,
              7022582.5
            ],
            [
              684393.5,
              7022574.5
            ],
            [
              684401.5,
              7022574.5
            ],
            [
              684401.5,
              7022566.5
            ],
            [
              684405.5,
              7022566.5
            ],
            [
              684405.5,
              7022558.5
            ],
            [
              684409.5,
              7022558.5
            ],
            [
              684409.5,
              7022554.5
            ],
            [
              684413.5,
              7022554.5
            ],
            [
              684413.5,
              7022550.5
            ],
            [
              684417.5,
              7022550.5
            ],
            [
              684417.5,
              7022542.5
            ],
            [
              684421.5,
              7022542.5
            ],
            [
              684421.5,
              7022490.5
            ],
            [
              684365.5,
              7022490.5
            ],
            [
              684365.5,
              7022494.5
            ],
            [
              684361.5,
              7022494.5
            ],
            [
              684361.5,
              7022498.5
            ],
            [
              684357.5,
              7022498.5
            ],
            [
              684357.5,
              7022494.5
            ],
            [
              684349.5,
              7022494.5
            ],
            [
              684349.5,
              7022498.5
            ],
            [
              684353.5,
              7022498.5
            ],
            [
              684353.5,
              7022502.5
            ],
            [
              684341.5,
              7022502.5
            ],
            [
              684341.5,
              7022498.5
            ],
            [
              684337.5,
              7022498.5
            ],
            [
              684337.5,
              7022506.5
            ],
            [
              684333.5,
              7022506.5
            ],
            [
              684333.5,
              7022502.5
            ],
            [
              684329.5,
              7022502.5
            ],
            [
              684329.5,
              7022506.5
            ],
            [
              684325.5,
              7022506.5
            ],
            [
              684325.5,
              7022510.5
            ],
            [
              684329.5,
              7022510.5
            ],
            [
              684329.5,
              7022514.5
            ],
            [
              684333.5,
              7022514.5
            ],
            [
              684333.5,
              7022518.5
            ],
            [
              684337.5,
              7022518.5
            ],
            [
              684337.5,
              7022514.5
            ],
            [
              684341.5,
              7022514.5
            ],
            [
              684341.5,
              7022526.5
            ],
            [
              684345.5,
              7022526.5
            ],
            [
              684345.5,
              7022534.5
            ],
            [
              684341.5,
              7022534.5
            ],
            [
              684341.5,
              7022542.5
            ],
            [
              684337.5,
              7022542.5
            ],
            [
              684337.5,
              7022554.5
            ],
            [
              684345.5,
              7022554.5
            ],
            [
              684345.5,
              7022562.5
            ],
            [
              684321.5,
              7022562.5
            ],
            [
              684321.5,
              7022570.5
            ],
            [
              684313.5,
              7022570.5
            ],
            [
              684313.5,
              7022574.5
            ],
            [
              684309.5,
              7022574.5
            ],
            [
              684309.5,
              7022582.5
            ],
            [
              684305.5,
              7022582.5
            ],
            [
              684305.5,
              7022586.5
            ],
            [
              684301.5,
              7022586.5
            ],
            [
              684301.5,
              7022594.5
            ],
            [
              684297.5,
              7022594.5
            ],
            [
              684297.5,
              7022598.5
            ],
            [
              684293.5,
              7022598.5
            ],
            [
              684293.5,
              7022602.5
            ],
            [
              684289.5,
              7022602.5
            ],
            [
              684289.5,
              7022610.5
            ],
            [
              684285.5,
              7022610.5
            ],
            [
              684285.5,
              7022614.5
            ],
            [
              684281.5,
              7022614.5
            ],
            [
              684281.5,
              7022618.5
            ],
            [
              684277.5,
              7022618.5
            ],
            [
              684277.5,
              7022634.5
            ],
            [
              684289.5,
              7022634.5
            ],
            [
              684289.5,
              7022638.5
            ],
            [
              684285.5,
              7022638.5
            ],
            [
              684285.5,
              7022642.5
            ],
            [
              684281.5,
              7022642.5
            ],
            [
              684281.5,
              7022646.5
            ],
            [
              684277.5,
              7022646.5
            ],
            [
              684277.5,
              7022654.5
            ],
            [
              684269.5,
              7022654.5
            ],
            [
              684269.5,
              7022662.5
            ],
            [
              684265.5,
              7022662.5
            ],
            [
              684265.5,
              7022670.5
            ],
            [
              684257.5,
              7022670.5
            ],
            [
              684257.5,
              7022686.5
            ],
            [
              684261.5,
              7022686.5
            ],
            [
              684261.5,
              7022690.5
            ],
            [
              684265.5,
              7022690.5
            ]
          ],
          [
            [
              684317.5,
              7022598.5
            ],
            [
              684321.5,
              7022598.5
            ],
            [
              684321.5,
              7022602.5
            ],
            [
              684317.5,
              7022602.5
            ],
            [
              684317.5,
              7022598.5
            ]
          ],
          [
            [
              684365.5,
              7022510.5
            ],
            [
              684361.5,
              7022510.5
            ],
            [
              684361.5,
              7022506.5
            ],
            [
              684357.5,
              7022506.5
            ],
            [
              684357.5,
              7022502.5
            ],
            [
              684365.5,
              7022502.5
            ],
            [
              684365.5,
              7022506.5
            ],
            [
              684369.5,
              7022506.5
            ],
            [
              684369.5,
              7022510.5
            ],
            [
              684373.5,
              7022510.5
            ],
            [
              684373.5,
              7022514.5
            ],
            [
              684365.5,
              7022514.5
            ],
            [
              684365.5,
              7022510.5
            ]
          ]
        ]
      },
      "properties": {
        "tile": "l0/9/9",
        "cellMetres": 4,
        "role": "eligible-measured-woodland",
        "mode": "before"
      }
    },
    {
      "type": "Feature",
      "geometry": {
        "type": "Polygon",
        "coordinates": [
          [
            [
              684321.5,
              7022494.5
            ],
            [
              684321.5,
              7022490.5
            ],
            [
              684317.5,
              7022490.5
            ],
            [
              684317.5,
              7022494.5
            ],
            [
              684321.5,
              7022494.5
            ]
          ]
        ]
      },
      "properties": {
        "tile": "l0/9/9",
        "cellMetres": 4,
        "role": "eligible-measured-woodland",
        "mode": "before"
      }
    },
    {
      "type": "Feature",
      "geometry": {
        "type": "Polygon",
        "coordinates": [
          [
            [
              684345.5,
              7022494.5
            ],
            [
              684345.5,
              7022490.5
            ],
            [
              684341.5,
              7022490.5
            ],
            [
              684341.5,
              7022494.5
            ],
            [
              684345.5,
              7022494.5
            ]
          ]
        ]
      },
      "properties": {
        "tile": "l0/9/9",
        "cellMetres": 4,
        "role": "eligible-measured-woodland",
        "mode": "before"
      }
    },
    {
      "type": "Feature",
      "geometry": {
        "type": "Polygon",
        "coordinates": [
          [
            [
              684445.5,
              7022702.5
            ],
            [
              684445.5,
              7022698.5
            ],
            [
              684441.5,
              7022698.5
            ],
            [
              684441.5,
              7022702.5
            ],
            [
              684445.5,
              7022702.5
            ]
          ]
        ]
      },
      "properties": {
        "tile": "l0/10/9",
        "cellMetres": 4,
        "role": "eligible-measured-woodland",
        "mode": "before"
      }
    },
    {
      "type": "Feature",
      "geometry": {
        "type": "Polygon",
        "coordinates": [
          [
            [
              684469.5,
              7022694.5
            ],
            [
              684469.5,
              7022690.5
            ],
            [
              684465.5,
              7022690.5
            ],
            [
              684465.5,
              7022694.5
            ],
            [
              684469.5,
              7022694.5
            ]
          ]
        ]
      },
      "properties": {
        "tile": "l0/10/9",
        "cellMetres": 4,
        "role": "eligible-measured-woodland",
        "mode": "before"
      }
    },
    {
      "type": "Feature",
      "geometry": {
        "type": "Polygon",
        "coordinates": [
          [
            [
              684457.5,
              7022670.5
            ],
            [
              684457.5,
              7022666.5
            ],
            [
              684453.5,
              7022666.5
            ],
            [
              684453.5,
              7022670.5
            ],
            [
              684457.5,
              7022670.5
            ]
          ]
        ]
      },
      "properties": {
        "tile": "l0/10/9",
        "cellMetres": 4,
        "role": "eligible-measured-woodland",
        "mode": "before"
      }
    },
    {
      "type": "Feature",
      "geometry": {
        "type": "Polygon",
        "coordinates": [
          [
            [
              684453.5,
              7022662.5
            ],
            [
              684453.5,
              7022658.5
            ],
            [
              684449.5,
              7022658.5
            ],
            [
              684449.5,
              7022662.5
            ],
            [
              684453.5,
              7022662.5
            ]
          ]
        ]
      },
      "properties": {
        "tile": "l0/10/9",
        "cellMetres": 4,
        "role": "eligible-measured-woodland",
        "mode": "before"
      }
    },
    {
      "type": "Feature",
      "geometry": {
        "type": "Polygon",
        "coordinates": [
          [
            [
              684461.5,
              7022598.5
            ],
            [
              684461.5,
              7022594.5
            ],
            [
              684457.5,
              7022594.5
            ],
            [
              684457.5,
              7022598.5
            ],
            [
              684461.5,
              7022598.5
            ]
          ]
        ]
      },
      "properties": {
        "tile": "l0/10/9",
        "cellMetres": 4,
        "role": "eligible-measured-woodland",
        "mode": "before"
      }
    },
    {
      "type": "Feature",
      "geometry": {
        "type": "Polygon",
        "coordinates": [
          [
            [
              684445.5,
              7022562.5
            ],
            [
              684445.5,
              7022558.5
            ],
            [
              684437.5,
              7022558.5
            ],
            [
              684437.5,
              7022562.5
            ],
            [
              684445.5,
              7022562.5
            ]
          ]
        ]
      },
      "properties": {
        "tile": "l0/10/9",
        "cellMetres": 4,
        "role": "eligible-measured-woodland",
        "mode": "before"
      }
    },
    {
      "type": "Feature",
      "geometry": {
        "type": "Polygon",
        "coordinates": [
          [
            [
              684433.5,
              7022562.5
            ],
            [
              684433.5,
              7022554.5
            ],
            [
              684429.5,
              7022554.5
            ],
            [
              684429.5,
              7022562.5
            ],
            [
              684433.5,
              7022562.5
            ]
          ]
        ]
      },
      "properties": {
        "tile": "l0/10/9",
        "cellMetres": 4,
        "role": "eligible-measured-woodland",
        "mode": "before"
      }
    },
    {
      "type": "Feature",
      "geometry": {
        "type": "Polygon",
        "coordinates": [
          [
            [
              684437.5,
              7022554.5
            ],
            [
              684437.5,
              7022550.5
            ],
            [
              684433.5,
              7022550.5
            ],
            [
              684433.5,
              7022554.5
            ],
            [
              684437.5,
              7022554.5
            ]
          ]
        ]
      },
      "properties": {
        "tile": "l0/10/9",
        "cellMetres": 4,
        "role": "eligible-measured-woodland",
        "mode": "before"
      }
    },
    {
      "type": "Feature",
      "geometry": {
        "type": "Polygon",
        "coordinates": [
          [
            [
              684429.5,
              7022550.5
            ],
            [
              684429.5,
              7022546.5
            ],
            [
              684425.5,
              7022546.5
            ],
            [
              684425.5,
              7022550.5
            ],
            [
              684429.5,
              7022550.5
            ]
          ]
        ]
      },
      "properties": {
        "tile": "l0/10/9",
        "cellMetres": 4,
        "role": "eligible-measured-woodland",
        "mode": "before"
      }
    },
    {
      "type": "Feature",
      "geometry": {
        "type": "Polygon",
        "coordinates": [
          [
            [
              684445.5,
              7022550.5
            ],
            [
              684445.5,
              7022538.5
            ],
            [
              684441.5,
              7022538.5
            ],
            [
              684441.5,
              7022550.5
            ],
            [
              684445.5,
              7022550.5
            ]
          ]
        ]
      },
      "properties": {
        "tile": "l0/10/9",
        "cellMetres": 4,
        "role": "eligible-measured-woodland",
        "mode": "before"
      }
    },
    {
      "type": "Feature",
      "geometry": {
        "type": "Polygon",
        "coordinates": [
          [
            [
              684453.5,
              7022710.5
            ],
            [
              684453.5,
              7022706.5
            ],
            [
              684445.5,
              7022706.5
            ],
            [
              684445.5,
              7022710.5
            ],
            [
              684441.5,
              7022710.5
            ],
            [
              684441.5,
              7022706.5
            ],
            [
              684437.5,
              7022706.5
            ],
            [
              684437.5,
              7022694.5
            ],
            [
              684433.5,
              7022694.5
            ],
            [
              684433.5,
              7022690.5
            ],
            [
              684437.5,
              7022690.5
            ],
            [
              684437.5,
              7022686.5
            ],
            [
              684441.5,
              7022686.5
            ],
            [
              684441.5,
              7022690.5
            ],
            [
              684449.5,
              7022690.5
            ],
            [
              684449.5,
              7022698.5
            ],
            [
              684453.5,
              7022698.5
            ],
            [
              684453.5,
              7022686.5
            ],
            [
              684457.5,
              7022686.5
            ],
            [
              684457.5,
              7022678.5
            ],
            [
              684449.5,
              7022678.5
            ],
            [
              684449.5,
              7022682.5
            ],
            [
              684445.5,
              7022682.5
            ],
            [
              684445.5,
              7022678.5
            ],
            [
              684441.5,
              7022678.5
            ],
            [
              684441.5,
              7022674.5
            ],
            [
              684437.5,
              7022674.5
            ],
            [
              684437.5,
              7022682.5
            ],
            [
              684433.5,
              7022682.5
            ],
            [
              684433.5,
              7022686.5
            ],
            [
              684429.5,
              7022686.5
            ],
            [
              684429.5,
              7022694.5
            ],
            [
              684425.5,
              7022694.5
            ],
            [
              684425.5,
              7022698.5
            ],
            [
              684429.5,
              7022698.5
            ],
            [
              684429.5,
              7022702.5
            ],
            [
              684433.5,
              7022702.5
            ],
            [
              684433.5,
              7022706.5
            ],
            [
              684425.5,
              7022706.5
            ],
            [
              684425.5,
              7022718.5
            ],
            [
              684421.5,
              7022718.5
            ],
            [
              684421.5,
              7022746.5
            ],
            [
              684465.849573792,
              7022746.5
            ],
            [
              684470.0277585664,
              7022740.924647938
            ],
            [
              684471.1877489162,
              7022739.262592229
            ],
            [
              684473.3928566455,
              7022735.863948935
            ],
            [
              684474.437974025,
              7022734.12736135
            ],
            [
              684492.1309740251,
              7022702.34536135
            ],
            [
              684492.7701960088,
              7022701.132738793
            ],
            [
              684493.9925788813,
              7022698.679559272
            ],
            [
              684495.101622016,
              7022696.173101023
            ],
            [
              684496.095009909,
              7022693.618597129
            ],
            [
              684496.562515556,
              7022692.32999452
            ],
            [
              684510.3625155559,
              7022651.39899452
            ],
            [
              684510.8071799516,
              7022649.962088182
            ],
            [
              684511.6239290471,
              7022647.067794037
            ],
            [
              684512.294583403,
              7022644.136200544
            ],
            [
              684512.817457124,
              7022641.174677161
            ],
            [
              684513.041761189,
              7022639.687359463
            ],
            [
              684517.3077611891,
              7022605.630359463
            ],
            [
              684517.4564899971,
              7022604.14364276
            ],
            [
              684517.6797408096,
              7022601.16464817
            ],
            [
              684517.7543931633,
              7022598.178232805
            ],
            [
              684517.6802618832,
              7022595.191804461
            ],
            [
              684517.4575308518,
              7022592.212770963
            ],
            [
              684517.0867525527,
              7022589.248521792
            ],
            [
              684516.5688467001,
              7022586.306409758
            ],
            [
              684515.9050979577,
              7022583.393732758
            ],
            [
              684515.0971527519,
              7022580.5177156795
            ],
            [
              684514.1470151875,
              7022577.68549247
            ],
            [
              684513.1286389045,
              7022575.086789931
            ],
            [
              684517.3191961258,
              7022556.594079898
            ],
            [
              684517.8006324397,
              7022553.907889241
            ],
            [
              684518.0359765609,
              7022551.189063335
            ],
            [
              684518.0232810427,
              7022548.460100164
            ],
            [
              684515.1140838093,
              7022490.5
            ],
            [
              684421.5,
              7022490.5
            ],
            [
              684421.5,
              7022530.5
            ],
            [
              684425.5,
              7022530.5
            ],
            [
              684425.5,
              7022526.5
            ],
            [
              684433.5,
              7022526.5
            ],
            [
              684433.5,
              7022530.5
            ],
            [
              684437.5,
              7022530.5
            ],
            [
              684437.5,
              7022534.5
            ],
            [
              684445.5,
              7022534.5
            ],
            [
              684445.5,
              7022538.5
            ],
            [
              684449.5,
              7022538.5
            ],
            [
              684449.5,
              7022558.5
            ],
            [
              684453.5,
              7022558.5
            ],
            [
              684453.5,
              7022562.5
            ],
            [
              684461.5,
              7022562.5
            ],
            [
              684461.5,
              7022566.5
            ],
            [
              684445.5,
              7022566.5
            ],
            [
              684445.5,
              7022570.5
            ],
            [
              684433.5,
              7022570.5
            ],
            [
              684433.5,
              7022582.5
            ],
            [
              684425.5,
              7022582.5
            ],
            [
              684425.5,
              7022586.5
            ],
            [
              684421.5,
              7022586.5
            ],
            [
              684421.5,
              7022594.5
            ],
            [
              684425.5,
              7022594.5
            ],
            [
              684425.5,
              7022598.5
            ],
            [
              684433.5,
              7022598.5
            ],
            [
              684433.5,
              7022594.5
            ],
            [
              684445.5,
              7022594.5
            ],
            [
              684445.5,
              7022598.5
            ],
            [
              684453.5,
              7022598.5
            ],
            [
              684453.5,
              7022594.5
            ],
            [
              684457.5,
              7022594.5
            ],
            [
              684457.5,
              7022590.5
            ],
            [
              684461.5,
              7022590.5
            ],
            [
              684461.5,
              7022594.5
            ],
            [
              684465.5,
              7022594.5
            ],
            [
              684465.5,
              7022606.5
            ],
            [
              684461.5,
              7022606.5
            ],
            [
              684461.5,
              7022610.5
            ],
            [
              684465.5,
              7022610.5
            ],
            [
              684465.5,
              7022618.5
            ],
            [
              684461.5,
              7022618.5
            ],
            [
              684461.5,
              7022626.5
            ],
            [
              684457.5,
              7022626.5
            ],
            [
              684457.5,
              7022630.5
            ],
            [
              684465.5,
              7022630.5
            ],
            [
              684465.5,
              7022634.5
            ],
            [
              684457.5,
              7022634.5
            ],
            [
              684457.5,
              7022638.5
            ],
            [
              684453.5,
              7022638.5
            ],
            [
              684453.5,
              7022650.5
            ],
            [
              684457.5,
              7022650.5
            ],
            [
              684457.5,
              7022654.5
            ],
            [
              684453.5,
              7022654.5
            ],
            [
              684453.5,
              7022658.5
            ],
            [
              684457.5,
              7022658.5
            ],
            [
              684457.5,
              7022666.5
            ],
            [
              684461.5,
              7022666.5
            ],
            [
              684461.5,
              7022682.5
            ],
            [
              684465.5,
              7022682.5
            ],
            [
              684465.5,
              7022686.5
            ],
            [
              684469.5,
              7022686.5
            ],
            [
              684469.5,
              7022690.5
            ],
            [
              684473.5,
              7022690.5
            ],
            [
              684473.5,
              7022694.5
            ],
            [
              684469.5,
              7022694.5
            ],
            [
              684469.5,
              7022698.5
            ],
            [
              684473.5,
              7022698.5
            ],
            [
              684473.5,
              7022702.5
            ],
            [
              684469.5,
              7022702.5
            ],
            [
              684469.5,
              7022706.5
            ],
            [
              684481.5,
              7022706.5
            ],
            [
              684481.5,
              7022710.5
            ],
            [
              684477.5,
              7022710.5
            ],
            [
              684477.5,
              7022714.5
            ],
            [
              684473.5,
              7022714.5
            ],
            [
              684473.5,
              7022710.5
            ],
            [
              684465.5,
              7022710.5
            ],
            [
              684465.5,
              7022698.5
            ],
            [
              684461.5,
              7022698.5
            ],
            [
              684461.5,
              7022706.5
            ],
            [
              684457.5,
              7022706.5
            ],
            [
              684457.5,
              7022710.5
            ],
            [
              684453.5,
              7022710.5
            ]
          ],
          [
            [
              684461.5,
              7022710.5
            ],
            [
              684461.5,
              7022714.5
            ],
            [
              684457.5,
              7022714.5
            ],
            [
              684457.5,
              7022710.5
            ],
            [
              684461.5,
              7022710.5
            ]
          ],
          [
            [
              684457.5,
              7022718.5
            ],
            [
              684449.5,
              7022718.5
            ],
            [
              684449.5,
              7022714.5
            ],
            [
              684457.5,
              7022714.5
            ],
            [
              684457.5,
              7022718.5
            ]
          ],
          [
            [
              684449.5,
              7022726.5
            ],
            [
              684445.5,
              7022726.5
            ],
            [
              684445.5,
              7022722.5
            ],
            [
              684441.5,
              7022722.5
            ],
            [
              684441.5,
              7022718.5
            ],
            [
              684449.5,
              7022718.5
            ],
            [
              684449.5,
              7022726.5
            ]
          ],
          [
            [
              684457.5,
              7022642.5
            ],
            [
              684461.5,
              7022642.5
            ],
            [
              684461.5,
              7022646.5
            ],
            [
              684457.5,
              7022646.5
            ],
            [
              684457.5,
              7022642.5
            ]
          ],
          [
            [
              684501.5,
              7022598.5
            ],
            [
              684509.5,
              7022598.5
            ],
            [
              684509.5,
              7022602.5
            ],
            [
              684505.5,
              7022602.5
            ],
            [
              684505.5,
              7022606.5
            ],
            [
              684501.5,
              7022606.5
            ],
            [
              684501.5,
              7022598.5
            ]
          ],
          [
            [
              684473.5,
              7022594.5
            ],
            [
              684469.5,
              7022594.5
            ],
            [
              684469.5,
              7022590.5
            ],
            [
              684473.5,
              7022590.5
            ],
            [
              684473.5,
              7022586.5
            ],
            [
              684465.5,
              7022586.5
            ],
            [
              684465.5,
              7022574.5
            ],
            [
              684477.5,
              7022574.5
            ],
            [
              684477.5,
              7022578.5
            ],
            [
              684481.5,
              7022578.5
            ],
            [
              684481.5,
              7022586.5
            ],
            [
              684477.5,
              7022586.5
            ],
            [
              684477.5,
              7022598.5
            ],
            [
              684473.5,
              7022598.5
            ],
            [
              684473.5,
              7022594.5
            ]
          ],
          [
            [
              684513.5,
              7022594.5
            ],
            [
              684517.5,
              7022594.5
            ],
            [
              684517.5,
              7022598.5
            ],
            [
              684513.5,
              7022598.5
            ],
            [
              684513.5,
              7022594.5
            ]
          ],
          [
            [
              684457.5,
              7022550.5
            ],
            [
              684461.5,
              7022550.5
            ],
            [
              684461.5,
              7022554.5
            ],
            [
              684457.5,
              7022554.5
            ],
            [
              684457.5,
              7022550.5
            ]
          ]
        ]
      },
      "properties": {
        "tile": "l0/10/9",
        "cellMetres": 4,
        "role": "eligible-measured-woodland",
        "mode": "before"
      }
    },
    {
      "type": "Feature",
      "geometry": {
        "type": "Polygon",
        "coordinates": [
          [
            [
              683877.5,
              7022490.5
            ],
            [
              683877.5,
              7022486.5
            ],
            [
              683873.5,
              7022486.5
            ],
            [
              683873.5,
              7022474.5
            ],
            [
              683869.5,
              7022474.5
            ],
            [
              683869.5,
              7022470.5
            ],
            [
              683873.5,
              7022470.5
            ],
            [
              683873.5,
              7022454.5
            ],
            [
              683881.5,
              7022454.5
            ],
            [
              683881.5,
              7022450.5
            ],
            [
              683885.5,
              7022450.5
            ],
            [
              683885.5,
              7022446.5
            ],
            [
              683881.5,
              7022446.5
            ],
            [
              683881.5,
              7022442.5
            ],
            [
              683877.5,
              7022442.5
            ],
            [
              683877.5,
              7022438.5
            ],
            [
              683873.5,
              7022438.5
            ],
            [
              683873.5,
              7022442.5
            ],
            [
              683869.5,
              7022442.5
            ],
            [
              683869.5,
              7022446.5
            ],
            [
              683857.5,
              7022446.5
            ],
            [
              683857.5,
              7022450.5
            ],
            [
              683861.5,
              7022450.5
            ],
            [
              683861.5,
              7022458.5
            ],
            [
              683857.5,
              7022458.5
            ],
            [
              683857.5,
              7022486.5
            ],
            [
              683853.5,
              7022486.5
            ],
            [
              683853.5,
              7022490.5
            ],
            [
              683877.5,
              7022490.5
            ]
          ]
        ]
      },
      "properties": {
        "tile": "l0/7/10",
        "cellMetres": 4,
        "role": "eligible-measured-woodland",
        "mode": "before"
      }
    },
    {
      "type": "Feature",
      "geometry": {
        "type": "Polygon",
        "coordinates": [
          [
            [
              683889.5,
              7022434.5
            ],
            [
              683889.5,
              7022430.5
            ],
            [
              683885.5,
              7022430.5
            ],
            [
              683885.5,
              7022434.5
            ],
            [
              683889.5,
              7022434.5
            ]
          ]
        ]
      },
      "properties": {
        "tile": "l0/7/10",
        "cellMetres": 4,
        "role": "eligible-measured-woodland",
        "mode": "before"
      }
    },
    {
      "type": "Feature",
      "geometry": {
        "type": "Polygon",
        "coordinates": [
          [
            [
              683845.5,
              7022490.5
            ],
            [
              683845.5,
              7022486.5
            ],
            [
              683849.5,
              7022486.5
            ],
            [
              683849.5,
              7022406.5
            ],
            [
              683853.5,
              7022406.5
            ],
            [
              683853.5,
              7022362.5
            ],
            [
              683849.5,
              7022362.5
            ],
            [
              683849.5,
              7022366.5
            ],
            [
              683845.5,
              7022366.5
            ],
            [
              683845.5,
              7022370.5
            ],
            [
              683837.5,
              7022370.5
            ],
            [
              683837.5,
              7022374.5
            ],
            [
              683833.5,
              7022374.5
            ],
            [
              683833.5,
              7022382.5
            ],
            [
              683829.5,
              7022382.5
            ],
            [
              683829.5,
              7022386.5
            ],
            [
              683825.5,
              7022386.5
            ],
            [
              683825.5,
              7022394.5
            ],
            [
              683821.5,
              7022394.5
            ],
            [
              683821.5,
              7022398.5
            ],
            [
              683817.5,
              7022398.5
            ],
            [
              683817.5,
              7022402.5
            ],
            [
              683813.5,
              7022402.5
            ],
            [
              683813.5,
              7022410.5
            ],
            [
              683809.5,
              7022410.5
            ],
            [
              683809.5,
              7022414.5
            ],
            [
              683805.5,
              7022414.5
            ],
            [
              683805.5,
              7022422.5
            ],
            [
              683804.3394942262,
              7022422.5
            ],
            [
              683794.8475550595,
              7022490.5
            ],
            [
              683845.5,
              7022490.5
            ]
          ]
        ]
      },
      "properties": {
        "tile": "l0/7/10",
        "cellMetres": 4,
        "role": "eligible-measured-woodland",
        "mode": "before"
      }
    },
    {
      "type": "Feature",
      "geometry": {
        "type": "Polygon",
        "coordinates": [
          [
            [
              683853.5,
              7022250.5
            ],
            [
              683849.5,
              7022250.5
            ],
            [
              683849.5,
              7022254.5
            ],
            [
              683845.5,
              7022254.5
            ],
            [
              683845.5,
              7022262.5
            ],
            [
              683841.5,
              7022262.5
            ],
            [
              683841.5,
              7022266.5
            ],
            [
              683837.5,
              7022266.5
            ],
            [
              683837.5,
              7022274.5
            ],
            [
              683833.5,
              7022274.5
            ],
            [
              683833.5,
              7022282.5
            ],
            [
              683829.5,
              7022282.5
            ],
            [
              683829.5,
              7022286.5
            ],
            [
              683825.5,
              7022286.5
            ],
            [
              683825.5,
              7022290.5
            ],
            [
              683822.7650231967,
              7022290.5
            ],
            [
              683807.1312410398,
              7022402.5
            ],
            [
              683809.5,
              7022402.5
            ],
            [
              683809.5,
              7022398.5
            ],
            [
              683813.5,
              7022398.5
            ],
            [
              683813.5,
              7022390.5
            ],
            [
              683817.5,
              7022390.5
            ],
            [
              683817.5,
              7022386.5
            ],
            [
              683821.5,
              7022386.5
            ],
            [
              683821.5,
              7022378.5
            ],
            [
              683825.5,
              7022378.5
            ],
            [
              683825.5,
              7022374.5
            ],
            [
              683829.5,
              7022374.5
            ],
            [
              683829.5,
              7022370.5
            ],
            [
              683833.5,
              7022370.5
            ],
            [
              683833.5,
              7022366.5
            ],
            [
              683837.5,
              7022366.5
            ],
            [
              683837.5,
              7022362.5
            ],
            [
              683845.5,
              7022362.5
            ],
            [
              683845.5,
              7022358.5
            ],
            [
              683849.5,
              7022358.5
            ],
            [
              683849.5,
              7022354.5
            ],
            [
              683857.5,
              7022354.5
            ],
            [
              683857.5,
              7022322.5
            ],
            [
              683861.5,
              7022322.5
            ],
            [
              683861.5,
              7022294.5
            ],
            [
              683865.5,
              7022294.5
            ],
            [
              683865.5,
              7022290.5
            ],
            [
              683861.5,
              7022290.5
            ],
            [
              683861.5,
              7022286.5
            ],
            [
              683865.5,
              7022286.5
            ],
            [
              683865.5,
              7022262.5
            ],
            [
              683869.5,
              7022262.5
            ],
            [
              683869.5,
              7022238.5
            ],
            [
              683873.5,
              7022238.5
            ],
            [
              683873.5,
              7022237.787102939
            ],
            [
              683864.5482533951,
              7022235.364068725
            ],
            [
              683861.6243090531,
              7022234.727244273
            ],
            [
              683859.6510422352,
              7022234.5
            ],
            [
              683853.7845970753,
              7022234.5
            ],
            [
              683853.5,
              7022234.524227898
            ],
            [
              683853.5,
              7022250.5
            ]
          ]
        ]
      },
      "properties": {
        "tile": "l0/7/10",
        "cellMetres": 4,
        "role": "eligible-measured-woodland",
        "mode": "before"
      }
    },
    {
      "type": "Feature",
      "geometry": {
        "type": "Polygon",
        "coordinates": [
          [
            [
              683877.5,
              7022262.5
            ],
            [
              683873.5,
              7022262.5
            ],
            [
              683873.5,
              7022294.5
            ],
            [
              683869.5,
              7022294.5
            ],
            [
              683869.5,
              7022326.5
            ],
            [
              683865.5,
              7022326.5
            ],
            [
              683865.5,
              7022334.5
            ],
            [
              683869.5,
              7022334.5
            ],
            [
              683869.5,
              7022338.5
            ],
            [
              683865.5,
              7022338.5
            ],
            [
              683865.5,
              7022358.5
            ],
            [
              683861.5,
              7022358.5
            ],
            [
              683861.5,
              7022402.5
            ],
            [
              683857.5,
              7022402.5
            ],
            [
              683857.5,
              7022438.5
            ],
            [
              683865.5,
              7022438.5
            ],
            [
              683865.5,
              7022434.5
            ],
            [
              683869.5,
              7022434.5
            ],
            [
              683869.5,
              7022430.5
            ],
            [
              683873.5,
              7022430.5
            ],
            [
              683873.5,
              7022426.5
            ],
            [
              683881.5,
              7022426.5
            ],
            [
              683881.5,
              7022430.5
            ],
            [
              683885.5,
              7022430.5
            ],
            [
              683885.5,
              7022422.5
            ],
            [
              683889.5,
              7022422.5
            ],
            [
              683889.5,
              7022386.5
            ],
            [
              683893.5,
              7022386.5
            ],
            [
              683893.5,
              7022382.5
            ],
            [
              683897.5,
              7022382.5
            ],
            [
              683897.5,
              7022374.5
            ],
            [
              683893.5,
              7022374.5
            ],
            [
              683893.5,
              7022370.5
            ],
            [
              683897.5,
              7022370.5
            ],
            [
              683897.5,
              7022366.5
            ],
            [
              683901.5,
              7022366.5
            ],
            [
              683901.5,
              7022342.5
            ],
            [
              683897.5,
              7022342.5
            ],
            [
              683897.5,
              7022334.5
            ],
            [
              683893.5,
              7022334.5
            ],
            [
              683893.5,
              7022326.5
            ],
            [
              683897.5,
              7022326.5
            ],
            [
              683897.5,
              7022318.5
            ],
            [
              683901.5,
              7022318.5
            ],
            [
              683901.5,
              7022314.5
            ],
            [
              683905.5,
              7022314.5
            ],
            [
              683905.5,
              7022310.5
            ],
            [
              683909.5,
              7022310.5
            ],
            [
              683909.5,
              7022234.5
            ],
            [
              683893.0945749886,
              7022234.5
            ],
            [
              683892.0332381483,
              7022235.14426484
            ],
            [
              683889.6222499434,
              7022236.772856522
            ],
            [
              683887.2930711015,
              7022238.516445046
            ],
            [
              683885.051181771,
              7022240.370928054
            ],
            [
              683884.5923584196,
              7022240.789552085
            ],
            [
              683877.5,
              7022238.869811965
            ],
            [
              683877.5,
              7022262.5
            ]
          ]
        ]
      },
      "properties": {
        "tile": "l0/7/10",
        "cellMetres": 4,
        "role": "eligible-measured-woodland",
        "mode": "before"
      }
    },
    {
      "type": "Feature",
      "geometry": {
        "type": "Polygon",
        "coordinates": [
          [
            [
              684165.5,
              7022490.5
            ],
            [
              684165.5,
              7022470.5
            ],
            [
              684157.5,
              7022470.5
            ],
            [
              684157.5,
              7022450.5
            ],
            [
              684129.5,
              7022450.5
            ],
            [
              684129.5,
              7022446.5
            ],
            [
              684125.5,
              7022446.5
            ],
            [
              684125.5,
              7022442.5
            ],
            [
              684113.5,
              7022442.5
            ],
            [
              684113.5,
              7022450.5
            ],
            [
              684105.5,
              7022450.5
            ],
            [
              684105.5,
              7022454.5
            ],
            [
              684101.5,
              7022454.5
            ],
            [
              684101.5,
              7022458.5
            ],
            [
              684093.5,
              7022458.5
            ],
            [
              684093.5,
              7022462.5
            ],
            [
              684097.5,
              7022462.5
            ],
            [
              684097.5,
              7022470.5
            ],
            [
              684101.5,
              7022470.5
            ],
            [
              684101.5,
              7022478.5
            ],
            [
              684113.5,
              7022478.5
            ],
            [
              684113.5,
              7022482.5
            ],
            [
              684117.5,
              7022482.5
            ],
            [
              684117.5,
              7022486.5
            ],
            [
              684113.5,
              7022486.5
            ],
            [
              684113.5,
              7022490.5
            ],
            [
              684165.5,
              7022490.5
            ]
          ]
        ]
      },
      "properties": {
        "tile": "l0/8/10",
        "cellMetres": 4,
        "role": "eligible-measured-woodland",
        "mode": "before"
      }
    },
    {
      "type": "Feature",
      "geometry": {
        "type": "Polygon",
        "coordinates": [
          [
            [
              684081.5,
              7022438.5
            ],
            [
              684081.5,
              7022434.5
            ],
            [
              684073.5,
              7022434.5
            ],
            [
              684073.5,
              7022438.5
            ],
            [
              684081.5,
              7022438.5
            ]
          ]
        ]
      },
      "properties": {
        "tile": "l0/8/10",
        "cellMetres": 4,
        "role": "eligible-measured-woodland",
        "mode": "before"
      }
    },
    {
      "type": "Feature",
      "geometry": {
        "type": "Polygon",
        "coordinates": [
          [
            [
              684085.5,
              7022442.5
            ],
            [
              684085.5,
              7022450.5
            ],
            [
              684097.5,
              7022450.5
            ],
            [
              684097.5,
              7022446.5
            ],
            [
              684101.5,
              7022446.5
            ],
            [
              684101.5,
              7022442.5
            ],
            [
              684105.5,
              7022442.5
            ],
            [
              684105.5,
              7022438.5
            ],
            [
              684097.5,
              7022438.5
            ],
            [
              684097.5,
              7022434.5
            ],
            [
              684085.5,
              7022434.5
            ],
            [
              684085.5,
              7022438.5
            ],
            [
              684089.5,
              7022438.5
            ],
            [
              684089.5,
              7022442.5
            ],
            [
              684085.5,
              7022442.5
            ]
          ],
          [
            [
              684093.5,
              7022442.5
            ],
            [
              684093.5,
              7022446.5
            ],
            [
              684089.5,
              7022446.5
            ],
            [
              684089.5,
              7022442.5
            ],
            [
              684093.5,
              7022442.5
            ]
          ]
        ]
      },
      "properties": {
        "tile": "l0/8/10",
        "cellMetres": 4,
        "role": "eligible-measured-woodland",
        "mode": "before"
      }
    },
    {
      "type": "Feature",
      "geometry": {
        "type": "Polygon",
        "coordinates": [
          [
            [
              684065.5,
              7022422.5
            ],
            [
              684065.5,
              7022418.5
            ],
            [
              684069.5,
              7022418.5
            ],
            [
              684069.5,
              7022414.5
            ],
            [
              684073.5,
              7022414.5
            ],
            [
              684073.5,
              7022410.5
            ],
            [
              684065.5,
              7022410.5
            ],
            [
              684065.5,
              7022406.5
            ],
            [
              684053.5,
              7022406.5
            ],
            [
              684053.5,
              7022410.5
            ],
            [
              684045.5,
              7022410.5
            ],
            [
              684045.5,
              7022414.5
            ],
            [
              684049.5,
              7022414.5
            ],
            [
              684049.5,
              7022418.5
            ],
            [
              684057.5,
              7022418.5
            ],
            [
              684057.5,
              7022422.5
            ],
            [
              684065.5,
              7022422.5
            ]
          ]
        ]
      },
      "properties": {
        "tile": "l0/8/10",
        "cellMetres": 4,
        "role": "eligible-measured-woodland",
        "mode": "before"
      }
    },
    {
      "type": "Feature",
      "geometry": {
        "type": "Polygon",
        "coordinates": [
          [
            [
              684037.5,
              7022406.5
            ],
            [
              684037.5,
              7022402.5
            ],
            [
              684033.5,
              7022402.5
            ],
            [
              684033.5,
              7022406.5
            ],
            [
              684037.5,
              7022406.5
            ]
          ]
        ]
      },
      "properties": {
        "tile": "l0/8/10",
        "cellMetres": 4,
        "role": "eligible-measured-woodland",
        "mode": "before"
      }
    },
    {
      "type": "Feature",
      "geometry": {
        "type": "Polygon",
        "coordinates": [
          [
            [
              683977.5,
              7022490.5
            ],
            [
              683977.5,
              7022486.5
            ],
            [
              683981.5,
              7022486.5
            ],
            [
              683981.5,
              7022482.5
            ],
            [
              683985.5,
              7022482.5
            ],
            [
              683985.5,
              7022490.5
            ],
            [
              683989.5,
              7022490.5
            ],
            [
              683989.5,
              7022486.5
            ],
            [
              683997.5,
              7022486.5
            ],
            [
              683997.5,
              7022490.5
            ],
            [
              684009.5,
              7022490.5
            ],
            [
              684009.5,
              7022486.5
            ],
            [
              684005.5,
              7022486.5
            ],
            [
              684005.5,
              7022482.5
            ],
            [
              684001.5,
              7022482.5
            ],
            [
              684001.5,
              7022474.5
            ],
            [
              683997.5,
              7022474.5
            ],
            [
              683997.5,
              7022470.5
            ],
            [
              683993.5,
              7022470.5
            ],
            [
              683993.5,
              7022462.5
            ],
            [
              683989.5,
              7022462.5
            ],
            [
              683989.5,
              7022430.5
            ],
            [
              683985.5,
              7022430.5
            ],
            [
              683985.5,
              7022422.5
            ],
            [
              683981.5,
              7022422.5
            ],
            [
              683981.5,
              7022418.5
            ],
            [
              683977.5,
              7022418.5
            ],
            [
              683977.5,
              7022410.5
            ],
            [
              683973.5,
              7022410.5
            ],
            [
              683973.5,
              7022406.5
            ],
            [
              683957.5,
              7022406.5
            ],
            [
              683957.5,
              7022402.5
            ],
            [
              683949.5,
              7022402.5
            ],
            [
              683949.5,
              7022398.5
            ],
            [
              683945.5,
              7022398.5
            ],
            [
              683945.5,
              7022414.5
            ],
            [
              683941.5,
              7022414.5
            ],
            [
              683941.5,
              7022406.5
            ],
            [
              683933.5,
              7022406.5
            ],
            [
              683933.5,
              7022410.5
            ],
            [
              683929.5,
              7022410.5
            ],
            [
              683929.5,
              7022414.5
            ],
            [
              683933.5,
              7022414.5
            ],
            [
              683933.5,
              7022418.5
            ],
            [
              683925.5,
              7022418.5
            ],
            [
              683925.5,
              7022422.5
            ],
            [
              683921.5,
              7022422.5
            ],
            [
              683921.5,
              7022430.5
            ],
            [
              683925.5,
              7022430.5
            ],
            [
              683925.5,
              7022438.5
            ],
            [
              683921.5,
              7022438.5
            ],
            [
              683921.5,
              7022446.5
            ],
            [
              683925.5,
              7022446.5
            ],
            [
              683925.5,
              7022450.5
            ],
            [
              683929.5,
              7022450.5
            ],
            [
              683929.5,
              7022446.5
            ],
            [
              683937.5,
              7022446.5
            ],
            [
              683937.5,
              7022450.5
            ],
            [
              683941.5,
              7022450.5
            ],
            [
              683941.5,
              7022454.5
            ],
            [
              683937.5,
              7022454.5
            ],
            [
              683937.5,
              7022478.5
            ],
            [
              683941.5,
              7022478.5
            ],
            [
              683941.5,
              7022474.5
            ],
            [
              683945.5,
              7022474.5
            ],
            [
              683945.5,
              7022478.5
            ],
            [
              683949.5,
              7022478.5
            ],
            [
              683949.5,
              7022482.5
            ],
            [
              683961.5,
              7022482.5
            ],
            [
              683961.5,
              7022486.5
            ],
            [
              683973.5,
              7022486.5
            ],
            [
              683973.5,
              7022490.5
            ],
            [
              683977.5,
              7022490.5
            ]
          ]
        ]
      },
      "properties": {
        "tile": "l0/8/10",
        "cellMetres": 4,
        "role": "eligible-measured-woodland",
        "mode": "before"
      }
    },
    {
      "type": "Feature",
      "geometry": {
        "type": "Polygon",
        "coordinates": [
          [
            [
              684049.5,
              7022406.5
            ],
            [
              684049.5,
              7022402.5
            ],
            [
              684045.5,
              7022402.5
            ],
            [
              684045.5,
              7022398.5
            ],
            [
              684041.5,
              7022398.5
            ],
            [
              684041.5,
              7022406.5
            ],
            [
              684049.5,
              7022406.5
            ]
          ]
        ]
      },
      "properties": {
        "tile": "l0/8/10",
        "cellMetres": 4,
        "role": "eligible-measured-woodland",
        "mode": "before"
      }
    },
    {
      "type": "Feature",
      "geometry": {
        "type": "Polygon",
        "coordinates": [
          [
            [
              684025.5,
              7022398.5
            ],
            [
              684025.5,
              7022390.5
            ],
            [
              684021.5,
              7022390.5
            ],
            [
              684021.5,
              7022398.5
            ],
            [
              684025.5,
              7022398.5
            ]
          ]
        ]
      },
      "properties": {
        "tile": "l0/8/10",
        "cellMetres": 4,
        "role": "eligible-measured-woodland",
        "mode": "before"
      }
    },
    {
      "type": "Feature",
      "geometry": {
        "type": "Polygon",
        "coordinates": [
          [
            [
              684157.5,
              7022390.5
            ],
            [
              684157.5,
              7022386.5
            ],
            [
              684145.5,
              7022386.5
            ],
            [
              684145.5,
              7022390.5
            ],
            [
              684157.5,
              7022390.5
            ]
          ]
        ]
      },
      "properties": {
        "tile": "l0/8/10",
        "cellMetres": 4,
        "role": "eligible-measured-woodland",
        "mode": "before"
      }
    },
    {
      "type": "Feature",
      "geometry": {
        "type": "Polygon",
        "coordinates": [
          [
            [
              683933.5,
              7022406.5
            ],
            [
              683933.5,
              7022394.5
            ],
            [
              683941.5,
              7022394.5
            ],
            [
              683941.5,
              7022386.5
            ],
            [
              683945.5,
              7022386.5
            ],
            [
              683945.5,
              7022382.5
            ],
            [
              683933.5,
              7022382.5
            ],
            [
              683933.5,
              7022386.5
            ],
            [
              683929.5,
              7022386.5
            ],
            [
              683929.5,
              7022398.5
            ],
            [
              683925.5,
              7022398.5
            ],
            [
              683925.5,
              7022406.5
            ],
            [
              683933.5,
              7022406.5
            ]
          ]
        ]
      },
      "properties": {
        "tile": "l0/8/10",
        "cellMetres": 4,
        "role": "eligible-measured-woodland",
        "mode": "before"
      }
    },
    {
      "type": "Feature",
      "geometry": {
        "type": "Polygon",
        "coordinates": [
          [
            [
              684141.5,
              7022386.5
            ],
            [
              684141.5,
              7022382.5
            ],
            [
              684137.5,
              7022382.5
            ],
            [
              684137.5,
              7022378.5
            ],
            [
              684133.5,
              7022378.5
            ],
            [
              684133.5,
              7022386.5
            ],
            [
              684141.5,
              7022386.5
            ]
          ]
        ]
      },
      "properties": {
        "tile": "l0/8/10",
        "cellMetres": 4,
        "role": "eligible-measured-woodland",
        "mode": "before"
      }
    },
    {
      "type": "Feature",
      "geometry": {
        "type": "Polygon",
        "coordinates": [
          [
            [
              683953.5,
              7022354.5
            ],
            [
              683953.5,
              7022346.5
            ],
            [
              683945.5,
              7022346.5
            ],
            [
              683945.5,
              7022354.5
            ],
            [
              683953.5,
              7022354.5
            ]
          ]
        ]
      },
      "properties": {
        "tile": "l0/8/10",
        "cellMetres": 4,
        "role": "eligible-measured-woodland",
        "mode": "before"
      }
    },
    {
      "type": "Feature",
      "geometry": {
        "type": "Polygon",
        "coordinates": [
          [
            [
              684113.5,
              7022374.5
            ],
            [
              684117.5,
              7022374.5
            ],
            [
              684117.5,
              7022370.5
            ],
            [
              684125.5,
              7022370.5
            ],
            [
              684125.5,
              7022378.5
            ],
            [
              684121.5,
              7022378.5
            ],
            [
              684121.5,
              7022382.5
            ],
            [
              684129.5,
              7022382.5
            ],
            [
              684129.5,
              7022378.5
            ],
            [
              684133.5,
              7022378.5
            ],
            [
              684133.5,
              7022370.5
            ],
            [
              684145.5,
              7022370.5
            ],
            [
              684145.5,
              7022382.5
            ],
            [
              684149.5,
              7022382.5
            ],
            [
              684149.5,
              7022374.5
            ],
            [
              684153.5,
              7022374.5
            ],
            [
              684153.5,
              7022378.5
            ],
            [
              684157.5,
              7022378.5
            ],
            [
              684157.5,
              7022386.5
            ],
            [
              684161.5,
              7022386.5
            ],
            [
              684161.5,
              7022382.5
            ],
            [
              684165.5,
              7022382.5
            ],
            [
              684165.5,
              7022316.824861874
            ],
            [
              684134.1250120309,
              7022308.332366204
            ],
            [
              684133.932996536,
              7022308.105805163
            ],
            [
              684117.609996536,
              7022289.718805163
            ],
            [
              684116.7290442528,
              7022288.768608346
            ],
            [
              684114.9269305951,
              7022286.9071417395
            ],
            [
              684113.0461171757,
              7022285.125229159
            ],
            [
              684111.090112654,
              7022283.426194766
            ],
            [
              684109.0625659608,
              7022281.813208111
            ],
            [
              684106.9672594817,
              7022280.289278218
            ],
            [
              684104.8081020165,
              7022278.857247982
            ],
            [
              684102.5891214733,
              7022277.519788858
            ],
            [
              684101.4651861326,
              7022276.875025128
            ],
            [
              684073.5121861326,
              7022261.632025128
            ],
            [
              684073.5,
              7022261.625862334
            ],
            [
              684073.5,
              7022266.5
            ],
            [
              684065.5,
              7022266.5
            ],
            [
              684065.5,
              7022258.5
            ],
            [
              684066.8139820772,
              7022258.5
            ],
            [
              684066.7721051981,
              7022258.481989071
            ],
            [
              684040.5461051981,
              7022248.15398907
            ],
            [
              684038.9304700297,
              7022247.570592606
            ],
            [
              684035.6684576893,
              7022246.497226089
            ],
            [
              684034.0220805174,
              7022246.007256036
            ],
            [
              684017.5,
              7022241.600964502
            ],
            [
              684017.5,
              7022246.5
            ],
            [
              684009.5,
              7022246.5
            ],
            [
              684009.5,
              7022242.5
            ],
            [
              684013.5,
              7022242.5
            ],
            [
              684013.5,
              7022240.534200174
            ],
            [
              684006.7170805174,
              7022238.725256036
            ],
            [
              684005.5157672042,
              7022238.431260621
            ],
            [
              684003.1020438796,
              7022237.893033828
            ],
            [
              684000.6681877085,
              7022237.45475019
            ],
            [
              683998.2183351454,
              7022237.117154591
            ],
            [
              683995.7566498119,
              7022236.8808207875
            ],
            [
              683993.2873154348,
              7022236.746150438
            ],
            [
              683992.0512599878,
              7022236.704270552
            ],
            [
              683977.5,
              7022236.511386361
            ],
            [
              683977.5,
              7022238.5
            ],
            [
              683961.5,
              7022238.5
            ],
            [
              683961.5,
              7022242.5
            ],
            [
              683949.5,
              7022242.5
            ],
            [
              683949.5,
              7022246.5
            ],
            [
              683925.5,
              7022246.5
            ],
            [
              683925.5,
              7022242.5
            ],
            [
              683913.5,
              7022242.5
            ],
            [
              683913.5,
              7022238.5
            ],
            [
              683909.5,
              7022238.5
            ],
            [
              683909.5,
              7022290.5
            ],
            [
              683913.5,
              7022290.5
            ],
            [
              683913.5,
              7022286.5
            ],
            [
              683921.5,
              7022286.5
            ],
            [
              683921.5,
              7022282.5
            ],
            [
              683925.5,
              7022282.5
            ],
            [
              683925.5,
              7022278.5
            ],
            [
              683937.5,
              7022278.5
            ],
            [
              683937.5,
              7022274.5
            ],
            [
              683961.5,
              7022274.5
            ],
            [
              683961.5,
              7022278.5
            ],
            [
              683969.5,
              7022278.5
            ],
            [
              683969.5,
              7022274.5
            ],
            [
              683973.5,
              7022274.5
            ],
            [
              683973.5,
              7022278.5
            ],
            [
              683977.5,
              7022278.5
            ],
            [
              683977.5,
              7022282.5
            ],
            [
              683981.5,
              7022282.5
            ],
            [
              683981.5,
              7022290.5
            ],
            [
              683997.5,
              7022290.5
            ],
            [
              683997.5,
              7022294.5
            ],
            [
              684021.5,
              7022294.5
            ],
            [
              684021.5,
              7022298.5
            ],
            [
              684025.5,
              7022298.5
            ],
            [
              684025.5,
              7022302.5
            ],
            [
              684033.5,
              7022302.5
            ],
            [
              684033.5,
              7022306.5
            ],
            [
              684041.5,
              7022306.5
            ],
            [
              684041.5,
              7022310.5
            ],
            [
              684053.5,
              7022310.5
            ],
            [
              684053.5,
              7022314.5
            ],
            [
              684065.5,
              7022314.5
            ],
            [
              684065.5,
              7022318.5
            ],
            [
              684069.5,
              7022318.5
            ],
            [
              684069.5,
              7022326.5
            ],
            [
              684073.5,
              7022326.5
            ],
            [
              684073.5,
              7022330.5
            ],
            [
              684077.5,
              7022330.5
            ],
            [
              684077.5,
              7022334.5
            ],
            [
              684081.5,
              7022334.5
            ],
            [
              684081.5,
              7022338.5
            ],
            [
              684085.5,
              7022338.5
            ],
            [
              684085.5,
              7022334.5
            ],
            [
              684089.5,
              7022334.5
            ],
            [
              684089.5,
              7022330.5
            ],
            [
              684093.5,
              7022330.5
            ],
            [
              684093.5,
              7022338.5
            ],
            [
              684097.5,
              7022338.5
            ],
            [
              684097.5,
              7022346.5
            ],
            [
              684093.5,
              7022346.5
            ],
            [
              684093.5,
              7022374.5
            ],
            [
              684097.5,
              7022374.5
            ],
            [
              684097.5,
              7022370.5
            ],
            [
              684105.5,
              7022370.5
            ],
            [
              684105.5,
              7022366.5
            ],
            [
              684113.5,
              7022366.5
            ],
            [
              684113.5,
              7022374.5
            ]
          ],
          [
            [
              684101.5,
              7022366.5
            ],
            [
              684101.5,
              7022362.5
            ],
            [
              684105.5,
              7022362.5
            ],
            [
              684105.5,
              7022366.5
            ],
            [
              684101.5,
              7022366.5
            ]
          ],
          [
            [
              684113.5,
              7022362.5
            ],
            [
              684117.5,
              7022362.5
            ],
            [
              684117.5,
              7022366.5
            ],
            [
              684113.5,
              7022366.5
            ],
            [
              684113.5,
              7022362.5
            ]
          ],
          [
            [
              684109.5,
              7022306.5
            ],
            [
              684113.5,
              7022306.5
            ],
            [
              684113.5,
              7022302.5
            ],
            [
              684117.5,
              7022302.5
            ],
            [
              684117.5,
              7022314.5
            ],
            [
              684109.5,
              7022314.5
            ],
            [
              684109.5,
              7022306.5
            ]
          ],
          [
            [
              684061.5,
              7022278.5
            ],
            [
              684065.5,
              7022278.5
            ],
            [
              684065.5,
              7022282.5
            ],
            [
              684061.5,
              7022282.5
            ],
            [
              684061.5,
              7022278.5
            ]
          ]
        ]
      },
      "properties": {
        "tile": "l0/8/10",
        "cellMetres": 4,
        "role": "eligible-measured-woodland",
        "mode": "before"
      }
    },
    {
      "type": "Feature",
      "geometry": {
        "type": "Polygon",
        "coordinates": [
          [
            [
              683949.5,
              7022238.5
            ],
            [
              683949.5,
              7022234.5
            ],
            [
              683925.5,
              7022234.5
            ],
            [
              683925.5,
              7022238.5
            ],
            [
              683949.5,
              7022238.5
            ]
          ]
        ]
      },
      "properties": {
        "tile": "l0/8/10",
        "cellMetres": 4,
        "role": "eligible-measured-woodland",
        "mode": "before"
      }
    },
    {
      "type": "Feature",
      "geometry": {
        "type": "Polygon",
        "coordinates": [
          [
            [
              684313.5,
              7022490.5
            ],
            [
              684313.5,
              7022486.5
            ],
            [
              684305.5,
              7022486.5
            ],
            [
              684305.5,
              7022490.5
            ],
            [
              684313.5,
              7022490.5
            ]
          ]
        ]
      },
      "properties": {
        "tile": "l0/9/10",
        "cellMetres": 4,
        "role": "eligible-measured-woodland",
        "mode": "before"
      }
    },
    {
      "type": "Feature",
      "geometry": {
        "type": "Polygon",
        "coordinates": [
          [
            [
              684213.5,
              7022490.5
            ],
            [
              684213.5,
              7022482.5
            ],
            [
              684209.5,
              7022482.5
            ],
            [
              684209.5,
              7022478.5
            ],
            [
              684213.5,
              7022478.5
            ],
            [
              684213.5,
              7022474.5
            ],
            [
              684209.5,
              7022474.5
            ],
            [
              684209.5,
              7022470.5
            ],
            [
              684201.5,
              7022470.5
            ],
            [
              684201.5,
              7022478.5
            ],
            [
              684189.5,
              7022478.5
            ],
            [
              684189.5,
              7022482.5
            ],
            [
              684185.5,
              7022482.5
            ],
            [
              684185.5,
              7022474.5
            ],
            [
              684173.5,
              7022474.5
            ],
            [
              684173.5,
              7022470.5
            ],
            [
              684165.5,
              7022470.5
            ],
            [
              684165.5,
              7022490.5
            ],
            [
              684213.5,
              7022490.5
            ]
          ]
        ]
      },
      "properties": {
        "tile": "l0/9/10",
        "cellMetres": 4,
        "role": "eligible-measured-woodland",
        "mode": "before"
      }
    },
    {
      "type": "Feature",
      "geometry": {
        "type": "Polygon",
        "coordinates": [
          [
            [
              684321.5,
              7022490.5
            ],
            [
              684321.5,
              7022486.5
            ],
            [
              684341.5,
              7022486.5
            ],
            [
              684341.5,
              7022490.5
            ],
            [
              684345.5,
              7022490.5
            ],
            [
              684345.5,
              7022482.5
            ],
            [
              684341.5,
              7022482.5
            ],
            [
              684341.5,
              7022478.5
            ],
            [
              684349.5,
              7022478.5
            ],
            [
              684349.5,
              7022474.5
            ],
            [
              684353.5,
              7022474.5
            ],
            [
              684353.5,
              7022478.5
            ],
            [
              684357.5,
              7022478.5
            ],
            [
              684357.5,
              7022470.5
            ],
            [
              684361.5,
              7022470.5
            ],
            [
              684361.5,
              7022466.5
            ],
            [
              684357.5,
              7022466.5
            ],
            [
              684357.5,
              7022462.5
            ],
            [
              684353.5,
              7022462.5
            ],
            [
              684353.5,
              7022458.5
            ],
            [
              684345.5,
              7022458.5
            ],
            [
              684345.5,
              7022466.5
            ],
            [
              684329.5,
              7022466.5
            ],
            [
              684329.5,
              7022470.5
            ],
            [
              684325.5,
              7022470.5
            ],
            [
              684325.5,
              7022466.5
            ],
            [
              684321.5,
              7022466.5
            ],
            [
              684321.5,
              7022462.5
            ],
            [
              684317.5,
              7022462.5
            ],
            [
              684317.5,
              7022470.5
            ],
            [
              684321.5,
              7022470.5
            ],
            [
              684321.5,
              7022474.5
            ],
            [
              684325.5,
              7022474.5
            ],
            [
              684325.5,
              7022482.5
            ],
            [
              684317.5,
              7022482.5
            ],
            [
              684317.5,
              7022490.5
            ],
            [
              684321.5,
              7022490.5
            ]
          ],
          [
            [
              684333.5,
              7022474.5
            ],
            [
              684337.5,
              7022474.5
            ],
            [
              684337.5,
              7022478.5
            ],
            [
              684333.5,
              7022478.5
            ],
            [
              684333.5,
              7022474.5
            ]
          ]
        ]
      },
      "properties": {
        "tile": "l0/9/10",
        "cellMetres": 4,
        "role": "eligible-measured-woodland",
        "mode": "before"
      }
    },
    {
      "type": "Feature",
      "geometry": {
        "type": "Polygon",
        "coordinates": [
          [
            [
              684357.5,
              7022490.5
            ],
            [
              684357.5,
              7022486.5
            ],
            [
              684361.5,
              7022486.5
            ],
            [
              684361.5,
              7022490.5
            ],
            [
              684365.5,
              7022490.5
            ],
            [
              684365.5,
              7022486.5
            ],
            [
              684369.5,
              7022486.5
            ],
            [
              684369.5,
              7022490.5
            ],
            [
              684421.5,
              7022490.5
            ],
            [
              684421.5,
              7022454.5
            ],
            [
              684417.5,
              7022454.5
            ],
            [
              684417.5,
              7022458.5
            ],
            [
              684409.5,
              7022458.5
            ],
            [
              684409.5,
              7022462.5
            ],
            [
              684385.5,
              7022462.5
            ],
            [
              684385.5,
              7022458.5
            ],
            [
              684369.5,
              7022458.5
            ],
            [
              684369.5,
              7022462.5
            ],
            [
              684373.5,
              7022462.5
            ],
            [
              684373.5,
              7022474.5
            ],
            [
              684369.5,
              7022474.5
            ],
            [
              684369.5,
              7022478.5
            ],
            [
              684365.5,
              7022478.5
            ],
            [
              684365.5,
              7022482.5
            ],
            [
              684349.5,
              7022482.5
            ],
            [
              684349.5,
              7022486.5
            ],
            [
              684353.5,
              7022486.5
            ],
            [
              684353.5,
              7022490.5
            ],
            [
              684357.5,
              7022490.5
            ]
          ],
          [
            [
              684389.5,
              7022478.5
            ],
            [
              684393.5,
              7022478.5
            ],
            [
              684393.5,
              7022482.5
            ],
            [
              684389.5,
              7022482.5
            ],
            [
              684389.5,
              7022478.5
            ]
          ]
        ]
      },
      "properties": {
        "tile": "l0/9/10",
        "cellMetres": 4,
        "role": "eligible-measured-woodland",
        "mode": "before"
      }
    },
    {
      "type": "Feature",
      "geometry": {
        "type": "Polygon",
        "coordinates": [
          [
            [
              684273.5,
              7022458.5
            ],
            [
              684273.5,
              7022454.5
            ],
            [
              684269.5,
              7022454.5
            ],
            [
              684269.5,
              7022458.5
            ],
            [
              684273.5,
              7022458.5
            ]
          ]
        ]
      },
      "properties": {
        "tile": "l0/9/10",
        "cellMetres": 4,
        "role": "eligible-measured-woodland",
        "mode": "before"
      }
    },
    {
      "type": "Feature",
      "geometry": {
        "type": "Polygon",
        "coordinates": [
          [
            [
              684293.5,
              7022454.5
            ],
            [
              684289.5,
              7022454.5
            ],
            [
              684289.5,
              7022450.5
            ],
            [
              684281.5,
              7022450.5
            ],
            [
              684281.5,
              7022458.5
            ],
            [
              684285.5,
              7022458.5
            ],
            [
              684285.5,
              7022462.5
            ],
            [
              684269.5,
              7022462.5
            ],
            [
              684269.5,
              7022458.5
            ],
            [
              684265.5,
              7022458.5
            ],
            [
              684265.5,
              7022454.5
            ],
            [
              684237.5,
              7022454.5
            ],
            [
              684237.5,
              7022458.5
            ],
            [
              684233.5,
              7022458.5
            ],
            [
              684233.5,
              7022462.5
            ],
            [
              684229.5,
              7022462.5
            ],
            [
              684229.5,
              7022490.5
            ],
            [
              684281.5,
              7022490.5
            ],
            [
              684281.5,
              7022486.5
            ],
            [
              684285.5,
              7022486.5
            ],
            [
              684285.5,
              7022478.5
            ],
            [
              684281.5,
              7022478.5
            ],
            [
              684281.5,
              7022474.5
            ],
            [
              684289.5,
              7022474.5
            ],
            [
              684289.5,
              7022482.5
            ],
            [
              684293.5,
              7022482.5
            ],
            [
              684293.5,
              7022478.5
            ],
            [
              684297.5,
              7022478.5
            ],
            [
              684297.5,
              7022470.5
            ],
            [
              684301.5,
              7022470.5
            ],
            [
              684301.5,
              7022458.5
            ],
            [
              684293.5,
              7022458.5
            ],
            [
              684293.5,
              7022454.5
            ]
          ],
          [
            [
              684273.5,
              7022474.5
            ],
            [
              684273.5,
              7022470.5
            ],
            [
              684281.5,
              7022470.5
            ],
            [
              684281.5,
              7022474.5
            ],
            [
              684273.5,
              7022474.5
            ]
          ],
          [
            [
              684281.5,
              7022466.5
            ],
            [
              684285.5,
              7022466.5
            ],
            [
              684285.5,
              7022470.5
            ],
            [
              684281.5,
              7022470.5
            ],
            [
              684281.5,
              7022466.5
            ]
          ],
          [
            [
              684293.5,
              7022462.5
            ],
            [
              684289.5,
              7022462.5
            ],
            [
              684289.5,
              7022458.5
            ],
            [
              684293.5,
              7022458.5
            ],
            [
              684293.5,
              7022462.5
            ]
          ]
        ]
      },
      "properties": {
        "tile": "l0/9/10",
        "cellMetres": 4,
        "role": "eligible-measured-woodland",
        "mode": "before"
      }
    },
    {
      "type": "Feature",
      "geometry": {
        "type": "Polygon",
        "coordinates": [
          [
            [
              684293.5,
              7022438.5
            ],
            [
              684293.5,
              7022434.5
            ],
            [
              684301.5,
              7022434.5
            ],
            [
              684301.5,
              7022426.5
            ],
            [
              684293.5,
              7022426.5
            ],
            [
              684293.5,
              7022430.5
            ],
            [
              684289.5,
              7022430.5
            ],
            [
              684289.5,
              7022438.5
            ],
            [
              684293.5,
              7022438.5
            ]
          ]
        ]
      },
      "properties": {
        "tile": "l0/9/10",
        "cellMetres": 4,
        "role": "eligible-measured-woodland",
        "mode": "before"
      }
    },
    {
      "type": "Feature",
      "geometry": {
        "type": "Polygon",
        "coordinates": [
          [
            [
              684165.5,
              7022382.5
            ],
            [
              684169.5,
              7022382.5
            ],
            [
              684169.5,
              7022386.5
            ],
            [
              684165.5,
              7022386.5
            ],
            [
              684165.5,
              7022390.5
            ],
            [
              684173.5,
              7022390.5
            ],
            [
              684173.5,
              7022394.5
            ],
            [
              684177.5,
              7022394.5
            ],
            [
              684177.5,
              7022398.5
            ],
            [
              684185.5,
              7022398.5
            ],
            [
              684185.5,
              7022402.5
            ],
            [
              684189.5,
              7022402.5
            ],
            [
              684189.5,
              7022406.5
            ],
            [
              684197.5,
              7022406.5
            ],
            [
              684197.5,
              7022410.5
            ],
            [
              684205.5,
              7022410.5
            ],
            [
              684205.5,
              7022406.5
            ],
            [
              684209.5,
              7022406.5
            ],
            [
              684209.5,
              7022414.5
            ],
            [
              684217.5,
              7022414.5
            ],
            [
              684217.5,
              7022406.5
            ],
            [
              684221.5,
              7022406.5
            ],
            [
              684221.5,
              7022402.5
            ],
            [
              684229.5,
              7022402.5
            ],
            [
              684229.5,
              7022398.5
            ],
            [
              684233.5,
              7022398.5
            ],
            [
              684233.5,
              7022402.5
            ],
            [
              684237.5,
              7022402.5
            ],
            [
              684237.5,
              7022406.5
            ],
            [
              684229.5,
              7022406.5
            ],
            [
              684229.5,
              7022410.5
            ],
            [
              684225.5,
              7022410.5
            ],
            [
              684225.5,
              7022414.5
            ],
            [
              684221.5,
              7022414.5
            ],
            [
              684221.5,
              7022418.5
            ],
            [
              684229.5,
              7022418.5
            ],
            [
              684229.5,
              7022414.5
            ],
            [
              684233.5,
              7022414.5
            ],
            [
              684233.5,
              7022418.5
            ],
            [
              684245.5,
              7022418.5
            ],
            [
              684245.5,
              7022422.5
            ],
            [
              684257.5,
              7022422.5
            ],
            [
              684257.5,
              7022418.5
            ],
            [
              684269.5,
              7022418.5
            ],
            [
              684269.5,
              7022414.5
            ],
            [
              684277.5,
              7022414.5
            ],
            [
              684277.5,
              7022418.5
            ],
            [
              684289.5,
              7022418.5
            ],
            [
              684289.5,
              7022414.5
            ],
            [
              684293.5,
              7022414.5
            ],
            [
              684293.5,
              7022418.5
            ],
            [
              684309.5,
              7022418.5
            ],
            [
              684309.5,
              7022422.5
            ],
            [
              684313.5,
              7022422.5
            ],
            [
              684313.5,
              7022410.5
            ],
            [
              684317.5,
              7022410.5
            ],
            [
              684317.5,
              7022422.5
            ],
            [
              684321.5,
              7022422.5
            ],
            [
              684321.5,
              7022418.5
            ],
            [
              684325.5,
              7022418.5
            ],
            [
              684325.5,
              7022426.5
            ],
            [
              684329.5,
              7022426.5
            ],
            [
              684329.5,
              7022418.5
            ],
            [
              684337.5,
              7022418.5
            ],
            [
              684337.5,
              7022422.5
            ],
            [
              684345.5,
              7022422.5
            ],
            [
              684345.5,
              7022430.5
            ],
            [
              684349.5,
              7022430.5
            ],
            [
              684349.5,
              7022434.5
            ],
            [
              684369.5,
              7022434.5
            ],
            [
              684369.5,
              7022438.5
            ],
            [
              684381.5,
              7022438.5
            ],
            [
              684381.5,
              7022430.5
            ],
            [
              684393.5,
              7022430.5
            ],
            [
              684393.5,
              7022434.5
            ],
            [
              684401.5,
              7022434.5
            ],
            [
              684401.5,
              7022438.5
            ],
            [
              684405.5,
              7022438.5
            ],
            [
              684405.5,
              7022426.5
            ],
            [
              684409.5,
              7022426.5
            ],
            [
              684409.5,
              7022430.5
            ],
            [
              684413.5,
              7022430.5
            ],
            [
              684413.5,
              7022438.5
            ],
            [
              684421.5,
              7022438.5
            ],
            [
              684421.5,
              7022367.340593761
            ],
            [
              684327.5845064961,
              7022360.697451434
            ],
            [
              684241.5,
              7022337.396333378
            ],
            [
              684241.5,
              7022338.5
            ],
            [
              684237.5,
              7022338.5
            ],
            [
              684237.5,
              7022336.313624351
            ],
            [
              684165.5,
              7022316.824861874
            ],
            [
              684165.5,
              7022382.5
            ]
          ],
          [
            [
              684373.5,
              7022422.5
            ],
            [
              684377.5,
              7022422.5
            ],
            [
              684377.5,
              7022426.5
            ],
            [
              684373.5,
              7022426.5
            ],
            [
              684373.5,
              7022422.5
            ]
          ],
          [
            [
              684389.5,
              7022418.5
            ],
            [
              684393.5,
              7022418.5
            ],
            [
              684393.5,
              7022422.5
            ],
            [
              684389.5,
              7022422.5
            ],
            [
              684389.5,
              7022418.5
            ]
          ],
          [
            [
              684249.5,
              7022414.5
            ],
            [
              684253.5,
              7022414.5
            ],
            [
              684253.5,
              7022418.5
            ],
            [
              684249.5,
              7022418.5
            ],
            [
              684249.5,
              7022414.5
            ]
          ],
          [
            [
              684369.5,
              7022410.5
            ],
            [
              684381.5,
              7022410.5
            ],
            [
              684381.5,
              7022414.5
            ],
            [
              684369.5,
              7022414.5
            ],
            [
              684369.5,
              7022410.5
            ]
          ],
          [
            [
              684389.5,
              7022410.5
            ],
            [
              684393.5,
              7022410.5
            ],
            [
              684393.5,
              7022414.5
            ],
            [
              684389.5,
              7022414.5
            ],
            [
              684389.5,
              7022410.5
            ]
          ],
          [
            [
              684353.5,
              7022406.5
            ],
            [
              684349.5,
              7022406.5
            ],
            [
              684349.5,
              7022402.5
            ],
            [
              684357.5,
              7022402.5
            ],
            [
              684357.5,
              7022410.5
            ],
            [
              684353.5,
              7022410.5
            ],
            [
              684353.5,
              7022406.5
            ]
          ],
          [
            [
              684337.5,
              7022398.5
            ],
            [
              684341.5,
              7022398.5
            ],
            [
              684341.5,
              7022406.5
            ],
            [
              684337.5,
              7022406.5
            ],
            [
              684337.5,
              7022398.5
            ]
          ],
          [
            [
              684253.5,
              7022398.5
            ],
            [
              684261.5,
              7022398.5
            ],
            [
              684261.5,
              7022402.5
            ],
            [
              684253.5,
              7022402.5
            ],
            [
              684253.5,
              7022398.5
            ]
          ],
          [
            [
              684321.5,
              7022398.5
            ],
            [
              684325.5,
              7022398.5
            ],
            [
              684325.5,
              7022402.5
            ],
            [
              684321.5,
              7022402.5
            ],
            [
              684321.5,
              7022398.5
            ]
          ],
          [
            [
              684369.5,
              7022398.5
            ],
            [
              684373.5,
              7022398.5
            ],
            [
              684373.5,
              7022402.5
            ],
            [
              684369.5,
              7022402.5
            ],
            [
              684369.5,
              7022398.5
            ]
          ],
          [
            [
              684209.5,
              7022390.5
            ],
            [
              684213.5,
              7022390.5
            ],
            [
              684213.5,
              7022398.5
            ],
            [
              684209.5,
              7022398.5
            ],
            [
              684209.5,
              7022390.5
            ]
          ],
          [
            [
              684221.5,
              7022386.5
            ],
            [
              684213.5,
              7022386.5
            ],
            [
              684213.5,
              7022382.5
            ],
            [
              684209.5,
              7022382.5
            ],
            [
              684209.5,
              7022378.5
            ],
            [
              684225.5,
              7022378.5
            ],
            [
              684225.5,
              7022382.5
            ],
            [
              684229.5,
              7022382.5
            ],
            [
              684229.5,
              7022394.5
            ],
            [
              684221.5,
              7022394.5
            ],
            [
              684221.5,
              7022386.5
            ]
          ]
        ]
      },
      "properties": {
        "tile": "l0/9/10",
        "cellMetres": 4,
        "role": "eligible-measured-woodland",
        "mode": "before"
      }
    },
    {
      "type": "Feature",
      "geometry": {
        "type": "Polygon",
        "coordinates": [
          [
            [
              684501.5,
              7022426.5
            ],
            [
              684501.5,
              7022422.5
            ],
            [
              684497.5,
              7022422.5
            ],
            [
              684497.5,
              7022426.5
            ],
            [
              684501.5,
              7022426.5
            ]
          ]
        ]
      },
      "properties": {
        "tile": "l0/10/10",
        "cellMetres": 4,
        "role": "eligible-measured-woodland",
        "mode": "before"
      }
    },
    {
      "type": "Feature",
      "geometry": {
        "type": "Polygon",
        "coordinates": [
          [
            [
              684453.5,
              7022414.5
            ],
            [
              684453.5,
              7022410.5
            ],
            [
              684449.5,
              7022410.5
            ],
            [
              684449.5,
              7022414.5
            ],
            [
              684453.5,
              7022414.5
            ]
          ]
        ]
      },
      "properties": {
        "tile": "l0/10/10",
        "cellMetres": 4,
        "role": "eligible-measured-woodland",
        "mode": "before"
      }
    },
    {
      "type": "Feature",
      "geometry": {
        "type": "Polygon",
        "coordinates": [
          [
            [
              684453.5,
              7022390.5
            ],
            [
              684453.5,
              7022386.5
            ],
            [
              684449.5,
              7022386.5
            ],
            [
              684449.5,
              7022390.5
            ],
            [
              684453.5,
              7022390.5
            ]
          ]
        ]
      },
      "properties": {
        "tile": "l0/10/10",
        "cellMetres": 4,
        "role": "eligible-measured-woodland",
        "mode": "before"
      }
    },
    {
      "type": "Feature",
      "geometry": {
        "type": "Polygon",
        "coordinates": [
          [
            [
              684461.5,
              7022374.5
            ],
            [
              684461.5,
              7022370.5
            ],
            [
              684457.5,
              7022370.5
            ],
            [
              684457.5,
              7022374.5
            ],
            [
              684461.5,
              7022374.5
            ]
          ]
        ]
      },
      "properties": {
        "tile": "l0/10/10",
        "cellMetres": 4,
        "role": "eligible-measured-woodland",
        "mode": "before"
      }
    },
    {
      "type": "Feature",
      "geometry": {
        "type": "Polygon",
        "coordinates": [
          [
            [
              684421.5,
              7022490.5
            ],
            [
              684515.1140838093,
              7022490.5
            ],
            [
              684514.1102217645,
              7022470.5
            ],
            [
              684513.5,
              7022470.5
            ],
            [
              684513.5,
              7022466.5
            ],
            [
              684509.5,
              7022466.5
            ],
            [
              684509.5,
              7022458.5
            ],
            [
              684505.5,
              7022458.5
            ],
            [
              684505.5,
              7022454.5
            ],
            [
              684501.5,
              7022454.5
            ],
            [
              684501.5,
              7022446.5
            ],
            [
              684497.5,
              7022446.5
            ],
            [
              684497.5,
              7022442.5
            ],
            [
              684493.5,
              7022442.5
            ],
            [
              684493.5,
              7022438.5
            ],
            [
              684489.5,
              7022438.5
            ],
            [
              684489.5,
              7022434.5
            ],
            [
              684481.5,
              7022434.5
            ],
            [
              684481.5,
              7022438.5
            ],
            [
              684477.5,
              7022438.5
            ],
            [
              684477.5,
              7022446.5
            ],
            [
              684473.5,
              7022446.5
            ],
            [
              684473.5,
              7022450.5
            ],
            [
              684469.5,
              7022450.5
            ],
            [
              684469.5,
              7022454.5
            ],
            [
              684445.5,
              7022454.5
            ],
            [
              684445.5,
              7022450.5
            ],
            [
              684441.5,
              7022450.5
            ],
            [
              684441.5,
              7022442.5
            ],
            [
              684437.5,
              7022442.5
            ],
            [
              684437.5,
              7022438.5
            ],
            [
              684425.5,
              7022438.5
            ],
            [
              684425.5,
              7022430.5
            ],
            [
              684429.5,
              7022430.5
            ],
            [
              684429.5,
              7022434.5
            ],
            [
              684433.5,
              7022434.5
            ],
            [
              684433.5,
              7022422.5
            ],
            [
              684429.5,
              7022422.5
            ],
            [
              684429.5,
              7022418.5
            ],
            [
              684433.5,
              7022418.5
            ],
            [
              684433.5,
              7022410.5
            ],
            [
              684437.5,
              7022410.5
            ],
            [
              684437.5,
              7022402.5
            ],
            [
              684441.5,
              7022402.5
            ],
            [
              684441.5,
              7022410.5
            ],
            [
              684445.5,
              7022410.5
            ],
            [
              684445.5,
              7022382.5
            ],
            [
              684441.5,
              7022382.5
            ],
            [
              684441.5,
              7022378.5
            ],
            [
              684433.5,
              7022378.5
            ],
            [
              684433.5,
              7022374.5
            ],
            [
              684429.5,
              7022374.5
            ],
            [
              684429.5,
              7022370.5
            ],
            [
              684425.5,
              7022370.5
            ],
            [
              684425.5,
              7022367.623535034
            ],
            [
              684421.5,
              7022367.340593761
            ],
            [
              684421.5,
              7022490.5
            ]
          ]
        ]
      },
      "properties": {
        "tile": "l0/10/10",
        "cellMetres": 4,
        "role": "eligible-measured-woodland",
        "mode": "before"
      }
    },
    {
      "type": "Feature",
      "geometry": {
        "type": "Polygon",
        "coordinates": [
          [
            [
              684453.5,
              7022370.5
            ],
            [
              684457.5,
              7022370.5
            ],
            [
              684457.5,
              7022369.887065221
            ],
            [
              684453.5,
              7022369.604123947
            ],
            [
              684453.5,
              7022370.5
            ]
          ]
        ]
      },
      "properties": {
        "tile": "l0/10/10",
        "cellMetres": 4,
        "role": "eligible-measured-woodland",
        "mode": "before"
      }
    },
    {
      "type": "Feature",
      "geometry": {
        "type": "Polygon",
        "coordinates": [
          [
            [
              684497.5,
              7022398.5
            ],
            [
              684497.5,
              7022406.5
            ],
            [
              684501.5,
              7022406.5
            ],
            [
              684501.5,
              7022410.5
            ],
            [
              684505.5,
              7022410.5
            ],
            [
              684505.5,
              7022414.5
            ],
            [
              684509.5,
              7022414.5
            ],
            [
              684509.5,
              7022418.5
            ],
            [
              684511.500180448,
              7022418.5
            ],
            [
              684510.5762810427,
              7022400.093100164
            ],
            [
              684510.4188749037,
              7022398.5
            ],
            [
              684497.5,
              7022398.5
            ]
          ]
        ]
      },
      "properties": {
        "tile": "l0/10/10",
        "cellMetres": 4,
        "role": "eligible-measured-woodland",
        "mode": "before"
      }
    },
    {
      "type": "Feature",
      "geometry": {
        "type": "Polygon",
        "coordinates": [
          [
            [
              684481.5,
              7022382.5
            ],
            [
              684493.5,
              7022382.5
            ],
            [
              684493.5,
              7022386.5
            ],
            [
              684485.5,
              7022386.5
            ],
            [
              684485.5,
              7022394.5
            ],
            [
              684493.5,
              7022394.5
            ],
            [
              684493.5,
              7022390.5
            ],
            [
              684508.4497803958,
              7022390.5
            ],
            [
              684507.7969831802,
              7022388.905056673
            ],
            [
              684506.4450710401,
              7022386.34066463
            ],
            [
              684504.8519606143,
              7022383.918729008
            ],
            [
              684503.0325276124,
              7022381.661864693
            ],
            [
              684501.0037610363,
              7022379.591145214
            ],
            [
              684498.7846045459,
              7022377.725905965
            ],
            [
              684496.3957795714,
              7022376.083563666
            ],
            [
              684493.8595918273,
              7022374.679453731
            ],
            [
              684491.199723031,
              7022373.526687072
            ],
            [
              684488.4410097757,
              7022372.636027676
            ],
            [
              684485.6092116167,
              7022372.015792099
            ],
            [
              684482.7307705417,
              7022371.671771806
            ],
            [
              684481.5,
              7022371.584712859
            ],
            [
              684481.5,
              7022382.5
            ]
          ]
        ]
      },
      "properties": {
        "tile": "l0/10/10",
        "cellMetres": 4,
        "role": "eligible-measured-woodland",
        "mode": "before"
      }
    },
    {
      "type": "Feature",
      "geometry": {
        "type": "Polygon",
        "coordinates": [
          [
            [
              683901.5,
              7022234.5
            ],
            [
              683901.5,
              7022230.5
            ],
            [
              683900.8473546661,
              7022230.5
            ],
            [
              683899.699450791,
              7022230.985382409
            ],
            [
              683897.0777730206,
              7022232.247119549
            ],
            [
              683894.5203630936,
              7022233.634501781
            ],
            [
              683893.0945749886,
              7022234.5
            ],
            [
              683901.5,
              7022234.5
            ]
          ]
        ]
      },
      "properties": {
        "tile": "l0/7/11",
        "cellMetres": 4,
        "role": "eligible-measured-woodland",
        "mode": "before"
      }
    },
    {
      "type": "Feature",
      "geometry": {
        "type": "Polygon",
        "coordinates": [
          [
            [
              683859.6510422352,
              7022234.5
            ],
            [
              683858.6514673582,
              7022234.384887505
            ],
            [
              683855.659308072,
              7022234.340404871
            ],
            [
              683853.7845970753,
              7022234.5
            ],
            [
              683859.6510422352,
              7022234.5
            ]
          ]
        ]
      },
      "properties": {
        "tile": "l0/7/11",
        "cellMetres": 4,
        "role": "eligible-measured-woodland",
        "mode": "before"
      }
    },
    {
      "type": "Feature",
      "geometry": {
        "type": "Polygon",
        "coordinates": [
          [
            [
              683909.5,
              7022230.5
            ],
            [
              683917.5,
              7022230.5
            ],
            [
              683917.5,
              7022234.5
            ],
            [
              683965.5,
              7022234.5
            ],
            [
              683965.5,
              7022230.5
            ],
            [
              683966.6773575016,
              7022230.5
            ],
            [
              683964.1506388229,
              7022229.278938438
            ],
            [
              683961.4949457288,
              7022228.149704425
            ],
            [
              683958.7880136181,
              7022227.149507539
            ],
            [
              683956.0361080602,
              7022226.280662876
            ],
            [
              683953.2455987163,
              7022225.545181493
            ],
            [
              683951.8414953533,
              7022225.211013846
            ],
            [
              683945.3914953533,
              7022223.839013846
            ],
            [
              683944.0130700244,
              7022223.5793298
            ],
            [
              683941.2455876435,
              7022223.124677286
            ],
            [
              683938.4598784336,
              7022222.799882147
            ],
            [
              683935.6620322571,
              7022222.605654422
            ],
            [
              683932.8581654929,
              7022222.54241871
            ],
            [
              683930.054407663,
              7022222.610313251
            ],
            [
              683927.2568880809,
              7022222.80918962
            ],
            [
              683924.4717224058,
              7022223.1386130545
            ],
            [
              683921.7049992931,
              7022223.5978634
            ],
            [
              683918.962767092,
              7022224.185936689
            ],
            [
              683916.2510205972,
              7022224.901547334
            ],
            [
              683913.5756879671,
              7022225.743130934
            ],
            [
              683912.247861566,
              7022226.195203095
            ],
            [
              683909.5,
              7022227.203021259
            ],
            [
              683909.5,
              7022230.5
            ]
          ]
        ]
      },
      "properties": {
        "tile": "l0/8/11",
        "cellMetres": 4,
        "role": "eligible-measured-woodland",
        "mode": "before"
      }
    }
  ]
}
