{
  "type": "FeatureCollection",
  "crs": {
    "type": "name",
    "properties": {
      "name": "EPSG:3006"
    }
  },
  "features": [
    {
      "type": "Feature",
      "geometry": {
        "type": "MultiPolygon",
        "coordinates": [
          [
            [
              [
                687422.5,
                6370801.5
              ],
              [
                687422.5,
                6370803.5
              ],
              [
                687429.5,
                6370803.5
              ],
              [
                687429.5,
                6370802.5
              ],
              [
                687430.5,
                6370802.5
              ],
              [
                687430.5,
                6370803.5
              ],
              [
                687432.5,
                6370803.5
              ],
              [
                687432.5,
                6370807.5
              ],
              [
                687434.5,
                6370807.5
              ],
              [
                687434.5,
                6370806.5
              ],
              [
                687435.5,
                6370806.5
              ],
              [
                687435.5,
                6370807.5
              ],
              [
                687440.5,
                6370807.5
              ],
              [
                687440.5,
                6370811.5
              ],
              [
                687442.5,
                6370811.5
              ],
              [
                687442.5,
                6370810.5
              ],
              [
                687443.5,
                6370810.5
              ],
              [
                687443.5,
                6370809.5
              ],
              [
                687441.5,
                6370809.5
              ],
              [
                687441.5,
                6370808.5
              ],
              [
                687442.5,
                6370808.5
              ],
              [
                687442.5,
                6370807.5
              ],
              [
                687443.5,
                6370807.5
              ],
              [
                687443.5,
                6370808.5
              ],
              [
                687445.5,
                6370808.5
              ],
              [
                687445.5,
                6370809.5
              ],
              [
                687446.5,
                6370809.5
              ],
              [
                687446.5,
                6370811.5
              ],
              [
                687453.5,
                6370811.5
              ],
              [
                687453.5,
                6370812.5
              ],
              [
                687454.5,
                6370812.5
              ],
              [
                687454.5,
                6370813.5
              ],
              [
                687455.5,
                6370813.5
              ],
              [
                687455.5,
                6370811.5
              ],
              [
                687456.5,
                6370811.5
              ],
              [
                687456.5,
                6370810.5
              ],
              [
                687455.5,
                6370810.5
              ],
              [
                687455.5,
                6370809.5
              ],
              [
                687454.5,
                6370809.5
              ],
              [
                687454.5,
                6370808.5
              ],
              [
                687455.5,
                6370808.5
              ],
              [
                687455.5,
                6370807.5
              ],
              [
                687456.5,
                6370807.5
              ],
              [
                687456.5,
                6370809.5
              ],
              [
                687458.5,
                6370809.5
              ],
              [
                687458.5,
                6370810.5
              ],
              [
                687461.5,
                6370810.5
              ],
              [
                687461.5,
                6370811.5
              ],
              [
                687462.5,
                6370811.5
              ],
              [
                687462.5,
                6370814.5
              ],
              [
                687463.5,
                6370814.5
              ],
              [
                687463.5,
                6370816.5
              ],
              [
                687464.5,
                6370816.5
              ],
              [
                687464.5,
                6370815.5
              ],
              [
                687468.5,
                6370815.5
              ],
              [
                687468.5,
                6370820.5
              ],
              [
                687469.5,
                6370820.5
              ],
              [
                687469.5,
                6370816.5
              ],
              [
                687470.5,
                6370816.5
              ],
              [
                687470.5,
                6370815.5
              ],
              [
                687469.5,
                6370815.5
              ],
              [
                687469.5,
                6370814.5
              ],
              [
                687471.5,
                6370814.5
              ],
              [
                687471.5,
                6370813.5
              ],
              [
                687474.5,
                6370813.5
              ],
              [
                687474.5,
                6370814.5
              ],
              [
                687473.5,
                6370814.5
              ],
              [
                687473.5,
                6370815.5
              ],
              [
                687472.5,
                6370815.5
              ],
              [
                687472.5,
                6370817.5
              ],
              [
                687471.5,
                6370817.5
              ],
              [
                687471.5,
                6370818.5
              ],
              [
                687470.5,
                6370818.5
              ],
              [
                687470.5,
                6370819.5
              ],
              [
                687475.5,
                6370819.5
              ],
              [
                687475.5,
                6370820.5
              ],
              [
                687477.5,
                6370820.5
              ],
              [
                687477.5,
                6370823.5
              ],
              [
                687479.5,
                6370823.5
              ],
              [
                687479.5,
                6370824.5
              ],
              [
                687478.5,
                6370824.5
              ],
              [
                687478.5,
                6370825.5
              ],
              [
                687479.5,
                6370825.5
              ],
              [
                687479.5,
                6370827.5
              ],
              [
                687480.5,
                6370827.5
              ],
              [
                687480.5,
                6370819.5
              ],
              [
                687487.5,
                6370819.5
              ],
              [
                687487.5,
                6370816.5
              ],
              [
                687488.5,
                6370816.5
              ],
              [
                687488.5,
                6370818.5
              ],
              [
                687489.5,
                6370818.5
              ],
              [
                687489.5,
                6370819.5
              ],
              [
                687491.5,
                6370819.5
              ],
              [
                687491.5,
                6370818.5
              ],
              [
                687492.5,
                6370818.5
              ],
              [
                687492.5,
                6370819.5
              ],
              [
                687495.5,
                6370819.5
              ],
              [
                687495.5,
                6370820.5
              ],
              [
                687496.5,
                6370820.5
              ],
              [
                687496.5,
                6370818.5
              ],
              [
                687497.5,
                6370818.5
              ],
              [
                687497.5,
                6370815.5
              ],
              [
                687498.5,
                6370815.5
              ],
              [
                687498.5,
                6370814.5
              ],
              [
                687496.5,
                6370814.5
              ],
              [
                687496.5,
                6370813.5
              ],
              [
                687497.5,
                6370813.5
              ],
              [
                687497.5,
                6370812.5
              ],
              [
                687495.5,
                6370812.5
              ],
              [
                687495.5,
                6370811.5
              ],
              [
                687494.5,
                6370811.5
              ],
              [
                687494.5,
                6370809.5
              ],
              [
                687493.5,
                6370809.5
              ],
              [
                687493.5,
                6370808.5
              ],
              [
                687489.5,
                6370808.5
              ],
              [
                687489.5,
                6370807.5
              ],
              [
                687488.5,
                6370807.5
              ],
              [
                687488.5,
                6370808.5
              ],
              [
                687487.5,
                6370808.5
              ],
              [
                687487.5,
                6370807.5
              ],
              [
                687486.5,
                6370807.5
              ],
              [
                687486.5,
                6370808.5
              ],
              [
                687485.5,
                6370808.5
              ],
              [
                687485.5,
                6370810.5
              ],
              [
                687486.5,
                6370810.5
              ],
              [
                687486.5,
                6370811.5
              ],
              [
                687485.5,
                6370811.5
              ],
              [
                687485.5,
                6370812.5
              ],
              [
                687483.5,
                6370812.5
              ],
              [
                687483.5,
                6370811.5
              ],
              [
                687481.5,
                6370811.5
              ],
              [
                687481.5,
                6370810.5
              ],
              [
                687480.5,
                6370810.5
              ],
              [
                687480.5,
                6370807.5
              ],
              [
                687479.5,
                6370807.5
              ],
              [
                687479.5,
                6370805.5
              ],
              [
                687478.5,
                6370805.5
              ],
              [
                687478.5,
                6370804.5
              ],
              [
                687476.5,
                6370804.5
              ],
              [
                687476.5,
                6370803.5
              ],
              [
                687472.5,
                6370803.5
              ],
              [
                687472.5,
                6370804.5
              ],
              [
                687471.5,
                6370804.5
              ],
              [
                687471.5,
                6370803.5
              ],
              [
                687470.5,
                6370803.5
              ],
              [
                687470.5,
                6370804.5
              ],
              [
                687467.5,
                6370804.5
              ],
              [
                687467.5,
                6370803.5
              ],
              [
                687468.5,
                6370803.5
              ],
              [
                687468.5,
                6370802.5
              ],
              [
                687466.5,
                6370802.5
              ],
              [
                687466.5,
                6370801.5
              ],
              [
                687465.5,
                6370801.5
              ],
              [
                687465.5,
                6370800.0
              ],
              [
                687465.5,
                6370799.5
              ],
              [
                687462.5,
                6370799.5
              ],
              [
                687462.5,
                6370798.5
              ],
              [
                687457.5,
                6370798.5
              ],
              [
                687457.5,
                6370797.5
              ],
              [
                687456.5,
                6370797.5
              ],
              [
                687456.5,
                6370798.5
              ],
              [
                687455.5,
                6370798.5
              ],
              [
                687455.5,
                6370797.5
              ],
              [
                687452.5,
                6370797.5
              ],
              [
                687452.5,
                6370798.5
              ],
              [
                687450.5,
                6370798.5
              ],
              [
                687450.5,
                6370799.5
              ],
              [
                687449.5,
                6370799.5
              ],
              [
                687449.5,
                6370800.0
              ],
              [
                687449.5,
                6370800.5
              ],
              [
                687448.5,
                6370800.5
              ],
              [
                687448.5,
                6370801.5
              ],
              [
                687447.5,
                6370801.5
              ],
              [
                687447.5,
                6370802.5
              ],
              [
                687446.5,
                6370802.5
              ],
              [
                687446.5,
                6370801.5
              ],
              [
                687445.5,
                6370801.5
              ],
              [
                687445.5,
                6370802.5
              ],
              [
                687442.5,
                6370802.5
              ],
              [
                687442.5,
                6370803.5
              ],
              [
                687441.5,
                6370803.5
              ],
              [
                687441.5,
                6370801.5
              ],
              [
                687442.5,
                6370801.5
              ],
              [
                687442.5,
                6370800.5
              ],
              [
                687443.5,
                6370800.5
              ],
              [
                687443.5,
                6370800.0
              ],
              [
                687443.5,
                6370797.5
              ],
              [
                687441.5,
                6370797.5
              ],
              [
                687441.5,
                6370795.5
              ],
              [
                687435.5,
                6370795.5
              ],
              [
                687435.5,
                6370796.5
              ],
              [
                687431.5,
                6370796.5
              ],
              [
                687431.5,
                6370798.5
              ],
              [
                687430.5,
                6370798.5
              ],
              [
                687430.5,
                6370797.5
              ],
              [
                687429.5,
                6370797.5
              ],
              [
                687429.5,
                6370800.0
              ],
              [
                687429.5,
                6370800.5
              ],
              [
                687428.5,
                6370800.5
              ],
              [
                687428.5,
                6370800.0
              ],
              [
                687428.5,
                6370798.5
              ],
              [
                687427.5,
                6370798.5
              ],
              [
                687427.5,
                6370797.5
              ],
              [
                687425.5,
                6370797.5
              ],
              [
                687425.5,
                6370798.5
              ],
              [
                687426.5,
                6370798.5
              ],
              [
                687426.5,
                6370799.5
              ],
              [
                687424.5,
                6370799.5
              ],
              [
                687424.5,
                6370798.5
              ],
              [
                687423.5,
                6370798.5
              ],
              [
                687423.5,
                6370799.5
              ],
              [
                687421.5,
                6370799.5
              ],
              [
                687421.5,
                6370800.0
              ],
              [
                687421.5,
                6370801.5
              ],
              [
                687422.5,
                6370801.5
              ]
            ],
            [
              [
                687474.5,
                6370812.5
              ],
              [
                687475.5,
                6370812.5
              ],
              [
                687475.5,
                6370813.5
              ],
              [
                687474.5,
                6370813.5
              ],
              [
                687474.5,
                6370812.5
              ]
            ],
            [
              [
                687494.5,
                6370818.5
              ],
              [
                687494.5,
                6370817.5
              ],
              [
                687496.5,
                6370817.5
              ],
              [
                687496.5,
                6370818.5
              ],
              [
                687494.5,
                6370818.5
              ]
            ],
            [
              [
                687483.5,
                6370813.5
              ],
              [
                687482.5,
                6370813.5
              ],
              [
                687482.5,
                6370812.5
              ],
              [
                687483.5,
                6370812.5
              ],
              [
                687483.5,
                6370813.5
              ]
            ],
            [
              [
                687481.5,
                6370812.5
              ],
              [
                687480.5,
                6370812.5
              ],
              [
                687480.5,
                6370811.5
              ],
              [
                687481.5,
                6370811.5
              ],
              [
                687481.5,
                6370812.5
              ]
            ],
            [
              [
                687480.5,
                6370813.5
              ],
              [
                687478.5,
                6370813.5
              ],
              [
                687478.5,
                6370812.5
              ],
              [
                687480.5,
                6370812.5
              ],
              [
                687480.5,
                6370813.5
              ]
            ],
            [
              [
                687467.5,
                6370805.5
              ],
              [
                687466.5,
                6370805.5
              ],
              [
                687466.5,
                6370804.5
              ],
              [
                687467.5,
                6370804.5
              ],
              [
                687467.5,
                6370805.5
              ]
            ],
            [
              [
                687448.5,
                6370802.5
              ],
              [
                687448.5,
                6370803.5
              ],
              [
                687447.5,
                6370803.5
              ],
              [
                687447.5,
                6370802.5
              ],
              [
                687448.5,
                6370802.5
              ]
            ],
            [
              [
                687427.5,
                6370799.5
              ],
              [
                687427.5,
                6370800.0
              ],
              [
                687427.5,
                6370800.5
              ],
              [
                687426.5,
                6370800.5
              ],
              [
                687426.5,
                6370800.0
              ],
              [
                687426.5,
                6370799.5
              ],
              [
                687427.5,
                6370799.5
              ]
            ],
            [
              [
                687426.5,
                6370801.5
              ],
              [
                687424.5,
                6370801.5
              ],
              [
                687424.5,
                6370800.5
              ],
              [
                687426.5,
                6370800.5
              ],
              [
                687426.5,
                6370801.5
              ]
            ],
            [
              [
                687491.5,
                6370814.5
              ],
              [
                687492.5,
                6370814.5
              ],
              [
                687492.5,
                6370815.5
              ],
              [
                687491.5,
                6370815.5
              ],
              [
                687491.5,
                6370814.5
              ]
            ],
            [
              [
                687491.5,
                6370816.5
              ],
              [
                687492.5,
                6370816.5
              ],
              [
                687492.5,
                6370817.5
              ],
              [
                687491.5,
                6370817.5
              ],
              [
                687491.5,
                6370816.5
              ]
            ],
            [
              [
                687488.5,
                6370810.5
              ],
              [
                687489.5,
                6370810.5
              ],
              [
                687489.5,
                6370811.5
              ],
              [
                687488.5,
                6370811.5
              ],
              [
                687488.5,
                6370810.5
              ]
            ],
            [
              [
                687484.5,
                6370817.5
              ],
              [
                687485.5,
                6370817.5
              ],
              [
                687485.5,
                6370818.5
              ],
              [
                687484.5,
                6370818.5
              ],
              [
                687484.5,
                6370817.5
              ]
            ],
            [
              [
                687482.5,
                6370814.5
              ],
              [
                687483.5,
                6370814.5
              ],
              [
                687483.5,
                6370815.5
              ],
              [
                687482.5,
                6370815.5
              ],
              [
                687482.5,
                6370814.5
              ]
            ],
            [
              [
                687480.5,
                6370815.5
              ],
              [
                687481.5,
                6370815.5
              ],
              [
                687481.5,
                6370816.5
              ],
              [
                687480.5,
                6370816.5
              ],
              [
                687480.5,
                6370815.5
              ]
            ],
            [
              [
                687480.5,
                6370817.5
              ],
              [
                687481.5,
                6370817.5
              ],
              [
                687481.5,
                6370818.5
              ],
              [
                687480.5,
                6370818.5
              ],
              [
                687480.5,
                6370817.5
              ]
            ],
            [
              [
                687477.5,
                6370807.5
              ],
              [
                687478.5,
                6370807.5
              ],
              [
                687478.5,
                6370808.5
              ],
              [
                687477.5,
                6370808.5
              ],
              [
                687477.5,
                6370807.5
              ]
            ],
            [
              [
                687479.5,
                6370808.5
              ],
              [
                687479.5,
                6370809.5
              ],
              [
                687478.5,
                6370809.5
              ],
              [
                687478.5,
                6370808.5
              ],
              [
                687479.5,
                6370808.5
              ]
            ],
            [
              [
                687478.5,
                6370810.5
              ],
              [
                687477.5,
                6370810.5
              ],
              [
                687477.5,
                6370809.5
              ],
              [
                687478.5,
                6370809.5
              ],
              [
                687478.5,
                6370810.5
              ]
            ],
            [
              [
                687475.5,
                6370815.5
              ],
              [
                687476.5,
                6370815.5
              ],
              [
                687476.5,
                6370816.5
              ],
              [
                687475.5,
                6370816.5
              ],
              [
                687475.5,
                6370815.5
              ]
            ],
            [
              [
                687477.5,
                6370816.5
              ],
              [
                687477.5,
                6370817.5
              ],
              [
                687476.5,
                6370817.5
              ],
              [
                687476.5,
                6370816.5
              ],
              [
                687477.5,
                6370816.5
              ]
            ],
            [
              [
                687476.5,
                6370813.5
              ],
              [
                687477.5,
                6370813.5
              ],
              [
                687477.5,
                6370814.5
              ],
              [
                687476.5,
                6370814.5
              ],
              [
                687476.5,
                6370813.5
              ]
            ],
            [
              [
                687475.5,
                6370806.5
              ],
              [
                687476.5,
                6370806.5
              ],
              [
                687476.5,
                6370807.5
              ],
              [
                687475.5,
                6370807.5
              ],
              [
                687475.5,
                6370806.5
              ]
            ],
            [
              [
                687474.5,
                6370809.5
              ],
              [
                687475.5,
                6370809.5
              ],
              [
                687475.5,
                6370810.5
              ],
              [
                687474.5,
                6370810.5
              ],
              [
                687474.5,
                6370809.5
              ]
            ],
            [
              [
                687466.5,
                6370810.5
              ],
              [
                687465.5,
                6370810.5
              ],
              [
                687465.5,
                6370808.5
              ],
              [
                687466.5,
                6370808.5
              ],
              [
                687466.5,
                6370809.5
              ],
              [
                687467.5,
                6370809.5
              ],
              [
                687467.5,
                6370808.5
              ],
              [
                687468.5,
                6370808.5
              ],
              [
                687468.5,
                6370805.5
              ],
              [
                687469.5,
                6370805.5
              ],
              [
                687469.5,
                6370806.5
              ],
              [
                687470.5,
                6370806.5
              ],
              [
                687470.5,
                6370807.5
              ],
              [
                687469.5,
                6370807.5
              ],
              [
                687469.5,
                6370808.5
              ],
              [
                687471.5,
                6370808.5
              ],
              [
                687471.5,
                6370809.5
              ],
              [
                687470.5,
                6370809.5
              ],
              [
                687470.5,
                6370810.5
              ],
              [
                687469.5,
                6370810.5
              ],
              [
                687469.5,
                6370811.5
              ],
              [
                687466.5,
                6370811.5
              ],
              [
                687466.5,
                6370810.5
              ]
            ],
            [
              [
                687471.5,
                6370807.5
              ],
              [
                687472.5,
                6370807.5
              ],
              [
                687472.5,
                6370808.5
              ],
              [
                687471.5,
                6370808.5
              ],
              [
                687471.5,
                6370807.5
              ]
            ],
            [
              [
                687472.5,
                6370806.5
              ],
              [
                687473.5,
                6370806.5
              ],
              [
                687473.5,
                6370807.5
              ],
              [
                687472.5,
                6370807.5
              ],
              [
                687472.5,
                6370806.5
              ]
            ],
            [
              [
                687472.5,
                6370811.5
              ],
              [
                687473.5,
                6370811.5
              ],
              [
                687473.5,
                6370812.5
              ],
              [
                687472.5,
                6370812.5
              ],
              [
                687472.5,
                6370811.5
              ]
            ],
            [
              [
                687470.5,
                6370811.5
              ],
              [
                687471.5,
                6370811.5
              ],
              [
                687471.5,
                6370812.5
              ],
              [
                687470.5,
                6370812.5
              ],
              [
                687470.5,
                6370811.5
              ]
            ],
            [
              [
                687465.5,
                6370806.5
              ],
              [
                687466.5,
                6370806.5
              ],
              [
                687466.5,
                6370807.5
              ],
              [
                687465.5,
                6370807.5
              ],
              [
                687465.5,
                6370806.5
              ]
            ],
            [
              [
                687463.5,
                6370812.5
              ],
              [
                687464.5,
                6370812.5
              ],
              [
                687464.5,
                6370813.5
              ],
              [
                687463.5,
                6370813.5
              ],
              [
                687463.5,
                6370812.5
              ]
            ],
            [
              [
                687464.5,
                6370811.5
              ],
              [
                687465.5,
                6370811.5
              ],
              [
                687465.5,
                6370812.5
              ],
              [
                687464.5,
                6370812.5
              ],
              [
                687464.5,
                6370811.5
              ]
            ],
            [
              [
                687462.5,
                6370808.5
              ],
              [
                687463.5,
                6370808.5
              ],
              [
                687463.5,
                6370809.5
              ],
              [
                687462.5,
                6370809.5
              ],
              [
                687462.5,
                6370808.5
              ]
            ],
            [
              [
                687461.5,
                6370806.5
              ],
              [
                687462.5,
                6370806.5
              ],
              [
                687462.5,
                6370807.5
              ],
              [
                687461.5,
                6370807.5
              ],
              [
                687461.5,
                6370806.5
              ]
            ],
            [
              [
                687457.5,
                6370805.5
              ],
              [
                687458.5,
                6370805.5
              ],
              [
                687458.5,
                6370806.5
              ],
              [
                687457.5,
                6370806.5
              ],
              [
                687457.5,
                6370805.5
              ]
            ],
            [
              [
                687457.5,
                6370807.5
              ],
              [
                687458.5,
                6370807.5
              ],
              [
                687458.5,
                6370808.5
              ],
              [
                687457.5,
                6370808.5
              ],
              [
                687457.5,
                6370807.5
              ]
            ],
            [
              [
                687455.5,
                6370804.5
              ],
              [
                687456.5,
                6370804.5
              ],
              [
                687456.5,
                6370805.5
              ],
              [
                687455.5,
                6370805.5
              ],
              [
                687455.5,
                6370804.5
              ]
            ],
            [
              [
                687451.5,
                6370801.5
              ],
              [
                687452.5,
                6370801.5
              ],
              [
                687452.5,
                6370800.5
              ],
              [
                687453.5,
                6370800.5
              ],
              [
                687453.5,
                6370801.5
              ],
              [
                687454.5,
                6370801.5
              ],
              [
                687454.5,
                6370802.5
              ],
              [
                687453.5,
                6370802.5
              ],
              [
                687453.5,
                6370804.5
              ],
              [
                687452.5,
                6370804.5
              ],
              [
                687452.5,
                6370802.5
              ],
              [
                687451.5,
                6370802.5
              ],
              [
                687451.5,
                6370801.5
              ]
            ],
            [
              [
                687450.5,
                6370809.5
              ],
              [
                687451.5,
                6370809.5
              ],
              [
                687451.5,
                6370810.5
              ],
              [
                687450.5,
                6370810.5
              ],
              [
                687450.5,
                6370809.5
              ]
            ],
            [
              [
                687449.5,
                6370801.5
              ],
              [
                687450.5,
                6370801.5
              ],
              [
                687450.5,
                6370802.5
              ],
              [
                687449.5,
                6370802.5
              ],
              [
                687449.5,
                6370801.5
              ]
            ],
            [
              [
                687448.5,
                6370809.5
              ],
              [
                687449.5,
                6370809.5
              ],
              [
                687449.5,
                6370810.5
              ],
              [
                687448.5,
                6370810.5
              ],
              [
                687448.5,
                6370809.5
              ]
            ],
            [
              [
                687447.5,
                6370807.5
              ],
              [
                687448.5,
                6370807.5
              ],
              [
                687448.5,
                6370808.5
              ],
              [
                687447.5,
                6370808.5
              ],
              [
                687447.5,
                6370807.5
              ]
            ],
            [
              [
                687440.5,
                6370805.5
              ],
              [
                687441.5,
                6370805.5
              ],
              [
                687441.5,
                6370806.5
              ],
              [
                687440.5,
                6370806.5
              ],
              [
                687440.5,
                6370805.5
              ]
            ],
            [
              [
                687437.5,
                6370800.5
              ],
              [
                687438.5,
                6370800.5
              ],
              [
                687438.5,
                6370801.5
              ],
              [
                687437.5,
                6370801.5
              ],
              [
                687437.5,
                6370800.5
              ]
            ],
            [
              [
                687434.5,
                6370800.0
              ],
              [
                687434.5,
                6370799.5
              ],
              [
                687435.5,
                6370799.5
              ],
              [
                687435.5,
                6370800.0
              ],
              [
                687435.5,
                6370801.5
              ],
              [
                687434.5,
                6370801.5
              ],
              [
                687434.5,
                6370800.0
              ]
            ],
            [
              [
                687433.5,
                6370804.5
              ],
              [
                687434.5,
                6370804.5
              ],
              [
                687434.5,
                6370805.5
              ],
              [
                687433.5,
                6370805.5
              ],
              [
                687433.5,
                6370804.5
              ]
            ],
            [
              [
                687427.5,
                6370801.5
              ],
              [
                687428.5,
                6370801.5
              ],
              [
                687428.5,
                6370802.5
              ],
              [
                687427.5,
                6370802.5
              ],
              [
                687427.5,
                6370801.5
              ]
            ]
          ],
          [
            [
              [
                687420.5,
                6370801.5
              ],
              [
                687420.5,
                6370803.5
              ],
              [
                687421.5,
                6370803.5
              ],
              [
                687421.5,
                6370801.5
              ],
              [
                687420.5,
                6370801.5
              ]
            ]
          ],
          [
            [
              [
                687447.5,
                6370801.5
              ],
              [
                687447.5,
                6370800.5
              ],
              [
                687446.5,
                6370800.5
              ],
              [
                687446.5,
                6370801.5
              ],
              [
                687447.5,
                6370801.5
              ]
            ]
          ],
          [
            [
              [
                687448.5,
                6370800.5
              ],
              [
                687448.5,
                6370800.0
              ],
              [
                687448.5,
                6370799.5
              ],
              [
                687447.5,
                6370799.5
              ],
              [
                687447.5,
                6370800.0
              ],
              [
                687447.5,
                6370800.5
              ],
              [
                687448.5,
                6370800.5
              ]
            ]
          ],
          [
            [
              [
                687488.5,
                6370807.5
              ],
              [
                687488.5,
                6370806.5
              ],
              [
                687487.5,
                6370806.5
              ],
              [
                687487.5,
                6370807.5
              ],
              [
                687488.5,
                6370807.5
              ]
            ]
          ],
          [
            [
              [
                687452.5,
                6370812.5
              ],
              [
                687452.5,
                6370813.5
              ],
              [
                687453.5,
                6370813.5
              ],
              [
                687453.5,
                6370812.5
              ],
              [
                687452.5,
                6370812.5
              ]
            ]
          ],
          [
            [
              [
                687452.5,
                6370802.5
              ],
              [
                687453.5,
                6370802.5
              ],
              [
                687453.5,
                6370801.5
              ],
              [
                687452.5,
                6370801.5
              ],
              [
                687452.5,
                6370802.5
              ]
            ]
          ]
        ]
      },
      "properties": {
        "id": "gap-001",
        "gapId": "height-gap-01458",
        "classification": "edge-base-conflict",
        "note": "Connected crowns on the south side of the range access belt extend into the mapped fairway. Multiple peaks; a gap centroid would be an invented stem.",
        "areaMetres2": 756.0,
        "reviewed": true,
        "reviewer": "agent visual interpretation of all 79 six-panel boards",
        "reviewDate": "2026-09-16",
        "sourceDates": {
          "rgbi": "2026-04-10",
          "lidar": [
            "2024-02-03",
            "2024-04-28"
          ],
          "seasonal": "2022; exact date unknown"
        },
        "boardSha256": "02512101b7d69e315e972b7a92c169efff4f15e9bd7570faea72b0ec389d7306",
        "priorIssueIds": [
          "r5-canopy-cell-687400-6370700",
          "r5-canopy-cell-687400-6370800"
        ],
        "status": "reviewed-unresolved",
        "positionMeaning": "Crown evidence does not establish a surveyed trunk position."
      }
    },
    {
      "type": "Feature",
      "geometry": {
        "type": "MultiPolygon",
        "coordinates": [
          [
            [
              [
                687470.5,
                6371648.5
              ],
              [
                687475.5,
                6371648.5
              ],
              [
                687475.5,
                6371647.5
              ],
              [
                687476.5,
                6371647.5
              ],
              [
                687476.5,
                6371646.5
              ],
              [
                687477.5,
                6371646.5
              ],
              [
                687477.5,
                6371644.5
              ],
              [
                687478.5,
                6371644.5
              ],
              [
                687478.5,
                6371643.5
              ],
              [
                687479.5,
                6371643.5
              ],
              [
                687479.5,
                6371639.5
              ],
              [
                687478.5,
                6371639.5
              ],
              [
                687478.5,
                6371638.5
              ],
              [
                687477.5,
                6371638.5
              ],
              [
                687477.5,
                6371637.5
              ],
              [
                687476.5,
                6371637.5
              ],
              [
                687476.5,
                6371638.5
              ],
              [
                687475.5,
                6371638.5
              ],
              [
                687475.5,
                6371637.5
              ],
              [
                687474.5,
                6371637.5
              ],
              [
                687474.5,
                6371636.5
              ],
              [
                687473.5,
                6371636.5
              ],
              [
                687473.5,
                6371635.5
              ],
              [
                687472.5,
                6371635.5
              ],
              [
                687472.5,
                6371634.5
              ],
              [
                687471.5,
                6371634.5
              ],
              [
                687471.5,
                6371633.5
              ],
              [
                687470.5,
                6371633.5
              ],
              [
                687470.5,
                6371632.5
              ],
              [
                687469.5,
                6371632.5
              ],
              [
                687469.5,
                6371633.5
              ],
              [
                687468.5,
                6371633.5
              ],
              [
                687468.5,
                6371640.5
              ],
              [
                687467.5,
                6371640.5
              ],
              [
                687467.5,
                6371642.5
              ],
              [
                687470.5,
                6371642.5
              ],
              [
                687470.5,
                6371645.5
              ],
              [
                687469.5,
                6371645.5
              ],
              [
                687469.5,
                6371646.5
              ],
              [
                687468.5,
                6371646.5
              ],
              [
                687468.5,
                6371647.5
              ],
              [
                687470.5,
                6371647.5
              ],
              [
                687470.5,
                6371648.5
              ]
            ],
            [
              [
                687470.5,
                6371646.5
              ],
              [
                687471.5,
                6371646.5
              ],
              [
                687471.5,
                6371647.5
              ],
              [
                687470.5,
                6371647.5
              ],
              [
                687470.5,
                6371646.5
              ]
            ]
          ],
          [
            [
              [
                687473.5,
                6371633.5
              ],
              [
                687473.5,
                6371635.5
              ],
              [
                687476.5,
                6371635.5
              ],
              [
                687476.5,
                6371634.5
              ],
              [
                687475.5,
                6371634.5
              ],
              [
                687475.5,
                6371632.5
              ],
              [
                687476.5,
                6371632.5
              ],
              [
                687476.5,
                6371633.5
              ],
              [
                687477.5,
                6371633.5
              ],
              [
                687477.5,
                6371632.5
              ],
              [
                687479.5,
                6371632.5
              ],
              [
                687479.5,
                6371635.5
              ],
              [
                687481.5,
                6371635.5
              ],
              [
                687481.5,
                6371637.5
              ],
              [
                687480.5,
                6371637.5
              ],
              [
                687480.5,
                6371638.5
              ],
              [
                687481.5,
                6371638.5
              ],
              [
                687481.5,
                6371641.5
              ],
              [
                687484.5,
                6371641.5
              ],
              [
                687484.5,
                6371640.5
              ],
              [
                687485.5,
                6371640.5
              ],
              [
                687485.5,
                6371641.5
              ],
              [
                687488.5,
                6371641.5
              ],
              [
                687488.5,
                6371642.5
              ],
              [
                687489.5,
                6371642.5
              ],
              [
                687489.5,
                6371643.5
              ],
              [
                687490.5,
                6371643.5
              ],
              [
                687490.5,
                6371641.5
              ],
              [
                687491.5,
                6371641.5
              ],
              [
                687491.5,
                6371642.5
              ],
              [
                687492.5,
                6371642.5
              ],
              [
                687492.5,
                6371640.5
              ],
              [
                687493.5,
                6371640.5
              ],
              [
                687493.5,
                6371638.5
              ],
              [
                687494.5,
                6371638.5
              ],
              [
                687494.5,
                6371636.5
              ],
              [
                687493.5,
                6371636.5
              ],
              [
                687493.5,
                6371635.5
              ],
              [
                687492.5,
                6371635.5
              ],
              [
                687492.5,
                6371632.5
              ],
              [
                687490.5,
                6371632.5
              ],
              [
                687490.5,
                6371631.5
              ],
              [
                687492.5,
                6371631.5
              ],
              [
                687492.5,
                6371628.5
              ],
              [
                687491.5,
                6371628.5
              ],
              [
                687491.5,
                6371627.5
              ],
              [
                687492.5,
                6371627.5
              ],
              [
                687492.5,
                6371624.5
              ],
              [
                687491.5,
                6371624.5
              ],
              [
                687491.5,
                6371623.5
              ],
              [
                687489.5,
                6371623.5
              ],
              [
                687489.5,
                6371624.5
              ],
              [
                687488.5,
                6371624.5
              ],
              [
                687488.5,
                6371623.5
              ],
              [
                687487.5,
                6371623.5
              ],
              [
                687487.5,
                6371622.5
              ],
              [
                687488.5,
                6371622.5
              ],
              [
                687488.5,
                6371621.5
              ],
              [
                687486.5,
                6371621.5
              ],
              [
                687486.5,
                6371622.5
              ],
              [
                687485.5,
                6371622.5
              ],
              [
                687485.5,
                6371621.5
              ],
              [
                687484.5,
                6371621.5
              ],
              [
                687484.5,
                6371618.5
              ],
              [
                687482.5,
                6371618.5
              ],
              [
                687482.5,
                6371616.5
              ],
              [
                687480.5,
                6371616.5
              ],
              [
                687480.5,
                6371618.5
              ],
              [
                687479.5,
                6371618.5
              ],
              [
                687479.5,
                6371617.5
              ],
              [
                687478.5,
                6371617.5
              ],
              [
                687478.5,
                6371618.5
              ],
              [
                687477.5,
                6371618.5
              ],
              [
                687477.5,
                6371623.5
              ],
              [
                687478.5,
                6371623.5
              ],
              [
                687478.5,
                6371625.5
              ],
              [
                687475.5,
                6371625.5
              ],
              [
                687475.5,
                6371624.5
              ],
              [
                687472.5,
                6371624.5
              ],
              [
                687472.5,
                6371625.5
              ],
              [
                687473.5,
                6371625.5
              ],
              [
                687473.5,
                6371626.5
              ],
              [
                687472.5,
                6371626.5
              ],
              [
                687472.5,
                6371627.5
              ],
              [
                687471.5,
                6371627.5
              ],
              [
                687471.5,
                6371626.5
              ],
              [
                687470.5,
                6371626.5
              ],
              [
                687470.5,
                6371631.5
              ],
              [
                687471.5,
                6371631.5
              ],
              [
                687471.5,
                6371633.5
              ],
              [
                687473.5,
                6371633.5
              ]
            ],
            [
              [
                687479.5,
                6371630.5
              ],
              [
                687480.5,
                6371630.5
              ],
              [
                687480.5,
                6371632.5
              ],
              [
                687479.5,
                6371632.5
              ],
              [
                687479.5,
                6371630.5
              ]
            ],
            [
              [
                687485.5,
                6371623.5
              ],
              [
                687484.5,
                6371623.5
              ],
              [
                687484.5,
                6371622.5
              ],
              [
                687485.5,
                6371622.5
              ],
              [
                687485.5,
                6371623.5
              ]
            ],
            [
              [
                687489.5,
                6371633.5
              ],
              [
                687490.5,
                6371633.5
              ],
              [
                687490.5,
                6371634.5
              ],
              [
                687489.5,
                6371634.5
              ],
              [
                687489.5,
                6371633.5
              ]
            ],
            [
              [
                687487.5,
                6371636.5
              ],
              [
                687488.5,
                6371636.5
              ],
              [
                687488.5,
                6371637.5
              ],
              [
                687487.5,
                6371637.5
              ],
              [
                687487.5,
                6371636.5
              ]
            ],
            [
              [
                687487.5,
                6371639.5
              ],
              [
                687488.5,
                6371639.5
              ],
              [
                687488.5,
                6371640.5
              ],
              [
                687487.5,
                6371640.5
              ],
              [
                687487.5,
                6371639.5
              ]
            ],
            [
              [
                687481.5,
                6371623.5
              ],
              [
                687483.5,
                6371623.5
              ],
              [
                687483.5,
                6371624.5
              ],
              [
                687481.5,
                6371624.5
              ],
              [
                687481.5,
                6371623.5
              ]
            ],
            [
              [
                687482.5,
                6371621.5
              ],
              [
                687483.5,
                6371621.5
              ],
              [
                687483.5,
                6371622.5
              ],
              [
                687482.5,
                6371622.5
              ],
              [
                687482.5,
                6371621.5
              ]
            ],
            [
              [
                687482.5,
                6371628.5
              ],
              [
                687483.5,
                6371628.5
              ],
              [
                687483.5,
                6371629.5
              ],
              [
                687482.5,
                6371629.5
              ],
              [
                687482.5,
                6371628.5
              ]
            ],
            [
              [
                687482.5,
                6371631.5
              ],
              [
                687483.5,
                6371631.5
              ],
              [
                687483.5,
                6371632.5
              ],
              [
                687482.5,
                6371632.5
              ],
              [
                687482.5,
                6371631.5
              ]
            ],
            [
              [
                687481.5,
                6371619.5
              ],
              [
                687482.5,
                6371619.5
              ],
              [
                687482.5,
                6371620.5
              ],
              [
                687481.5,
                6371620.5
              ],
              [
                687481.5,
                6371619.5
              ]
            ],
            [
              [
                687479.5,
                6371623.5
              ],
              [
                687480.5,
                6371623.5
              ],
              [
                687480.5,
                6371624.5
              ],
              [
                687479.5,
                6371624.5
              ],
              [
                687479.5,
                6371623.5
              ]
            ],
            [
              [
                687479.5,
                6371628.5
              ],
              [
                687480.5,
                6371628.5
              ],
              [
                687480.5,
                6371629.5
              ],
              [
                687479.5,
                6371629.5
              ],
              [
                687479.5,
                6371628.5
              ]
            ],
            [
              [
                687475.5,
                6371630.5
              ],
              [
                687476.5,
                6371630.5
              ],
              [
                687476.5,
                6371631.5
              ],
              [
                687475.5,
                6371631.5
              ],
              [
                687475.5,
                6371630.5
              ]
            ],
            [
              [
                687474.5,
                6371626.5
              ],
              [
                687475.5,
                6371626.5
              ],
              [
                687475.5,
                6371627.5
              ],
              [
                687474.5,
                6371627.5
              ],
              [
                687474.5,
                6371626.5
              ]
            ]
          ],
          [
            [
              [
                687472.5,
                6371626.5
              ],
              [
                687472.5,
                6371625.5
              ],
              [
                687471.5,
                6371625.5
              ],
              [
                687471.5,
                6371626.5
              ],
              [
                687472.5,
                6371626.5
              ]
            ]
          ],
          [
            [
              [
                687477.5,
                6371617.5
              ],
              [
                687476.5,
                6371617.5
              ],
              [
                687476.5,
                6371618.5
              ],
              [
                687477.5,
                6371618.5
              ],
              [
                687477.5,
                6371617.5
              ]
            ]
          ],
          [
            [
              [
                687492.5,
                6371628.5
              ],
              [
                687493.5,
                6371628.5
              ],
              [
                687493.5,
                6371627.5
              ],
              [
                687492.5,
                6371627.5
              ],
              [
                687492.5,
                6371628.5
              ]
            ]
          ],
          [
            [
              [
                687479.5,
                6371638.5
              ],
              [
                687479.5,
                6371637.5
              ],
              [
                687478.5,
                6371637.5
              ],
              [
                687478.5,
                6371638.5
              ],
              [
                687479.5,
                6371638.5
              ]
            ]
          ]
        ]
      },
      "properties": {
        "id": "gap-002",
        "gapId": "height-gap-00103",
        "classification": "edge-base-conflict",
        "note": "Woodland-edge crowns cross the fairway mask. The northern lobe also contains a previously suppressed record; do not add a duplicate.",
        "areaMetres2": 451.0,
        "reviewed": true,
        "reviewer": "agent visual interpretation of all 79 six-panel boards",
        "reviewDate": "2026-09-16",
        "sourceDates": {
          "rgbi": "2026-04-10",
          "lidar": [
            "2024-02-03",
            "2024-04-28"
          ],
          "seasonal": "2022; exact date unknown"
        },
        "boardSha256": "68841f8e25887fd3a15533f465cf045de6723f23dd4de1cdb775020cfcb6135d",
        "priorIssueIds": [
          "runtime-tree-visby-000067",
          "r4-r4-22/dalponte-d9-m5/50",
          "r4-r4-22/dalponte-d9-m5/52",
          "r5-canopy-cell-687400-6371600"
        ],
        "status": "reviewed-unresolved",
        "positionMeaning": "Crown evidence does not establish a surveyed trunk position."
      }
    },
    {
      "type": "Feature",
      "geometry": {
        "type": "MultiPolygon",
        "coordinates": [
          [
            [
              [
                687222.5,
                6370753.5
              ],
              [
                687223.5,
                6370753.5
              ],
              [
                687223.5,
                6370754.5
              ],
              [
                687225.5,
                6370754.5
              ],
              [
                687225.5,
                6370753.5
              ],
              [
                687226.5,
                6370753.5
              ],
              [
                687226.5,
                6370755.5
              ],
              [
                687221.5,
                6370755.5
              ],
              [
                687221.5,
                6370756.5
              ],
              [
                687222.5,
                6370756.5
              ],
              [
                687222.5,
                6370758.5
              ],
              [
                687221.5,
                6370758.5
              ],
              [
                687221.5,
                6370759.5
              ],
              [
                687223.5,
                6370759.5
              ],
              [
                687223.5,
                6370760.5
              ],
              [
                687222.5,
                6370760.5
              ],
              [
                687222.5,
                6370762.5
              ],
              [
                687224.5,
                6370762.5
              ],
              [
                687224.5,
                6370763.5
              ],
              [
                687226.5,
                6370763.5
              ],
              [
                687226.5,
                6370762.5
              ],
              [
                687227.5,
                6370762.5
              ],
              [
                687227.5,
                6370761.5
              ],
              [
                687228.5,
                6370761.5
              ],
              [
                687228.5,
                6370762.5
              ],
              [
                687229.5,
                6370762.5
              ],
              [
                687229.5,
                6370763.5
              ],
              [
                687230.5,
                6370763.5
              ],
              [
                687230.5,
                6370762.5
              ],
              [
                687235.5,
                6370762.5
              ],
              [
                687235.5,
                6370758.5
              ],
              [
                687234.5,
                6370758.5
              ],
              [
                687234.5,
                6370757.5
              ],
              [
                687235.5,
                6370757.5
              ],
              [
                687235.5,
                6370753.5
              ],
              [
                687234.5,
                6370753.5
              ],
              [
                687234.5,
                6370754.5
              ],
              [
                687232.5,
                6370754.5
              ],
              [
                687232.5,
                6370755.5
              ],
              [
                687231.5,
                6370755.5
              ],
              [
                687231.5,
                6370753.5
              ],
              [
                687230.5,
                6370753.5
              ],
              [
                687230.5,
                6370749.5
              ],
              [
                687231.5,
                6370749.5
              ],
              [
                687231.5,
                6370750.5
              ],
              [
                687232.5,
                6370750.5
              ],
              [
                687232.5,
                6370749.5
              ],
              [
                687233.5,
                6370749.5
              ],
              [
                687233.5,
                6370748.5
              ],
              [
                687232.5,
                6370748.5
              ],
              [
                687232.5,
                6370747.5
              ],
              [
                687231.5,
                6370747.5
              ],
              [
                687231.5,
                6370748.5
              ],
              [
                687229.5,
                6370748.5
              ],
              [
                687229.5,
                6370749.5
              ],
              [
                687227.5,
                6370749.5
              ],
              [
                687227.5,
                6370751.5
              ],
              [
                687225.5,
                6370751.5
              ],
              [
                687225.5,
                6370752.5
              ],
              [
                687224.5,
                6370752.5
              ],
              [
                687224.5,
                6370751.5
              ],
              [
                687223.5,
                6370751.5
              ],
              [
                687223.5,
                6370752.5
              ],
              [
                687222.5,
                6370752.5
              ],
              [
                687222.5,
                6370753.5
              ]
            ],
            [
              [
                687224.5,
                6370761.5
              ],
              [
                687225.5,
                6370761.5
              ],
              [
                687225.5,
                6370762.5
              ],
              [
                687224.5,
                6370762.5
              ],
              [
                687224.5,
                6370761.5
              ]
            ],
            [
              [
                687226.5,
                6370761.5
              ],
              [
                687226.5,
                6370760.5
              ],
              [
                687227.5,
                6370760.5
              ],
              [
                687227.5,
                6370761.5
              ],
              [
                687226.5,
                6370761.5
              ]
            ],
            [
              [
                687232.5,
                6370757.5
              ],
              [
                687233.5,
                6370757.5
              ],
              [
                687233.5,
                6370758.5
              ],
              [
                687232.5,
                6370758.5
              ],
              [
                687232.5,
                6370757.5
              ]
            ],
            [
              [
                687229.5,
                6370760.5
              ],
              [
                687230.5,
                6370760.5
              ],
              [
                687230.5,
                6370761.5
              ],
              [
                687229.5,
                6370761.5
              ],
              [
                687229.5,
                6370760.5
              ]
            ],
            [
              [
                687230.5,
                6370759.5
              ],
              [
                687231.5,
                6370759.5
              ],
              [
                687231.5,
                6370760.5
              ],
              [
                687230.5,
                6370760.5
              ],
              [
                687230.5,
                6370759.5
              ]
            ],
            [
              [
                687232.5,
                6370760.5
              ],
              [
                687232.5,
                6370761.5
              ],
              [
                687231.5,
                6370761.5
              ],
              [
                687231.5,
                6370760.5
              ],
              [
                687232.5,
                6370760.5
              ]
            ],
            [
              [
                687229.5,
                6370757.5
              ],
              [
                687231.5,
                6370757.5
              ],
              [
                687231.5,
                6370758.5
              ],
              [
                687229.5,
                6370758.5
              ],
              [
                687229.5,
                6370757.5
              ]
            ],
            [
              [
                687227.5,
                6370754.5
              ],
              [
                687229.5,
                6370754.5
              ],
              [
                687229.5,
                6370755.5
              ],
              [
                687227.5,
                6370755.5
              ],
              [
                687227.5,
                6370754.5
              ]
            ],
            [
              [
                687230.5,
                6370755.5
              ],
              [
                687230.5,
                6370756.5
              ],
              [
                687229.5,
                6370756.5
              ],
              [
                687229.5,
                6370755.5
              ],
              [
                687230.5,
                6370755.5
              ]
            ],
            [
              [
                687224.5,
                6370759.5
              ],
              [
                687225.5,
                6370759.5
              ],
              [
                687225.5,
                6370760.5
              ],
              [
                687224.5,
                6370760.5
              ],
              [
                687224.5,
                6370759.5
              ]
            ],
            [
              [
                687223.5,
                6370756.5
              ],
              [
                687224.5,
                6370756.5
              ],
              [
                687224.5,
                6370757.5
              ],
              [
                687223.5,
                6370757.5
              ],
              [
                687223.5,
                6370756.5
              ]
            ]
          ],
          [
            [
              [
                687233.5,
                6370750.5
              ],
              [
                687236.5,
                6370750.5
              ],
              [
                687236.5,
                6370749.5
              ],
              [
                687238.5,
                6370749.5
              ],
              [
                687238.5,
                6370748.5
              ],
              [
                687237.5,
                6370748.5
              ],
              [
                687237.5,
                6370747.5
              ],
              [
                687238.5,
                6370747.5
              ],
              [
                687238.5,
                6370746.5
              ],
              [
                687237.5,
                6370746.5
              ],
              [
                687237.5,
                6370745.5
              ],
              [
                687238.5,
                6370745.5
              ],
              [
                687238.5,
                6370739.5
              ],
              [
                687239.5,
                6370739.5
              ],
              [
                687239.5,
                6370738.5
              ],
              [
                687240.5,
                6370738.5
              ],
              [
                687240.5,
                6370739.5
              ],
              [
                687241.5,
                6370739.5
              ],
              [
                687241.5,
                6370738.5
              ],
              [
                687242.5,
                6370738.5
              ],
              [
                687242.5,
                6370735.5
              ],
              [
                687243.5,
                6370735.5
              ],
              [
                687243.5,
                6370734.5
              ],
              [
                687244.5,
                6370734.5
              ],
              [
                687244.5,
                6370735.5
              ],
              [
                687246.5,
                6370735.5
              ],
              [
                687246.5,
                6370734.5
              ],
              [
                687247.5,
                6370734.5
              ],
              [
                687247.5,
                6370735.5
              ],
              [
                687248.5,
                6370735.5
              ],
              [
                687248.5,
                6370732.5
              ],
              [
                687247.5,
                6370732.5
              ],
              [
                687247.5,
                6370731.5
              ],
              [
                687246.5,
                6370731.5
              ],
              [
                687246.5,
                6370732.5
              ],
              [
                687245.5,
                6370732.5
              ],
              [
                687245.5,
                6370731.5
              ],
              [
                687242.5,
                6370731.5
              ],
              [
                687242.5,
                6370732.5
              ],
              [
                687241.5,
                6370732.5
              ],
              [
                687241.5,
                6370731.5
              ],
              [
                687237.5,
                6370731.5
              ],
              [
                687237.5,
                6370730.5
              ],
              [
                687238.5,
                6370730.5
              ],
              [
                687238.5,
                6370729.5
              ],
              [
                687237.5,
                6370729.5
              ],
              [
                687237.5,
                6370726.5
              ],
              [
                687235.5,
                6370726.5
              ],
              [
                687235.5,
                6370725.5
              ],
              [
                687234.5,
                6370725.5
              ],
              [
                687234.5,
                6370724.5
              ],
              [
                687230.5,
                6370724.5
              ],
              [
                687230.5,
                6370725.5
              ],
              [
                687229.5,
                6370725.5
              ],
              [
                687229.5,
                6370727.5
              ],
              [
                687228.5,
                6370727.5
              ],
              [
                687228.5,
                6370726.5
              ],
              [
                687227.5,
                6370726.5
              ],
              [
                687227.5,
                6370727.5
              ],
              [
                687226.5,
                6370727.5
              ],
              [
                687226.5,
                6370730.5
              ],
              [
                687227.5,
                6370730.5
              ],
              [
                687227.5,
                6370731.5
              ],
              [
                687228.5,
                6370731.5
              ],
              [
                687228.5,
                6370730.5
              ],
              [
                687229.5,
                6370730.5
              ],
              [
                687229.5,
                6370731.5
              ],
              [
                687231.5,
                6370731.5
              ],
              [
                687231.5,
                6370732.5
              ],
              [
                687230.5,
                6370732.5
              ],
              [
                687230.5,
                6370733.5
              ],
              [
                687229.5,
                6370733.5
              ],
              [
                687229.5,
                6370734.5
              ],
              [
                687227.5,
                6370734.5
              ],
              [
                687227.5,
                6370736.5
              ],
              [
                687226.5,
                6370736.5
              ],
              [
                687226.5,
                6370737.5
              ],
              [
                687227.5,
                6370737.5
              ],
              [
                687227.5,
                6370738.5
              ],
              [
                687223.5,
                6370738.5
              ],
              [
                687223.5,
                6370739.5
              ],
              [
                687222.5,
                6370739.5
              ],
              [
                687222.5,
                6370738.5
              ],
              [
                687220.5,
                6370738.5
              ],
              [
                687220.5,
                6370739.5
              ],
              [
                687219.5,
                6370739.5
              ],
              [
                687219.5,
                6370740.5
              ],
              [
                687220.5,
                6370740.5
              ],
              [
                687220.5,
                6370741.5
              ],
              [
                687221.5,
                6370741.5
              ],
              [
                687221.5,
                6370742.5
              ],
              [
                687219.5,
                6370742.5
              ],
              [
                687219.5,
                6370743.5
              ],
              [
                687220.5,
                6370743.5
              ],
              [
                687220.5,
                6370746.5
              ],
              [
                687221.5,
                6370746.5
              ],
              [
                687221.5,
                6370747.5
              ],
              [
                687220.5,
                6370747.5
              ],
              [
                687220.5,
                6370748.5
              ],
              [
                687222.5,
                6370748.5
              ],
              [
                687222.5,
                6370749.5
              ],
              [
                687220.5,
                6370749.5
              ],
              [
                687220.5,
                6370750.5
              ],
              [
                687226.5,
                6370750.5
              ],
              [
                687226.5,
                6370749.5
              ],
              [
                687227.5,
                6370749.5
              ],
              [
                687227.5,
                6370748.5
              ],
              [
                687229.5,
                6370748.5
              ],
              [
                687229.5,
                6370747.5
              ],
              [
                687228.5,
                6370747.5
              ],
              [
                687228.5,
                6370746.5
              ],
              [
                687229.5,
                6370746.5
              ],
              [
                687229.5,
                6370745.5
              ],
              [
                687231.5,
                6370745.5
              ],
              [
                687231.5,
                6370746.5
              ],
              [
                687232.5,
                6370746.5
              ],
              [
                687232.5,
                6370747.5
              ],
              [
                687233.5,
                6370747.5
              ],
              [
                687233.5,
                6370748.5
              ],
              [
                687234.5,
                6370748.5
              ],
              [
                687234.5,
                6370749.5
              ],
              [
                687233.5,
                6370749.5
              ],
              [
                687233.5,
                6370750.5
              ]
            ],
            [
              [
                687236.5,
                6370745.5
              ],
              [
                687236.5,
                6370746.5
              ],
              [
                687235.5,
                6370746.5
              ],
              [
                687235.5,
                6370745.5
              ],
              [
                687233.5,
                6370745.5
              ],
              [
                687233.5,
                6370744.5
              ],
              [
                687235.5,
                6370744.5
              ],
              [
                687235.5,
                6370743.5
              ],
              [
                687236.5,
                6370743.5
              ],
              [
                687236.5,
                6370744.5
              ],
              [
                687237.5,
                6370744.5
              ],
              [
                687237.5,
                6370745.5
              ],
              [
                687236.5,
                6370745.5
              ]
            ],
            [
              [
                687236.5,
                6370742.5
              ],
              [
                687237.5,
                6370742.5
              ],
              [
                687237.5,
                6370743.5
              ],
              [
                687236.5,
                6370743.5
              ],
              [
                687236.5,
                6370742.5
              ]
            ],
            [
              [
                687238.5,
                6370738.5
              ],
              [
                687238.5,
                6370737.5
              ],
              [
                687239.5,
                6370737.5
              ],
              [
                687239.5,
                6370738.5
              ],
              [
                687238.5,
                6370738.5
              ]
            ],
            [
              [
                687245.5,
                6370734.5
              ],
              [
                687245.5,
                6370733.5
              ],
              [
                687246.5,
                6370733.5
              ],
              [
                687246.5,
                6370734.5
              ],
              [
                687245.5,
                6370734.5
              ]
            ],
            [
              [
                687237.5,
                6370732.5
              ],
              [
                687236.5,
                6370732.5
              ],
              [
                687236.5,
                6370731.5
              ],
              [
                687237.5,
                6370731.5
              ],
              [
                687237.5,
                6370732.5
              ]
            ],
            [
              [
                687238.5,
                6370732.5
              ],
              [
                687238.5,
                6370733.5
              ],
              [
                687237.5,
                6370733.5
              ],
              [
                687237.5,
                6370732.5
              ],
              [
                687238.5,
                6370732.5
              ]
            ],
            [
              [
                687235.5,
                6370727.5
              ],
              [
                687234.5,
                6370727.5
              ],
              [
                687234.5,
                6370726.5
              ],
              [
                687235.5,
                6370726.5
              ],
              [
                687235.5,
                6370727.5
              ]
            ],
            [
              [
                687231.5,
                6370733.5
              ],
              [
                687231.5,
                6370734.5
              ],
              [
                687230.5,
                6370734.5
              ],
              [
                687230.5,
                6370733.5
              ],
              [
                687231.5,
                6370733.5
              ]
            ],
            [
              [
                687232.5,
                6370734.5
              ],
              [
                687232.5,
                6370735.5
              ],
              [
                687231.5,
                6370735.5
              ],
              [
                687231.5,
                6370734.5
              ],
              [
                687232.5,
                6370734.5
              ]
            ],
            [
              [
                687225.5,
                6370749.5
              ],
              [
                687225.5,
                6370748.5
              ],
              [
                687226.5,
                6370748.5
              ],
              [
                687226.5,
                6370749.5
              ],
              [
                687225.5,
                6370749.5
              ]
            ],
            [
              [
                687228.5,
                6370745.5
              ],
              [
                687228.5,
                6370744.5
              ],
              [
                687229.5,
                6370744.5
              ],
              [
                687229.5,
                6370745.5
              ],
              [
                687228.5,
                6370745.5
              ]
            ],
            [
              [
                687231.5,
                6370744.5
              ],
              [
                687232.5,
                6370744.5
              ],
              [
                687232.5,
                6370745.5
              ],
              [
                687231.5,
                6370745.5
              ],
              [
                687231.5,
                6370744.5
              ]
            ],
            [
              [
                687243.5,
                6370732.5
              ],
              [
                687244.5,
                6370732.5
              ],
              [
                687244.5,
                6370733.5
              ],
              [
                687243.5,
                6370733.5
              ],
              [
                687243.5,
                6370732.5
              ]
            ],
            [
              [
                687240.5,
                6370733.5
              ],
              [
                687242.5,
                6370733.5
              ],
              [
                687242.5,
                6370734.5
              ],
              [
                687240.5,
                6370734.5
              ],
              [
                687240.5,
                6370733.5
              ]
            ],
            [
              [
                687233.5,
                6370734.5
              ],
              [
                687235.5,
                6370734.5
              ],
              [
                687235.5,
                6370735.5
              ],
              [
                687233.5,
                6370735.5
              ],
              [
                687233.5,
                6370734.5
              ]
            ],
            [
              [
                687235.5,
                6370733.5
              ],
              [
                687236.5,
                6370733.5
              ],
              [
                687236.5,
                6370734.5
              ],
              [
                687235.5,
                6370734.5
              ],
              [
                687235.5,
                6370733.5
              ]
            ],
            [
              [
                687237.5,
                6370735.5
              ],
              [
                687237.5,
                6370734.5
              ],
              [
                687238.5,
                6370734.5
              ],
              [
                687238.5,
                6370736.5
              ],
              [
                687235.5,
                6370736.5
              ],
              [
                687235.5,
                6370735.5
              ],
              [
                687237.5,
                6370735.5
              ]
            ],
            [
              [
                687235.5,
                6370737.5
              ],
              [
                687234.5,
                6370737.5
              ],
              [
                687234.5,
                6370736.5
              ],
              [
                687235.5,
                6370736.5
              ],
              [
                687235.5,
                6370737.5
              ]
            ],
            [
              [
                687236.5,
                6370738.5
              ],
              [
                687237.5,
                6370738.5
              ],
              [
                687237.5,
                6370739.5
              ],
              [
                687236.5,
                6370739.5
              ],
              [
                687236.5,
                6370738.5
              ]
            ],
            [
              [
                687235.5,
                6370729.5
              ],
              [
                687236.5,
                6370729.5
              ],
              [
                687236.5,
                6370730.5
              ],
              [
                687235.5,
                6370730.5
              ],
              [
                687235.5,
                6370729.5
              ]
            ],
            [
              [
                687235.5,
                6370747.5
              ],
              [
                687236.5,
                6370747.5
              ],
              [
                687236.5,
                6370748.5
              ],
              [
                687235.5,
                6370748.5
              ],
              [
                687235.5,
                6370747.5
              ]
            ],
            [
              [
                687234.5,
                6370739.5
              ],
              [
                687235.5,
                6370739.5
              ],
              [
                687235.5,
                6370740.5
              ],
              [
                687234.5,
                6370740.5
              ],
              [
                687234.5,
                6370739.5
              ]
            ],
            [
              [
                687234.5,
                6370741.5
              ],
              [
                687235.5,
                6370741.5
              ],
              [
                687235.5,
                6370742.5
              ],
              [
                687234.5,
                6370742.5
              ],
              [
                687234.5,
                6370741.5
              ]
            ],
            [
              [
                687232.5,
                6370731.5
              ],
              [
                687233.5,
                6370731.5
              ],
              [
                687233.5,
                6370732.5
              ],
              [
                687232.5,
                6370732.5
              ],
              [
                687232.5,
                6370731.5
              ]
            ],
            [
              [
                687234.5,
                6370732.5
              ],
              [
                687234.5,
                6370733.5
              ],
              [
                687233.5,
                6370733.5
              ],
              [
                687233.5,
                6370732.5
              ],
              [
                687234.5,
                6370732.5
              ]
            ],
            [
              [
                687231.5,
                6370726.5
              ],
              [
                687232.5,
                6370726.5
              ],
              [
                687232.5,
                6370727.5
              ],
              [
                687231.5,
                6370727.5
              ],
              [
                687231.5,
                6370726.5
              ]
            ],
            [
              [
                687232.5,
                6370725.5
              ],
              [
                687233.5,
                6370725.5
              ],
              [
                687233.5,
                6370726.5
              ],
              [
                687232.5,
                6370726.5
              ],
              [
                687232.5,
                6370725.5
              ]
            ],
            [
              [
                687231.5,
                6370738.5
              ],
              [
                687232.5,
                6370738.5
              ],
              [
                687232.5,
                6370739.5
              ],
              [
                687231.5,
                6370739.5
              ],
              [
                687231.5,
                6370738.5
              ]
            ],
            [
              [
                687232.5,
                6370737.5
              ],
              [
                687233.5,
                6370737.5
              ],
              [
                687233.5,
                6370738.5
              ],
              [
                687232.5,
                6370738.5
              ],
              [
                687232.5,
                6370737.5
              ]
            ],
            [
              [
                687233.5,
                6370739.5
              ],
              [
                687233.5,
                6370740.5
              ],
              [
                687232.5,
                6370740.5
              ],
              [
                687232.5,
                6370739.5
              ],
              [
                687233.5,
                6370739.5
              ]
            ],
            [
              [
                687232.5,
                6370741.5
              ],
              [
                687233.5,
                6370741.5
              ],
              [
                687233.5,
                6370742.5
              ],
              [
                687232.5,
                6370742.5
              ],
              [
                687232.5,
                6370741.5
              ]
            ],
            [
              [
                687230.5,
                6370741.5
              ],
              [
                687231.5,
                6370741.5
              ],
              [
                687231.5,
                6370742.5
              ],
              [
                687230.5,
                6370742.5
              ],
              [
                687230.5,
                6370741.5
              ]
            ],
            [
              [
                687228.5,
                6370728.5
              ],
              [
                687230.5,
                6370728.5
              ],
              [
                687230.5,
                6370729.5
              ],
              [
                687228.5,
                6370729.5
              ],
              [
                687228.5,
                6370728.5
              ]
            ],
            [
              [
                687229.5,
                6370738.5
              ],
              [
                687230.5,
                6370738.5
              ],
              [
                687230.5,
                6370739.5
              ],
              [
                687229.5,
                6370739.5
              ],
              [
                687229.5,
                6370738.5
              ]
            ],
            [
              [
                687226.5,
                6370739.5
              ],
              [
                687228.5,
                6370739.5
              ],
              [
                687228.5,
                6370740.5
              ],
              [
                687226.5,
                6370740.5
              ],
              [
                687226.5,
                6370739.5
              ]
            ],
            [
              [
                687225.5,
                6370745.5
              ],
              [
                687226.5,
                6370745.5
              ],
              [
                687226.5,
                6370746.5
              ],
              [
                687225.5,
                6370746.5
              ],
              [
                687225.5,
                6370745.5
              ]
            ],
            [
              [
                687226.5,
                6370743.5
              ],
              [
                687227.5,
                6370743.5
              ],
              [
                687227.5,
                6370745.5
              ],
              [
                687226.5,
                6370745.5
              ],
              [
                687226.5,
                6370743.5
              ]
            ],
            [
              [
                687226.5,
                6370741.5
              ],
              [
                687227.5,
                6370741.5
              ],
              [
                687227.5,
                6370742.5
              ],
              [
                687226.5,
                6370742.5
              ],
              [
                687226.5,
                6370741.5
              ]
            ],
            [
              [
                687223.5,
                6370740.5
              ],
              [
                687224.5,
                6370740.5
              ],
              [
                687224.5,
                6370741.5
              ],
              [
                687223.5,
                6370741.5
              ],
              [
                687223.5,
                6370740.5
              ]
            ],
            [
              [
                687223.5,
                6370745.5
              ],
              [
                687224.5,
                6370745.5
              ],
              [
                687224.5,
                6370747.5
              ],
              [
                687223.5,
                6370747.5
              ],
              [
                687223.5,
                6370745.5
              ]
            ],
            [
              [
                687223.5,
                6370748.5
              ],
              [
                687224.5,
                6370748.5
              ],
              [
                687224.5,
                6370749.5
              ],
              [
                687223.5,
                6370749.5
              ],
              [
                687223.5,
                6370748.5
              ]
            ],
            [
              [
                687222.5,
                6370742.5
              ],
              [
                687223.5,
                6370742.5
              ],
              [
                687223.5,
                6370743.5
              ],
              [
                687222.5,
                6370743.5
              ],
              [
                687222.5,
                6370742.5
              ]
            ]
          ],
          [
            [
              [
                687222.5,
                6370751.5
              ],
              [
                687221.5,
                6370751.5
              ],
              [
                687221.5,
                6370752.5
              ],
              [
                687222.5,
                6370752.5
              ],
              [
                687222.5,
                6370751.5
              ]
            ]
          ],
          [
            [
              [
                687227.5,
                6370763.5
              ],
              [
                687228.5,
                6370763.5
              ],
              [
                687228.5,
                6370762.5
              ],
              [
                687227.5,
                6370762.5
              ],
              [
                687227.5,
                6370763.5
              ]
            ]
          ],
          [
            [
              [
                687229.5,
                6370746.5
              ],
              [
                687229.5,
                6370747.5
              ],
              [
                687231.5,
                6370747.5
              ],
              [
                687231.5,
                6370746.5
              ],
              [
                687229.5,
                6370746.5
              ]
            ]
          ],
          [
            [
              [
                687226.5,
                6370731.5
              ],
              [
                687226.5,
                6370732.5
              ],
              [
                687227.5,
                6370732.5
              ],
              [
                687227.5,
                6370731.5
              ],
              [
                687226.5,
                6370731.5
              ]
            ]
          ],
          [
            [
              [
                687243.5,
                6370735.5
              ],
              [
                687243.5,
                6370736.5
              ],
              [
                687244.5,
                6370736.5
              ],
              [
                687244.5,
                6370735.5
              ],
              [
                687243.5,
                6370735.5
              ]
            ]
          ],
          [
            [
              [
                687235.5,
                6370744.5
              ],
              [
                687235.5,
                6370745.5
              ],
              [
                687236.5,
                6370745.5
              ],
              [
                687236.5,
                6370744.5
              ],
              [
                687235.5,
                6370744.5
              ]
            ]
          ]
        ]
      },
      "properties": {
        "id": "gap-003",
        "gapId": "height-gap-01547",
        "classification": "structure",
        "note": "Clubhouse roof and roof terrace, visible in both imagery years; height support is not a tree.",
        "areaMetres2": 438.0,
        "reviewed": true,
        "reviewer": "agent visual interpretation of all 79 six-panel boards",
        "reviewDate": "2026-09-16",
        "sourceDates": {
          "rgbi": "2026-04-10",
          "lidar": [
            "2024-02-03",
            "2024-04-28"
          ],
          "seasonal": "2022; exact date unknown"
        },
        "boardSha256": "0b6204254b5fac36f806b206d9f32a6820ddf7a8566fdcdf58a4c47788d8a8a8",
        "priorIssueIds": [
          "r4-r5-010/dalponte-d9-m5/29",
          "r5-canopy-cell-687200-6370700"
        ],
        "status": "reviewed-non-tree",
        "positionMeaning": "Crown evidence does not establish a surveyed trunk position."
      }
    },
    {
      "type": "Feature",
      "geometry": {
        "type": "MultiPolygon",
        "coordinates": [
          [
            [
              [
                687805.5,
                6371251.5
              ],
              [
                687805.5,
                6371250.5
              ],
              [
                687804.5,
                6371250.5
              ],
              [
                687804.5,
                6371245.5
              ],
              [
                687805.5,
                6371245.5
              ],
              [
                687805.5,
                6371244.5
              ],
              [
                687806.5,
                6371244.5
              ],
              [
                687806.5,
                6371243.5
              ],
              [
                687809.5,
                6371243.5
              ],
              [
                687809.5,
                6371242.5
              ],
              [
                687810.5,
                6371242.5
              ],
              [
                687810.5,
                6371244.5
              ],
              [
                687811.5,
                6371244.5
              ],
              [
                687811.5,
                6371243.5
              ],
              [
                687816.5,
                6371243.5
              ],
              [
                687816.5,
                6371239.5
              ],
              [
                687824.5,
                6371239.5
              ],
              [
                687824.5,
                6371235.5
              ],
              [
                687828.5,
                6371235.5
              ],
              [
                687828.5,
                6371233.5
              ],
              [
                687829.5,
                6371233.5
              ],
              [
                687829.5,
                6371232.5
              ],
              [
                687831.5,
                6371232.5
              ],
              [
                687831.5,
                6371231.5
              ],
              [
                687836.5,
                6371231.5
              ],
              [
                687836.5,
                6371232.5
              ],
              [
                687837.5,
                6371232.5
              ],
              [
                687837.5,
                6371231.5
              ],
              [
                687840.5,
                6371231.5
              ],
              [
                687840.5,
                6371227.5
              ],
              [
                687839.5,
                6371227.5
              ],
              [
                687839.5,
                6371226.5
              ],
              [
                687837.5,
                6371226.5
              ],
              [
                687837.5,
                6371225.5
              ],
              [
                687835.5,
                6371225.5
              ],
              [
                687835.5,
                6371226.5
              ],
              [
                687834.5,
                6371226.5
              ],
              [
                687834.5,
                6371225.5
              ],
              [
                687833.5,
                6371225.5
              ],
              [
                687833.5,
                6371226.5
              ],
              [
                687832.5,
                6371226.5
              ],
              [
                687832.5,
                6371227.5
              ],
              [
                687830.5,
                6371227.5
              ],
              [
                687830.5,
                6371223.5
              ],
              [
                687824.5,
                6371223.5
              ],
              [
                687824.5,
                6371228.5
              ],
              [
                687825.5,
                6371228.5
              ],
              [
                687825.5,
                6371229.5
              ],
              [
                687828.5,
                6371229.5
              ],
              [
                687828.5,
                6371231.5
              ],
              [
                687826.5,
                6371231.5
              ],
              [
                687826.5,
                6371232.5
              ],
              [
                687825.5,
                6371232.5
              ],
              [
                687825.5,
                6371233.5
              ],
              [
                687824.5,
                6371233.5
              ],
              [
                687824.5,
                6371232.5
              ],
              [
                687820.5,
                6371232.5
              ],
              [
                687820.5,
                6371233.5
              ],
              [
                687819.5,
                6371233.5
              ],
              [
                687819.5,
                6371230.5
              ],
              [
                687821.5,
                6371230.5
              ],
              [
                687821.5,
                6371229.5
              ],
              [
                687822.5,
                6371229.5
              ],
              [
                687822.5,
                6371228.5
              ],
              [
                687821.5,
                6371228.5
              ],
              [
                687821.5,
                6371227.5
              ],
              [
                687816.5,
                6371227.5
              ],
              [
                687816.5,
                6371231.5
              ],
              [
                687808.5,
                6371231.5
              ],
              [
                687808.5,
                6371235.5
              ],
              [
                687804.5,
                6371235.5
              ],
              [
                687804.5,
                6371236.5
              ],
              [
                687805.5,
                6371236.5
              ],
              [
                687805.5,
                6371239.5
              ],
              [
                687806.5,
                6371239.5
              ],
              [
                687806.5,
                6371240.5
              ],
              [
                687803.5,
                6371240.5
              ],
              [
                687803.5,
                6371243.5
              ],
              [
                687801.5,
                6371243.5
              ],
              [
                687801.5,
                6371244.5
              ],
              [
                687800.0,
                6371244.5
              ],
              [
                687799.5,
                6371244.5
              ],
              [
                687799.5,
                6371245.5
              ],
              [
                687800.0,
                6371245.5
              ],
              [
                687800.5,
                6371245.5
              ],
              [
                687800.5,
                6371249.5
              ],
              [
                687801.5,
                6371249.5
              ],
              [
                687801.5,
                6371250.5
              ],
              [
                687802.5,
                6371250.5
              ],
              [
                687802.5,
                6371251.5
              ],
              [
                687805.5,
                6371251.5
              ]
            ],
            [
              [
                687807.5,
                6371239.5
              ],
              [
                687808.5,
                6371239.5
              ],
              [
                687808.5,
                6371240.5
              ],
              [
                687807.5,
                6371240.5
              ],
              [
                687807.5,
                6371239.5
              ]
            ],
            [
              [
                687810.5,
                6371240.5
              ],
              [
                687810.5,
                6371239.5
              ],
              [
                687811.5,
                6371239.5
              ],
              [
                687811.5,
                6371238.5
              ],
              [
                687813.5,
                6371238.5
              ],
              [
                687813.5,
                6371236.5
              ],
              [
                687814.5,
                6371236.5
              ],
              [
                687814.5,
                6371234.5
              ],
              [
                687816.5,
                6371234.5
              ],
              [
                687816.5,
                6371235.5
              ],
              [
                687815.5,
                6371235.5
              ],
              [
                687815.5,
                6371237.5
              ],
              [
                687814.5,
                6371237.5
              ],
              [
                687814.5,
                6371238.5
              ],
              [
                687815.5,
                6371238.5
              ],
              [
                687815.5,
                6371239.5
              ],
              [
                687813.5,
                6371239.5
              ],
              [
                687813.5,
                6371242.5
              ],
              [
                687812.5,
                6371242.5
              ],
              [
                687812.5,
                6371240.5
              ],
              [
                687811.5,
                6371240.5
              ],
              [
                687811.5,
                6371241.5
              ],
              [
                687808.5,
                6371241.5
              ],
              [
                687808.5,
                6371240.5
              ],
              [
                687810.5,
                6371240.5
              ]
            ],
            [
              [
                687811.5,
                6371236.5
              ],
              [
                687812.5,
                6371236.5
              ],
              [
                687812.5,
                6371237.5
              ],
              [
                687811.5,
                6371237.5
              ],
              [
                687811.5,
                6371236.5
              ]
            ]
          ],
          [
            [
              [
                687841.5,
                6371227.5
              ],
              [
                687841.5,
                6371225.5
              ],
              [
                687840.5,
                6371225.5
              ],
              [
                687840.5,
                6371227.5
              ],
              [
                687841.5,
                6371227.5
              ]
            ]
          ],
          [
            [
              [
                687837.5,
                6371233.5
              ],
              [
                687838.5,
                6371233.5
              ],
              [
                687838.5,
                6371232.5
              ],
              [
                687837.5,
                6371232.5
              ],
              [
                687837.5,
                6371233.5
              ]
            ]
          ],
          [
            [
              [
                687811.5,
                6371245.5
              ],
              [
                687812.5,
                6371245.5
              ],
              [
                687812.5,
                6371244.5
              ],
              [
                687811.5,
                6371244.5
              ],
              [
                687811.5,
                6371245.5
              ]
            ]
          ],
          [
            [
              [
                687812.5,
                6371248.5
              ],
              [
                687813.5,
                6371248.5
              ],
              [
                687813.5,
                6371245.5
              ],
              [
                687812.5,
                6371245.5
              ],
              [
                687812.5,
                6371248.5
              ]
            ]
          ],
          [
            [
              [
                687838.5,
                6371234.5
              ],
              [
                687839.5,
                6371234.5
              ],
              [
                687839.5,
                6371233.5
              ],
              [
                687838.5,
                6371233.5
              ],
              [
                687838.5,
                6371234.5
              ]
            ]
          ]
        ]
      },
      "properties": {
        "id": "gap-004",
        "gapId": "height-gap-00459",
        "classification": "overhang",
        "note": "Road-side crown lobes beside existing individuals. Road buffer cuts across overhead canopy; no separate base established.",
        "areaMetres2": 331.0,
        "reviewed": true,
        "reviewer": "agent visual interpretation of all 79 six-panel boards",
        "reviewDate": "2026-09-16",
        "sourceDates": {
          "rgbi": "2026-04-10",
          "lidar": [
            "2024-02-03",
            "2024-04-28"
          ],
          "seasonal": "2022; exact date unknown"
        },
        "boardSha256": "aaad1fa8df3461b8eb0aefcddb29bc44611ff14f47fa92c2c99b5f11e8c7fde9",
        "priorIssueIds": [
          "r2-review15west/dalponte-d9-m5/8",
          "r5-canopy-cell-687700-6371200",
          "r5-canopy-cell-687800-6371200"
        ],
        "status": "reviewed-unresolved",
        "positionMeaning": "Crown evidence does not establish a surveyed trunk position."
      }
    },
    {
      "type": "Feature",
      "geometry": {
        "type": "MultiPolygon",
        "coordinates": [
          [
            [
              [
                687977.5,
                6370857.5
              ],
              [
                687977.5,
                6370858.5
              ],
              [
                687978.5,
                6370858.5
              ],
              [
                687978.5,
                6370860.5
              ],
              [
                687979.5,
                6370860.5
              ],
              [
                687979.5,
                6370862.5
              ],
              [
                687978.5,
                6370862.5
              ],
              [
                687978.5,
                6370863.5
              ],
              [
                687977.5,
                6370863.5
              ],
              [
                687977.5,
                6370864.5
              ],
              [
                687976.5,
                6370864.5
              ],
              [
                687976.5,
                6370869.5
              ],
              [
                687975.5,
                6370869.5
              ],
              [
                687975.5,
                6370871.5
              ],
              [
                687976.5,
                6370871.5
              ],
              [
                687976.5,
                6370872.5
              ],
              [
                687975.5,
                6370872.5
              ],
              [
                687975.5,
                6370873.5
              ],
              [
                687976.5,
                6370873.5
              ],
              [
                687976.5,
                6370875.5
              ],
              [
                687977.5,
                6370875.5
              ],
              [
                687977.5,
                6370880.5
              ],
              [
                687978.5,
                6370880.5
              ],
              [
                687978.5,
                6370879.5
              ],
              [
                687979.5,
                6370879.5
              ],
              [
                687979.5,
                6370878.5
              ],
              [
                687980.5,
                6370878.5
              ],
              [
                687980.5,
                6370877.5
              ],
              [
                687981.5,
                6370877.5
              ],
              [
                687981.5,
                6370876.5
              ],
              [
                687984.5,
                6370876.5
              ],
              [
                687984.5,
                6370875.5
              ],
              [
                687985.5,
                6370875.5
              ],
              [
                687985.5,
                6370872.5
              ],
              [
                687984.5,
                6370872.5
              ],
              [
                687984.5,
                6370871.5
              ],
              [
                687986.5,
                6370871.5
              ],
              [
                687986.5,
                6370867.5
              ],
              [
                687985.5,
                6370867.5
              ],
              [
                687985.5,
                6370866.5
              ],
              [
                687983.5,
                6370866.5
              ],
              [
                687983.5,
                6370865.5
              ],
              [
                687981.5,
                6370865.5
              ],
              [
                687981.5,
                6370864.5
              ],
              [
                687980.5,
                6370864.5
              ],
              [
                687980.5,
                6370855.5
              ],
              [
                687984.5,
                6370855.5
              ],
              [
                687984.5,
                6370854.5
              ],
              [
                687983.5,
                6370854.5
              ],
              [
                687983.5,
                6370853.5
              ],
              [
                687984.5,
                6370853.5
              ],
              [
                687984.5,
                6370846.5
              ],
              [
                687983.5,
                6370846.5
              ],
              [
                687983.5,
                6370845.5
              ],
              [
                687984.5,
                6370845.5
              ],
              [
                687984.5,
                6370835.5
              ],
              [
                687988.5,
                6370835.5
              ],
              [
                687988.5,
                6370834.5
              ],
              [
                687985.5,
                6370834.5
              ],
              [
                687985.5,
                6370833.5
              ],
              [
                687984.5,
                6370833.5
              ],
              [
                687984.5,
                6370832.5
              ],
              [
                687983.5,
                6370832.5
              ],
              [
                687983.5,
                6370830.5
              ],
              [
                687984.5,
                6370830.5
              ],
              [
                687984.5,
                6370831.5
              ],
              [
                687985.5,
                6370831.5
              ],
              [
                687985.5,
                6370832.5
              ],
              [
                687988.5,
                6370832.5
              ],
              [
                687988.5,
                6370831.5
              ],
              [
                687987.5,
                6370831.5
              ],
              [
                687987.5,
                6370830.5
              ],
              [
                687988.5,
                6370830.5
              ],
              [
                687988.5,
                6370830.0
              ],
              [
                687982.5,
                6370830.0
              ],
              [
                687982.5,
                6370830.5
              ],
              [
                687981.5,
                6370830.5
              ],
              [
                687981.5,
                6370831.5
              ],
              [
                687980.5,
                6370831.5
              ],
              [
                687980.5,
                6370832.5
              ],
              [
                687979.5,
                6370832.5
              ],
              [
                687979.5,
                6370833.5
              ],
              [
                687978.5,
                6370833.5
              ],
              [
                687978.5,
                6370836.5
              ],
              [
                687977.5,
                6370836.5
              ],
              [
                687977.5,
                6370837.5
              ],
              [
                687978.5,
                6370837.5
              ],
              [
                687978.5,
                6370841.5
              ],
              [
                687979.5,
                6370841.5
              ],
              [
                687979.5,
                6370842.5
              ],
              [
                687980.5,
                6370842.5
              ],
              [
                687980.5,
                6370846.5
              ],
              [
                687978.5,
                6370846.5
              ],
              [
                687978.5,
                6370847.5
              ],
              [
                687977.5,
                6370847.5
              ],
              [
                687977.5,
                6370848.5
              ],
              [
                687978.5,
                6370848.5
              ],
              [
                687978.5,
                6370849.5
              ],
              [
                687976.5,
                6370849.5
              ],
              [
                687976.5,
                6370850.5
              ],
              [
                687978.5,
                6370850.5
              ],
              [
                687978.5,
                6370851.5
              ],
              [
                687976.5,
                6370851.5
              ],
              [
                687976.5,
                6370852.5
              ],
              [
                687974.5,
                6370852.5
              ],
              [
                687974.5,
                6370854.5
              ],
              [
                687973.5,
                6370854.5
              ],
              [
                687973.5,
                6370856.5
              ],
              [
                687974.5,
                6370856.5
              ],
              [
                687974.5,
                6370858.5
              ],
              [
                687975.5,
                6370858.5
              ],
              [
                687975.5,
                6370859.5
              ],
              [
                687976.5,
                6370859.5
              ],
              [
                687976.5,
                6370857.5
              ],
              [
                687977.5,
                6370857.5
              ]
            ],
            [
              [
                687983.5,
                6370871.5
              ],
              [
                687983.5,
                6370870.5
              ],
              [
                687984.5,
                6370870.5
              ],
              [
                687984.5,
                6370871.5
              ],
              [
                687983.5,
                6370871.5
              ]
            ],
            [
              [
                687985.5,
                6370868.5
              ],
              [
                687984.5,
                6370868.5
              ],
              [
                687984.5,
                6370867.5
              ],
              [
                687985.5,
                6370867.5
              ],
              [
                687985.5,
                6370868.5
              ]
            ],
            [
              [
                687983.5,
                6370868.5
              ],
              [
                687982.5,
                6370868.5
              ],
              [
                687982.5,
                6370866.5
              ],
              [
                687983.5,
                6370866.5
              ],
              [
                687983.5,
                6370868.5
              ]
            ],
            [
              [
                687980.5,
                6370865.5
              ],
              [
                687979.5,
                6370865.5
              ],
              [
                687979.5,
                6370864.5
              ],
              [
                687980.5,
                6370864.5
              ],
              [
                687980.5,
                6370865.5
              ]
            ],
            [
              [
                687980.5,
                6370841.5
              ],
              [
                687981.5,
                6370841.5
              ],
              [
                687981.5,
                6370842.5
              ],
              [
                687980.5,
                6370842.5
              ],
              [
                687980.5,
                6370841.5
              ]
            ],
            [
              [
                687979.5,
                6370851.5
              ],
              [
                687979.5,
                6370852.5
              ],
              [
                687978.5,
                6370852.5
              ],
              [
                687978.5,
                6370851.5
              ],
              [
                687979.5,
                6370851.5
              ]
            ],
            [
              [
                687979.5,
                6370850.5
              ],
              [
                687980.5,
                6370850.5
              ],
              [
                687980.5,
                6370851.5
              ],
              [
                687979.5,
                6370851.5
              ],
              [
                687979.5,
                6370850.5
              ]
            ],
            [
              [
                687981.5,
                6370851.5
              ],
              [
                687981.5,
                6370852.5
              ],
              [
                687980.5,
                6370852.5
              ],
              [
                687980.5,
                6370851.5
              ],
              [
                687981.5,
                6370851.5
              ]
            ],
            [
              [
                687978.5,
                6370853.5
              ],
              [
                687977.5,
                6370853.5
              ],
              [
                687977.5,
                6370852.5
              ],
              [
                687978.5,
                6370852.5
              ],
              [
                687978.5,
                6370853.5
              ]
            ],
            [
              [
                687975.5,
                6370857.5
              ],
              [
                687975.5,
                6370856.5
              ],
              [
                687976.5,
                6370856.5
              ],
              [
                687976.5,
                6370857.5
              ],
              [
                687975.5,
                6370857.5
              ]
            ],
            [
              [
                687976.5,
                6370855.5
              ],
              [
                687977.5,
                6370855.5
              ],
              [
                687977.5,
                6370856.5
              ],
              [
                687976.5,
                6370856.5
              ],
              [
                687976.5,
                6370855.5
              ]
            ],
            [
              [
                687982.5,
                6370833.5
              ],
              [
                687983.5,
                6370833.5
              ],
              [
                687983.5,
                6370834.5
              ],
              [
                687982.5,
                6370834.5
              ],
              [
                687982.5,
                6370833.5
              ]
            ],
            [
              [
                687982.5,
                6370873.5
              ],
              [
                687983.5,
                6370873.5
              ],
              [
                687983.5,
                6370874.5
              ],
              [
                687982.5,
                6370874.5
              ],
              [
                687982.5,
                6370873.5
              ]
            ],
            [
              [
                687980.5,
                6370847.5
              ],
              [
                687981.5,
                6370847.5
              ],
              [
                687981.5,
                6370848.5
              ],
              [
                687980.5,
                6370848.5
              ],
              [
                687980.5,
                6370847.5
              ]
            ],
            [
              [
                687981.5,
                6370846.5
              ],
              [
                687982.5,
                6370846.5
              ],
              [
                687982.5,
                6370847.5
              ],
              [
                687981.5,
                6370847.5
              ],
              [
                687981.5,
                6370846.5
              ]
            ],
            [
              [
                687981.5,
                6370837.5
              ],
              [
                687982.5,
                6370837.5
              ],
              [
                687982.5,
                6370838.5
              ],
              [
                687981.5,
                6370838.5
              ],
              [
                687981.5,
                6370837.5
              ]
            ],
            [
              [
                687981.5,
                6370844.5
              ],
              [
                687982.5,
                6370844.5
              ],
              [
                687982.5,
                6370845.5
              ],
              [
                687981.5,
                6370845.5
              ],
              [
                687981.5,
                6370844.5
              ]
            ],
            [
              [
                687980.5,
                6370853.5
              ],
              [
                687981.5,
                6370853.5
              ],
              [
                687981.5,
                6370854.5
              ],
              [
                687980.5,
                6370854.5
              ],
              [
                687980.5,
                6370853.5
              ]
            ],
            [
              [
                687978.5,
                6370867.5
              ],
              [
                687980.5,
                6370867.5
              ],
              [
                687980.5,
                6370868.5
              ],
              [
                687978.5,
                6370868.5
              ],
              [
                687978.5,
                6370867.5
              ]
            ],
            [
              [
                687979.5,
                6370836.5
              ],
              [
                687980.5,
                6370836.5
              ],
              [
                687980.5,
                6370837.5
              ],
              [
                687979.5,
                6370837.5
              ],
              [
                687979.5,
                6370836.5
              ]
            ]
          ],
          [
            [
              [
                687978.5,
                6370845.5
              ],
              [
                687977.5,
                6370845.5
              ],
              [
                687977.5,
                6370846.5
              ],
              [
                687978.5,
                6370846.5
              ],
              [
                687978.5,
                6370845.5
              ]
            ]
          ],
          [
            [
              [
                687979.5,
                6370880.5
              ],
              [
                687980.5,
                6370880.5
              ],
              [
                687980.5,
                6370879.5
              ],
              [
                687979.5,
                6370879.5
              ],
              [
                687979.5,
                6370880.5
              ]
            ]
          ],
          [
            [
              [
                687975.5,
                6370871.5
              ],
              [
                687974.5,
                6370871.5
              ],
              [
                687974.5,
                6370872.5
              ],
              [
                687975.5,
                6370872.5
              ],
              [
                687975.5,
                6370871.5
              ]
            ]
          ]
        ]
      },
      "properties": {
        "id": "gap-005",
        "gapId": "height-gap-01375",
        "classification": "edge-base-conflict",
        "note": "Long woodland edge along the fairway, including an existing suppressed record. Southern edge touches the protected window.",
        "areaMetres2": 291.0,
        "reviewed": true,
        "reviewer": "agent visual interpretation of all 79 six-panel boards",
        "reviewDate": "2026-09-16",
        "sourceDates": {
          "rgbi": "2026-04-10",
          "lidar": [
            "2024-02-03",
            "2024-04-28"
          ],
          "seasonal": "2022; exact date unknown"
        },
        "boardSha256": "a9e7a865901d120981a91642925de0f9c9af71af6a9cdbc7a165e26a63d59215",
        "priorIssueIds": [
          "runtime-tree-visby-000296",
          "r4-r4-65/dalponte-d9-m5/15",
          "r4-r4-65/dalponte-d9-m5/17",
          "r5-canopy-cell-687900-6370800"
        ],
        "status": "reviewed-unresolved",
        "positionMeaning": "Crown evidence does not establish a surveyed trunk position."
      }
    },
    {
      "type": "Feature",
      "geometry": {
        "type": "MultiPolygon",
        "coordinates": [
          [
            [
              [
                687399.5,
                6370803.5
              ],
              [
                687399.5,
                6370801.5
              ],
              [
                687398.5,
                6370801.5
              ],
              [
                687398.5,
                6370800.5
              ],
              [
                687400.0,
                6370800.5
              ],
              [
                687400.5,
                6370800.5
              ],
              [
                687400.5,
                6370801.5
              ],
              [
                687401.5,
                6370801.5
              ],
              [
                687401.5,
                6370802.5
              ],
              [
                687403.5,
                6370802.5
              ],
              [
                687403.5,
                6370801.5
              ],
              [
                687402.5,
                6370801.5
              ],
              [
                687402.5,
                6370800.5
              ],
              [
                687403.5,
                6370800.5
              ],
              [
                687403.5,
                6370800.0
              ],
              [
                687403.5,
                6370799.5
              ],
              [
                687405.5,
                6370799.5
              ],
              [
                687405.5,
                6370800.0
              ],
              [
                687405.5,
                6370800.5
              ],
              [
                687404.5,
                6370800.5
              ],
              [
                687404.5,
                6370802.5
              ],
              [
                687406.5,
                6370802.5
              ],
              [
                687406.5,
                6370800.5
              ],
              [
                687407.5,
                6370800.5
              ],
              [
                687407.5,
                6370800.0
              ],
              [
                687407.5,
                6370799.5
              ],
              [
                687406.5,
                6370799.5
              ],
              [
                687406.5,
                6370798.5
              ],
              [
                687408.5,
                6370798.5
              ],
              [
                687408.5,
                6370797.5
              ],
              [
                687406.5,
                6370797.5
              ],
              [
                687406.5,
                6370796.5
              ],
              [
                687407.5,
                6370796.5
              ],
              [
                687407.5,
                6370794.5
              ],
              [
                687408.5,
                6370794.5
              ],
              [
                687408.5,
                6370796.5
              ],
              [
                687410.5,
                6370796.5
              ],
              [
                687410.5,
                6370797.5
              ],
              [
                687411.5,
                6370797.5
              ],
              [
                687411.5,
                6370798.5
              ],
              [
                687412.5,
                6370798.5
              ],
              [
                687412.5,
                6370799.5
              ],
              [
                687414.5,
                6370799.5
              ],
              [
                687414.5,
                6370798.5
              ],
              [
                687415.5,
                6370798.5
              ],
              [
                687415.5,
                6370799.5
              ],
              [
                687417.5,
                6370799.5
              ],
              [
                687417.5,
                6370798.5
              ],
              [
                687418.5,
                6370798.5
              ],
              [
                687418.5,
                6370799.5
              ],
              [
                687419.5,
                6370799.5
              ],
              [
                687419.5,
                6370797.5
              ],
              [
                687420.5,
                6370797.5
              ],
              [
                687420.5,
                6370796.5
              ],
              [
                687421.5,
                6370796.5
              ],
              [
                687421.5,
                6370794.5
              ],
              [
                687420.5,
                6370794.5
              ],
              [
                687420.5,
                6370793.5
              ],
              [
                687417.5,
                6370793.5
              ],
              [
                687417.5,
                6370792.5
              ],
              [
                687416.5,
                6370792.5
              ],
              [
                687416.5,
                6370791.5
              ],
              [
                687415.5,
                6370791.5
              ],
              [
                687415.5,
                6370792.5
              ],
              [
                687413.5,
                6370792.5
              ],
              [
                687413.5,
                6370793.5
              ],
              [
                687412.5,
                6370793.5
              ],
              [
                687412.5,
                6370791.5
              ],
              [
                687411.5,
                6370791.5
              ],
              [
                687411.5,
                6370790.5
              ],
              [
                687408.5,
                6370790.5
              ],
              [
                687408.5,
                6370789.5
              ],
              [
                687406.5,
                6370789.5
              ],
              [
                687406.5,
                6370790.5
              ],
              [
                687405.5,
                6370790.5
              ],
              [
                687405.5,
                6370792.5
              ],
              [
                687407.5,
                6370792.5
              ],
              [
                687407.5,
                6370793.5
              ],
              [
                687403.5,
                6370793.5
              ],
              [
                687403.5,
                6370794.5
              ],
              [
                687402.5,
                6370794.5
              ],
              [
                687402.5,
                6370793.5
              ],
              [
                687401.5,
                6370793.5
              ],
              [
                687401.5,
                6370792.5
              ],
              [
                687400.5,
                6370792.5
              ],
              [
                687400.5,
                6370791.5
              ],
              [
                687400.0,
                6370791.5
              ],
              [
                687399.5,
                6370791.5
              ],
              [
                687399.5,
                6370790.5
              ],
              [
                687397.5,
                6370790.5
              ],
              [
                687397.5,
                6370791.5
              ],
              [
                687396.5,
                6370791.5
              ],
              [
                687396.5,
                6370790.5
              ],
              [
                687394.5,
                6370790.5
              ],
              [
                687394.5,
                6370791.5
              ],
              [
                687392.5,
                6370791.5
              ],
              [
                687392.5,
                6370792.5
              ],
              [
                687394.5,
                6370792.5
              ],
              [
                687394.5,
                6370796.5
              ],
              [
                687393.5,
                6370796.5
              ],
              [
                687393.5,
                6370797.5
              ],
              [
                687394.5,
                6370797.5
              ],
              [
                687394.5,
                6370798.5
              ],
              [
                687395.5,
                6370798.5
              ],
              [
                687395.5,
                6370800.0
              ],
              [
                687395.5,
                6370800.5
              ],
              [
                687396.5,
                6370800.5
              ],
              [
                687396.5,
                6370801.5
              ],
              [
                687397.5,
                6370801.5
              ],
              [
                687397.5,
                6370803.5
              ],
              [
                687399.5,
                6370803.5
              ]
            ],
            [
              [
                687402.5,
                6370799.5
              ],
              [
                687402.5,
                6370798.5
              ],
              [
                687403.5,
                6370798.5
              ],
              [
                687403.5,
                6370799.5
              ],
              [
                687402.5,
                6370799.5
              ]
            ],
            [
              [
                687412.5,
                6370797.5
              ],
              [
                687413.5,
                6370797.5
              ],
              [
                687413.5,
                6370798.5
              ],
              [
                687412.5,
                6370798.5
              ],
              [
                687412.5,
                6370797.5
              ]
            ],
            [
              [
                687408.5,
                6370791.5
              ],
              [
                687407.5,
                6370791.5
              ],
              [
                687407.5,
                6370790.5
              ],
              [
                687408.5,
                6370790.5
              ],
              [
                687408.5,
                6370791.5
              ]
            ],
            [
              [
                687402.5,
                6370795.5
              ],
              [
                687401.5,
                6370795.5
              ],
              [
                687401.5,
                6370794.5
              ],
              [
                687402.5,
                6370794.5
              ],
              [
                687402.5,
                6370795.5
              ]
            ],
            [
              [
                687418.5,
                6370794.5
              ],
              [
                687419.5,
                6370794.5
              ],
              [
                687419.5,
                6370795.5
              ],
              [
                687418.5,
                6370795.5
              ],
              [
                687418.5,
                6370794.5
              ]
            ],
            [
              [
                687417.5,
                6370796.5
              ],
              [
                687418.5,
                6370796.5
              ],
              [
                687418.5,
                6370797.5
              ],
              [
                687417.5,
                6370797.5
              ],
              [
                687417.5,
                6370796.5
              ]
            ],
            [
              [
                687415.5,
                6370795.5
              ],
              [
                687416.5,
                6370795.5
              ],
              [
                687416.5,
                6370796.5
              ],
              [
                687415.5,
                6370796.5
              ],
              [
                687415.5,
                6370795.5
              ]
            ],
            [
              [
                687413.5,
                6370795.5
              ],
              [
                687414.5,
                6370795.5
              ],
              [
                687414.5,
                6370796.5
              ],
              [
                687413.5,
                6370796.5
              ],
              [
                687413.5,
                6370795.5
              ]
            ],
            [
              [
                687400.5,
                6370798.5
              ],
              [
                687401.5,
                6370798.5
              ],
              [
                687401.5,
                6370799.5
              ],
              [
                687400.5,
                6370799.5
              ],
              [
                687400.5,
                6370798.5
              ]
            ],
            [
              [
                687397.5,
                6370794.5
              ],
              [
                687398.5,
                6370794.5
              ],
              [
                687398.5,
                6370795.5
              ],
              [
                687397.5,
                6370795.5
              ],
              [
                687397.5,
                6370794.5
              ]
            ],
            [
              [
                687396.5,
                6370792.5
              ],
              [
                687397.5,
                6370792.5
              ],
              [
                687397.5,
                6370793.5
              ],
              [
                687396.5,
                6370793.5
              ],
              [
                687396.5,
                6370792.5
              ]
            ]
          ],
          [
            [
              [
                687410.5,
                6370798.5
              ],
              [
                687410.5,
                6370797.5
              ],
              [
                687409.5,
                6370797.5
              ],
              [
                687409.5,
                6370798.5
              ],
              [
                687408.5,
                6370798.5
              ],
              [
                687408.5,
                6370799.5
              ],
              [
                687411.5,
                6370799.5
              ],
              [
                687411.5,
                6370798.5
              ],
              [
                687410.5,
                6370798.5
              ]
            ]
          ],
          [
            [
              [
                687403.5,
                6370802.5
              ],
              [
                687403.5,
                6370803.5
              ],
              [
                687404.5,
                6370803.5
              ],
              [
                687404.5,
                6370802.5
              ],
              [
                687403.5,
                6370802.5
              ]
            ]
          ]
        ]
      },
      "properties": {
        "id": "gap-006",
        "gapId": "height-gap-01478",
        "classification": "edge-base-conflict",
        "note": "Two or more crown lobes at the tee/fairway edge. Do not use the combined gap centroid as a trunk.",
        "areaMetres2": 200.0,
        "reviewed": true,
        "reviewer": "agent visual interpretation of all 79 six-panel boards",
        "reviewDate": "2026-09-16",
        "sourceDates": {
          "rgbi": "2026-04-10",
          "lidar": [
            "2024-02-03",
            "2024-04-28"
          ],
          "seasonal": "2022; exact date unknown"
        },
        "boardSha256": "c98bcfe53eb2775c29524d14f618f4db330189e61a7323c7e04f2bfcbf65e1ec",
        "priorIssueIds": [
          "r3-r3-12/dalponte-d9-m5/17",
          "runtime-tree-visby-000038",
          "r5-canopy-cell-687300-6370700",
          "r5-canopy-cell-687300-6370800",
          "r5-canopy-cell-687400-6370700",
          "r5-canopy-cell-687400-6370800"
        ],
        "status": "reviewed-unresolved",
        "positionMeaning": "Crown evidence does not establish a surveyed trunk position."
      }
    },
    {
      "type": "Feature",
      "geometry": {
        "type": "MultiPolygon",
        "coordinates": [
          [
            [
              [
                687905.5,
                6371179.5
              ],
              [
                687905.5,
                6371178.5
              ],
              [
                687906.5,
                6371178.5
              ],
              [
                687906.5,
                6371179.5
              ],
              [
                687908.5,
                6371179.5
              ],
              [
                687908.5,
                6371175.5
              ],
              [
                687912.5,
                6371175.5
              ],
              [
                687912.5,
                6371167.5
              ],
              [
                687913.5,
                6371167.5
              ],
              [
                687913.5,
                6371166.5
              ],
              [
                687914.5,
                6371166.5
              ],
              [
                687914.5,
                6371167.5
              ],
              [
                687916.5,
                6371167.5
              ],
              [
                687916.5,
                6371163.5
              ],
              [
                687920.5,
                6371163.5
              ],
              [
                687920.5,
                6371161.5
              ],
              [
                687919.5,
                6371161.5
              ],
              [
                687919.5,
                6371160.5
              ],
              [
                687920.5,
                6371160.5
              ],
              [
                687920.5,
                6371159.5
              ],
              [
                687924.5,
                6371159.5
              ],
              [
                687924.5,
                6371157.5
              ],
              [
                687923.5,
                6371157.5
              ],
              [
                687923.5,
                6371156.5
              ],
              [
                687922.5,
                6371156.5
              ],
              [
                687922.5,
                6371155.5
              ],
              [
                687919.5,
                6371155.5
              ],
              [
                687919.5,
                6371157.5
              ],
              [
                687918.5,
                6371157.5
              ],
              [
                687918.5,
                6371154.5
              ],
              [
                687920.5,
                6371154.5
              ],
              [
                687920.5,
                6371153.5
              ],
              [
                687918.5,
                6371153.5
              ],
              [
                687918.5,
                6371152.5
              ],
              [
                687919.5,
                6371152.5
              ],
              [
                687919.5,
                6371151.5
              ],
              [
                687918.5,
                6371151.5
              ],
              [
                687918.5,
                6371149.5
              ],
              [
                687916.5,
                6371149.5
              ],
              [
                687916.5,
                6371151.5
              ],
              [
                687914.5,
                6371151.5
              ],
              [
                687914.5,
                6371154.5
              ],
              [
                687915.5,
                6371154.5
              ],
              [
                687915.5,
                6371156.5
              ],
              [
                687916.5,
                6371156.5
              ],
              [
                687916.5,
                6371157.5
              ],
              [
                687912.5,
                6371157.5
              ],
              [
                687912.5,
                6371158.5
              ],
              [
                687911.5,
                6371158.5
              ],
              [
                687911.5,
                6371159.5
              ],
              [
                687912.5,
                6371159.5
              ],
              [
                687912.5,
                6371160.5
              ],
              [
                687913.5,
                6371160.5
              ],
              [
                687913.5,
                6371159.5
              ],
              [
                687914.5,
                6371159.5
              ],
              [
                687914.5,
                6371161.5
              ],
              [
                687916.5,
                6371161.5
              ],
              [
                687916.5,
                6371162.5
              ],
              [
                687911.5,
                6371162.5
              ],
              [
                687911.5,
                6371163.5
              ],
              [
                687910.5,
                6371163.5
              ],
              [
                687910.5,
                6371164.5
              ],
              [
                687909.5,
                6371164.5
              ],
              [
                687909.5,
                6371163.5
              ],
              [
                687908.5,
                6371163.5
              ],
              [
                687908.5,
                6371164.5
              ],
              [
                687907.5,
                6371164.5
              ],
              [
                687907.5,
                6371163.5
              ],
              [
                687904.5,
                6371163.5
              ],
              [
                687904.5,
                6371164.5
              ],
              [
                687906.5,
                6371164.5
              ],
              [
                687906.5,
                6371165.5
              ],
              [
                687908.5,
                6371165.5
              ],
              [
                687908.5,
                6371166.5
              ],
              [
                687906.5,
                6371166.5
              ],
              [
                687906.5,
                6371167.5
              ],
              [
                687908.5,
                6371167.5
              ],
              [
                687908.5,
                6371171.5
              ],
              [
                687907.5,
                6371171.5
              ],
              [
                687907.5,
                6371170.5
              ],
              [
                687906.5,
                6371170.5
              ],
              [
                687906.5,
                6371171.5
              ],
              [
                687905.5,
                6371171.5
              ],
              [
                687905.5,
                6371170.5
              ],
              [
                687904.5,
                6371170.5
              ],
              [
                687904.5,
                6371171.5
              ],
              [
                687903.5,
                6371171.5
              ],
              [
                687903.5,
                6371172.5
              ],
              [
                687902.5,
                6371172.5
              ],
              [
                687902.5,
                6371173.5
              ],
              [
                687901.5,
                6371173.5
              ],
              [
                687901.5,
                6371174.5
              ],
              [
                687903.5,
                6371174.5
              ],
              [
                687903.5,
                6371175.5
              ],
              [
                687902.5,
                6371175.5
              ],
              [
                687902.5,
                6371176.5
              ],
              [
                687903.5,
                6371176.5
              ],
              [
                687903.5,
                6371177.5
              ],
              [
                687902.5,
                6371177.5
              ],
              [
                687902.5,
                6371178.5
              ],
              [
                687904.5,
                6371178.5
              ],
              [
                687904.5,
                6371179.5
              ],
              [
                687905.5,
                6371179.5
              ]
            ],
            [
              [
                687918.5,
                6371158.5
              ],
              [
                687917.5,
                6371158.5
              ],
              [
                687917.5,
                6371157.5
              ],
              [
                687918.5,
                6371157.5
              ],
              [
                687918.5,
                6371158.5
              ]
            ],
            [
              [
                687917.5,
                6371151.5
              ],
              [
                687917.5,
                6371152.5
              ],
              [
                687916.5,
                6371152.5
              ],
              [
                687916.5,
                6371151.5
              ],
              [
                687917.5,
                6371151.5
              ]
            ],
            [
              [
                687915.5,
                6371153.5
              ],
              [
                687916.5,
                6371153.5
              ],
              [
                687916.5,
                6371154.5
              ],
              [
                687915.5,
                6371154.5
              ],
              [
                687915.5,
                6371153.5
              ]
            ],
            [
              [
                687909.5,
                6371171.5
              ],
              [
                687909.5,
                6371172.5
              ],
              [
                687908.5,
                6371172.5
              ],
              [
                687908.5,
                6371171.5
              ],
              [
                687909.5,
                6371171.5
              ]
            ],
            [
              [
                687909.5,
                6371169.5
              ],
              [
                687910.5,
                6371169.5
              ],
              [
                687910.5,
                6371171.5
              ],
              [
                687909.5,
                6371171.5
              ],
              [
                687909.5,
                6371169.5
              ]
            ],
            [
              [
                687915.5,
                6371158.5
              ],
              [
                687916.5,
                6371158.5
              ],
              [
                687916.5,
                6371159.5
              ],
              [
                687915.5,
                6371159.5
              ],
              [
                687915.5,
                6371158.5
              ]
            ],
            [
              [
                687917.5,
                6371159.5
              ],
              [
                687917.5,
                6371160.5
              ],
              [
                687916.5,
                6371160.5
              ],
              [
                687916.5,
                6371159.5
              ],
              [
                687917.5,
                6371159.5
              ]
            ],
            [
              [
                687910.5,
                6371173.5
              ],
              [
                687911.5,
                6371173.5
              ],
              [
                687911.5,
                6371174.5
              ],
              [
                687910.5,
                6371174.5
              ],
              [
                687910.5,
                6371173.5
              ]
            ],
            [
              [
                687909.5,
                6371167.5
              ],
              [
                687910.5,
                6371167.5
              ],
              [
                687910.5,
                6371168.5
              ],
              [
                687909.5,
                6371168.5
              ],
              [
                687909.5,
                6371167.5
              ]
            ],
            [
              [
                687907.5,
                6371173.5
              ],
              [
                687908.5,
                6371173.5
              ],
              [
                687908.5,
                6371174.5
              ],
              [
                687907.5,
                6371174.5
              ],
              [
                687907.5,
                6371173.5
              ]
            ],
            [
              [
                687905.5,
                6371174.5
              ],
              [
                687906.5,
                6371174.5
              ],
              [
                687906.5,
                6371175.5
              ],
              [
                687905.5,
                6371175.5
              ],
              [
                687905.5,
                6371174.5
              ]
            ],
            [
              [
                687904.5,
                6371172.5
              ],
              [
                687905.5,
                6371172.5
              ],
              [
                687905.5,
                6371173.5
              ],
              [
                687904.5,
                6371173.5
              ],
              [
                687904.5,
                6371172.5
              ]
            ]
          ],
          [
            [
              [
                687909.5,
                6371159.5
              ],
              [
                687909.5,
                6371160.5
              ],
              [
                687908.5,
                6371160.5
              ],
              [
                687908.5,
                6371161.5
              ],
              [
                687911.5,
                6371161.5
              ],
              [
                687911.5,
                6371159.5
              ],
              [
                687909.5,
                6371159.5
              ]
            ]
          ]
        ]
      },
      "properties": {
        "id": "gap-007",
        "gapId": "height-gap-00596",
        "classification": "overhang",
        "note": "Canopy over the diagonal road; adjacent trees and woodland retained. Road surface remains excluded.",
        "areaMetres2": 190.0,
        "reviewed": true,
        "reviewer": "agent visual interpretation of all 79 six-panel boards",
        "reviewDate": "2026-09-16",
        "sourceDates": {
          "rgbi": "2026-04-10",
          "lidar": [
            "2024-02-03",
            "2024-04-28"
          ],
          "seasonal": "2022; exact date unknown"
        },
        "boardSha256": "94a4524092cde82cd5af58af3e52d67aae73ac57531e341b08254cd43ca9d770",
        "priorIssueIds": [
          "r2-review15west/dalponte-d9-m5/41",
          "r5-canopy-cell-687900-6371100"
        ],
        "status": "reviewed-unresolved",
        "positionMeaning": "Crown evidence does not establish a surveyed trunk position."
      }
    },
    {
      "type": "Feature",
      "geometry": {
        "type": "MultiPolygon",
        "coordinates": [
          [
            [
              [
                687427.5,
                6371095.5
              ],
              [
                687427.5,
                6371096.5
              ],
              [
                687425.5,
                6371096.5
              ],
              [
                687425.5,
                6371097.5
              ],
              [
                687424.5,
                6371097.5
              ],
              [
                687424.5,
                6371099.5
              ],
              [
                687428.5,
                6371099.5
              ],
              [
                687428.5,
                6371100.0
              ],
              [
                687428.5,
                6371100.5
              ],
              [
                687429.5,
                6371100.5
              ],
              [
                687429.5,
                6371101.5
              ],
              [
                687428.5,
                6371101.5
              ],
              [
                687428.5,
                6371103.5
              ],
              [
                687432.5,
                6371103.5
              ],
              [
                687432.5,
                6371107.5
              ],
              [
                687433.5,
                6371107.5
              ],
              [
                687433.5,
                6371108.5
              ],
              [
                687432.5,
                6371108.5
              ],
              [
                687432.5,
                6371111.5
              ],
              [
                687436.5,
                6371111.5
              ],
              [
                687436.5,
                6371115.5
              ],
              [
                687438.5,
                6371115.5
              ],
              [
                687438.5,
                6371114.5
              ],
              [
                687439.5,
                6371114.5
              ],
              [
                687439.5,
                6371113.5
              ],
              [
                687438.5,
                6371113.5
              ],
              [
                687438.5,
                6371112.5
              ],
              [
                687440.5,
                6371112.5
              ],
              [
                687440.5,
                6371110.5
              ],
              [
                687439.5,
                6371110.5
              ],
              [
                687439.5,
                6371109.5
              ],
              [
                687440.5,
                6371109.5
              ],
              [
                687440.5,
                6371108.5
              ],
              [
                687439.5,
                6371108.5
              ],
              [
                687439.5,
                6371106.5
              ],
              [
                687438.5,
                6371106.5
              ],
              [
                687438.5,
                6371107.5
              ],
              [
                687437.5,
                6371107.5
              ],
              [
                687437.5,
                6371106.5
              ],
              [
                687436.5,
                6371106.5
              ],
              [
                687436.5,
                6371108.5
              ],
              [
                687435.5,
                6371108.5
              ],
              [
                687435.5,
                6371104.5
              ],
              [
                687433.5,
                6371104.5
              ],
              [
                687433.5,
                6371103.5
              ],
              [
                687434.5,
                6371103.5
              ],
              [
                687434.5,
                6371102.5
              ],
              [
                687436.5,
                6371102.5
              ],
              [
                687436.5,
                6371100.0
              ],
              [
                687436.5,
                6371099.5
              ],
              [
                687437.5,
                6371099.5
              ],
              [
                687437.5,
                6371097.5
              ],
              [
                687436.5,
                6371097.5
              ],
              [
                687436.5,
                6371096.5
              ],
              [
                687435.5,
                6371096.5
              ],
              [
                687435.5,
                6371094.5
              ],
              [
                687432.5,
                6371094.5
              ],
              [
                687432.5,
                6371092.5
              ],
              [
                687431.5,
                6371092.5
              ],
              [
                687431.5,
                6371091.5
              ],
              [
                687430.5,
                6371091.5
              ],
              [
                687430.5,
                6371089.5
              ],
              [
                687427.5,
                6371089.5
              ],
              [
                687427.5,
                6371088.5
              ],
              [
                687426.5,
                6371088.5
              ],
              [
                687426.5,
                6371087.5
              ],
              [
                687425.5,
                6371087.5
              ],
              [
                687425.5,
                6371088.5
              ],
              [
                687423.5,
                6371088.5
              ],
              [
                687423.5,
                6371089.5
              ],
              [
                687422.5,
                6371089.5
              ],
              [
                687422.5,
                6371091.5
              ],
              [
                687424.5,
                6371091.5
              ],
              [
                687424.5,
                6371094.5
              ],
              [
                687425.5,
                6371094.5
              ],
              [
                687425.5,
                6371095.5
              ],
              [
                687427.5,
                6371095.5
              ]
            ],
            [
              [
                687436.5,
                6371109.5
              ],
              [
                687437.5,
                6371109.5
              ],
              [
                687437.5,
                6371110.5
              ],
              [
                687436.5,
                6371110.5
              ],
              [
                687436.5,
                6371109.5
              ]
            ],
            [
              [
                687438.5,
                6371110.5
              ],
              [
                687438.5,
                6371111.5
              ],
              [
                687437.5,
                6371111.5
              ],
              [
                687437.5,
                6371110.5
              ],
              [
                687438.5,
                6371110.5
              ]
            ],
            [
              [
                687434.5,
                6371100.5
              ],
              [
                687435.5,
                6371100.5
              ],
              [
                687435.5,
                6371101.5
              ],
              [
                687434.5,
                6371101.5
              ],
              [
                687434.5,
                6371100.5
              ]
            ],
            [
              [
                687433.5,
                6371109.5
              ],
              [
                687434.5,
                6371109.5
              ],
              [
                687434.5,
                6371110.5
              ],
              [
                687433.5,
                6371110.5
              ],
              [
                687433.5,
                6371109.5
              ]
            ],
            [
              [
                687431.5,
                6371097.5
              ],
              [
                687432.5,
                6371097.5
              ],
              [
                687432.5,
                6371098.5
              ],
              [
                687431.5,
                6371098.5
              ],
              [
                687431.5,
                6371097.5
              ]
            ],
            [
              [
                687430.5,
                6371093.5
              ],
              [
                687431.5,
                6371093.5
              ],
              [
                687431.5,
                6371094.5
              ],
              [
                687430.5,
                6371094.5
              ],
              [
                687430.5,
                6371093.5
              ]
            ],
            [
              [
                687430.5,
                6371100.0
              ],
              [
                687430.5,
                6371099.5
              ],
              [
                687431.5,
                6371099.5
              ],
              [
                687431.5,
                6371100.0
              ],
              [
                687431.5,
                6371100.5
              ],
              [
                687430.5,
                6371100.5
              ],
              [
                687430.5,
                6371100.0
              ]
            ],
            [
              [
                687428.5,
                6371094.5
              ],
              [
                687429.5,
                6371094.5
              ],
              [
                687429.5,
                6371095.5
              ],
              [
                687428.5,
                6371095.5
              ],
              [
                687428.5,
                6371094.5
              ]
            ],
            [
              [
                687426.5,
                6371093.5
              ],
              [
                687427.5,
                6371093.5
              ],
              [
                687427.5,
                6371094.5
              ],
              [
                687426.5,
                6371094.5
              ],
              [
                687426.5,
                6371093.5
              ]
            ],
            [
              [
                687424.5,
                6371089.5
              ],
              [
                687425.5,
                6371089.5
              ],
              [
                687425.5,
                6371090.5
              ],
              [
                687424.5,
                6371090.5
              ],
              [
                687424.5,
                6371089.5
              ]
            ]
          ],
          [
            [
              [
                687424.5,
                6371095.5
              ],
              [
                687424.5,
                6371096.5
              ],
              [
                687425.5,
                6371096.5
              ],
              [
                687425.5,
                6371095.5
              ],
              [
                687424.5,
                6371095.5
              ]
            ]
          ]
        ]
      },
      "properties": {
        "id": "gap-008",
        "gapId": "height-gap-00720",
        "classification": "overhang",
        "note": "Continuous woodland edge above the bunker. Narrow missing strip follows the fairway exclusion.",
        "areaMetres2": 170.0,
        "reviewed": true,
        "reviewer": "agent visual interpretation of all 79 six-panel boards",
        "reviewDate": "2026-09-16",
        "sourceDates": {
          "rgbi": "2026-04-10",
          "lidar": [
            "2024-02-03",
            "2024-04-28"
          ],
          "seasonal": "2022; exact date unknown"
        },
        "boardSha256": "22908ba20effcca62965117ce1373c41b78e07a53ee2db8a6454ff2b12e19dd7",
        "priorIssueIds": [
          "r4-r4-17/dalponte-d9-m5/32",
          "r5-canopy-cell-687400-6371000",
          "r5-canopy-cell-687400-6371100"
        ],
        "status": "reviewed-unresolved",
        "positionMeaning": "Crown evidence does not establish a surveyed trunk position."
      }
    },
    {
      "type": "Feature",
      "geometry": {
        "type": "MultiPolygon",
        "coordinates": [
          [
            [
              [
                688155.5,
                6370877.5
              ],
              [
                688155.5,
                6370876.5
              ],
              [
                688154.5,
                6370876.5
              ],
              [
                688154.5,
                6370877.5
              ],
              [
                688152.5,
                6370877.5
              ],
              [
                688152.5,
                6370878.5
              ],
              [
                688151.5,
                6370878.5
              ],
              [
                688151.5,
                6370879.5
              ],
              [
                688152.5,
                6370879.5
              ],
              [
                688152.5,
                6370880.5
              ],
              [
                688150.5,
                6370880.5
              ],
              [
                688150.5,
                6370881.5
              ],
              [
                688149.5,
                6370881.5
              ],
              [
                688149.5,
                6370886.5
              ],
              [
                688150.5,
                6370886.5
              ],
              [
                688150.5,
                6370887.5
              ],
              [
                688151.5,
                6370887.5
              ],
              [
                688151.5,
                6370889.5
              ],
              [
                688153.5,
                6370889.5
              ],
              [
                688153.5,
                6370890.5
              ],
              [
                688155.5,
                6370890.5
              ],
              [
                688155.5,
                6370892.5
              ],
              [
                688156.5,
                6370892.5
              ],
              [
                688156.5,
                6370890.5
              ],
              [
                688157.5,
                6370890.5
              ],
              [
                688157.5,
                6370887.5
              ],
              [
                688158.5,
                6370887.5
              ],
              [
                688158.5,
                6370888.5
              ],
              [
                688159.5,
                6370888.5
              ],
              [
                688159.5,
                6370887.5
              ],
              [
                688163.5,
                6370887.5
              ],
              [
                688163.5,
                6370886.5
              ],
              [
                688162.5,
                6370886.5
              ],
              [
                688162.5,
                6370883.5
              ],
              [
                688167.5,
                6370883.5
              ],
              [
                688167.5,
                6370882.5
              ],
              [
                688165.5,
                6370882.5
              ],
              [
                688165.5,
                6370881.5
              ],
              [
                688166.5,
                6370881.5
              ],
              [
                688166.5,
                6370879.5
              ],
              [
                688165.5,
                6370879.5
              ],
              [
                688165.5,
                6370877.5
              ],
              [
                688163.5,
                6370877.5
              ],
              [
                688163.5,
                6370876.5
              ],
              [
                688161.5,
                6370876.5
              ],
              [
                688161.5,
                6370877.5
              ],
              [
                688160.5,
                6370877.5
              ],
              [
                688160.5,
                6370876.5
              ],
              [
                688159.5,
                6370876.5
              ],
              [
                688159.5,
                6370877.5
              ],
              [
                688158.5,
                6370877.5
              ],
              [
                688158.5,
                6370876.5
              ],
              [
                688156.5,
                6370876.5
              ],
              [
                688156.5,
                6370877.5
              ],
              [
                688155.5,
                6370877.5
              ]
            ],
            [
              [
                688165.5,
                6370880.5
              ],
              [
                688164.5,
                6370880.5
              ],
              [
                688164.5,
                6370879.5
              ],
              [
                688165.5,
                6370879.5
              ],
              [
                688165.5,
                6370880.5
              ]
            ],
            [
              [
                688163.5,
                6370879.5
              ],
              [
                688163.5,
                6370878.5
              ],
              [
                688164.5,
                6370878.5
              ],
              [
                688164.5,
                6370879.5
              ],
              [
                688163.5,
                6370879.5
              ]
            ],
            [
              [
                688157.5,
                6370877.5
              ],
              [
                688157.5,
                6370878.5
              ],
              [
                688156.5,
                6370878.5
              ],
              [
                688156.5,
                6370877.5
              ],
              [
                688157.5,
                6370877.5
              ]
            ],
            [
              [
                688156.5,
                6370879.5
              ],
              [
                688155.5,
                6370879.5
              ],
              [
                688155.5,
                6370878.5
              ],
              [
                688156.5,
                6370878.5
              ],
              [
                688156.5,
                6370879.5
              ]
            ],
            [
              [
                688159.5,
                6370885.5
              ],
              [
                688161.5,
                6370885.5
              ],
              [
                688161.5,
                6370886.5
              ],
              [
                688159.5,
                6370886.5
              ],
              [
                688159.5,
                6370885.5
              ]
            ],
            [
              [
                688157.5,
                6370882.5
              ],
              [
                688158.5,
                6370882.5
              ],
              [
                688158.5,
                6370883.5
              ],
              [
                688157.5,
                6370883.5
              ],
              [
                688157.5,
                6370882.5
              ]
            ],
            [
              [
                688159.5,
                6370883.5
              ],
              [
                688159.5,
                6370884.5
              ],
              [
                688158.5,
                6370884.5
              ],
              [
                688158.5,
                6370883.5
              ],
              [
                688159.5,
                6370883.5
              ]
            ],
            [
              [
                688156.5,
                6370884.5
              ],
              [
                688157.5,
                6370884.5
              ],
              [
                688157.5,
                6370885.5
              ],
              [
                688156.5,
                6370885.5
              ],
              [
                688156.5,
                6370884.5
              ]
            ],
            [
              [
                688151.5,
                6370884.5
              ],
              [
                688152.5,
                6370884.5
              ],
              [
                688152.5,
                6370885.5
              ],
              [
                688151.5,
                6370885.5
              ],
              [
                688151.5,
                6370884.5
              ]
            ]
          ],
          [
            [
              [
                688161.5,
                6370876.5
              ],
              [
                688161.5,
                6370875.5
              ],
              [
                688160.5,
                6370875.5
              ],
              [
                688160.5,
                6370876.5
              ],
              [
                688161.5,
                6370876.5
              ]
            ]
          ],
          [
            [
              [
                688167.5,
                6370879.5
              ],
              [
                688167.5,
                6370878.5
              ],
              [
                688166.5,
                6370878.5
              ],
              [
                688166.5,
                6370879.5
              ],
              [
                688167.5,
                6370879.5
              ]
            ]
          ]
        ]
      },
      "properties": {
        "id": "gap-009",
        "gapId": "height-gap-01352",
        "classification": "distinct-base-conflict",
        "note": "Distinct southern crown has LiDAR height and RGB/CIR support. Its weighted centre still intersects the runtime fairway margin; retain as a specific unresolved tree.",
        "areaMetres2": 160.0,
        "reviewed": true,
        "reviewer": "agent visual interpretation of all 79 six-panel boards",
        "reviewDate": "2026-09-16",
        "sourceDates": {
          "rgbi": "2026-04-10",
          "lidar": [
            "2024-02-03",
            "2024-04-28"
          ],
          "seasonal": "2022; exact date unknown"
        },
        "boardSha256": "9f5678abb6e38468ee22f21946b4c100297c498027194dd1df8c836ce6b27e36",
        "priorIssueIds": [
          "r1-ref-cal13-034",
          "r5-canopy-cell-688100-6370800"
        ],
        "status": "reviewed-unresolved",
        "positionMeaning": "Crown evidence does not establish a surveyed trunk position."
      }
    },
    {
      "type": "Feature",
      "geometry": {
        "type": "Polygon",
        "coordinates": [
          [
            [
              687764.5,
              6371259.5
            ],
            [
              687764.5,
              6371255.5
            ],
            [
              687774.5,
              6371255.5
            ],
            [
              687774.5,
              6371254.5
            ],
            [
              687775.5,
              6371254.5
            ],
            [
              687775.5,
              6371253.5
            ],
            [
              687774.5,
              6371253.5
            ],
            [
              687774.5,
              6371252.5
            ],
            [
              687769.5,
              6371252.5
            ],
            [
              687769.5,
              6371251.5
            ],
            [
              687768.5,
              6371251.5
            ],
            [
              687768.5,
              6371252.5
            ],
            [
              687765.5,
              6371252.5
            ],
            [
              687765.5,
              6371251.5
            ],
            [
              687763.5,
              6371251.5
            ],
            [
              687763.5,
              6371250.5
            ],
            [
              687760.5,
              6371250.5
            ],
            [
              687760.5,
              6371251.5
            ],
            [
              687758.5,
              6371251.5
            ],
            [
              687758.5,
              6371252.5
            ],
            [
              687757.5,
              6371252.5
            ],
            [
              687757.5,
              6371251.5
            ],
            [
              687754.5,
              6371251.5
            ],
            [
              687754.5,
              6371252.5
            ],
            [
              687753.5,
              6371252.5
            ],
            [
              687753.5,
              6371253.5
            ],
            [
              687752.5,
              6371253.5
            ],
            [
              687752.5,
              6371252.5
            ],
            [
              687751.5,
              6371252.5
            ],
            [
              687751.5,
              6371253.5
            ],
            [
              687750.5,
              6371253.5
            ],
            [
              687750.5,
              6371254.5
            ],
            [
              687748.5,
              6371254.5
            ],
            [
              687748.5,
              6371255.5
            ],
            [
              687747.5,
              6371255.5
            ],
            [
              687747.5,
              6371256.5
            ],
            [
              687746.5,
              6371256.5
            ],
            [
              687746.5,
              6371257.5
            ],
            [
              687747.5,
              6371257.5
            ],
            [
              687747.5,
              6371259.5
            ],
            [
              687764.5,
              6371259.5
            ]
          ],
          [
            [
              687765.5,
              6371253.5
            ],
            [
              687766.5,
              6371253.5
            ],
            [
              687766.5,
              6371254.5
            ],
            [
              687765.5,
              6371254.5
            ],
            [
              687765.5,
              6371253.5
            ]
          ],
          [
            [
              687758.5,
              6371253.5
            ],
            [
              687759.5,
              6371253.5
            ],
            [
              687759.5,
              6371254.5
            ],
            [
              687758.5,
              6371254.5
            ],
            [
              687758.5,
              6371253.5
            ]
          ]
        ]
      },
      "properties": {
        "id": "gap-010",
        "gapId": "height-gap-00443",
        "classification": "overhang",
        "note": "Connected crowns north of the road overhang its exclusion buffer. No isolated base can be inferred from the thin strip.",
        "areaMetres2": 154.0,
        "reviewed": true,
        "reviewer": "agent visual interpretation of all 79 six-panel boards",
        "reviewDate": "2026-09-16",
        "sourceDates": {
          "rgbi": "2026-04-10",
          "lidar": [
            "2024-02-03",
            "2024-04-28"
          ],
          "seasonal": "2022; exact date unknown"
        },
        "boardSha256": "2e2b417e512f310fc5167c1eb4a384b03cccdc5bdeb664a4ffdcbfab70a9671f",
        "priorIssueIds": [
          "r5-canopy-cell-687700-6371200"
        ],
        "status": "reviewed-unresolved",
        "positionMeaning": "Crown evidence does not establish a surveyed trunk position."
      }
    },
    {
      "type": "Feature",
      "geometry": {
        "type": "Polygon",
        "coordinates": [
          [
            [
              687411.5,
              6370716.5
            ],
            [
              687411.5,
              6370715.5
            ],
            [
              687413.5,
              6370715.5
            ],
            [
              687413.5,
              6370714.5
            ],
            [
              687414.5,
              6370714.5
            ],
            [
              687414.5,
              6370713.5
            ],
            [
              687415.5,
              6370713.5
            ],
            [
              687415.5,
              6370711.5
            ],
            [
              687416.5,
              6370711.5
            ],
            [
              687416.5,
              6370714.5
            ],
            [
              687418.5,
              6370714.5
            ],
            [
              687418.5,
              6370715.5
            ],
            [
              687420.0,
              6370715.5
            ],
            [
              687420.0,
              6370702.5
            ],
            [
              687418.5,
              6370702.5
            ],
            [
              687418.5,
              6370703.5
            ],
            [
              687417.5,
              6370703.5
            ],
            [
              687417.5,
              6370704.5
            ],
            [
              687416.5,
              6370704.5
            ],
            [
              687416.5,
              6370702.5
            ],
            [
              687414.5,
              6370702.5
            ],
            [
              687414.5,
              6370701.5
            ],
            [
              687412.5,
              6370701.5
            ],
            [
              687412.5,
              6370702.5
            ],
            [
              687413.5,
              6370702.5
            ],
            [
              687413.5,
              6370703.5
            ],
            [
              687411.5,
              6370703.5
            ],
            [
              687411.5,
              6370704.5
            ],
            [
              687409.5,
              6370704.5
            ],
            [
              687409.5,
              6370705.5
            ],
            [
              687407.5,
              6370705.5
            ],
            [
              687407.5,
              6370706.5
            ],
            [
              687406.5,
              6370706.5
            ],
            [
              687406.5,
              6370707.5
            ],
            [
              687405.5,
              6370707.5
            ],
            [
              687405.5,
              6370709.5
            ],
            [
              687404.5,
              6370709.5
            ],
            [
              687404.5,
              6370710.5
            ],
            [
              687405.5,
              6370710.5
            ],
            [
              687405.5,
              6370711.5
            ],
            [
              687407.5,
              6370711.5
            ],
            [
              687407.5,
              6370712.5
            ],
            [
              687406.5,
              6370712.5
            ],
            [
              687406.5,
              6370713.5
            ],
            [
              687407.5,
              6370713.5
            ],
            [
              687407.5,
              6370715.5
            ],
            [
              687408.5,
              6370715.5
            ],
            [
              687408.5,
              6370716.5
            ],
            [
              687411.5,
              6370716.5
            ]
          ],
          [
            [
              687418.5,
              6370711.5
            ],
            [
              687419.5,
              6370711.5
            ],
            [
              687419.5,
              6370712.5
            ],
            [
              687418.5,
              6370712.5
            ],
            [
              687418.5,
              6370711.5
            ]
          ],
          [
            [
              687417.5,
              6370709.5
            ],
            [
              687418.5,
              6370709.5
            ],
            [
              687418.5,
              6370710.5
            ],
            [
              687417.5,
              6370710.5
            ],
            [
              687417.5,
              6370709.5
            ]
          ],
          [
            [
              687412.5,
              6370704.5
            ],
            [
              687413.5,
              6370704.5
            ],
            [
              687413.5,
              6370705.5
            ],
            [
              687412.5,
              6370705.5
            ],
            [
              687412.5,
              6370704.5
            ]
          ],
          [
            [
              687411.5,
              6370713.5
            ],
            [
              687412.5,
              6370713.5
            ],
            [
              687412.5,
              6370714.5
            ],
            [
              687411.5,
              6370714.5
            ],
            [
              687411.5,
              6370713.5
            ]
          ],
          [
            [
              687409.5,
              6370714.5
            ],
            [
              687410.5,
              6370714.5
            ],
            [
              687410.5,
              6370715.5
            ],
            [
              687409.5,
              6370715.5
            ],
            [
              687409.5,
              6370714.5
            ]
          ]
        ]
      },
      "properties": {
        "id": "gap-011",
        "gapId": "height-gap-01658",
        "classification": "protected-edge",
        "note": "Distinct crown straddles the frozen evaluation boundary and fairway/water masks. Do not edit the crown or its neighbouring stand cells.",
        "areaMetres2": 149.5,
        "reviewed": true,
        "reviewer": "agent visual interpretation of all 79 six-panel boards",
        "reviewDate": "2026-09-16",
        "sourceDates": {
          "rgbi": "2026-04-10",
          "lidar": [
            "2024-02-03",
            "2024-04-28"
          ],
          "seasonal": "2022; exact date unknown"
        },
        "boardSha256": "986631be78631560dc5b657ea904c4e019afe5e907ac481d1f3c3ea470f6e68b",
        "priorIssueIds": [
          "runtime-tree-visby-000042",
          "r5-canopy-cell-687400-6370700"
        ],
        "status": "reviewed-unresolved",
        "positionMeaning": "Crown evidence does not establish a surveyed trunk position."
      }
    },
    {
      "type": "Feature",
      "geometry": {
        "type": "MultiPolygon",
        "coordinates": [
          [
            [
              [
                687515.5,
                6371523.5
              ],
              [
                687517.5,
                6371523.5
              ],
              [
                687517.5,
                6371521.5
              ],
              [
                687518.5,
                6371521.5
              ],
              [
                687518.5,
                6371522.5
              ],
              [
                687519.5,
                6371522.5
              ],
              [
                687519.5,
                6371520.5
              ],
              [
                687518.5,
                6371520.5
              ],
              [
                687518.5,
                6371518.5
              ],
              [
                687519.5,
                6371518.5
              ],
              [
                687519.5,
                6371517.5
              ],
              [
                687518.5,
                6371517.5
              ],
              [
                687518.5,
                6371516.5
              ],
              [
                687521.5,
                6371516.5
              ],
              [
                687521.5,
                6371510.5
              ],
              [
                687520.5,
                6371510.5
              ],
              [
                687520.5,
                6371509.5
              ],
              [
                687519.5,
                6371509.5
              ],
              [
                687519.5,
                6371510.5
              ],
              [
                687518.5,
                6371510.5
              ],
              [
                687518.5,
                6371509.5
              ],
              [
                687516.5,
                6371509.5
              ],
              [
                687516.5,
                6371511.5
              ],
              [
                687515.5,
                6371511.5
              ],
              [
                687515.5,
                6371512.5
              ],
              [
                687514.5,
                6371512.5
              ],
              [
                687514.5,
                6371513.5
              ],
              [
                687516.5,
                6371513.5
              ],
              [
                687516.5,
                6371514.5
              ],
              [
                687515.5,
                6371514.5
              ],
              [
                687515.5,
                6371515.5
              ],
              [
                687514.5,
                6371515.5
              ],
              [
                687514.5,
                6371516.5
              ],
              [
                687512.5,
                6371516.5
              ],
              [
                687512.5,
                6371517.5
              ],
              [
                687511.5,
                6371517.5
              ],
              [
                687511.5,
                6371518.5
              ],
              [
                687512.5,
                6371518.5
              ],
              [
                687512.5,
                6371519.5
              ],
              [
                687511.5,
                6371519.5
              ],
              [
                687511.5,
                6371520.5
              ],
              [
                687512.5,
                6371520.5
              ],
              [
                687512.5,
                6371521.5
              ],
              [
                687513.5,
                6371521.5
              ],
              [
                687513.5,
                6371522.5
              ],
              [
                687515.5,
                6371522.5
              ],
              [
                687515.5,
                6371523.5
              ]
            ],
            [
              [
                687517.5,
                6371511.5
              ],
              [
                687517.5,
                6371512.5
              ],
              [
                687516.5,
                6371512.5
              ],
              [
                687516.5,
                6371511.5
              ],
              [
                687517.5,
                6371511.5
              ]
            ],
            [
              [
                687517.5,
                6371514.5
              ],
              [
                687517.5,
                6371515.5
              ],
              [
                687516.5,
                6371515.5
              ],
              [
                687516.5,
                6371514.5
              ],
              [
                687517.5,
                6371514.5
              ]
            ],
            [
              [
                687515.5,
                6371521.5
              ],
              [
                687516.5,
                6371521.5
              ],
              [
                687516.5,
                6371522.5
              ],
              [
                687515.5,
                6371522.5
              ],
              [
                687515.5,
                6371521.5
              ]
            ],
            [
              [
                687516.5,
                6371516.5
              ],
              [
                687517.5,
                6371516.5
              ],
              [
                687517.5,
                6371517.5
              ],
              [
                687516.5,
                6371517.5
              ],
              [
                687516.5,
                6371516.5
              ]
            ],
            [
              [
                687515.5,
                6371518.5
              ],
              [
                687516.5,
                6371518.5
              ],
              [
                687516.5,
                6371519.5
              ],
              [
                687515.5,
                6371519.5
              ],
              [
                687515.5,
                6371518.5
              ]
            ]
          ],
          [
            [
              [
                687527.5,
                6371516.5
              ],
              [
                687527.5,
                6371517.5
              ],
              [
                687528.5,
                6371517.5
              ],
              [
                687528.5,
                6371515.5
              ],
              [
                687529.5,
                6371515.5
              ],
              [
                687529.5,
                6371512.5
              ],
              [
                687527.5,
                6371512.5
              ],
              [
                687527.5,
                6371511.5
              ],
              [
                687529.5,
                6371511.5
              ],
              [
                687529.5,
                6371510.5
              ],
              [
                687528.5,
                6371510.5
              ],
              [
                687528.5,
                6371509.5
              ],
              [
                687525.5,
                6371509.5
              ],
              [
                687525.5,
                6371510.5
              ],
              [
                687524.5,
                6371510.5
              ],
              [
                687524.5,
                6371515.5
              ],
              [
                687525.5,
                6371515.5
              ],
              [
                687525.5,
                6371516.5
              ],
              [
                687527.5,
                6371516.5
              ]
            ],
            [
              [
                687525.5,
                6371514.5
              ],
              [
                687526.5,
                6371514.5
              ],
              [
                687526.5,
                6371515.5
              ],
              [
                687525.5,
                6371515.5
              ],
              [
                687525.5,
                6371514.5
              ]
            ],
            [
              [
                687525.5,
                6371511.5
              ],
              [
                687526.5,
                6371511.5
              ],
              [
                687526.5,
                6371512.5
              ],
              [
                687525.5,
                6371512.5
              ],
              [
                687525.5,
                6371511.5
              ]
            ]
          ],
          [
            [
              [
                687521.5,
                6371517.5
              ],
              [
                687520.5,
                6371517.5
              ],
              [
                687520.5,
                6371519.5
              ],
              [
                687519.5,
                6371519.5
              ],
              [
                687519.5,
                6371520.5
              ],
              [
                687520.5,
                6371520.5
              ],
              [
                687520.5,
                6371521.5
              ],
              [
                687522.5,
                6371521.5
              ],
              [
                687522.5,
                6371520.5
              ],
              [
                687523.5,
                6371520.5
              ],
              [
                687523.5,
                6371518.5
              ],
              [
                687524.5,
                6371518.5
              ],
              [
                687524.5,
                6371517.5
              ],
              [
                687525.5,
                6371517.5
              ],
              [
                687525.5,
                6371516.5
              ],
              [
                687521.5,
                6371516.5
              ],
              [
                687521.5,
                6371517.5
              ]
            ]
          ],
          [
            [
              [
                687523.5,
                6371521.5
              ],
              [
                687524.5,
                6371521.5
              ],
              [
                687524.5,
                6371523.5
              ],
              [
                687525.5,
                6371523.5
              ],
              [
                687525.5,
                6371522.5
              ],
              [
                687528.5,
                6371522.5
              ],
              [
                687528.5,
                6371520.5
              ],
              [
                687527.5,
                6371520.5
              ],
              [
                687527.5,
                6371518.5
              ],
              [
                687526.5,
                6371518.5
              ],
              [
                687526.5,
                6371517.5
              ],
              [
                687525.5,
                6371517.5
              ],
              [
                687525.5,
                6371520.5
              ],
              [
                687523.5,
                6371520.5
              ],
              [
                687523.5,
                6371521.5
              ]
            ]
          ]
        ]
      },
      "properties": {
        "id": "gap-012",
        "gapId": "height-gap-00163",
        "classification": "distinct-base-conflict",
        "note": "Several low crowns in the practice-area margin have seasonal and height evidence. Broad practice surface covers their potential bases; a merged gap is not one tree.",
        "areaMetres2": 135.0,
        "reviewed": true,
        "reviewer": "agent visual interpretation of all 79 six-panel boards",
        "reviewDate": "2026-09-16",
        "sourceDates": {
          "rgbi": "2026-04-10",
          "lidar": [
            "2024-02-03",
            "2024-04-28"
          ],
          "seasonal": "2022; exact date unknown"
        },
        "boardSha256": "13506f21b5101a7f8074035091b8952b04acba59d5e658988914e3700a87b682",
        "priorIssueIds": [
          "r1-ref-cal03-006",
          "r1-ref-cal03-007",
          "r4-r4-31/dalponte-d9-m5/12",
          "r4-r4-31/dalponte-d9-m5/13",
          "r4-r4-31/dalponte-d9-m5/15",
          "r4-r4-31/dalponte-d9-m5/16",
          "r5-canopy-cell-687500-6371500"
        ],
        "status": "reviewed-unresolved",
        "positionMeaning": "Crown evidence does not establish a surveyed trunk position."
      }
    },
    {
      "type": "Feature",
      "geometry": {
        "type": "Polygon",
        "coordinates": [
          [
            [
              687516.5,
              6371247.5
            ],
            [
              687516.5,
              6371243.5
            ],
            [
              687517.5,
              6371243.5
            ],
            [
              687517.5,
              6371242.5
            ],
            [
              687516.5,
              6371242.5
            ],
            [
              687516.5,
              6371241.5
            ],
            [
              687515.5,
              6371241.5
            ],
            [
              687515.5,
              6371240.5
            ],
            [
              687513.5,
              6371240.5
            ],
            [
              687513.5,
              6371239.5
            ],
            [
              687511.5,
              6371239.5
            ],
            [
              687511.5,
              6371238.5
            ],
            [
              687510.5,
              6371238.5
            ],
            [
              687510.5,
              6371237.5
            ],
            [
              687508.5,
              6371237.5
            ],
            [
              687508.5,
              6371238.5
            ],
            [
              687507.5,
              6371238.5
            ],
            [
              687507.5,
              6371237.5
            ],
            [
              687505.5,
              6371237.5
            ],
            [
              687505.5,
              6371236.5
            ],
            [
              687504.5,
              6371236.5
            ],
            [
              687504.5,
              6371237.5
            ],
            [
              687503.5,
              6371237.5
            ],
            [
              687503.5,
              6371234.5
            ],
            [
              687500.5,
              6371234.5
            ],
            [
              687500.5,
              6371232.5
            ],
            [
              687500.0,
              6371232.5
            ],
            [
              687499.5,
              6371232.5
            ],
            [
              687499.5,
              6371233.5
            ],
            [
              687498.5,
              6371233.5
            ],
            [
              687498.5,
              6371232.5
            ],
            [
              687496.5,
              6371232.5
            ],
            [
              687496.5,
              6371234.5
            ],
            [
              687497.5,
              6371234.5
            ],
            [
              687497.5,
              6371235.5
            ],
            [
              687496.5,
              6371235.5
            ],
            [
              687496.5,
              6371239.5
            ],
            [
              687500.0,
              6371239.5
            ],
            [
              687505.5,
              6371239.5
            ],
            [
              687505.5,
              6371240.5
            ],
            [
              687504.5,
              6371240.5
            ],
            [
              687504.5,
              6371243.5
            ],
            [
              687506.5,
              6371243.5
            ],
            [
              687506.5,
              6371242.5
            ],
            [
              687507.5,
              6371242.5
            ],
            [
              687507.5,
              6371243.5
            ],
            [
              687508.5,
              6371243.5
            ],
            [
              687508.5,
              6371245.5
            ],
            [
              687509.5,
              6371245.5
            ],
            [
              687509.5,
              6371246.5
            ],
            [
              687508.5,
              6371246.5
            ],
            [
              687508.5,
              6371247.5
            ],
            [
              687516.5,
              6371247.5
            ]
          ],
          [
            [
              687513.5,
              6371241.5
            ],
            [
              687514.5,
              6371241.5
            ],
            [
              687514.5,
              6371242.5
            ],
            [
              687513.5,
              6371242.5
            ],
            [
              687513.5,
              6371241.5
            ]
          ],
          [
            [
              687511.5,
              6371240.5
            ],
            [
              687512.5,
              6371240.5
            ],
            [
              687512.5,
              6371241.5
            ],
            [
              687511.5,
              6371241.5
            ],
            [
              687511.5,
              6371240.5
            ]
          ]
        ]
      },
      "properties": {
        "id": "gap-013",
        "gapId": "height-gap-00464",
        "classification": "overhang",
        "note": "Leafless woodland edge has height support but overlapping crowns and fairway-mask conflict. Keep uncertain base positions.",
        "areaMetres2": 128.0,
        "reviewed": true,
        "reviewer": "agent visual interpretation of all 79 six-panel boards",
        "reviewDate": "2026-09-16",
        "sourceDates": {
          "rgbi": "2026-04-10",
          "lidar": [
            "2024-02-03",
            "2024-04-28"
          ],
          "seasonal": "2022; exact date unknown"
        },
        "boardSha256": "36e9211c364586033fe5f62cf3a3e32fbfb9800d349e43d5cd2b4582a25d3933",
        "priorIssueIds": [
          "r5-canopy-cell-687400-6371200",
          "r5-canopy-cell-687500-6371200"
        ],
        "status": "reviewed-unresolved",
        "positionMeaning": "Crown evidence does not establish a surveyed trunk position."
      }
    },
    {
      "type": "Feature",
      "geometry": {
        "type": "Polygon",
        "coordinates": [
          [
            [
              687784.5,
              6371255.5
            ],
            [
              687784.5,
              6371251.5
            ],
            [
              687794.5,
              6371251.5
            ],
            [
              687794.5,
              6371249.5
            ],
            [
              687795.5,
              6371249.5
            ],
            [
              687795.5,
              6371247.5
            ],
            [
              687793.5,
              6371247.5
            ],
            [
              687793.5,
              6371245.5
            ],
            [
              687792.5,
              6371245.5
            ],
            [
              687792.5,
              6371244.5
            ],
            [
              687791.5,
              6371244.5
            ],
            [
              687791.5,
              6371246.5
            ],
            [
              687790.5,
              6371246.5
            ],
            [
              687790.5,
              6371248.5
            ],
            [
              687789.5,
              6371248.5
            ],
            [
              687789.5,
              6371246.5
            ],
            [
              687788.5,
              6371246.5
            ],
            [
              687788.5,
              6371247.5
            ],
            [
              687786.5,
              6371247.5
            ],
            [
              687786.5,
              6371248.5
            ],
            [
              687785.5,
              6371248.5
            ],
            [
              687785.5,
              6371247.5
            ],
            [
              687784.5,
              6371247.5
            ],
            [
              687784.5,
              6371246.5
            ],
            [
              687781.5,
              6371246.5
            ],
            [
              687781.5,
              6371247.5
            ],
            [
              687780.5,
              6371247.5
            ],
            [
              687780.5,
              6371248.5
            ],
            [
              687779.5,
              6371248.5
            ],
            [
              687779.5,
              6371249.5
            ],
            [
              687778.5,
              6371249.5
            ],
            [
              687778.5,
              6371250.5
            ],
            [
              687779.5,
              6371250.5
            ],
            [
              687779.5,
              6371252.5
            ],
            [
              687778.5,
              6371252.5
            ],
            [
              687778.5,
              6371253.5
            ],
            [
              687777.5,
              6371253.5
            ],
            [
              687777.5,
              6371254.5
            ],
            [
              687776.5,
              6371254.5
            ],
            [
              687776.5,
              6371255.5
            ],
            [
              687784.5,
              6371255.5
            ]
          ],
          [
            [
              687789.5,
              6371250.5
            ],
            [
              687788.5,
              6371250.5
            ],
            [
              687788.5,
              6371248.5
            ],
            [
              687789.5,
              6371248.5
            ],
            [
              687789.5,
              6371250.5
            ]
          ]
        ]
      },
      "properties": {
        "id": "gap-014",
        "gapId": "height-gap-00453",
        "classification": "overhang",
        "note": "Road-side crown lobes extend from woodland and neighbouring individuals. Gap does not establish another tree on the road.",
        "areaMetres2": 94.0,
        "reviewed": true,
        "reviewer": "agent visual interpretation of all 79 six-panel boards",
        "reviewDate": "2026-09-16",
        "sourceDates": {
          "rgbi": "2026-04-10",
          "lidar": [
            "2024-02-03",
            "2024-04-28"
          ],
          "seasonal": "2022; exact date unknown"
        },
        "boardSha256": "ec668a835c213b69341ef6d0a7d40a683c41e21ed573d26bc630dbf35462178c",
        "priorIssueIds": [
          "r5-canopy-cell-687700-6371200"
        ],
        "status": "reviewed-unresolved",
        "positionMeaning": "Crown evidence does not establish a surveyed trunk position."
      }
    },
    {
      "type": "Feature",
      "geometry": {
        "type": "Polygon",
        "coordinates": [
          [
            [
              687931.5,
              6370830.5
            ],
            [
              687932.5,
              6370830.5
            ],
            [
              687932.5,
              6370832.5
            ],
            [
              687937.5,
              6370832.5
            ],
            [
              687937.5,
              6370831.5
            ],
            [
              687939.5,
              6370831.5
            ],
            [
              687939.5,
              6370829.5
            ],
            [
              687938.5,
              6370829.5
            ],
            [
              687938.5,
              6370827.5
            ],
            [
              687939.5,
              6370827.5
            ],
            [
              687939.5,
              6370826.5
            ],
            [
              687937.5,
              6370826.5
            ],
            [
              687937.5,
              6370825.5
            ],
            [
              687939.5,
              6370825.5
            ],
            [
              687939.5,
              6370821.5
            ],
            [
              687938.5,
              6370821.5
            ],
            [
              687938.5,
              6370820.5
            ],
            [
              687937.5,
              6370820.5
            ],
            [
              687937.5,
              6370819.5
            ],
            [
              687935.5,
              6370819.5
            ],
            [
              687935.5,
              6370821.5
            ],
            [
              687934.5,
              6370821.5
            ],
            [
              687934.5,
              6370822.5
            ],
            [
              687931.5,
              6370822.5
            ],
            [
              687931.5,
              6370820.5
            ],
            [
              687930.5,
              6370820.5
            ],
            [
              687930.5,
              6370821.5
            ],
            [
              687929.5,
              6370821.5
            ],
            [
              687929.5,
              6370822.5
            ],
            [
              687928.5,
              6370822.5
            ],
            [
              687928.5,
              6370826.5
            ],
            [
              687929.5,
              6370826.5
            ],
            [
              687929.5,
              6370827.5
            ],
            [
              687928.5,
              6370827.5
            ],
            [
              687928.5,
              6370828.5
            ],
            [
              687930.5,
              6370828.5
            ],
            [
              687930.5,
              6370829.5
            ],
            [
              687931.5,
              6370829.5
            ],
            [
              687931.5,
              6370830.5
            ]
          ],
          [
            [
              687938.5,
              6370822.5
            ],
            [
              687937.5,
              6370822.5
            ],
            [
              687937.5,
              6370821.5
            ],
            [
              687938.5,
              6370821.5
            ],
            [
              687938.5,
              6370822.5
            ]
          ],
          [
            [
              687935.5,
              6370822.5
            ],
            [
              687935.5,
              6370823.5
            ],
            [
              687934.5,
              6370823.5
            ],
            [
              687934.5,
              6370822.5
            ],
            [
              687935.5,
              6370822.5
            ]
          ],
          [
            [
              687931.5,
              6370827.5
            ],
            [
              687932.5,
              6370827.5
            ],
            [
              687932.5,
              6370829.5
            ],
            [
              687931.5,
              6370829.5
            ],
            [
              687931.5,
              6370827.5
            ]
          ],
          [
            [
              687937.5,
              6370823.5
            ],
            [
              687938.5,
              6370823.5
            ],
            [
              687938.5,
              6370824.5
            ],
            [
              687937.5,
              6370824.5
            ],
            [
              687937.5,
              6370823.5
            ]
          ],
          [
            [
              687934.5,
              6370826.5
            ],
            [
              687936.5,
              6370826.5
            ],
            [
              687936.5,
              6370827.5
            ],
            [
              687934.5,
              6370827.5
            ],
            [
              687934.5,
              6370826.5
            ]
          ],
          [
            [
              687935.5,
              6370830.5
            ],
            [
              687936.5,
              6370830.5
            ],
            [
              687936.5,
              6370831.5
            ],
            [
              687935.5,
              6370831.5
            ],
            [
              687935.5,
              6370830.5
            ]
          ],
          [
            [
              687934.5,
              6370828.5
            ],
            [
              687935.5,
              6370828.5
            ],
            [
              687935.5,
              6370829.5
            ],
            [
              687934.5,
              6370829.5
            ],
            [
              687934.5,
              6370828.5
            ]
          ],
          [
            [
              687932.5,
              6370823.5
            ],
            [
              687933.5,
              6370823.5
            ],
            [
              687933.5,
              6370824.5
            ],
            [
              687932.5,
              6370824.5
            ],
            [
              687932.5,
              6370823.5
            ]
          ],
          [
            [
              687929.5,
              6370823.5
            ],
            [
              687930.5,
              6370823.5
            ],
            [
              687930.5,
              6370824.5
            ],
            [
              687929.5,
              6370824.5
            ],
            [
              687929.5,
              6370823.5
            ]
          ]
        ]
      },
      "properties": {
        "id": "gap-015",
        "gapId": "height-gap-01447",
        "classification": "retained-suppressed-record",
        "note": "An existing tree record lies in this crown beside the bunker. Preserve its identity and existing unresolved ground conflict.",
        "areaMetres2": 92.0,
        "reviewed": true,
        "reviewer": "agent visual interpretation of all 79 six-panel boards",
        "reviewDate": "2026-09-16",
        "sourceDates": {
          "rgbi": "2026-04-10",
          "lidar": [
            "2024-02-03",
            "2024-04-28"
          ],
          "seasonal": "2022; exact date unknown"
        },
        "boardSha256": "22edc04d338098647ad586c3095826fd80b517821b9683ded1b9b6340055321d",
        "priorIssueIds": [
          "runtime-tree-visby-000258",
          "r5-canopy-cell-687900-6370800"
        ],
        "status": "reviewed-unresolved",
        "positionMeaning": "Crown evidence does not establish a surveyed trunk position."
      }
    },
    {
      "type": "Feature",
      "geometry": {
        "type": "MultiPolygon",
        "coordinates": [
          [
            [
              [
                687268.5,
                6370740.5
              ],
              [
                687268.5,
                6370741.5
              ],
              [
                687271.5,
                6370741.5
              ],
              [
                687271.5,
                6370742.5
              ],
              [
                687273.5,
                6370742.5
              ],
              [
                687273.5,
                6370741.5
              ],
              [
                687274.5,
                6370741.5
              ],
              [
                687274.5,
                6370742.5
              ],
              [
                687275.5,
                6370742.5
              ],
              [
                687275.5,
                6370741.5
              ],
              [
                687276.5,
                6370741.5
              ],
              [
                687276.5,
                6370740.5
              ],
              [
                687277.5,
                6370740.5
              ],
              [
                687277.5,
                6370741.5
              ],
              [
                687279.5,
                6370741.5
              ],
              [
                687279.5,
                6370740.5
              ],
              [
                687281.5,
                6370740.5
              ],
              [
                687281.5,
                6370737.5
              ],
              [
                687280.5,
                6370737.5
              ],
              [
                687280.5,
                6370733.5
              ],
              [
                687279.5,
                6370733.5
              ],
              [
                687279.5,
                6370732.5
              ],
              [
                687278.5,
                6370732.5
              ],
              [
                687278.5,
                6370733.5
              ],
              [
                687277.5,
                6370733.5
              ],
              [
                687277.5,
                6370732.5
              ],
              [
                687275.5,
                6370732.5
              ],
              [
                687275.5,
                6370733.5
              ],
              [
                687274.5,
                6370733.5
              ],
              [
                687274.5,
                6370734.5
              ],
              [
                687269.5,
                6370734.5
              ],
              [
                687269.5,
                6370735.5
              ],
              [
                687267.5,
                6370735.5
              ],
              [
                687267.5,
                6370736.5
              ],
              [
                687268.5,
                6370736.5
              ],
              [
                687268.5,
                6370738.5
              ],
              [
                687269.5,
                6370738.5
              ],
              [
                687269.5,
                6370739.5
              ],
              [
                687267.5,
                6370739.5
              ],
              [
                687267.5,
                6370740.5
              ],
              [
                687268.5,
                6370740.5
              ]
            ],
            [
              [
                687278.5,
                6370740.5
              ],
              [
                687278.5,
                6370739.5
              ],
              [
                687277.5,
                6370739.5
              ],
              [
                687277.5,
                6370738.5
              ],
              [
                687279.5,
                6370738.5
              ],
              [
                687279.5,
                6370740.5
              ],
              [
                687278.5,
                6370740.5
              ]
            ],
            [
              [
                687271.5,
                6370739.5
              ],
              [
                687271.5,
                6370740.5
              ],
              [
                687269.5,
                6370740.5
              ],
              [
                687269.5,
                6370739.5
              ],
              [
                687271.5,
                6370739.5
              ]
            ],
            [
              [
                687273.5,
                6370736.5
              ],
              [
                687276.5,
                6370736.5
              ],
              [
                687276.5,
                6370737.5
              ],
              [
                687273.5,
                6370737.5
              ],
              [
                687273.5,
                6370736.5
              ]
            ],
            [
              [
                687276.5,
                6370735.5
              ],
              [
                687279.5,
                6370735.5
              ],
              [
                687279.5,
                6370736.5
              ],
              [
                687276.5,
                6370736.5
              ],
              [
                687276.5,
                6370735.5
              ]
            ],
            [
              [
                687275.5,
                6370735.5
              ],
              [
                687275.5,
                6370734.5
              ],
              [
                687276.5,
                6370734.5
              ],
              [
                687276.5,
                6370735.5
              ],
              [
                687275.5,
                6370735.5
              ]
            ],
            [
              [
                687273.5,
                6370739.5
              ],
              [
                687275.5,
                6370739.5
              ],
              [
                687275.5,
                6370740.5
              ],
              [
                687273.5,
                6370740.5
              ],
              [
                687273.5,
                6370739.5
              ]
            ],
            [
              [
                687275.5,
                6370738.5
              ],
              [
                687276.5,
                6370738.5
              ],
              [
                687276.5,
                6370739.5
              ],
              [
                687275.5,
                6370739.5
              ],
              [
                687275.5,
                6370738.5
              ]
            ]
          ],
          [
            [
              [
                687265.5,
                6370741.5
              ],
              [
                687267.5,
                6370741.5
              ],
              [
                687267.5,
                6370740.5
              ],
              [
                687265.5,
                6370740.5
              ],
              [
                687265.5,
                6370741.5
              ]
            ]
          ],
          [
            [
              [
                687265.5,
                6370739.5
              ],
              [
                687264.5,
                6370739.5
              ],
              [
                687264.5,
                6370740.5
              ],
              [
                687265.5,
                6370740.5
              ],
              [
                687265.5,
                6370739.5
              ]
            ]
          ],
          [
            [
              [
                687267.5,
                6370742.5
              ],
              [
                687268.5,
                6370742.5
              ],
              [
                687268.5,
                6370741.5
              ],
              [
                687267.5,
                6370741.5
              ],
              [
                687267.5,
                6370742.5
              ]
            ]
          ],
          [
            [
              [
                687268.5,
                6370742.5
              ],
              [
                687268.5,
                6370743.5
              ],
              [
                687267.5,
                6370743.5
              ],
              [
                687267.5,
                6370744.5
              ],
              [
                687269.5,
                6370744.5
              ],
              [
                687269.5,
                6370743.5
              ],
              [
                687271.5,
                6370743.5
              ],
              [
                687271.5,
                6370742.5
              ],
              [
                687268.5,
                6370742.5
              ]
            ]
          ],
          [
            [
              [
                687266.5,
                6370742.5
              ],
              [
                687266.5,
                6370743.5
              ],
              [
                687267.5,
                6370743.5
              ],
              [
                687267.5,
                6370742.5
              ],
              [
                687266.5,
                6370742.5
              ]
            ]
          ]
        ]
      },
      "properties": {
        "id": "gap-016",
        "gapId": "height-gap-01589",
        "classification": "structure",
        "note": "Small clubhouse-area building roof, present in RGB 2026 and summer 2022.",
        "areaMetres2": 92.0,
        "reviewed": true,
        "reviewer": "agent visual interpretation of all 79 six-panel boards",
        "reviewDate": "2026-09-16",
        "sourceDates": {
          "rgbi": "2026-04-10",
          "lidar": [
            "2024-02-03",
            "2024-04-28"
          ],
          "seasonal": "2022; exact date unknown"
        },
        "boardSha256": "ad0ea8afcb9b1d018b22afc92cff25fea52e92776af6bc6e16a9c7885a495edb",
        "priorIssueIds": [
          "r5-canopy-cell-687200-6370700"
        ],
        "status": "reviewed-non-tree",
        "positionMeaning": "Crown evidence does not establish a surveyed trunk position."
      }
    },
    {
      "type": "Feature",
      "geometry": {
        "type": "MultiPolygon",
        "coordinates": [
          [
            [
              [
                687378.5,
                6371205.5
              ],
              [
                687379.5,
                6371205.5
              ],
              [
                687379.5,
                6371207.5
              ],
              [
                687381.5,
                6371207.5
              ],
              [
                687381.5,
                6371206.5
              ],
              [
                687382.5,
                6371206.5
              ],
              [
                687382.5,
                6371205.5
              ],
              [
                687384.5,
                6371205.5
              ],
              [
                687384.5,
                6371204.5
              ],
              [
                687385.5,
                6371204.5
              ],
              [
                687385.5,
                6371203.5
              ],
              [
                687386.5,
                6371203.5
              ],
              [
                687386.5,
                6371201.5
              ],
              [
                687388.5,
                6371201.5
              ],
              [
                687388.5,
                6371200.5
              ],
              [
                687389.5,
                6371200.5
              ],
              [
                687389.5,
                6371200.0
              ],
              [
                687389.5,
                6371198.5
              ],
              [
                687388.5,
                6371198.5
              ],
              [
                687388.5,
                6371197.5
              ],
              [
                687387.5,
                6371197.5
              ],
              [
                687387.5,
                6371196.5
              ],
              [
                687382.5,
                6371196.5
              ],
              [
                687382.5,
                6371195.5
              ],
              [
                687381.5,
                6371195.5
              ],
              [
                687381.5,
                6371196.5
              ],
              [
                687380.5,
                6371196.5
              ],
              [
                687380.5,
                6371195.5
              ],
              [
                687379.5,
                6371195.5
              ],
              [
                687379.5,
                6371196.5
              ],
              [
                687378.5,
                6371196.5
              ],
              [
                687378.5,
                6371197.5
              ],
              [
                687377.5,
                6371197.5
              ],
              [
                687377.5,
                6371200.0
              ],
              [
                687377.5,
                6371201.5
              ],
              [
                687376.5,
                6371201.5
              ],
              [
                687376.5,
                6371202.5
              ],
              [
                687377.5,
                6371202.5
              ],
              [
                687377.5,
                6371204.5
              ],
              [
                687378.5,
                6371204.5
              ],
              [
                687378.5,
                6371205.5
              ]
            ],
            [
              [
                687378.5,
                6371203.5
              ],
              [
                687379.5,
                6371203.5
              ],
              [
                687379.5,
                6371204.5
              ],
              [
                687378.5,
                6371204.5
              ],
              [
                687378.5,
                6371203.5
              ]
            ],
            [
              [
                687385.5,
                6371197.5
              ],
              [
                687386.5,
                6371197.5
              ],
              [
                687386.5,
                6371198.5
              ],
              [
                687385.5,
                6371198.5
              ],
              [
                687385.5,
                6371197.5
              ]
            ],
            [
              [
                687380.5,
                6371200.0
              ],
              [
                687380.5,
                6371199.5
              ],
              [
                687381.5,
                6371199.5
              ],
              [
                687381.5,
                6371200.0
              ],
              [
                687381.5,
                6371200.5
              ],
              [
                687380.5,
                6371200.5
              ],
              [
                687380.5,
                6371200.0
              ]
            ],
            [
              [
                687380.5,
                6371203.5
              ],
              [
                687381.5,
                6371203.5
              ],
              [
                687381.5,
                6371205.5
              ],
              [
                687380.5,
                6371205.5
              ],
              [
                687380.5,
                6371203.5
              ]
            ]
          ],
          [
            [
              [
                687388.5,
                6371202.5
              ],
              [
                687389.5,
                6371202.5
              ],
              [
                687389.5,
                6371201.5
              ],
              [
                687388.5,
                6371201.5
              ],
              [
                687388.5,
                6371202.5
              ]
            ]
          ]
        ]
      },
      "properties": {
        "id": "gap-017",
        "gapId": "height-gap-00530",
        "classification": "distinct-base-conflict",
        "note": "Isolated western crown is clear in both imagery years and LiDAR, but its base falls in the mapped fairway. Ground boundary requires separate correction.",
        "areaMetres2": 91.0,
        "reviewed": true,
        "reviewer": "agent visual interpretation of all 79 six-panel boards",
        "reviewDate": "2026-09-16",
        "sourceDates": {
          "rgbi": "2026-04-10",
          "lidar": [
            "2024-02-03",
            "2024-04-28"
          ],
          "seasonal": "2022; exact date unknown"
        },
        "boardSha256": "8bb43377b3e5f9dbca9cf3d9ce216afffe01cb05f74a74222d2eb5af192f077b",
        "priorIssueIds": [
          "r3-r3-21/dalponte-d9-m5/31",
          "r5-canopy-cell-687300-6371100",
          "r5-canopy-cell-687300-6371200"
        ],
        "status": "reviewed-unresolved",
        "positionMeaning": "Crown evidence does not establish a surveyed trunk position."
      }
    },
    {
      "type": "Feature",
      "geometry": {
        "type": "Polygon",
        "coordinates": [
          [
            [
              687902.5,
              6370938.5
            ],
            [
              687902.5,
              6370937.5
            ],
            [
              687904.5,
              6370937.5
            ],
            [
              687904.5,
              6370936.5
            ],
            [
              687907.5,
              6370936.5
            ],
            [
              687907.5,
              6370934.5
            ],
            [
              687908.5,
              6370934.5
            ],
            [
              687908.5,
              6370933.5
            ],
            [
              687907.5,
              6370933.5
            ],
            [
              687907.5,
              6370932.5
            ],
            [
              687908.5,
              6370932.5
            ],
            [
              687908.5,
              6370931.5
            ],
            [
              687906.5,
              6370931.5
            ],
            [
              687906.5,
              6370928.5
            ],
            [
              687905.5,
              6370928.5
            ],
            [
              687905.5,
              6370927.5
            ],
            [
              687900.5,
              6370927.5
            ],
            [
              687900.5,
              6370928.5
            ],
            [
              687900.0,
              6370928.5
            ],
            [
              687897.5,
              6370928.5
            ],
            [
              687897.5,
              6370931.5
            ],
            [
              687896.5,
              6370931.5
            ],
            [
              687896.5,
              6370932.5
            ],
            [
              687897.5,
              6370932.5
            ],
            [
              687897.5,
              6370934.5
            ],
            [
              687896.5,
              6370934.5
            ],
            [
              687896.5,
              6370935.5
            ],
            [
              687897.5,
              6370935.5
            ],
            [
              687897.5,
              6370936.5
            ],
            [
              687898.5,
              6370936.5
            ],
            [
              687898.5,
              6370937.5
            ],
            [
              687900.0,
              6370937.5
            ],
            [
              687900.5,
              6370937.5
            ],
            [
              687900.5,
              6370938.5
            ],
            [
              687902.5,
              6370938.5
            ]
          ],
          [
            [
              687903.5,
              6370931.5
            ],
            [
              687904.5,
              6370931.5
            ],
            [
              687904.5,
              6370932.5
            ],
            [
              687903.5,
              6370932.5
            ],
            [
              687903.5,
              6370931.5
            ]
          ],
          [
            [
              687901.5,
              6370931.5
            ],
            [
              687902.5,
              6370931.5
            ],
            [
              687902.5,
              6370932.5
            ],
            [
              687901.5,
              6370932.5
            ],
            [
              687901.5,
              6370931.5
            ]
          ],
          [
            [
              687901.5,
              6370933.5
            ],
            [
              687902.5,
              6370933.5
            ],
            [
              687902.5,
              6370934.5
            ],
            [
              687901.5,
              6370934.5
            ],
            [
              687901.5,
              6370933.5
            ]
          ],
          [
            [
              687899.5,
              6370930.5
            ],
            [
              687900.0,
              6370930.5
            ],
            [
              687900.5,
              6370930.5
            ],
            [
              687900.5,
              6370931.5
            ],
            [
              687900.0,
              6370931.5
            ],
            [
              687899.5,
              6370931.5
            ],
            [
              687899.5,
              6370930.5
            ]
          ]
        ]
      },
      "properties": {
        "id": "gap-018",
        "gapId": "height-gap-01216",
        "classification": "distinct-base-conflict",
        "note": "Isolated tree in open ground has a separate height island and matching seasonal crown. Runtime fairway exclusion blocks its source position.",
        "areaMetres2": 90.0,
        "reviewed": true,
        "reviewer": "agent visual interpretation of all 79 six-panel boards",
        "reviewDate": "2026-09-16",
        "sourceDates": {
          "rgbi": "2026-04-10",
          "lidar": [
            "2024-02-03",
            "2024-04-28"
          ],
          "seasonal": "2022; exact date unknown"
        },
        "boardSha256": "c830ad1fef04bd8efcbc65efd31ce5c52aca694996bfcf4c33b16a810704c6a4",
        "priorIssueIds": [
          "r4-r4-66/dalponte-d9-m5/39",
          "r5-canopy-cell-687800-6370900",
          "r5-canopy-cell-687900-6370900"
        ],
        "status": "reviewed-unresolved",
        "positionMeaning": "Crown evidence does not establish a surveyed trunk position."
      }
    },
    {
      "type": "Feature",
      "geometry": {
        "type": "MultiPolygon",
        "coordinates": [
          [
            [
              [
                687906.5,
                6371062.5
              ],
              [
                687906.5,
                6371064.5
              ],
              [
                687905.5,
                6371064.5
              ],
              [
                687905.5,
                6371065.5
              ],
              [
                687906.5,
                6371065.5
              ],
              [
                687906.5,
                6371066.5
              ],
              [
                687907.5,
                6371066.5
              ],
              [
                687907.5,
                6371067.5
              ],
              [
                687905.5,
                6371067.5
              ],
              [
                687905.5,
                6371068.5
              ],
              [
                687906.5,
                6371068.5
              ],
              [
                687906.5,
                6371069.5
              ],
              [
                687905.5,
                6371069.5
              ],
              [
                687905.5,
                6371070.5
              ],
              [
                687908.5,
                6371070.5
              ],
              [
                687908.5,
                6371069.5
              ],
              [
                687909.5,
                6371069.5
              ],
              [
                687909.5,
                6371068.5
              ],
              [
                687910.5,
                6371068.5
              ],
              [
                687910.5,
                6371067.5
              ],
              [
                687911.5,
                6371067.5
              ],
              [
                687911.5,
                6371066.5
              ],
              [
                687910.5,
                6371066.5
              ],
              [
                687910.5,
                6371065.5
              ],
              [
                687911.5,
                6371065.5
              ],
              [
                687911.5,
                6371064.5
              ],
              [
                687912.5,
                6371064.5
              ],
              [
                687912.5,
                6371063.5
              ],
              [
                687910.5,
                6371063.5
              ],
              [
                687910.5,
                6371062.5
              ],
              [
                687912.5,
                6371062.5
              ],
              [
                687912.5,
                6371061.5
              ],
              [
                687913.5,
                6371061.5
              ],
              [
                687913.5,
                6371062.5
              ],
              [
                687914.5,
                6371062.5
              ],
              [
                687914.5,
                6371055.5
              ],
              [
                687912.5,
                6371055.5
              ],
              [
                687912.5,
                6371056.5
              ],
              [
                687909.5,
                6371056.5
              ],
              [
                687909.5,
                6371057.5
              ],
              [
                687907.5,
                6371057.5
              ],
              [
                687907.5,
                6371058.5
              ],
              [
                687906.5,
                6371058.5
              ],
              [
                687906.5,
                6371060.5
              ],
              [
                687905.5,
                6371060.5
              ],
              [
                687905.5,
                6371062.5
              ],
              [
                687906.5,
                6371062.5
              ]
            ],
            [
              [
                687910.5,
                6371057.5
              ],
              [
                687911.5,
                6371057.5
              ],
              [
                687911.5,
                6371058.5
              ],
              [
                687910.5,
                6371058.5
              ],
              [
                687910.5,
                6371057.5
              ]
            ],
            [
              [
                687912.5,
                6371058.5
              ],
              [
                687912.5,
                6371059.5
              ],
              [
                687911.5,
                6371059.5
              ],
              [
                687911.5,
                6371058.5
              ],
              [
                687912.5,
                6371058.5
              ]
            ],
            [
              [
                687907.5,
                6371062.5
              ],
              [
                687908.5,
                6371062.5
              ],
              [
                687908.5,
                6371063.5
              ],
              [
                687907.5,
                6371063.5
              ],
              [
                687907.5,
                6371062.5
              ]
            ]
          ],
          [
            [
              [
                687904.5,
                6371062.5
              ],
              [
                687904.5,
                6371063.5
              ],
              [
                687905.5,
                6371063.5
              ],
              [
                687905.5,
                6371062.5
              ],
              [
                687904.5,
                6371062.5
              ]
            ]
          ],
          [
            [
              [
                687912.5,
                6371062.5
              ],
              [
                687912.5,
                6371063.5
              ],
              [
                687913.5,
                6371063.5
              ],
              [
                687913.5,
                6371062.5
              ],
              [
                687912.5,
                6371062.5
              ]
            ]
          ],
          [
            [
              [
                687909.5,
                6371070.5
              ],
              [
                687910.5,
                6371070.5
              ],
              [
                687910.5,
                6371069.5
              ],
              [
                687909.5,
                6371069.5
              ],
              [
                687909.5,
                6371070.5
              ]
            ]
          ]
        ]
      },
      "properties": {
        "id": "gap-019",
        "gapId": "height-gap-00828",
        "classification": "distinct-base-conflict",
        "note": "Tree beside the bunker has height support. Fairway and bunker margins conflict with a defensible base; no image-centre relocation.",
        "areaMetres2": 82.0,
        "reviewed": true,
        "reviewer": "agent visual interpretation of all 79 six-panel boards",
        "reviewDate": "2026-09-16",
        "sourceDates": {
          "rgbi": "2026-04-10",
          "lidar": [
            "2024-02-03",
            "2024-04-28"
          ],
          "seasonal": "2022; exact date unknown"
        },
        "boardSha256": "32ee11da36c7e1a6cca0d66d70ad1aa3c237d6fbe672e31e5d3d2b2de7faac93",
        "priorIssueIds": [
          "r4-r4-67/dalponte-d9-m5/15",
          "r5-canopy-cell-687900-6371000"
        ],
        "status": "reviewed-unresolved",
        "positionMeaning": "Crown evidence does not establish a surveyed trunk position."
      }
    },
    {
      "type": "Feature",
      "geometry": {
        "type": "MultiPolygon",
        "coordinates": [
          [
            [
              [
                687468.5,
                6371852.5
              ],
              [
                687468.5,
                6371851.5
              ],
              [
                687467.5,
                6371851.5
              ],
              [
                687467.5,
                6371852.5
              ],
              [
                687468.5,
                6371852.5
              ]
            ]
          ],
          [
            [
              [
                687469.5,
                6371851.5
              ],
              [
                687469.5,
                6371850.5
              ],
              [
                687470.5,
                6371850.5
              ],
              [
                687470.5,
                6371849.5
              ],
              [
                687471.5,
                6371849.5
              ],
              [
                687471.5,
                6371848.5
              ],
              [
                687472.5,
                6371848.5
              ],
              [
                687472.5,
                6371847.5
              ],
              [
                687468.5,
                6371847.5
              ],
              [
                687468.5,
                6371851.5
              ],
              [
                687469.5,
                6371851.5
              ]
            ]
          ],
          [
            [
              [
                687474.5,
                6371847.5
              ],
              [
                687474.5,
                6371848.5
              ],
              [
                687476.5,
                6371848.5
              ],
              [
                687476.5,
                6371846.5
              ],
              [
                687482.5,
                6371846.5
              ],
              [
                687482.5,
                6371845.5
              ],
              [
                687483.5,
                6371845.5
              ],
              [
                687483.5,
                6371842.5
              ],
              [
                687484.5,
                6371842.5
              ],
              [
                687484.5,
                6371839.5
              ],
              [
                687476.5,
                6371839.5
              ],
              [
                687476.5,
                6371843.5
              ],
              [
                687472.5,
                6371843.5
              ],
              [
                687472.5,
                6371847.5
              ],
              [
                687474.5,
                6371847.5
              ]
            ]
          ]
        ]
      },
      "properties": {
        "id": "gap-020",
        "gapId": "height-gap-00008",
        "classification": "overhang",
        "note": "Northern woodland fringe follows a broad fairway cut. Connected canopy remains woodland; no separate stem inferred.",
        "areaMetres2": 80.0,
        "reviewed": true,
        "reviewer": "agent visual interpretation of all 79 six-panel boards",
        "reviewDate": "2026-09-16",
        "sourceDates": {
          "rgbi": "2026-04-10",
          "lidar": [
            "2024-02-03",
            "2024-04-28"
          ],
          "seasonal": "2022; exact date unknown"
        },
        "boardSha256": "036ce7445bfb46799318148b61a95ec27c11d6a994dbca7d9b89d1edc8c110d6",
        "priorIssueIds": [
          "r3-r3-22/dalponte-d9-m5/5",
          "r5-canopy-cell-687400-6371800"
        ],
        "status": "reviewed-unresolved",
        "positionMeaning": "Crown evidence does not establish a surveyed trunk position."
      }
    },
    {
      "type": "Feature",
      "geometry": {
        "type": "MultiPolygon",
        "coordinates": [
          [
            [
              [
                687695.5,
                6371067.5
              ],
              [
                687695.5,
                6371066.5
              ],
              [
                687697.5,
                6371066.5
              ],
              [
                687697.5,
                6371067.5
              ],
              [
                687696.5,
                6371067.5
              ],
              [
                687696.5,
                6371068.5
              ],
              [
                687699.5,
                6371068.5
              ],
              [
                687699.5,
                6371067.5
              ],
              [
                687698.5,
                6371067.5
              ],
              [
                687698.5,
                6371066.5
              ],
              [
                687700.0,
                6371066.5
              ],
              [
                687700.5,
                6371066.5
              ],
              [
                687700.5,
                6371063.5
              ],
              [
                687700.0,
                6371063.5
              ],
              [
                687699.5,
                6371063.5
              ],
              [
                687699.5,
                6371062.5
              ],
              [
                687698.5,
                6371062.5
              ],
              [
                687698.5,
                6371060.5
              ],
              [
                687697.5,
                6371060.5
              ],
              [
                687697.5,
                6371058.5
              ],
              [
                687696.5,
                6371058.5
              ],
              [
                687696.5,
                6371057.5
              ],
              [
                687694.5,
                6371057.5
              ],
              [
                687694.5,
                6371056.5
              ],
              [
                687693.5,
                6371056.5
              ],
              [
                687693.5,
                6371058.5
              ],
              [
                687692.5,
                6371058.5
              ],
              [
                687692.5,
                6371057.5
              ],
              [
                687690.5,
                6371057.5
              ],
              [
                687690.5,
                6371059.5
              ],
              [
                687691.5,
                6371059.5
              ],
              [
                687691.5,
                6371060.5
              ],
              [
                687690.5,
                6371060.5
              ],
              [
                687690.5,
                6371064.5
              ],
              [
                687692.5,
                6371064.5
              ],
              [
                687692.5,
                6371065.5
              ],
              [
                687691.5,
                6371065.5
              ],
              [
                687691.5,
                6371068.5
              ],
              [
                687694.5,
                6371068.5
              ],
              [
                687694.5,
                6371067.5
              ],
              [
                687695.5,
                6371067.5
              ]
            ],
            [
              [
                687699.5,
                6371064.5
              ],
              [
                687698.5,
                6371064.5
              ],
              [
                687698.5,
                6371063.5
              ],
              [
                687699.5,
                6371063.5
              ],
              [
                687699.5,
                6371064.5
              ]
            ],
            [
              [
                687693.5,
                6371067.5
              ],
              [
                687693.5,
                6371066.5
              ],
              [
                687694.5,
                6371066.5
              ],
              [
                687694.5,
                6371067.5
              ],
              [
                687693.5,
                6371067.5
              ]
            ],
            [
              [
                687695.5,
                6371063.5
              ],
              [
                687696.5,
                6371063.5
              ],
              [
                687696.5,
                6371064.5
              ],
              [
                687695.5,
                6371064.5
              ],
              [
                687695.5,
                6371063.5
              ]
            ],
            [
              [
                687694.5,
                6371058.5
              ],
              [
                687695.5,
                6371058.5
              ],
              [
                687695.5,
                6371059.5
              ],
              [
                687694.5,
                6371059.5
              ],
              [
                687694.5,
                6371058.5
              ]
            ],
            [
              [
                687691.5,
                6371061.5
              ],
              [
                687692.5,
                6371061.5
              ],
              [
                687692.5,
                6371062.5
              ],
              [
                687691.5,
                6371062.5
              ],
              [
                687691.5,
                6371061.5
              ]
            ],
            [
              [
                687692.5,
                6371060.5
              ],
              [
                687693.5,
                6371060.5
              ],
              [
                687693.5,
                6371061.5
              ],
              [
                687692.5,
                6371061.5
              ],
              [
                687692.5,
                6371060.5
              ]
            ]
          ],
          [
            [
              [
                687699.5,
                6371060.5
              ],
              [
                687699.5,
                6371058.5
              ],
              [
                687698.5,
                6371058.5
              ],
              [
                687698.5,
                6371060.5
              ],
              [
                687699.5,
                6371060.5
              ]
            ]
          ],
          [
            [
              [
                687699.5,
                6371061.5
              ],
              [
                687700.0,
                6371061.5
              ],
              [
                687700.5,
                6371061.5
              ],
              [
                687700.5,
                6371060.5
              ],
              [
                687700.0,
                6371060.5
              ],
              [
                687699.5,
                6371060.5
              ],
              [
                687699.5,
                6371061.5
              ]
            ]
          ],
          [
            [
              [
                687699.5,
                6371069.5
              ],
              [
                687700.0,
                6371069.5
              ],
              [
                687700.5,
                6371069.5
              ],
              [
                687700.5,
                6371068.5
              ],
              [
                687700.0,
                6371068.5
              ],
              [
                687699.5,
                6371068.5
              ],
              [
                687699.5,
                6371069.5
              ]
            ]
          ]
        ]
      },
      "properties": {
        "id": "gap-021",
        "gapId": "height-gap-00829",
        "classification": "distinct-base-conflict",
        "note": "Small crown south of the retained tree group is supported by height and CIR, but lies within the practice-area surface mask.",
        "areaMetres2": 80.0,
        "reviewed": true,
        "reviewer": "agent visual interpretation of all 79 six-panel boards",
        "reviewDate": "2026-09-16",
        "sourceDates": {
          "rgbi": "2026-04-10",
          "lidar": [
            "2024-02-03",
            "2024-04-28"
          ],
          "seasonal": "2022; exact date unknown"
        },
        "boardSha256": "b2a2786488504b00f060d9aa3765b6d52b0a845405846fd066a85aa87cafe5ab",
        "priorIssueIds": [
          "r4-r4-35/dalponte-d9-m5/21",
          "r5-canopy-cell-687600-6371000",
          "r5-canopy-cell-687700-6371000"
        ],
        "status": "reviewed-unresolved",
        "positionMeaning": "Crown evidence does not establish a surveyed trunk position."
      }
    },
    {
      "type": "Feature",
      "geometry": {
        "type": "MultiPolygon",
        "coordinates": [
          [
            [
              [
                687331.5,
                6371543.5
              ],
              [
                687331.5,
                6371542.5
              ],
              [
                687330.5,
                6371542.5
              ],
              [
                687330.5,
                6371543.5
              ],
              [
                687331.5,
                6371543.5
              ]
            ]
          ],
          [
            [
              [
                687329.5,
                6371543.5
              ],
              [
                687329.5,
                6371546.5
              ],
              [
                687328.5,
                6371546.5
              ],
              [
                687328.5,
                6371545.5
              ],
              [
                687327.5,
                6371545.5
              ],
              [
                687327.5,
                6371548.5
              ],
              [
                687326.5,
                6371548.5
              ],
              [
                687326.5,
                6371549.5
              ],
              [
                687327.5,
                6371549.5
              ],
              [
                687327.5,
                6371550.5
              ],
              [
                687328.5,
                6371550.5
              ],
              [
                687328.5,
                6371551.5
              ],
              [
                687329.5,
                6371551.5
              ],
              [
                687329.5,
                6371553.5
              ],
              [
                687330.5,
                6371553.5
              ],
              [
                687330.5,
                6371554.5
              ],
              [
                687331.5,
                6371554.5
              ],
              [
                687331.5,
                6371556.5
              ],
              [
                687332.5,
                6371556.5
              ],
              [
                687332.5,
                6371555.5
              ],
              [
                687334.5,
                6371555.5
              ],
              [
                687334.5,
                6371552.5
              ],
              [
                687336.5,
                6371552.5
              ],
              [
                687336.5,
                6371545.5
              ],
              [
                687335.5,
                6371545.5
              ],
              [
                687335.5,
                6371544.5
              ],
              [
                687333.5,
                6371544.5
              ],
              [
                687333.5,
                6371543.5
              ],
              [
                687331.5,
                6371543.5
              ],
              [
                687331.5,
                6371545.5
              ],
              [
                687330.5,
                6371545.5
              ],
              [
                687330.5,
                6371543.5
              ],
              [
                687329.5,
                6371543.5
              ]
            ],
            [
              [
                687332.5,
                6371545.5
              ],
              [
                687333.5,
                6371545.5
              ],
              [
                687333.5,
                6371546.5
              ],
              [
                687332.5,
                6371546.5
              ],
              [
                687332.5,
                6371545.5
              ]
            ],
            [
              [
                687332.5,
                6371553.5
              ],
              [
                687333.5,
                6371553.5
              ],
              [
                687333.5,
                6371554.5
              ],
              [
                687332.5,
                6371554.5
              ],
              [
                687332.5,
                6371553.5
              ]
            ],
            [
              [
                687330.5,
                6371549.5
              ],
              [
                687332.5,
                6371549.5
              ],
              [
                687332.5,
                6371550.5
              ],
              [
                687330.5,
                6371550.5
              ],
              [
                687330.5,
                6371549.5
              ]
            ],
            [
              [
                687331.5,
                6371547.5
              ],
              [
                687332.5,
                6371547.5
              ],
              [
                687332.5,
                6371548.5
              ],
              [
                687331.5,
                6371548.5
              ],
              [
                687331.5,
                6371547.5
              ]
            ]
          ]
        ]
      },
      "properties": {
        "id": "gap-022",
        "gapId": "height-gap-00147",
        "classification": "distinct-base-conflict",
        "note": "Isolated crown and shadow agree across dates, with a distinct LiDAR island. Fairway mask blocks the source position.",
        "areaMetres2": 77.0,
        "reviewed": true,
        "reviewer": "agent visual interpretation of all 79 six-panel boards",
        "reviewDate": "2026-09-16",
        "sourceDates": {
          "rgbi": "2026-04-10",
          "lidar": [
            "2024-02-03",
            "2024-04-28"
          ],
          "seasonal": "2022; exact date unknown"
        },
        "boardSha256": "452281be457bfc481dd38c583ad99a813ef57b98618a247923b5ddb70edc0818",
        "priorIssueIds": [
          "r1-ref-cal06-005",
          "r4-r4-09/dalponte-d9-m5/9",
          "r5-canopy-cell-687300-6371500"
        ],
        "status": "reviewed-unresolved",
        "positionMeaning": "Crown evidence does not establish a surveyed trunk position."
      }
    },
    {
      "type": "Feature",
      "geometry": {
        "type": "MultiPolygon",
        "coordinates": [
          [
            [
              [
                687434.5,
                6371432.5
              ],
              [
                687434.5,
                6371431.5
              ],
              [
                687435.5,
                6371431.5
              ],
              [
                687435.5,
                6371430.5
              ],
              [
                687434.5,
                6371430.5
              ],
              [
                687434.5,
                6371429.5
              ],
              [
                687436.5,
                6371429.5
              ],
              [
                687436.5,
                6371430.5
              ],
              [
                687439.5,
                6371430.5
              ],
              [
                687439.5,
                6371428.5
              ],
              [
                687440.5,
                6371428.5
              ],
              [
                687440.5,
                6371427.5
              ],
              [
                687438.5,
                6371427.5
              ],
              [
                687438.5,
                6371426.5
              ],
              [
                687437.5,
                6371426.5
              ],
              [
                687437.5,
                6371425.5
              ],
              [
                687438.5,
                6371425.5
              ],
              [
                687438.5,
                6371423.5
              ],
              [
                687437.5,
                6371423.5
              ],
              [
                687437.5,
                6371421.5
              ],
              [
                687435.5,
                6371421.5
              ],
              [
                687435.5,
                6371420.5
              ],
              [
                687434.5,
                6371420.5
              ],
              [
                687434.5,
                6371421.5
              ],
              [
                687432.5,
                6371421.5
              ],
              [
                687432.5,
                6371422.5
              ],
              [
                687431.5,
                6371422.5
              ],
              [
                687431.5,
                6371424.5
              ],
              [
                687432.5,
                6371424.5
              ],
              [
                687432.5,
                6371425.5
              ],
              [
                687433.5,
                6371425.5
              ],
              [
                687433.5,
                6371426.5
              ],
              [
                687429.5,
                6371426.5
              ],
              [
                687429.5,
                6371427.5
              ],
              [
                687428.5,
                6371427.5
              ],
              [
                687428.5,
                6371430.5
              ],
              [
                687430.5,
                6371430.5
              ],
              [
                687430.5,
                6371431.5
              ],
              [
                687433.5,
                6371431.5
              ],
              [
                687433.5,
                6371432.5
              ],
              [
                687434.5,
                6371432.5
              ]
            ],
            [
              [
                687434.5,
                6371427.5
              ],
              [
                687436.5,
                6371427.5
              ],
              [
                687436.5,
                6371428.5
              ],
              [
                687434.5,
                6371428.5
              ],
              [
                687434.5,
                6371427.5
              ]
            ],
            [
              [
                687435.5,
                6371425.5
              ],
              [
                687436.5,
                6371425.5
              ],
              [
                687436.5,
                6371426.5
              ],
              [
                687435.5,
                6371426.5
              ],
              [
                687435.5,
                6371425.5
              ]
            ]
          ],
          [
            [
              [
                687438.5,
                6371421.5
              ],
              [
                687438.5,
                6371420.5
              ],
              [
                687437.5,
                6371420.5
              ],
              [
                687437.5,
                6371421.5
              ],
              [
                687438.5,
                6371421.5
              ]
            ]
          ]
        ]
      },
      "properties": {
        "id": "gap-023",
        "gapId": "height-gap-00236",
        "classification": "distinct-base-conflict",
        "note": "Two low crowns within the practice belt join in the residual component. Keep their separate identity uncertainty and ground-mask conflict.",
        "areaMetres2": 74.0,
        "reviewed": true,
        "reviewer": "agent visual interpretation of all 79 six-panel boards",
        "reviewDate": "2026-09-16",
        "sourceDates": {
          "rgbi": "2026-04-10",
          "lidar": [
            "2024-02-03",
            "2024-04-28"
          ],
          "seasonal": "2022; exact date unknown"
        },
        "boardSha256": "6c23d5a9c112e09026a3130d5621a7baf98377129efba5558bbcdf043da17dcb",
        "priorIssueIds": [
          "r4-r4-20/dalponte-d9-m5/12",
          "r4-r4-20/dalponte-d9-m5/13",
          "r5-canopy-cell-687400-6371400"
        ],
        "status": "reviewed-unresolved",
        "positionMeaning": "Crown evidence does not establish a surveyed trunk position."
      }
    },
    {
      "type": "Feature",
      "geometry": {
        "type": "MultiPolygon",
        "coordinates": [
          [
            [
              [
                687947.5,
                6371106.5
              ],
              [
                687947.5,
                6371107.5
              ],
              [
                687949.5,
                6371107.5
              ],
              [
                687949.5,
                6371108.5
              ],
              [
                687947.5,
                6371108.5
              ],
              [
                687947.5,
                6371109.5
              ],
              [
                687946.5,
                6371109.5
              ],
              [
                687946.5,
                6371110.5
              ],
              [
                687948.5,
                6371110.5
              ],
              [
                687948.5,
                6371112.5
              ],
              [
                687949.5,
                6371112.5
              ],
              [
                687949.5,
                6371111.5
              ],
              [
                687950.5,
                6371111.5
              ],
              [
                687950.5,
                6371110.5
              ],
              [
                687951.5,
                6371110.5
              ],
              [
                687951.5,
                6371108.5
              ],
              [
                687952.5,
                6371108.5
              ],
              [
                687952.5,
                6371110.5
              ],
              [
                687953.5,
                6371110.5
              ],
              [
                687953.5,
                6371111.5
              ],
              [
                687955.5,
                6371111.5
              ],
              [
                687955.5,
                6371110.5
              ],
              [
                687956.5,
                6371110.5
              ],
              [
                687956.5,
                6371106.5
              ],
              [
                687955.5,
                6371106.5
              ],
              [
                687955.5,
                6371105.5
              ],
              [
                687956.5,
                6371105.5
              ],
              [
                687956.5,
                6371104.5
              ],
              [
                687954.5,
                6371104.5
              ],
              [
                687954.5,
                6371102.5
              ],
              [
                687952.5,
                6371102.5
              ],
              [
                687952.5,
                6371101.5
              ],
              [
                687951.5,
                6371101.5
              ],
              [
                687951.5,
                6371102.5
              ],
              [
                687950.5,
                6371102.5
              ],
              [
                687950.5,
                6371101.5
              ],
              [
                687948.5,
                6371101.5
              ],
              [
                687948.5,
                6371103.5
              ],
              [
                687947.5,
                6371103.5
              ],
              [
                687947.5,
                6371104.5
              ],
              [
                687946.5,
                6371104.5
              ],
              [
                687946.5,
                6371106.5
              ],
              [
                687947.5,
                6371106.5
              ]
            ],
            [
              [
                687949.5,
                6371106.5
              ],
              [
                687950.5,
                6371106.5
              ],
              [
                687950.5,
                6371107.5
              ],
              [
                687949.5,
                6371107.5
              ],
              [
                687949.5,
                6371106.5
              ]
            ],
            [
              [
                687948.5,
                6371104.5
              ],
              [
                687948.5,
                6371105.5
              ],
              [
                687947.5,
                6371105.5
              ],
              [
                687947.5,
                6371104.5
              ],
              [
                687948.5,
                6371104.5
              ]
            ],
            [
              [
                687951.5,
                6371105.5
              ],
              [
                687952.5,
                6371105.5
              ],
              [
                687952.5,
                6371106.5
              ],
              [
                687951.5,
                6371106.5
              ],
              [
                687951.5,
                6371105.5
              ]
            ],
            [
              [
                687949.5,
                6371103.5
              ],
              [
                687950.5,
                6371103.5
              ],
              [
                687950.5,
                6371104.5
              ],
              [
                687949.5,
                6371104.5
              ],
              [
                687949.5,
                6371103.5
              ]
            ]
          ],
          [
            [
              [
                687945.5,
                6371106.5
              ],
              [
                687945.5,
                6371108.5
              ],
              [
                687947.5,
                6371108.5
              ],
              [
                687947.5,
                6371107.5
              ],
              [
                687946.5,
                6371107.5
              ],
              [
                687946.5,
                6371106.5
              ],
              [
                687945.5,
                6371106.5
              ]
            ]
          ]
        ]
      },
      "properties": {
        "id": "gap-024",
        "gapId": "height-gap-00733",
        "classification": "distinct-base-conflict",
        "note": "Road-side crown is the previously held round-five base candidate. Preserve that case and reserved ID; the source centre remains on the path.",
        "areaMetres2": 72.0,
        "reviewed": true,
        "reviewer": "agent visual interpretation of all 79 six-panel boards",
        "reviewDate": "2026-09-16",
        "sourceDates": {
          "rgbi": "2026-04-10",
          "lidar": [
            "2024-02-03",
            "2024-04-28"
          ],
          "seasonal": "2022; exact date unknown"
        },
        "boardSha256": "aee6627258dc2c98c8e1b0cbd9ab7ff709a0738378de1bc5d937f4075f5668f2",
        "priorIssueIds": [
          "r4-r5-111/dalponte-d9-m5/35",
          "r5-canopy-cell-687900-6371100"
        ],
        "status": "reviewed-unresolved",
        "positionMeaning": "Crown evidence does not establish a surveyed trunk position."
      }
    },
    {
      "type": "Feature",
      "geometry": {
        "type": "Polygon",
        "coordinates": [
          [
            [
              687694.5,
              6371081.5
            ],
            [
              687694.5,
              6371083.5
            ],
            [
              687695.5,
              6371083.5
            ],
            [
              687695.5,
              6371086.5
            ],
            [
              687696.5,
              6371086.5
            ],
            [
              687696.5,
              6371070.5
            ],
            [
              687695.5,
              6371070.5
            ],
            [
              687695.5,
              6371071.5
            ],
            [
              687694.5,
              6371071.5
            ],
            [
              687694.5,
              6371070.5
            ],
            [
              687693.5,
              6371070.5
            ],
            [
              687693.5,
              6371072.5
            ],
            [
              687691.5,
              6371072.5
            ],
            [
              687691.5,
              6371073.5
            ],
            [
              687690.5,
              6371073.5
            ],
            [
              687690.5,
              6371074.5
            ],
            [
              687689.5,
              6371074.5
            ],
            [
              687689.5,
              6371079.5
            ],
            [
              687690.5,
              6371079.5
            ],
            [
              687690.5,
              6371080.5
            ],
            [
              687689.5,
              6371080.5
            ],
            [
              687689.5,
              6371082.5
            ],
            [
              687692.5,
              6371082.5
            ],
            [
              687692.5,
              6371083.5
            ],
            [
              687693.5,
              6371083.5
            ],
            [
              687693.5,
              6371081.5
            ],
            [
              687694.5,
              6371081.5
            ]
          ],
          [
            [
              687691.5,
              6371081.5
            ],
            [
              687691.5,
              6371080.5
            ],
            [
              687693.5,
              6371080.5
            ],
            [
              687693.5,
              6371081.5
            ],
            [
              687691.5,
              6371081.5
            ]
          ],
          [
            [
              687693.5,
              6371076.5
            ],
            [
              687694.5,
              6371076.5
            ],
            [
              687694.5,
              6371077.5
            ],
            [
              687693.5,
              6371077.5
            ],
            [
              687693.5,
              6371076.5
            ]
          ],
          [
            [
              687691.5,
              6371075.5
            ],
            [
              687692.5,
              6371075.5
            ],
            [
              687692.5,
              6371076.5
            ],
            [
              687691.5,
              6371076.5
            ],
            [
              687691.5,
              6371075.5
            ]
          ]
        ]
      },
      "properties": {
        "id": "gap-025",
        "gapId": "height-gap-00793",
        "classification": "overhang",
        "note": "Western lobe belongs near an existing segmented tree, but overlap with neighbouring canopy prevents a confident whole-crown expansion.",
        "areaMetres2": 72.0,
        "reviewed": true,
        "reviewer": "agent visual interpretation of all 79 six-panel boards",
        "reviewDate": "2026-09-16",
        "sourceDates": {
          "rgbi": "2026-04-10",
          "lidar": [
            "2024-02-03",
            "2024-04-28"
          ],
          "seasonal": "2022; exact date unknown"
        },
        "boardSha256": "3efbdf7e340a76f222f267b5137d86c555d4753a48764a5be0611274a3c0cb54",
        "priorIssueIds": [
          "r4-r4-35/dalponte-d9-m5/14",
          "r5-canopy-cell-687600-6371000"
        ],
        "status": "reviewed-unresolved",
        "positionMeaning": "Crown evidence does not establish a surveyed trunk position."
      }
    },
    {
      "type": "Feature",
      "geometry": {
        "type": "MultiPolygon",
        "coordinates": [
          [
            [
              [
                687801.5,
                6371391.5
              ],
              [
                687802.5,
                6371391.5
              ],
              [
                687802.5,
                6371390.5
              ],
              [
                687801.5,
                6371390.5
              ],
              [
                687801.5,
                6371391.5
              ]
            ]
          ],
          [
            [
              [
                687801.5,
                6371389.5
              ],
              [
                687804.5,
                6371389.5
              ],
              [
                687804.5,
                6371388.5
              ],
              [
                687800.5,
                6371388.5
              ],
              [
                687800.5,
                6371390.5
              ],
              [
                687801.5,
                6371390.5
              ],
              [
                687801.5,
                6371389.5
              ]
            ]
          ],
          [
            [
              [
                687804.5,
                6371391.5
              ],
              [
                687826.5,
                6371391.5
              ],
              [
                687826.5,
                6371389.5
              ],
              [
                687825.5,
                6371389.5
              ],
              [
                687825.5,
                6371387.5
              ],
              [
                687822.5,
                6371387.5
              ],
              [
                687822.5,
                6371386.5
              ],
              [
                687820.5,
                6371386.5
              ],
              [
                687820.5,
                6371387.5
              ],
              [
                687818.5,
                6371387.5
              ],
              [
                687818.5,
                6371388.5
              ],
              [
                687812.5,
                6371388.5
              ],
              [
                687812.5,
                6371389.5
              ],
              [
                687811.5,
                6371389.5
              ],
              [
                687811.5,
                6371388.5
              ],
              [
                687809.5,
                6371388.5
              ],
              [
                687809.5,
                6371390.5
              ],
              [
                687806.5,
                6371390.5
              ],
              [
                687806.5,
                6371389.5
              ],
              [
                687804.5,
                6371389.5
              ],
              [
                687804.5,
                6371391.5
              ]
            ],
            [
              [
                687815.5,
                6371389.5
              ],
              [
                687816.5,
                6371389.5
              ],
              [
                687816.5,
                6371390.5
              ],
              [
                687815.5,
                6371390.5
              ],
              [
                687815.5,
                6371389.5
              ]
            ]
          ]
        ]
      },
      "properties": {
        "id": "gap-026",
        "gapId": "height-gap-00269",
        "classification": "overhang",
        "note": "Thin connected canopy fringe along the northern pond bank. Water exclusion prevents bases under the overhang.",
        "areaMetres2": 70.0,
        "reviewed": true,
        "reviewer": "agent visual interpretation of all 79 six-panel boards",
        "reviewDate": "2026-09-16",
        "sourceDates": {
          "rgbi": "2026-04-10",
          "lidar": [
            "2024-02-03",
            "2024-04-28"
          ],
          "seasonal": "2022; exact date unknown"
        },
        "boardSha256": "9d9fd14c2cc99b4646aeec66d68658e76608fe5809b27daa9ec873dae16704bf",
        "priorIssueIds": [
          "r5-canopy-cell-687800-6371300"
        ],
        "status": "reviewed-unresolved",
        "positionMeaning": "Crown evidence does not establish a surveyed trunk position."
      }
    },
    {
      "type": "Feature",
      "geometry": {
        "type": "Polygon",
        "coordinates": [
          [
            [
              687308.5,
              6370706.5
            ],
            [
              687308.5,
              6370705.5
            ],
            [
              687310.5,
              6370705.5
            ],
            [
              687310.5,
              6370704.5
            ],
            [
              687312.5,
              6370704.5
            ],
            [
              687312.5,
              6370703.5
            ],
            [
              687314.5,
              6370703.5
            ],
            [
              687314.5,
              6370701.5
            ],
            [
              687313.5,
              6370701.5
            ],
            [
              687313.5,
              6370700.5
            ],
            [
              687314.5,
              6370700.5
            ],
            [
              687314.5,
              6370700.0
            ],
            [
              687314.5,
              6370699.5
            ],
            [
              687312.5,
              6370699.5
            ],
            [
              687312.5,
              6370698.5
            ],
            [
              687313.5,
              6370698.5
            ],
            [
              687313.5,
              6370697.5
            ],
            [
              687312.5,
              6370697.5
            ],
            [
              687312.5,
              6370696.5
            ],
            [
              687311.5,
              6370696.5
            ],
            [
              687311.5,
              6370695.5
            ],
            [
              687309.5,
              6370695.5
            ],
            [
              687309.5,
              6370696.5
            ],
            [
              687308.5,
              6370696.5
            ],
            [
              687308.5,
              6370695.5
            ],
            [
              687306.5,
              6370695.5
            ],
            [
              687306.5,
              6370696.5
            ],
            [
              687305.5,
              6370696.5
            ],
            [
              687305.5,
              6370697.5
            ],
            [
              687304.5,
              6370697.5
            ],
            [
              687304.5,
              6370698.5
            ],
            [
              687303.5,
              6370698.5
            ],
            [
              687303.5,
              6370700.0
            ],
            [
              687303.5,
              6370700.5
            ],
            [
              687304.5,
              6370700.5
            ],
            [
              687304.5,
              6370701.5
            ],
            [
              687305.5,
              6370701.5
            ],
            [
              687305.5,
              6370703.5
            ],
            [
              687306.5,
              6370703.5
            ],
            [
              687306.5,
              6370704.5
            ],
            [
              687307.5,
              6370704.5
            ],
            [
              687307.5,
              6370706.5
            ],
            [
              687308.5,
              6370706.5
            ]
          ],
          [
            [
              687313.5,
              6370702.5
            ],
            [
              687312.5,
              6370702.5
            ],
            [
              687312.5,
              6370701.5
            ],
            [
              687313.5,
              6370701.5
            ],
            [
              687313.5,
              6370702.5
            ]
          ],
          [
            [
              687310.5,
              6370697.5
            ],
            [
              687311.5,
              6370697.5
            ],
            [
              687311.5,
              6370698.5
            ],
            [
              687310.5,
              6370698.5
            ],
            [
              687310.5,
              6370697.5
            ]
          ],
          [
            [
              687310.5,
              6370700.0
            ],
            [
              687310.5,
              6370699.5
            ],
            [
              687311.5,
              6370699.5
            ],
            [
              687311.5,
              6370700.0
            ],
            [
              687311.5,
              6370700.5
            ],
            [
              687310.5,
              6370700.5
            ],
            [
              687310.5,
              6370700.0
            ]
          ],
          [
            [
              687310.5,
              6370702.5
            ],
            [
              687311.5,
              6370702.5
            ],
            [
              687311.5,
              6370703.5
            ],
            [
              687310.5,
              6370703.5
            ],
            [
              687310.5,
              6370702.5
            ]
          ],
          [
            [
              687307.5,
              6370698.5
            ],
            [
              687308.5,
              6370698.5
            ],
            [
              687308.5,
              6370699.5
            ],
            [
              687307.5,
              6370699.5
            ],
            [
              687307.5,
              6370698.5
            ]
          ],
          [
            [
              687309.5,
              6370699.5
            ],
            [
              687309.5,
              6370700.0
            ],
            [
              687309.5,
              6370700.5
            ],
            [
              687308.5,
              6370700.5
            ],
            [
              687308.5,
              6370700.0
            ],
            [
              687308.5,
              6370699.5
            ],
            [
              687309.5,
              6370699.5
            ]
          ],
          [
            [
              687307.5,
              6370701.5
            ],
            [
              687308.5,
              6370701.5
            ],
            [
              687308.5,
              6370702.5
            ],
            [
              687307.5,
              6370702.5
            ],
            [
              687307.5,
              6370701.5
            ]
          ],
          [
            [
              687305.5,
              6370698.5
            ],
            [
              687306.5,
              6370698.5
            ],
            [
              687306.5,
              6370699.5
            ],
            [
              687305.5,
              6370699.5
            ],
            [
              687305.5,
              6370698.5
            ]
          ]
        ]
      },
      "properties": {
        "id": "gap-027",
        "gapId": "height-gap-01666",
        "classification": "retained-suppressed-record",
        "note": "Existing tree-visby-000009 already records this crown. Its playing-apron conflict remains unresolved; do not add a duplicate.",
        "areaMetres2": 69.0,
        "reviewed": true,
        "reviewer": "agent visual interpretation of all 79 six-panel boards",
        "reviewDate": "2026-09-16",
        "sourceDates": {
          "rgbi": "2026-04-10",
          "lidar": [
            "2024-02-03",
            "2024-04-28"
          ],
          "seasonal": "2022; exact date unknown"
        },
        "boardSha256": "74f6979136e7691270cdf1a599fc94ba5862cfd430a7f479a06db17e03d19e12",
        "priorIssueIds": [
          "runtime-tree-visby-000009",
          "r5-canopy-cell-687300-6370600",
          "r5-canopy-cell-687300-6370700"
        ],
        "status": "reviewed-unresolved",
        "positionMeaning": "Crown evidence does not establish a surveyed trunk position."
      }
    },
    {
      "type": "Feature",
      "geometry": {
        "type": "MultiPolygon",
        "coordinates": [
          [
            [
              [
                687793.5,
                6371354.5
              ],
              [
                687794.5,
                6371354.5
              ],
              [
                687794.5,
                6371356.5
              ],
              [
                687798.5,
                6371356.5
              ],
              [
                687798.5,
                6371357.5
              ],
              [
                687799.5,
                6371357.5
              ],
              [
                687799.5,
                6371358.5
              ],
              [
                687800.0,
                6371358.5
              ],
              [
                687800.5,
                6371358.5
              ],
              [
                687800.5,
                6371359.5
              ],
              [
                687801.5,
                6371359.5
              ],
              [
                687801.5,
                6371361.5
              ],
              [
                687804.5,
                6371361.5
              ],
              [
                687804.5,
                6371362.5
              ],
              [
                687805.5,
                6371362.5
              ],
              [
                687805.5,
                6371363.5
              ],
              [
                687806.5,
                6371363.5
              ],
              [
                687806.5,
                6371362.5
              ],
              [
                687807.5,
                6371362.5
              ],
              [
                687807.5,
                6371365.5
              ],
              [
                687808.5,
                6371365.5
              ],
              [
                687808.5,
                6371364.5
              ],
              [
                687809.5,
                6371364.5
              ],
              [
                687809.5,
                6371363.5
              ],
              [
                687808.5,
                6371363.5
              ],
              [
                687808.5,
                6371361.5
              ],
              [
                687807.5,
                6371361.5
              ],
              [
                687807.5,
                6371360.5
              ],
              [
                687806.5,
                6371360.5
              ],
              [
                687806.5,
                6371359.5
              ],
              [
                687805.5,
                6371359.5
              ],
              [
                687805.5,
                6371358.5
              ],
              [
                687804.5,
                6371358.5
              ],
              [
                687804.5,
                6371356.5
              ],
              [
                687803.5,
                6371356.5
              ],
              [
                687803.5,
                6371355.5
              ],
              [
                687800.0,
                6371355.5
              ],
              [
                687796.5,
                6371355.5
              ],
              [
                687796.5,
                6371354.5
              ],
              [
                687795.5,
                6371354.5
              ],
              [
                687795.5,
                6371351.5
              ],
              [
                687792.5,
                6371351.5
              ],
              [
                687792.5,
                6371353.5
              ],
              [
                687793.5,
                6371353.5
              ],
              [
                687793.5,
                6371354.5
              ]
            ],
            [
              [
                687793.5,
                6371352.5
              ],
              [
                687794.5,
                6371352.5
              ],
              [
                687794.5,
                6371353.5
              ],
              [
                687793.5,
                6371353.5
              ],
              [
                687793.5,
                6371352.5
              ]
            ]
          ],
          [
            [
              [
                687809.5,
                6371365.5
              ],
              [
                687811.5,
                6371365.5
              ],
              [
                687811.5,
                6371367.5
              ],
              [
                687812.5,
                6371367.5
              ],
              [
                687812.5,
                6371364.5
              ],
              [
                687811.5,
                6371364.5
              ],
              [
                687811.5,
                6371363.5
              ],
              [
                687810.5,
                6371363.5
              ],
              [
                687810.5,
                6371364.5
              ],
              [
                687809.5,
                6371364.5
              ],
              [
                687809.5,
                6371365.5
              ]
            ]
          ],
          [
            [
              [
                687808.5,
                6371366.5
              ],
              [
                687809.5,
                6371366.5
              ],
              [
                687809.5,
                6371365.5
              ],
              [
                687808.5,
                6371365.5
              ],
              [
                687808.5,
                6371366.5
              ]
            ]
          ],
          [
            [
              [
                687808.5,
                6371367.5
              ],
              [
                687808.5,
                6371369.5
              ],
              [
                687810.5,
                6371369.5
              ],
              [
                687810.5,
                6371370.5
              ],
              [
                687811.5,
                6371370.5
              ],
              [
                687811.5,
                6371367.5
              ],
              [
                687808.5,
                6371367.5
              ]
            ]
          ]
        ]
      },
      "properties": {
        "id": "gap-028",
        "gapId": "height-gap-00290",
        "classification": "overhang",
        "note": "Pond-side lobes adjoin several represented crowns; no tree base inferred in water.",
        "areaMetres2": 68.0,
        "reviewed": true,
        "reviewer": "agent visual interpretation of all 79 six-panel boards",
        "reviewDate": "2026-09-16",
        "sourceDates": {
          "rgbi": "2026-04-10",
          "lidar": [
            "2024-02-03",
            "2024-04-28"
          ],
          "seasonal": "2022; exact date unknown"
        },
        "boardSha256": "3a11007e079b5da1843d9f8b06cf09c090f87bbd4c70624253d8e8302b81a00a",
        "priorIssueIds": [
          "r5-canopy-cell-687700-6371300",
          "r5-canopy-cell-687800-6371300"
        ],
        "status": "reviewed-unresolved",
        "positionMeaning": "Crown evidence does not establish a surveyed trunk position."
      }
    },
    {
      "type": "Feature",
      "geometry": {
        "type": "Polygon",
        "coordinates": [
          [
            [
              687892.5,
              6370909.5
            ],
            [
              687892.5,
              6370908.5
            ],
            [
              687895.5,
              6370908.5
            ],
            [
              687895.5,
              6370900.5
            ],
            [
              687894.5,
              6370900.5
            ],
            [
              687894.5,
              6370900.0
            ],
            [
              687894.5,
              6370896.5
            ],
            [
              687893.5,
              6370896.5
            ],
            [
              687893.5,
              6370895.5
            ],
            [
              687892.5,
              6370895.5
            ],
            [
              687892.5,
              6370894.5
            ],
            [
              687890.5,
              6370894.5
            ],
            [
              687890.5,
              6370895.5
            ],
            [
              687889.5,
              6370895.5
            ],
            [
              687889.5,
              6370894.5
            ],
            [
              687888.5,
              6370894.5
            ],
            [
              687888.5,
              6370896.5
            ],
            [
              687887.5,
              6370896.5
            ],
            [
              687887.5,
              6370897.5
            ],
            [
              687888.5,
              6370897.5
            ],
            [
              687888.5,
              6370899.5
            ],
            [
              687889.5,
              6370899.5
            ],
            [
              687889.5,
              6370900.0
            ],
            [
              687889.5,
              6370902.5
            ],
            [
              687890.5,
              6370902.5
            ],
            [
              687890.5,
              6370903.5
            ],
            [
              687891.5,
              6370903.5
            ],
            [
              687891.5,
              6370906.5
            ],
            [
              687890.5,
              6370906.5
            ],
            [
              687890.5,
              6370908.5
            ],
            [
              687891.5,
              6370908.5
            ],
            [
              687891.5,
              6370909.5
            ],
            [
              687892.5,
              6370909.5
            ]
          ],
          [
            [
              687894.5,
              6370901.5
            ],
            [
              687893.5,
              6370901.5
            ],
            [
              687893.5,
              6370900.5
            ],
            [
              687894.5,
              6370900.5
            ],
            [
              687894.5,
              6370901.5
            ]
          ],
          [
            [
              687891.5,
              6370901.5
            ],
            [
              687892.5,
              6370901.5
            ],
            [
              687892.5,
              6370902.5
            ],
            [
              687891.5,
              6370902.5
            ],
            [
              687891.5,
              6370901.5
            ]
          ],
          [
            [
              687893.5,
              6370902.5
            ],
            [
              687893.5,
              6370903.5
            ],
            [
              687892.5,
              6370903.5
            ],
            [
              687892.5,
              6370902.5
            ],
            [
              687893.5,
              6370902.5
            ]
          ],
          [
            [
              687892.5,
              6370906.5
            ],
            [
              687893.5,
              6370906.5
            ],
            [
              687893.5,
              6370907.5
            ],
            [
              687892.5,
              6370907.5
            ],
            [
              687892.5,
              6370906.5
            ]
          ]
        ]
      },
      "properties": {
        "id": "gap-029",
        "gapId": "height-gap-01302",
        "classification": "distinct-base-conflict",
        "note": "Two small edge crowns show separate seasonal forms. Fairway cut and weak low-height separation prevent publication as one tree.",
        "areaMetres2": 68.0,
        "reviewed": true,
        "reviewer": "agent visual interpretation of all 79 six-panel boards",
        "reviewDate": "2026-09-16",
        "sourceDates": {
          "rgbi": "2026-04-10",
          "lidar": [
            "2024-02-03",
            "2024-04-28"
          ],
          "seasonal": "2022; exact date unknown"
        },
        "boardSha256": "fb6a1727c34373e526f1afc0dae687a4ac5b84fdbdd7611651ced34aac5049eb",
        "priorIssueIds": [
          "r1-ref-hold16b-004",
          "r1-ref-hold16b-005",
          "r1-ref-hold16b-006",
          "r4-r4-56/dalponte-d9-m5/45",
          "r5-canopy-cell-687800-6370800",
          "r5-canopy-cell-687800-6370900"
        ],
        "status": "reviewed-unresolved",
        "positionMeaning": "Crown evidence does not establish a surveyed trunk position."
      }
    },
    {
      "type": "Feature",
      "geometry": {
        "type": "MultiPolygon",
        "coordinates": [
          [
            [
              [
                687363.5,
                6371088.5
              ],
              [
                687364.5,
                6371088.5
              ],
              [
                687364.5,
                6371089.5
              ],
              [
                687363.5,
                6371089.5
              ],
              [
                687363.5,
                6371090.5
              ],
              [
                687365.5,
                6371090.5
              ],
              [
                687365.5,
                6371091.5
              ],
              [
                687366.5,
                6371091.5
              ],
              [
                687366.5,
                6371092.5
              ],
              [
                687367.5,
                6371092.5
              ],
              [
                687367.5,
                6371091.5
              ],
              [
                687368.5,
                6371091.5
              ],
              [
                687368.5,
                6371089.5
              ],
              [
                687367.5,
                6371089.5
              ],
              [
                687367.5,
                6371088.5
              ],
              [
                687368.5,
                6371088.5
              ],
              [
                687368.5,
                6371083.5
              ],
              [
                687365.5,
                6371083.5
              ],
              [
                687365.5,
                6371085.5
              ],
              [
                687364.5,
                6371085.5
              ],
              [
                687364.5,
                6371082.5
              ],
              [
                687363.5,
                6371082.5
              ],
              [
                687363.5,
                6371081.5
              ],
              [
                687364.5,
                6371081.5
              ],
              [
                687364.5,
                6371078.5
              ],
              [
                687362.5,
                6371078.5
              ],
              [
                687362.5,
                6371079.5
              ],
              [
                687361.5,
                6371079.5
              ],
              [
                687361.5,
                6371078.5
              ],
              [
                687360.5,
                6371078.5
              ],
              [
                687360.5,
                6371081.5
              ],
              [
                687359.5,
                6371081.5
              ],
              [
                687359.5,
                6371082.5
              ],
              [
                687360.5,
                6371082.5
              ],
              [
                687360.5,
                6371083.5
              ],
              [
                687359.5,
                6371083.5
              ],
              [
                687359.5,
                6371086.5
              ],
              [
                687361.5,
                6371086.5
              ],
              [
                687361.5,
                6371087.5
              ],
              [
                687360.5,
                6371087.5
              ],
              [
                687360.5,
                6371088.5
              ],
              [
                687362.5,
                6371088.5
              ],
              [
                687362.5,
                6371087.5
              ],
              [
                687363.5,
                6371087.5
              ],
              [
                687363.5,
                6371088.5
              ]
            ],
            [
              [
                687367.5,
                6371090.5
              ],
              [
                687366.5,
                6371090.5
              ],
              [
                687366.5,
                6371089.5
              ],
              [
                687367.5,
                6371089.5
              ],
              [
                687367.5,
                6371090.5
              ]
            ],
            [
              [
                687363.5,
                6371086.5
              ],
              [
                687364.5,
                6371086.5
              ],
              [
                687364.5,
                6371087.5
              ],
              [
                687363.5,
                6371087.5
              ],
              [
                687363.5,
                6371086.5
              ]
            ],
            [
              [
                687361.5,
                6371080.5
              ],
              [
                687362.5,
                6371080.5
              ],
              [
                687362.5,
                6371083.5
              ],
              [
                687361.5,
                6371083.5
              ],
              [
                687361.5,
                6371080.5
              ]
            ]
          ],
          [
            [
              [
                687368.5,
                6371092.5
              ],
              [
                687369.5,
                6371092.5
              ],
              [
                687369.5,
                6371091.5
              ],
              [
                687368.5,
                6371091.5
              ],
              [
                687368.5,
                6371092.5
              ]
            ]
          ]
        ]
      },
      "properties": {
        "id": "gap-030",
        "gapId": "height-gap-00777",
        "classification": "distinct-base-conflict",
        "note": "Low, broad edge crown is partly represented by woodland. Fairway conflict remains; partial gap alone cannot define its centre.",
        "areaMetres2": 66.0,
        "reviewed": true,
        "reviewer": "agent visual interpretation of all 79 six-panel boards",
        "reviewDate": "2026-09-16",
        "sourceDates": {
          "rgbi": "2026-04-10",
          "lidar": [
            "2024-02-03",
            "2024-04-28"
          ],
          "seasonal": "2022; exact date unknown"
        },
        "boardSha256": "3a0f4eed2ebeaa727a8ce4ecf3030307c8061ed41fb16837c5974603c2607eb2",
        "priorIssueIds": [
          "r3-r3-19/dalponte-d9-m5/8",
          "r5-canopy-cell-687300-6371000"
        ],
        "status": "reviewed-unresolved",
        "positionMeaning": "Crown evidence does not establish a surveyed trunk position."
      }
    },
    {
      "type": "Feature",
      "geometry": {
        "type": "MultiPolygon",
        "coordinates": [
          [
            [
              [
                687970.5,
                6370897.5
              ],
              [
                687971.5,
                6370897.5
              ],
              [
                687971.5,
                6370896.5
              ],
              [
                687970.5,
                6370896.5
              ],
              [
                687970.5,
                6370897.5
              ]
            ]
          ],
          [
            [
              [
                687970.5,
                6370895.5
              ],
              [
                687971.5,
                6370895.5
              ],
              [
                687971.5,
                6370896.5
              ],
              [
                687972.5,
                6370896.5
              ],
              [
                687972.5,
                6370895.5
              ],
              [
                687973.5,
                6370895.5
              ],
              [
                687973.5,
                6370896.5
              ],
              [
                687974.5,
                6370896.5
              ],
              [
                687974.5,
                6370897.5
              ],
              [
                687975.5,
                6370897.5
              ],
              [
                687975.5,
                6370898.5
              ],
              [
                687976.5,
                6370898.5
              ],
              [
                687976.5,
                6370892.5
              ],
              [
                687975.5,
                6370892.5
              ],
              [
                687975.5,
                6370891.5
              ],
              [
                687976.5,
                6370891.5
              ],
              [
                687976.5,
                6370886.5
              ],
              [
                687975.5,
                6370886.5
              ],
              [
                687975.5,
                6370885.5
              ],
              [
                687973.5,
                6370885.5
              ],
              [
                687973.5,
                6370886.5
              ],
              [
                687972.5,
                6370886.5
              ],
              [
                687972.5,
                6370887.5
              ],
              [
                687971.5,
                6370887.5
              ],
              [
                687971.5,
                6370889.5
              ],
              [
                687970.5,
                6370889.5
              ],
              [
                687970.5,
                6370890.5
              ],
              [
                687969.5,
                6370890.5
              ],
              [
                687969.5,
                6370891.5
              ],
              [
                687970.5,
                6370891.5
              ],
              [
                687970.5,
                6370892.5
              ],
              [
                687969.5,
                6370892.5
              ],
              [
                687969.5,
                6370896.5
              ],
              [
                687970.5,
                6370896.5
              ],
              [
                687970.5,
                6370895.5
              ]
            ]
          ],
          [
            [
              [
                687972.5,
                6370897.5
              ],
              [
                687973.5,
                6370897.5
              ],
              [
                687973.5,
                6370896.5
              ],
              [
                687972.5,
                6370896.5
              ],
              [
                687972.5,
                6370897.5
              ]
            ]
          ]
        ]
      },
      "properties": {
        "id": "gap-031",
        "gapId": "height-gap-01334",
        "classification": "distinct-base-conflict",
        "note": "Distinct edge crown has a coherent height island; part remains stand-covered. Fairway exclusion crosses the crown and its source centre.",
        "areaMetres2": 65.0,
        "reviewed": true,
        "reviewer": "agent visual interpretation of all 79 six-panel boards",
        "reviewDate": "2026-09-16",
        "sourceDates": {
          "rgbi": "2026-04-10",
          "lidar": [
            "2024-02-03",
            "2024-04-28"
          ],
          "seasonal": "2022; exact date unknown"
        },
        "boardSha256": "07876b5b8a3effe15059c9eb54e86c97e306faaecd403670c007b30fdad28ffd",
        "priorIssueIds": [
          "r4-r4-65/dalponte-d9-m5/10",
          "r5-canopy-cell-687900-6370800"
        ],
        "status": "reviewed-unresolved",
        "positionMeaning": "Crown evidence does not establish a surveyed trunk position."
      }
    },
    {
      "type": "Feature",
      "geometry": {
        "type": "MultiPolygon",
        "coordinates": [
          [
            [
              [
                687138.5,
                6370752.5
              ],
              [
                687138.5,
                6370753.5
              ],
              [
                687136.5,
                6370753.5
              ],
              [
                687136.5,
                6370754.5
              ],
              [
                687137.5,
                6370754.5
              ],
              [
                687137.5,
                6370756.5
              ],
              [
                687138.5,
                6370756.5
              ],
              [
                687138.5,
                6370757.5
              ],
              [
                687140.5,
                6370757.5
              ],
              [
                687140.5,
                6370756.5
              ],
              [
                687141.5,
                6370756.5
              ],
              [
                687141.5,
                6370758.5
              ],
              [
                687142.5,
                6370758.5
              ],
              [
                687142.5,
                6370760.5
              ],
              [
                687141.5,
                6370760.5
              ],
              [
                687141.5,
                6370761.5
              ],
              [
                687142.5,
                6370761.5
              ],
              [
                687142.5,
                6370762.5
              ],
              [
                687143.5,
                6370762.5
              ],
              [
                687143.5,
                6370763.5
              ],
              [
                687144.5,
                6370763.5
              ],
              [
                687144.5,
                6370761.5
              ],
              [
                687145.5,
                6370761.5
              ],
              [
                687145.5,
                6370759.5
              ],
              [
                687144.5,
                6370759.5
              ],
              [
                687144.5,
                6370757.5
              ],
              [
                687145.5,
                6370757.5
              ],
              [
                687145.5,
                6370755.5
              ],
              [
                687146.5,
                6370755.5
              ],
              [
                687146.5,
                6370752.5
              ],
              [
                687145.5,
                6370752.5
              ],
              [
                687145.5,
                6370751.5
              ],
              [
                687143.5,
                6370751.5
              ],
              [
                687143.5,
                6370750.5
              ],
              [
                687139.5,
                6370750.5
              ],
              [
                687139.5,
                6370751.5
              ],
              [
                687136.5,
                6370751.5
              ],
              [
                687136.5,
                6370752.5
              ],
              [
                687138.5,
                6370752.5
              ]
            ],
            [
              [
                687139.5,
                6370753.5
              ],
              [
                687139.5,
                6370754.5
              ],
              [
                687138.5,
                6370754.5
              ],
              [
                687138.5,
                6370753.5
              ],
              [
                687139.5,
                6370753.5
              ]
            ],
            [
              [
                687138.5,
                6370755.5
              ],
              [
                687139.5,
                6370755.5
              ],
              [
                687139.5,
                6370756.5
              ],
              [
                687138.5,
                6370756.5
              ],
              [
                687138.5,
                6370755.5
              ]
            ],
            [
              [
                687142.5,
                6370757.5
              ],
              [
                687143.5,
                6370757.5
              ],
              [
                687143.5,
                6370758.5
              ],
              [
                687142.5,
                6370758.5
              ],
              [
                687142.5,
                6370757.5
              ]
            ],
            [
              [
                687143.5,
                6370761.5
              ],
              [
                687143.5,
                6370760.5
              ],
              [
                687144.5,
                6370760.5
              ],
              [
                687144.5,
                6370761.5
              ],
              [
                687143.5,
                6370761.5
              ]
            ],
            [
              [
                687140.5,
                6370753.5
              ],
              [
                687141.5,
                6370753.5
              ],
              [
                687141.5,
                6370754.5
              ],
              [
                687140.5,
                6370754.5
              ],
              [
                687140.5,
                6370753.5
              ]
            ],
            [
              [
                687142.5,
                6370754.5
              ],
              [
                687142.5,
                6370755.5
              ],
              [
                687141.5,
                6370755.5
              ],
              [
                687141.5,
                6370754.5
              ],
              [
                687142.5,
                6370754.5
              ]
            ]
          ],
          [
            [
              [
                687135.5,
                6370752.5
              ],
              [
                687135.5,
                6370753.5
              ],
              [
                687136.5,
                6370753.5
              ],
              [
                687136.5,
                6370752.5
              ],
              [
                687135.5,
                6370752.5
              ]
            ]
          ]
        ]
      },
      "properties": {
        "id": "gap-032",
        "gapId": "height-gap-01546",
        "classification": "structure",
        "note": "Lighthouse tower and attached low roof, visibly structural in both image dates.",
        "areaMetres2": 64.0,
        "reviewed": true,
        "reviewer": "agent visual interpretation of all 79 six-panel boards",
        "reviewDate": "2026-09-16",
        "sourceDates": {
          "rgbi": "2026-04-10",
          "lidar": [
            "2024-02-03",
            "2024-04-28"
          ],
          "seasonal": "2022; exact date unknown"
        },
        "boardSha256": "1922eee5b67b8f5c26a08cccd882e531a2b075469f625c165d3be66ed9761b30",
        "priorIssueIds": [
          "r5-canopy-cell-687100-6370700"
        ],
        "status": "reviewed-non-tree",
        "positionMeaning": "Crown evidence does not establish a surveyed trunk position."
      }
    },
    {
      "type": "Feature",
      "geometry": {
        "type": "MultiPolygon",
        "coordinates": [
          [
            [
              [
                687380.5,
                6370672.5
              ],
              [
                687380.5,
                6370671.5
              ],
              [
                687381.5,
                6370671.5
              ],
              [
                687381.5,
                6370669.5
              ],
              [
                687382.5,
                6370669.5
              ],
              [
                687382.5,
                6370668.5
              ],
              [
                687385.5,
                6370668.5
              ],
              [
                687385.5,
                6370669.5
              ],
              [
                687383.5,
                6370669.5
              ],
              [
                687383.5,
                6370670.5
              ],
              [
                687384.5,
                6370670.5
              ],
              [
                687384.5,
                6370671.5
              ],
              [
                687385.5,
                6370671.5
              ],
              [
                687385.5,
                6370672.5
              ],
              [
                687386.5,
                6370672.5
              ],
              [
                687386.5,
                6370671.5
              ],
              [
                687387.5,
                6370671.5
              ],
              [
                687387.5,
                6370672.5
              ],
              [
                687389.5,
                6370672.5
              ],
              [
                687389.5,
                6370670.5
              ],
              [
                687390.5,
                6370670.5
              ],
              [
                687390.5,
                6370669.5
              ],
              [
                687391.5,
                6370669.5
              ],
              [
                687391.5,
                6370667.5
              ],
              [
                687372.5,
                6370667.5
              ],
              [
                687372.5,
                6370668.5
              ],
              [
                687373.5,
                6370668.5
              ],
              [
                687373.5,
                6370669.5
              ],
              [
                687375.5,
                6370669.5
              ],
              [
                687375.5,
                6370670.5
              ],
              [
                687374.5,
                6370670.5
              ],
              [
                687374.5,
                6370671.5
              ],
              [
                687377.5,
                6370671.5
              ],
              [
                687377.5,
                6370672.5
              ],
              [
                687380.5,
                6370672.5
              ]
            ],
            [
              [
                687380.5,
                6370669.5
              ],
              [
                687380.5,
                6370668.5
              ],
              [
                687381.5,
                6370668.5
              ],
              [
                687381.5,
                6370669.5
              ],
              [
                687380.5,
                6370669.5
              ]
            ],
            [
              [
                687388.5,
                6370670.5
              ],
              [
                687388.5,
                6370669.5
              ],
              [
                687389.5,
                6370669.5
              ],
              [
                687389.5,
                6370670.5
              ],
              [
                687388.5,
                6370670.5
              ]
            ]
          ],
          [
            [
              [
                687390.5,
                6370671.5
              ],
              [
                687391.5,
                6370671.5
              ],
              [
                687391.5,
                6370670.5
              ],
              [
                687390.5,
                6370670.5
              ],
              [
                687390.5,
                6370671.5
              ]
            ]
          ]
        ]
      },
      "properties": {
        "id": "gap-033",
        "gapId": "height-gap-01679",
        "classification": "overhang",
        "note": "Northern lobes of a connected group cross a fairway mask. The southern part is already woodland; avoid inventing bases from the strip.",
        "areaMetres2": 64.0,
        "reviewed": true,
        "reviewer": "agent visual interpretation of all 79 six-panel boards",
        "reviewDate": "2026-09-16",
        "sourceDates": {
          "rgbi": "2026-04-10",
          "lidar": [
            "2024-02-03",
            "2024-04-28"
          ],
          "seasonal": "2022; exact date unknown"
        },
        "boardSha256": "c58f8070317e231acc50777ab9dd9935d02839efca9295accb3dd10b371139e1",
        "priorIssueIds": [
          "r4-r4-05/dalponte-d9-m5/10",
          "r4-r4-05/dalponte-d9-m5/11",
          "r5-canopy-cell-687300-6370600"
        ],
        "status": "reviewed-unresolved",
        "positionMeaning": "Crown evidence does not establish a surveyed trunk position."
      }
    },
    {
      "type": "Feature",
      "geometry": {
        "type": "Polygon",
        "coordinates": [
          [
            [
              687928.5,
              6370893.5
            ],
            [
              687928.5,
              6370891.5
            ],
            [
              687929.5,
              6370891.5
            ],
            [
              687929.5,
              6370893.5
            ],
            [
              687931.5,
              6370893.5
            ],
            [
              687931.5,
              6370891.5
            ],
            [
              687932.5,
              6370891.5
            ],
            [
              687932.5,
              6370890.5
            ],
            [
              687933.5,
              6370890.5
            ],
            [
              687933.5,
              6370889.5
            ],
            [
              687932.5,
              6370889.5
            ],
            [
              687932.5,
              6370887.5
            ],
            [
              687931.5,
              6370887.5
            ],
            [
              687931.5,
              6370885.5
            ],
            [
              687930.5,
              6370885.5
            ],
            [
              687930.5,
              6370884.5
            ],
            [
              687928.5,
              6370884.5
            ],
            [
              687928.5,
              6370885.5
            ],
            [
              687927.5,
              6370885.5
            ],
            [
              687927.5,
              6370886.5
            ],
            [
              687922.5,
              6370886.5
            ],
            [
              687922.5,
              6370888.5
            ],
            [
              687921.5,
              6370888.5
            ],
            [
              687921.5,
              6370889.5
            ],
            [
              687922.5,
              6370889.5
            ],
            [
              687922.5,
              6370891.5
            ],
            [
              687925.5,
              6370891.5
            ],
            [
              687925.5,
              6370892.5
            ],
            [
              687926.5,
              6370892.5
            ],
            [
              687926.5,
              6370893.5
            ],
            [
              687928.5,
              6370893.5
            ]
          ],
          [
            [
              687929.5,
              6370885.5
            ],
            [
              687929.5,
              6370886.5
            ],
            [
              687928.5,
              6370886.5
            ],
            [
              687928.5,
              6370885.5
            ],
            [
              687929.5,
              6370885.5
            ]
          ],
          [
            [
              687930.5,
              6370886.5
            ],
            [
              687930.5,
              6370887.5
            ],
            [
              687929.5,
              6370887.5
            ],
            [
              687929.5,
              6370886.5
            ],
            [
              687930.5,
              6370886.5
            ]
          ],
          [
            [
              687926.5,
              6370888.5
            ],
            [
              687927.5,
              6370888.5
            ],
            [
              687927.5,
              6370889.5
            ],
            [
              687926.5,
              6370889.5
            ],
            [
              687926.5,
              6370888.5
            ]
          ]
        ]
      },
      "properties": {
        "id": "gap-034",
        "gapId": "height-gap-01350",
        "classification": "distinct-base-conflict",
        "note": "Separate pine-like crown and height island west of the existing small tree. Its source base remains in a mapped fairway.",
        "areaMetres2": 63.0,
        "reviewed": true,
        "reviewer": "agent visual interpretation of all 79 six-panel boards",
        "reviewDate": "2026-09-16",
        "sourceDates": {
          "rgbi": "2026-04-10",
          "lidar": [
            "2024-02-03",
            "2024-04-28"
          ],
          "seasonal": "2022; exact date unknown"
        },
        "boardSha256": "8cf11d7666a496be67f4cdbdf2d64ad25c41b171ba88b116073bf7cf1e0fb367",
        "priorIssueIds": [
          "r1-ref-hold16b-011",
          "r4-r4-65/dalponte-d9-m5/11",
          "r5-canopy-cell-687900-6370800"
        ],
        "status": "reviewed-unresolved",
        "positionMeaning": "Crown evidence does not establish a surveyed trunk position."
      }
    },
    {
      "type": "Feature",
      "geometry": {
        "type": "MultiPolygon",
        "coordinates": [
          [
            [
              [
                687829.5,
                6371377.5
              ],
              [
                687829.5,
                6371380.5
              ],
              [
                687831.5,
                6371380.5
              ],
              [
                687831.5,
                6371379.5
              ],
              [
                687833.5,
                6371379.5
              ],
              [
                687833.5,
                6371381.5
              ],
              [
                687834.5,
                6371381.5
              ],
              [
                687834.5,
                6371382.5
              ],
              [
                687838.5,
                6371382.5
              ],
              [
                687838.5,
                6371381.5
              ],
              [
                687839.5,
                6371381.5
              ],
              [
                687839.5,
                6371380.5
              ],
              [
                687838.5,
                6371380.5
              ],
              [
                687838.5,
                6371379.5
              ],
              [
                687840.5,
                6371379.5
              ],
              [
                687840.5,
                6371378.5
              ],
              [
                687838.5,
                6371378.5
              ],
              [
                687838.5,
                6371377.5
              ],
              [
                687840.5,
                6371377.5
              ],
              [
                687840.5,
                6371376.5
              ],
              [
                687839.5,
                6371376.5
              ],
              [
                687839.5,
                6371375.5
              ],
              [
                687835.5,
                6371375.5
              ],
              [
                687835.5,
                6371378.5
              ],
              [
                687834.5,
                6371378.5
              ],
              [
                687834.5,
                6371376.5
              ],
              [
                687833.5,
                6371376.5
              ],
              [
                687833.5,
                6371375.5
              ],
              [
                687828.5,
                6371375.5
              ],
              [
                687828.5,
                6371377.5
              ],
              [
                687829.5,
                6371377.5
              ]
            ]
          ],
          [
            [
              [
                687826.5,
                6371377.5
              ],
              [
                687826.5,
                6371379.5
              ],
              [
                687827.5,
                6371379.5
              ],
              [
                687827.5,
                6371380.5
              ],
              [
                687828.5,
                6371380.5
              ],
              [
                687828.5,
                6371377.5
              ],
              [
                687826.5,
                6371377.5
              ]
            ]
          ]
        ]
      },
      "properties": {
        "id": "gap-035",
        "gapId": "height-gap-00282",
        "classification": "overhang",
        "note": "Canopy edge between existing pond-bank trees crosses the water buffer. No separate stem established.",
        "areaMetres2": 61.0,
        "reviewed": true,
        "reviewer": "agent visual interpretation of all 79 six-panel boards",
        "reviewDate": "2026-09-16",
        "sourceDates": {
          "rgbi": "2026-04-10",
          "lidar": [
            "2024-02-03",
            "2024-04-28"
          ],
          "seasonal": "2022; exact date unknown"
        },
        "boardSha256": "94080f60a6ad50cc0944b3b2373c839789798df3bf16751583387c91132c720c",
        "priorIssueIds": [
          "r5-canopy-cell-687800-6371300"
        ],
        "status": "reviewed-unresolved",
        "positionMeaning": "Crown evidence does not establish a surveyed trunk position."
      }
    },
    {
      "type": "Feature",
      "geometry": {
        "type": "MultiPolygon",
        "coordinates": [
          [
            [
              [
                688034.5,
                6370887.5
              ],
              [
                688032.5,
                6370887.5
              ],
              [
                688032.5,
                6370891.5
              ],
              [
                688034.5,
                6370891.5
              ],
              [
                688034.5,
                6370892.5
              ],
              [
                688035.5,
                6370892.5
              ],
              [
                688035.5,
                6370893.5
              ],
              [
                688036.5,
                6370893.5
              ],
              [
                688036.5,
                6370894.5
              ],
              [
                688037.5,
                6370894.5
              ],
              [
                688037.5,
                6370895.5
              ],
              [
                688039.5,
                6370895.5
              ],
              [
                688039.5,
                6370894.5
              ],
              [
                688040.5,
                6370894.5
              ],
              [
                688040.5,
                6370893.5
              ],
              [
                688041.5,
                6370893.5
              ],
              [
                688041.5,
                6370892.5
              ],
              [
                688040.5,
                6370892.5
              ],
              [
                688040.5,
                6370890.5
              ],
              [
                688042.5,
                6370890.5
              ],
              [
                688042.5,
                6370887.5
              ],
              [
                688043.5,
                6370887.5
              ],
              [
                688043.5,
                6370886.5
              ],
              [
                688040.5,
                6370886.5
              ],
              [
                688040.5,
                6370887.5
              ],
              [
                688036.5,
                6370887.5
              ],
              [
                688036.5,
                6370886.5
              ],
              [
                688034.5,
                6370886.5
              ],
              [
                688034.5,
                6370887.5
              ]
            ],
            [
              [
                688036.5,
                6370892.5
              ],
              [
                688037.5,
                6370892.5
              ],
              [
                688037.5,
                6370893.5
              ],
              [
                688036.5,
                6370893.5
              ],
              [
                688036.5,
                6370892.5
              ]
            ],
            [
              [
                688034.5,
                6370889.5
              ],
              [
                688035.5,
                6370889.5
              ],
              [
                688035.5,
                6370890.5
              ],
              [
                688034.5,
                6370890.5
              ],
              [
                688034.5,
                6370889.5
              ]
            ]
          ],
          [
            [
              [
                688033.5,
                6370886.5
              ],
              [
                688034.5,
                6370886.5
              ],
              [
                688034.5,
                6370885.5
              ],
              [
                688033.5,
                6370885.5
              ],
              [
                688033.5,
                6370886.5
              ]
            ]
          ],
          [
            [
              [
                688033.5,
                6370884.5
              ],
              [
                688032.5,
                6370884.5
              ],
              [
                688032.5,
                6370885.5
              ],
              [
                688033.5,
                6370885.5
              ],
              [
                688033.5,
                6370884.5
              ]
            ]
          ]
        ]
      },
      "properties": {
        "id": "gap-036",
        "gapId": "height-gap-01343",
        "classification": "overhang",
        "note": "Northern lobe of the existing tree group extends toward a crossing. Closely connected canopy makes a separate tree uncertain.",
        "areaMetres2": 61.0,
        "reviewed": true,
        "reviewer": "agent visual interpretation of all 79 six-panel boards",
        "reviewDate": "2026-09-16",
        "sourceDates": {
          "rgbi": "2026-04-10",
          "lidar": [
            "2024-02-03",
            "2024-04-28"
          ],
          "seasonal": "2022; exact date unknown"
        },
        "boardSha256": "2f3ae20a67807e1491a7412c34679a8f87517f3820e984dba5af3e0e1e4ac00a",
        "priorIssueIds": [
          "r2-review13/dalponte-d9-m5/26",
          "r5-canopy-cell-688000-6370800"
        ],
        "status": "reviewed-unresolved",
        "positionMeaning": "Crown evidence does not establish a surveyed trunk position."
      }
    },
    {
      "type": "Feature",
      "geometry": {
        "type": "Polygon",
        "coordinates": [
          [
            [
              687421.5,
              6371417.5
            ],
            [
              687421.5,
              6371416.5
            ],
            [
              687422.5,
              6371416.5
            ],
            [
              687422.5,
              6371417.5
            ],
            [
              687423.5,
              6371417.5
            ],
            [
              687423.5,
              6371416.5
            ],
            [
              687425.5,
              6371416.5
            ],
            [
              687425.5,
              6371407.5
            ],
            [
              687426.5,
              6371407.5
            ],
            [
              687426.5,
              6371406.5
            ],
            [
              687425.5,
              6371406.5
            ],
            [
              687425.5,
              6371405.5
            ],
            [
              687424.5,
              6371405.5
            ],
            [
              687424.5,
              6371404.5
            ],
            [
              687422.5,
              6371404.5
            ],
            [
              687422.5,
              6371405.5
            ],
            [
              687421.5,
              6371405.5
            ],
            [
              687421.5,
              6371406.5
            ],
            [
              687420.5,
              6371406.5
            ],
            [
              687420.5,
              6371408.5
            ],
            [
              687419.5,
              6371408.5
            ],
            [
              687419.5,
              6371409.5
            ],
            [
              687421.5,
              6371409.5
            ],
            [
              687421.5,
              6371413.5
            ],
            [
              687420.5,
              6371413.5
            ],
            [
              687420.5,
              6371415.5
            ],
            [
              687419.5,
              6371415.5
            ],
            [
              687419.5,
              6371417.5
            ],
            [
              687421.5,
              6371417.5
            ]
          ]
        ]
      },
      "properties": {
        "id": "gap-037",
        "gapId": "height-gap-00251",
        "classification": "distinct-base-conflict",
        "note": "Two low crowns in the practice belt join at the height threshold. Keep separate-tree uncertainty and broad practice-mask conflict.",
        "areaMetres2": 58.0,
        "reviewed": true,
        "reviewer": "agent visual interpretation of all 79 six-panel boards",
        "reviewDate": "2026-09-16",
        "sourceDates": {
          "rgbi": "2026-04-10",
          "lidar": [
            "2024-02-03",
            "2024-04-28"
          ],
          "seasonal": "2022; exact date unknown"
        },
        "boardSha256": "3dd9a94bb11371e795c5473a3f65a3ce863369bb59e45871b97da6214fe915c8",
        "priorIssueIds": [
          "r4-r4-20/dalponte-d9-m5/14",
          "r5-canopy-cell-687400-6371400"
        ],
        "status": "reviewed-unresolved",
        "positionMeaning": "Crown evidence does not establish a surveyed trunk position."
      }
    },
    {
      "type": "Feature",
      "geometry": {
        "type": "MultiPolygon",
        "coordinates": [
          [
            [
              [
                687389.5,
                6371181.5
              ],
              [
                687391.5,
                6371181.5
              ],
              [
                687391.5,
                6371182.5
              ],
              [
                687389.5,
                6371182.5
              ],
              [
                687389.5,
                6371184.5
              ],
              [
                687388.5,
                6371184.5
              ],
              [
                687388.5,
                6371188.5
              ],
              [
                687389.5,
                6371188.5
              ],
              [
                687389.5,
                6371189.5
              ],
              [
                687387.5,
                6371189.5
              ],
              [
                687387.5,
                6371190.5
              ],
              [
                687388.5,
                6371190.5
              ],
              [
                687388.5,
                6371192.5
              ],
              [
                687389.5,
                6371192.5
              ],
              [
                687389.5,
                6371191.5
              ],
              [
                687390.5,
                6371191.5
              ],
              [
                687390.5,
                6371193.5
              ],
              [
                687391.5,
                6371193.5
              ],
              [
                687391.5,
                6371192.5
              ],
              [
                687392.5,
                6371192.5
              ],
              [
                687392.5,
                6371177.5
              ],
              [
                687391.5,
                6371177.5
              ],
              [
                687391.5,
                6371176.5
              ],
              [
                687392.5,
                6371176.5
              ],
              [
                687392.5,
                6371175.5
              ],
              [
                687390.5,
                6371175.5
              ],
              [
                687390.5,
                6371176.5
              ],
              [
                687389.5,
                6371176.5
              ],
              [
                687389.5,
                6371181.5
              ]
            ]
          ],
          [
            [
              [
                687389.5,
                6371175.5
              ],
              [
                687388.5,
                6371175.5
              ],
              [
                687388.5,
                6371176.5
              ],
              [
                687389.5,
                6371176.5
              ],
              [
                687389.5,
                6371175.5
              ]
            ]
          ],
          [
            [
              [
                687391.5,
                6371195.5
              ],
              [
                687392.5,
                6371195.5
              ],
              [
                687392.5,
                6371193.5
              ],
              [
                687391.5,
                6371193.5
              ],
              [
                687391.5,
                6371195.5
              ]
            ]
          ]
        ]
      },
      "properties": {
        "id": "gap-038",
        "gapId": "height-gap-00557",
        "classification": "overhang",
        "note": "Narrow western edge of connected woodland follows the fairway exclusion. Preserve density-based interior.",
        "areaMetres2": 58.0,
        "reviewed": true,
        "reviewer": "agent visual interpretation of all 79 six-panel boards",
        "reviewDate": "2026-09-16",
        "sourceDates": {
          "rgbi": "2026-04-10",
          "lidar": [
            "2024-02-03",
            "2024-04-28"
          ],
          "seasonal": "2022; exact date unknown"
        },
        "boardSha256": "ee65bcb5422211bd94cfe5b8599eb7e31f269be3139608e397782439d4dd7e2f",
        "priorIssueIds": [
          "r5-canopy-cell-687300-6371100"
        ],
        "status": "reviewed-unresolved",
        "positionMeaning": "Crown evidence does not establish a surveyed trunk position."
      }
    },
    {
      "type": "Feature",
      "geometry": {
        "type": "MultiPolygon",
        "coordinates": [
          [
            [
              [
                687380.5,
                6370783.5
              ],
              [
                687376.5,
                6370783.5
              ],
              [
                687376.5,
                6370786.5
              ],
              [
                687375.5,
                6370786.5
              ],
              [
                687375.5,
                6370790.5
              ],
              [
                687378.5,
                6370790.5
              ],
              [
                687378.5,
                6370789.5
              ],
              [
                687379.5,
                6370789.5
              ],
              [
                687379.5,
                6370788.5
              ],
              [
                687380.5,
                6370788.5
              ],
              [
                687380.5,
                6370787.5
              ],
              [
                687386.5,
                6370787.5
              ],
              [
                687386.5,
                6370788.5
              ],
              [
                687387.5,
                6370788.5
              ],
              [
                687387.5,
                6370789.5
              ],
              [
                687388.5,
                6370789.5
              ],
              [
                687388.5,
                6370792.5
              ],
              [
                687389.5,
                6370792.5
              ],
              [
                687389.5,
                6370791.5
              ],
              [
                687391.5,
                6370791.5
              ],
              [
                687391.5,
                6370788.5
              ],
              [
                687390.5,
                6370788.5
              ],
              [
                687390.5,
                6370786.5
              ],
              [
                687384.5,
                6370786.5
              ],
              [
                687384.5,
                6370785.5
              ],
              [
                687383.5,
                6370785.5
              ],
              [
                687383.5,
                6370786.5
              ],
              [
                687381.5,
                6370786.5
              ],
              [
                687381.5,
                6370785.5
              ],
              [
                687380.5,
                6370785.5
              ],
              [
                687380.5,
                6370783.5
              ]
            ],
            [
              [
                687380.5,
                6370786.5
              ],
              [
                687379.5,
                6370786.5
              ],
              [
                687379.5,
                6370785.5
              ],
              [
                687380.5,
                6370785.5
              ],
              [
                687380.5,
                6370786.5
              ]
            ],
            [
              [
                687389.5,
                6370789.5
              ],
              [
                687390.5,
                6370789.5
              ],
              [
                687390.5,
                6370790.5
              ],
              [
                687389.5,
                6370790.5
              ],
              [
                687389.5,
                6370789.5
              ]
            ]
          ],
          [
            [
              [
                687392.5,
                6370788.5
              ],
              [
                687392.5,
                6370787.5
              ],
              [
                687391.5,
                6370787.5
              ],
              [
                687391.5,
                6370788.5
              ],
              [
                687392.5,
                6370788.5
              ]
            ]
          ],
          [
            [
              [
                687385.5,
                6370785.5
              ],
              [
                687385.5,
                6370784.5
              ],
              [
                687384.5,
                6370784.5
              ],
              [
                687384.5,
                6370785.5
              ],
              [
                687385.5,
                6370785.5
              ]
            ]
          ]
        ]
      },
      "properties": {
        "id": "gap-039",
        "gapId": "height-gap-01497",
        "classification": "resize",
        "note": "Southern lobe continues the height-supported crown of tree-visby-000033. Enlarge its crown estimate while retaining its base and ID.",
        "areaMetres2": 56.0,
        "reviewed": true,
        "reviewer": "agent visual interpretation of all 79 six-panel boards",
        "reviewDate": "2026-09-16",
        "sourceDates": {
          "rgbi": "2026-04-10",
          "lidar": [
            "2024-02-03",
            "2024-04-28"
          ],
          "seasonal": "2022; exact date unknown"
        },
        "boardSha256": "5a4d3e45aad652bc9d400a84a1c22e1e1f0bcd6d4421bf3b87231ff6b74cad17",
        "priorIssueIds": [
          "r3-r3-10/dalponte-d9-m5/14",
          "r5-canopy-cell-687300-6370700"
        ],
        "status": "crown-size-corrected",
        "positionMeaning": "Crown evidence does not establish a surveyed trunk position.",
        "recordId": "tree-visby-000033",
        "acceptedAdditionMetres2": 47.0,
        "acceptedGeometry": {
          "type": "MultiPolygon",
          "coordinates": [
            [
              [
                [
                  687385.5,
                  6370784.5
                ],
                [
                  687384.5,
                  6370784.5
                ],
                [
                  687384.5,
                  6370785.5
                ],
                [
                  687385.5,
                  6370785.5
                ],
                [
                  687385.5,
                  6370784.5
                ]
              ]
            ],
            [
              [
                [
                  687378.5,
                  6370784.5
                ],
                [
                  687378.5,
                  6370785.5
                ],
                [
                  687377.5,
                  6370785.5
                ],
                [
                  687377.5,
                  6370786.5
                ],
                [
                  687376.5,
                  6370786.5
                ],
                [
                  687376.5,
                  6370787.5
                ],
                [
                  687375.5,
                  6370787.5
                ],
                [
                  687375.5,
                  6370790.5
                ],
                [
                  687378.5,
                  6370790.5
                ],
                [
                  687378.5,
                  6370789.5
                ],
                [
                  687379.5,
                  6370789.5
                ],
                [
                  687379.5,
                  6370788.5
                ],
                [
                  687380.5,
                  6370788.5
                ],
                [
                  687380.5,
                  6370787.5
                ],
                [
                  687386.5,
                  6370787.5
                ],
                [
                  687386.5,
                  6370788.5
                ],
                [
                  687387.5,
                  6370788.5
                ],
                [
                  687387.5,
                  6370789.5
                ],
                [
                  687388.5,
                  6370789.5
                ],
                [
                  687388.5,
                  6370792.5
                ],
                [
                  687389.5,
                  6370792.5
                ],
                [
                  687389.5,
                  6370791.5
                ],
                [
                  687391.5,
                  6370791.5
                ],
                [
                  687391.5,
                  6370788.5
                ],
                [
                  687390.5,
                  6370788.5
                ],
                [
                  687390.5,
                  6370786.5
                ],
                [
                  687384.5,
                  6370786.5
                ],
                [
                  687384.5,
                  6370785.5
                ],
                [
                  687383.5,
                  6370785.5
                ],
                [
                  687383.5,
                  6370786.5
                ],
                [
                  687381.5,
                  6370786.5
                ],
                [
                  687381.5,
                  6370785.5
                ],
                [
                  687380.5,
                  6370785.5
                ],
                [
                  687380.5,
                  6370784.5
                ],
                [
                  687378.5,
                  6370784.5
                ]
              ],
              [
                [
                  687380.5,
                  6370786.5
                ],
                [
                  687379.5,
                  6370786.5
                ],
                [
                  687379.5,
                  6370785.5
                ],
                [
                  687380.5,
                  6370785.5
                ],
                [
                  687380.5,
                  6370786.5
                ]
              ],
              [
                [
                  687390.5,
                  6370789.5
                ],
                [
                  687390.5,
                  6370790.5
                ],
                [
                  687389.5,
                  6370790.5
                ],
                [
                  687389.5,
                  6370789.5
                ],
                [
                  687390.5,
                  6370789.5
                ]
              ]
            ]
          ]
        }
      }
    },
    {
      "type": "Feature",
      "geometry": {
        "type": "Polygon",
        "coordinates": [
          [
            [
              687900.0,
              6370956.5
            ],
            [
              687902.5,
              6370956.5
            ],
            [
              687902.5,
              6370955.5
            ],
            [
              687901.5,
              6370955.5
            ],
            [
              687901.5,
              6370954.5
            ],
            [
              687902.5,
              6370954.5
            ],
            [
              687902.5,
              6370953.5
            ],
            [
              687904.5,
              6370953.5
            ],
            [
              687904.5,
              6370951.5
            ],
            [
              687903.5,
              6370951.5
            ],
            [
              687903.5,
              6370949.5
            ],
            [
              687902.5,
              6370949.5
            ],
            [
              687902.5,
              6370947.5
            ],
            [
              687900.5,
              6370947.5
            ],
            [
              687900.5,
              6370946.5
            ],
            [
              687900.0,
              6370946.5
            ],
            [
              687897.5,
              6370946.5
            ],
            [
              687897.5,
              6370947.5
            ],
            [
              687896.5,
              6370947.5
            ],
            [
              687896.5,
              6370953.5
            ],
            [
              687897.5,
              6370953.5
            ],
            [
              687897.5,
              6370954.5
            ],
            [
              687899.5,
              6370954.5
            ],
            [
              687899.5,
              6370956.5
            ],
            [
              687900.0,
              6370956.5
            ]
          ]
        ]
      },
      "properties": {
        "id": "gap-040",
        "gapId": "height-gap-01154",
        "classification": "distinct-base-conflict",
        "note": "Separate small eastern crown is supported by imagery and LiDAR. The mapped fairway blocks its source position.",
        "areaMetres2": 55.0,
        "reviewed": true,
        "reviewer": "agent visual interpretation of all 79 six-panel boards",
        "reviewDate": "2026-09-16",
        "sourceDates": {
          "rgbi": "2026-04-10",
          "lidar": [
            "2024-02-03",
            "2024-04-28"
          ],
          "seasonal": "2022; exact date unknown"
        },
        "boardSha256": "52602b9fae542d07eaf951a70d8e3975867f6f77811045c25b402030028d0404",
        "priorIssueIds": [
          "r4-r4-56/dalponte-d9-m5/36",
          "r5-canopy-cell-687800-6370900",
          "r5-canopy-cell-687900-6370900"
        ],
        "status": "reviewed-unresolved",
        "positionMeaning": "Crown evidence does not establish a surveyed trunk position."
      }
    },
    {
      "type": "Feature",
      "geometry": {
        "type": "Polygon",
        "coordinates": [
          [
            [
              687392.5,
              6371287.5
            ],
            [
              687392.5,
              6371283.5
            ],
            [
              687391.5,
              6371283.5
            ],
            [
              687391.5,
              6371282.5
            ],
            [
              687390.5,
              6371282.5
            ],
            [
              687390.5,
              6371281.5
            ],
            [
              687388.5,
              6371281.5
            ],
            [
              687388.5,
              6371280.5
            ],
            [
              687385.5,
              6371280.5
            ],
            [
              687385.5,
              6371282.5
            ],
            [
              687383.5,
              6371282.5
            ],
            [
              687383.5,
              6371284.5
            ],
            [
              687382.5,
              6371284.5
            ],
            [
              687382.5,
              6371286.5
            ],
            [
              687383.5,
              6371286.5
            ],
            [
              687383.5,
              6371287.5
            ],
            [
              687392.5,
              6371287.5
            ]
          ],
          [
            [
              687386.5,
              6371283.5
            ],
            [
              687387.5,
              6371283.5
            ],
            [
              687387.5,
              6371284.5
            ],
            [
              687386.5,
              6371284.5
            ],
            [
              687386.5,
              6371283.5
            ]
          ]
        ]
      },
      "properties": {
        "id": "gap-041",
        "gapId": "height-gap-00417",
        "classification": "distinct-base-conflict",
        "note": "Tree overhangs a tee pad near the path junction. Complete source crown extends beyond the gap; no base should be moved onto the tee.",
        "areaMetres2": 53.0,
        "reviewed": true,
        "reviewer": "agent visual interpretation of all 79 six-panel boards",
        "reviewDate": "2026-09-16",
        "sourceDates": {
          "rgbi": "2026-04-10",
          "lidar": [
            "2024-02-03",
            "2024-04-28"
          ],
          "seasonal": "2022; exact date unknown"
        },
        "boardSha256": "720dbe5e8b51d4f98bbd44e82be8baeedf127780679d44af7f6731c4a69a209e",
        "priorIssueIds": [
          "r3-r3-21/dalponte-d9-m5/8",
          "r5-canopy-cell-687300-6371200"
        ],
        "status": "reviewed-unresolved",
        "positionMeaning": "Crown evidence does not establish a surveyed trunk position."
      }
    },
    {
      "type": "Feature",
      "geometry": {
        "type": "MultiPolygon",
        "coordinates": [
          [
            [
              [
                687334.5,
                6370771.5
              ],
              [
                687344.5,
                6370771.5
              ],
              [
                687344.5,
                6370775.5
              ],
              [
                687345.5,
                6370775.5
              ],
              [
                687345.5,
                6370774.5
              ],
              [
                687347.5,
                6370774.5
              ],
              [
                687347.5,
                6370770.5
              ],
              [
                687346.5,
                6370770.5
              ],
              [
                687346.5,
                6370769.5
              ],
              [
                687345.5,
                6370769.5
              ],
              [
                687345.5,
                6370767.5
              ],
              [
                687343.5,
                6370767.5
              ],
              [
                687343.5,
                6370766.5
              ],
              [
                687341.5,
                6370766.5
              ],
              [
                687341.5,
                6370767.5
              ],
              [
                687338.5,
                6370767.5
              ],
              [
                687338.5,
                6370768.5
              ],
              [
                687336.5,
                6370768.5
              ],
              [
                687336.5,
                6370767.5
              ],
              [
                687335.5,
                6370767.5
              ],
              [
                687335.5,
                6370770.5
              ],
              [
                687334.5,
                6370770.5
              ],
              [
                687334.5,
                6370771.5
              ]
            ],
            [
              [
                687343.5,
                6370768.5
              ],
              [
                687342.5,
                6370768.5
              ],
              [
                687342.5,
                6370767.5
              ],
              [
                687343.5,
                6370767.5
              ],
              [
                687343.5,
                6370768.5
              ]
            ],
            [
              [
                687344.5,
                6370768.5
              ],
              [
                687344.5,
                6370769.5
              ],
              [
                687343.5,
                6370769.5
              ],
              [
                687343.5,
                6370768.5
              ],
              [
                687344.5,
                6370768.5
              ]
            ]
          ],
          [
            [
              [
                687334.5,
                6370769.5
              ],
              [
                687333.5,
                6370769.5
              ],
              [
                687333.5,
                6370770.5
              ],
              [
                687334.5,
                6370770.5
              ],
              [
                687334.5,
                6370769.5
              ]
            ]
          ]
        ]
      },
      "properties": {
        "id": "gap-042",
        "gapId": "height-gap-01528",
        "classification": "overhang",
        "note": "Connected leafless crown lobes over the crossing track/fairway strip. Maintain exclusions until a defensible base is available.",
        "areaMetres2": 53.0,
        "reviewed": true,
        "reviewer": "agent visual interpretation of all 79 six-panel boards",
        "reviewDate": "2026-09-16",
        "sourceDates": {
          "rgbi": "2026-04-10",
          "lidar": [
            "2024-02-03",
            "2024-04-28"
          ],
          "seasonal": "2022; exact date unknown"
        },
        "boardSha256": "8d22f0e893a136534bd8dace2a1a519decaf3aa6943736e34422b11572912f49",
        "priorIssueIds": [
          "r3-r3-10/dalponte-d9-m5/28",
          "r5-canopy-cell-687300-6370700"
        ],
        "status": "reviewed-unresolved",
        "positionMeaning": "Crown evidence does not establish a surveyed trunk position."
      }
    },
    {
      "type": "Feature",
      "geometry": {
        "type": "MultiPolygon",
        "coordinates": [
          [
            [
              [
                687163.5,
                6370744.5
              ],
              [
                687160.5,
                6370744.5
              ],
              [
                687160.5,
                6370743.5
              ],
              [
                687159.5,
                6370743.5
              ],
              [
                687159.5,
                6370744.5
              ],
              [
                687158.5,
                6370744.5
              ],
              [
                687158.5,
                6370743.5
              ],
              [
                687156.5,
                6370743.5
              ],
              [
                687156.5,
                6370742.5
              ],
              [
                687155.5,
                6370742.5
              ],
              [
                687155.5,
                6370743.5
              ],
              [
                687154.5,
                6370743.5
              ],
              [
                687154.5,
                6370746.5
              ],
              [
                687155.5,
                6370746.5
              ],
              [
                687155.5,
                6370745.5
              ],
              [
                687156.5,
                6370745.5
              ],
              [
                687156.5,
                6370746.5
              ],
              [
                687157.5,
                6370746.5
              ],
              [
                687157.5,
                6370747.5
              ],
              [
                687158.5,
                6370747.5
              ],
              [
                687158.5,
                6370749.5
              ],
              [
                687159.5,
                6370749.5
              ],
              [
                687159.5,
                6370747.5
              ],
              [
                687161.5,
                6370747.5
              ],
              [
                687161.5,
                6370748.5
              ],
              [
                687164.5,
                6370748.5
              ],
              [
                687164.5,
                6370749.5
              ],
              [
                687163.5,
                6370749.5
              ],
              [
                687163.5,
                6370750.5
              ],
              [
                687164.5,
                6370750.5
              ],
              [
                687164.5,
                6370751.5
              ],
              [
                687165.5,
                6370751.5
              ],
              [
                687165.5,
                6370750.5
              ],
              [
                687166.5,
                6370750.5
              ],
              [
                687166.5,
                6370749.5
              ],
              [
                687167.5,
                6370749.5
              ],
              [
                687167.5,
                6370748.5
              ],
              [
                687168.5,
                6370748.5
              ],
              [
                687168.5,
                6370746.5
              ],
              [
                687167.5,
                6370746.5
              ],
              [
                687167.5,
                6370745.5
              ],
              [
                687163.5,
                6370745.5
              ],
              [
                687163.5,
                6370744.5
              ]
            ],
            [
              [
                687164.5,
                6370747.5
              ],
              [
                687165.5,
                6370747.5
              ],
              [
                687165.5,
                6370748.5
              ],
              [
                687164.5,
                6370748.5
              ],
              [
                687164.5,
                6370747.5
              ]
            ],
            [
              [
                687166.5,
                6370748.5
              ],
              [
                687166.5,
                6370747.5
              ],
              [
                687167.5,
                6370747.5
              ],
              [
                687167.5,
                6370748.5
              ],
              [
                687166.5,
                6370748.5
              ]
            ],
            [
              [
                687163.5,
                6370746.5
              ],
              [
                687161.5,
                6370746.5
              ],
              [
                687161.5,
                6370745.5
              ],
              [
                687163.5,
                6370745.5
              ],
              [
                687163.5,
                6370746.5
              ]
            ],
            [
              [
                687158.5,
                6370745.5
              ],
              [
                687159.5,
                6370745.5
              ],
              [
                687159.5,
                6370746.5
              ],
              [
                687158.5,
                6370746.5
              ],
              [
                687158.5,
                6370745.5
              ]
            ]
          ],
          [
            [
              [
                687165.5,
                6370752.5
              ],
              [
                687166.5,
                6370752.5
              ],
              [
                687166.5,
                6370751.5
              ],
              [
                687165.5,
                6370751.5
              ],
              [
                687165.5,
                6370752.5
              ]
            ]
          ]
        ]
      },
      "properties": {
        "id": "gap-043",
        "gapId": "height-gap-01573",
        "classification": "structure",
        "note": "Roof of the small building beside the lighthouse, not vegetation.",
        "areaMetres2": 50.0,
        "reviewed": true,
        "reviewer": "agent visual interpretation of all 79 six-panel boards",
        "reviewDate": "2026-09-16",
        "sourceDates": {
          "rgbi": "2026-04-10",
          "lidar": [
            "2024-02-03",
            "2024-04-28"
          ],
          "seasonal": "2022; exact date unknown"
        },
        "boardSha256": "b6ae31dc94132a3d85c2e8ea3a9218d55b4422493ab20b3e69d79a692d341bc3",
        "priorIssueIds": [
          "r5-canopy-cell-687100-6370700"
        ],
        "status": "reviewed-non-tree",
        "positionMeaning": "Crown evidence does not establish a surveyed trunk position."
      }
    },
    {
      "type": "Feature",
      "geometry": {
        "type": "Polygon",
        "coordinates": [
          [
            [
              687389.5,
              6370730.5
            ],
            [
              687389.5,
              6370729.5
            ],
            [
              687390.5,
              6370729.5
            ],
            [
              687390.5,
              6370727.5
            ],
            [
              687391.5,
              6370727.5
            ],
            [
              687391.5,
              6370726.5
            ],
            [
              687392.5,
              6370726.5
            ],
            [
              687392.5,
              6370725.5
            ],
            [
              687390.5,
              6370725.5
            ],
            [
              687390.5,
              6370722.5
            ],
            [
              687388.5,
              6370722.5
            ],
            [
              687388.5,
              6370724.5
            ],
            [
              687387.5,
              6370724.5
            ],
            [
              687387.5,
              6370723.5
            ],
            [
              687385.5,
              6370723.5
            ],
            [
              687385.5,
              6370724.5
            ],
            [
              687383.5,
              6370724.5
            ],
            [
              687383.5,
              6370723.5
            ],
            [
              687382.5,
              6370723.5
            ],
            [
              687382.5,
              6370722.5
            ],
            [
              687379.5,
              6370722.5
            ],
            [
              687379.5,
              6370723.5
            ],
            [
              687378.5,
              6370723.5
            ],
            [
              687378.5,
              6370724.5
            ],
            [
              687377.5,
              6370724.5
            ],
            [
              687377.5,
              6370726.5
            ],
            [
              687379.5,
              6370726.5
            ],
            [
              687379.5,
              6370725.5
            ],
            [
              687382.5,
              6370725.5
            ],
            [
              687382.5,
              6370726.5
            ],
            [
              687383.5,
              6370726.5
            ],
            [
              687383.5,
              6370727.5
            ],
            [
              687385.5,
              6370727.5
            ],
            [
              687385.5,
              6370726.5
            ],
            [
              687387.5,
              6370726.5
            ],
            [
              687387.5,
              6370727.5
            ],
            [
              687388.5,
              6370727.5
            ],
            [
              687388.5,
              6370730.5
            ],
            [
              687389.5,
              6370730.5
            ]
          ]
        ]
      },
      "properties": {
        "id": "gap-044",
        "gapId": "height-gap-01625",
        "classification": "overhang",
        "note": "Pond-bank tree lobes extend over the water buffer; existing individuals retained.",
        "areaMetres2": 50.0,
        "reviewed": true,
        "reviewer": "agent visual interpretation of all 79 six-panel boards",
        "reviewDate": "2026-09-16",
        "sourceDates": {
          "rgbi": "2026-04-10",
          "lidar": [
            "2024-02-03",
            "2024-04-28"
          ],
          "seasonal": "2022; exact date unknown"
        },
        "boardSha256": "39fe6271f723106004c5394eef82c6417a139b37f249f0ebd75f6ffc62547b11",
        "priorIssueIds": [
          "r5-canopy-cell-687300-6370700"
        ],
        "status": "reviewed-unresolved",
        "positionMeaning": "Crown evidence does not establish a surveyed trunk position."
      }
    },
    {
      "type": "Feature",
      "geometry": {
        "type": "MultiPolygon",
        "coordinates": [
          [
            [
              [
                687531.5,
                6371525.5
              ],
              [
                687531.5,
                6371526.5
              ],
              [
                687534.5,
                6371526.5
              ],
              [
                687534.5,
                6371525.5
              ],
              [
                687535.5,
                6371525.5
              ],
              [
                687535.5,
                6371526.5
              ],
              [
                687536.5,
                6371526.5
              ],
              [
                687536.5,
                6371524.5
              ],
              [
                687535.5,
                6371524.5
              ],
              [
                687535.5,
                6371523.5
              ],
              [
                687536.5,
                6371523.5
              ],
              [
                687536.5,
                6371522.5
              ],
              [
                687537.5,
                6371522.5
              ],
              [
                687537.5,
                6371519.5
              ],
              [
                687536.5,
                6371519.5
              ],
              [
                687536.5,
                6371518.5
              ],
              [
                687533.5,
                6371518.5
              ],
              [
                687533.5,
                6371519.5
              ],
              [
                687532.5,
                6371519.5
              ],
              [
                687532.5,
                6371520.5
              ],
              [
                687530.5,
                6371520.5
              ],
              [
                687530.5,
                6371522.5
              ],
              [
                687532.5,
                6371522.5
              ],
              [
                687532.5,
                6371523.5
              ],
              [
                687527.5,
                6371523.5
              ],
              [
                687527.5,
                6371524.5
              ],
              [
                687528.5,
                6371524.5
              ],
              [
                687528.5,
                6371525.5
              ],
              [
                687531.5,
                6371525.5
              ]
            ],
            [
              [
                687536.5,
                6371521.5
              ],
              [
                687535.5,
                6371521.5
              ],
              [
                687535.5,
                6371519.5
              ],
              [
                687536.5,
                6371519.5
              ],
              [
                687536.5,
                6371521.5
              ]
            ],
            [
              [
                687533.5,
                6371523.5
              ],
              [
                687533.5,
                6371525.5
              ],
              [
                687532.5,
                6371525.5
              ],
              [
                687532.5,
                6371523.5
              ],
              [
                687533.5,
                6371523.5
              ]
            ]
          ],
          [
            [
              [
                687527.5,
                6371529.5
              ],
              [
                687527.5,
                6371527.5
              ],
              [
                687526.5,
                6371527.5
              ],
              [
                687526.5,
                6371529.5
              ],
              [
                687527.5,
                6371529.5
              ]
            ]
          ],
          [
            [
              [
                687529.5,
                6371527.5
              ],
              [
                687529.5,
                6371526.5
              ],
              [
                687528.5,
                6371526.5
              ],
              [
                687528.5,
                6371525.5
              ],
              [
                687526.5,
                6371525.5
              ],
              [
                687526.5,
                6371526.5
              ],
              [
                687527.5,
                6371526.5
              ],
              [
                687527.5,
                6371527.5
              ],
              [
                687529.5,
                6371527.5
              ]
            ]
          ]
        ]
      },
      "properties": {
        "id": "gap-045",
        "gapId": "height-gap-00159",
        "classification": "distinct-base-conflict",
        "note": "Low practice-edge crown next to existing individuals has height and CIR support. Practice mask and neighbouring crown identity remain unresolved.",
        "areaMetres2": 48.0,
        "reviewed": true,
        "reviewer": "agent visual interpretation of all 79 six-panel boards",
        "reviewDate": "2026-09-16",
        "sourceDates": {
          "rgbi": "2026-04-10",
          "lidar": [
            "2024-02-03",
            "2024-04-28"
          ],
          "seasonal": "2022; exact date unknown"
        },
        "boardSha256": "ccbe26b9083ca7914677fc6a3911b070da428b7576dac8700b57b5f8c752f325",
        "priorIssueIds": [
          "r1-ref-cal03-006",
          "r4-r4-31/dalponte-d9-m5/12",
          "r5-canopy-cell-687500-6371500"
        ],
        "status": "reviewed-unresolved",
        "positionMeaning": "Crown evidence does not establish a surveyed trunk position."
      }
    },
    {
      "type": "Feature",
      "geometry": {
        "type": "Polygon",
        "coordinates": [
          [
            [
              687418.5,
              6370871.5
            ],
            [
              687418.5,
              6370870.5
            ],
            [
              687420.5,
              6370870.5
            ],
            [
              687420.5,
              6370869.5
            ],
            [
              687421.5,
              6370869.5
            ],
            [
              687421.5,
              6370868.5
            ],
            [
              687424.5,
              6370868.5
            ],
            [
              687424.5,
              6370867.5
            ],
            [
              687423.5,
              6370867.5
            ],
            [
              687423.5,
              6370866.5
            ],
            [
              687422.5,
              6370866.5
            ],
            [
              687422.5,
              6370864.5
            ],
            [
              687420.5,
              6370864.5
            ],
            [
              687420.5,
              6370863.5
            ],
            [
              687421.5,
              6370863.5
            ],
            [
              687421.5,
              6370862.5
            ],
            [
              687419.5,
              6370862.5
            ],
            [
              687419.5,
              6370863.5
            ],
            [
              687418.5,
              6370863.5
            ],
            [
              687418.5,
              6370864.5
            ],
            [
              687419.5,
              6370864.5
            ],
            [
              687419.5,
              6370865.5
            ],
            [
              687416.5,
              6370865.5
            ],
            [
              687416.5,
              6370866.5
            ],
            [
              687415.5,
              6370866.5
            ],
            [
              687415.5,
              6370867.5
            ],
            [
              687414.5,
              6370867.5
            ],
            [
              687414.5,
              6370868.5
            ],
            [
              687412.5,
              6370868.5
            ],
            [
              687412.5,
              6370869.5
            ],
            [
              687413.5,
              6370869.5
            ],
            [
              687413.5,
              6370871.5
            ],
            [
              687414.5,
              6370871.5
            ],
            [
              687414.5,
              6370872.5
            ],
            [
              687415.5,
              6370872.5
            ],
            [
              687415.5,
              6370873.5
            ],
            [
              687416.5,
              6370873.5
            ],
            [
              687416.5,
              6370871.5
            ],
            [
              687418.5,
              6370871.5
            ]
          ],
          [
            [
              687419.5,
              6370869.5
            ],
            [
              687419.5,
              6370868.5
            ],
            [
              687420.5,
              6370868.5
            ],
            [
              687420.5,
              6370869.5
            ],
            [
              687419.5,
              6370869.5
            ]
          ],
          [
            [
              687420.5,
              6370865.5
            ],
            [
              687420.5,
              6370866.5
            ],
            [
              687419.5,
              6370866.5
            ],
            [
              687419.5,
              6370865.5
            ],
            [
              687420.5,
              6370865.5
            ]
          ],
          [
            [
              687421.5,
              6370866.5
            ],
            [
              687421.5,
              6370867.5
            ],
            [
              687420.5,
              6370867.5
            ],
            [
              687420.5,
              6370866.5
            ],
            [
              687421.5,
              6370866.5
            ]
          ],
          [
            [
              687415.5,
              6370871.5
            ],
            [
              687415.5,
              6370870.5
            ],
            [
              687416.5,
              6370870.5
            ],
            [
              687416.5,
              6370871.5
            ],
            [
              687415.5,
              6370871.5
            ]
          ],
          [
            [
              687416.5,
              6370869.5
            ],
            [
              687417.5,
              6370869.5
            ],
            [
              687417.5,
              6370870.5
            ],
            [
              687416.5,
              6370870.5
            ],
            [
              687416.5,
              6370869.5
            ]
          ],
          [
            [
              687415.5,
              6370869.5
            ],
            [
              687415.5,
              6370868.5
            ],
            [
              687416.5,
              6370868.5
            ],
            [
              687416.5,
              6370869.5
            ],
            [
              687415.5,
              6370869.5
            ]
          ],
          [
            [
              687416.5,
              6370867.5
            ],
            [
              687417.5,
              6370867.5
            ],
            [
              687417.5,
              6370868.5
            ],
            [
              687416.5,
              6370868.5
            ],
            [
              687416.5,
              6370867.5
            ]
          ]
        ]
      },
      "properties": {
        "id": "gap-046",
        "gapId": "height-gap-01385",
        "classification": "structure",
        "note": "Driving-range shelter roof; bright roof and its shadow are visible in both dates.",
        "areaMetres2": 48.0,
        "reviewed": true,
        "reviewer": "agent visual interpretation of all 79 six-panel boards",
        "reviewDate": "2026-09-16",
        "sourceDates": {
          "rgbi": "2026-04-10",
          "lidar": [
            "2024-02-03",
            "2024-04-28"
          ],
          "seasonal": "2022; exact date unknown"
        },
        "boardSha256": "f3847fa01a00caeaa9a4f30f78c0625ef728338589b98e0fdc0be6fa013855ec",
        "priorIssueIds": [
          "r5-canopy-cell-687400-6370800"
        ],
        "status": "reviewed-non-tree",
        "positionMeaning": "Crown evidence does not establish a surveyed trunk position."
      }
    },
    {
      "type": "Feature",
      "geometry": {
        "type": "MultiPolygon",
        "coordinates": [
          [
            [
              [
                687693.5,
                6371477.5
              ],
              [
                687693.5,
                6371476.5
              ],
              [
                687691.5,
                6371476.5
              ],
              [
                687691.5,
                6371477.5
              ],
              [
                687693.5,
                6371477.5
              ]
            ]
          ],
          [
            [
              [
                687690.5,
                6371477.5
              ],
              [
                687690.5,
                6371479.5
              ],
              [
                687691.5,
                6371479.5
              ],
              [
                687691.5,
                6371477.5
              ],
              [
                687690.5,
                6371477.5
              ]
            ]
          ],
          [
            [
              [
                687699.5,
                6371476.5
              ],
              [
                687699.5,
                6371477.5
              ],
              [
                687700.0,
                6371477.5
              ],
              [
                687700.5,
                6371477.5
              ],
              [
                687700.5,
                6371478.5
              ],
              [
                687701.5,
                6371478.5
              ],
              [
                687701.5,
                6371476.5
              ],
              [
                687700.5,
                6371476.5
              ],
              [
                687700.5,
                6371474.5
              ],
              [
                687700.0,
                6371474.5
              ],
              [
                687698.5,
                6371474.5
              ],
              [
                687698.5,
                6371475.5
              ],
              [
                687697.5,
                6371475.5
              ],
              [
                687697.5,
                6371474.5
              ],
              [
                687696.5,
                6371474.5
              ],
              [
                687696.5,
                6371473.5
              ],
              [
                687697.5,
                6371473.5
              ],
              [
                687697.5,
                6371472.5
              ],
              [
                687696.5,
                6371472.5
              ],
              [
                687696.5,
                6371471.5
              ],
              [
                687693.5,
                6371471.5
              ],
              [
                687693.5,
                6371469.5
              ],
              [
                687692.5,
                6371469.5
              ],
              [
                687692.5,
                6371473.5
              ],
              [
                687691.5,
                6371473.5
              ],
              [
                687691.5,
                6371474.5
              ],
              [
                687690.5,
                6371474.5
              ],
              [
                687690.5,
                6371475.5
              ],
              [
                687693.5,
                6371475.5
              ],
              [
                687693.5,
                6371476.5
              ],
              [
                687699.5,
                6371476.5
              ]
            ]
          ],
          [
            [
              [
                687701.5,
                6371483.5
              ],
              [
                687702.5,
                6371483.5
              ],
              [
                687702.5,
                6371482.5
              ],
              [
                687703.5,
                6371482.5
              ],
              [
                687703.5,
                6371481.5
              ],
              [
                687704.5,
                6371481.5
              ],
              [
                687704.5,
                6371480.5
              ],
              [
                687702.5,
                6371480.5
              ],
              [
                687702.5,
                6371478.5
              ],
              [
                687701.5,
                6371478.5
              ],
              [
                687701.5,
                6371483.5
              ]
            ]
          ]
        ]
      },
      "properties": {
        "id": "gap-047",
        "gapId": "height-gap-00184",
        "classification": "resize",
        "note": "Road-side lobe adjoining tree-visby-000115 has continuous height support. Use only the portion nearest that crown; retain neighbouring tree identity.",
        "areaMetres2": 47.0,
        "reviewed": true,
        "reviewer": "agent visual interpretation of all 79 six-panel boards",
        "reviewDate": "2026-09-16",
        "sourceDates": {
          "rgbi": "2026-04-10",
          "lidar": [
            "2024-02-03",
            "2024-04-28"
          ],
          "seasonal": "2022; exact date unknown"
        },
        "boardSha256": "9c4d6b33440a39e489b0fc3473e10b3d1e224efdb295e6f4c51dd92f108301ff",
        "priorIssueIds": [
          "r5-canopy-cell-687600-6371400",
          "r5-canopy-cell-687700-6371400"
        ],
        "status": "crown-size-corrected",
        "positionMeaning": "Crown evidence does not establish a surveyed trunk position.",
        "recordId": "tree-visby-000115",
        "acceptedAdditionMetres2": 35.0,
        "acceptedGeometry": {
          "type": "MultiPolygon",
          "coordinates": [
            [
              [
                [
                  687700.0,
                  6371477.5
                ],
                [
                  687700.5,
                  6371477.5
                ],
                [
                  687700.5,
                  6371478.5
                ],
                [
                  687701.5,
                  6371478.5
                ],
                [
                  687701.5,
                  6371476.5
                ],
                [
                  687700.5,
                  6371476.5
                ],
                [
                  687700.5,
                  6371474.5
                ],
                [
                  687700.0,
                  6371474.5
                ],
                [
                  687698.5,
                  6371474.5
                ],
                [
                  687698.5,
                  6371475.5
                ],
                [
                  687697.5,
                  6371475.5
                ],
                [
                  687697.5,
                  6371474.5
                ],
                [
                  687696.5,
                  6371474.5
                ],
                [
                  687696.5,
                  6371473.5
                ],
                [
                  687697.5,
                  6371473.5
                ],
                [
                  687697.5,
                  6371472.5
                ],
                [
                  687696.5,
                  6371472.5
                ],
                [
                  687694.5,
                  6371472.5
                ],
                [
                  687694.5,
                  6371473.5
                ],
                [
                  687693.5,
                  6371473.5
                ],
                [
                  687693.5,
                  6371474.5
                ],
                [
                  687692.5,
                  6371474.5
                ],
                [
                  687692.5,
                  6371475.5
                ],
                [
                  687693.5,
                  6371475.5
                ],
                [
                  687693.5,
                  6371476.5
                ],
                [
                  687699.5,
                  6371476.5
                ],
                [
                  687699.5,
                  6371477.5
                ],
                [
                  687700.0,
                  6371477.5
                ]
              ]
            ],
            [
              [
                [
                  687693.5,
                  6371477.5
                ],
                [
                  687693.5,
                  6371476.5
                ],
                [
                  687691.5,
                  6371476.5
                ],
                [
                  687691.5,
                  6371477.5
                ],
                [
                  687693.5,
                  6371477.5
                ]
              ]
            ],
            [
              [
                [
                  687690.5,
                  6371477.5
                ],
                [
                  687690.5,
                  6371479.5
                ],
                [
                  687691.5,
                  6371479.5
                ],
                [
                  687691.5,
                  6371477.5
                ],
                [
                  687690.5,
                  6371477.5
                ]
              ]
            ],
            [
              [
                [
                  687703.5,
                  6371482.5
                ],
                [
                  687703.5,
                  6371481.5
                ],
                [
                  687704.5,
                  6371481.5
                ],
                [
                  687704.5,
                  6371480.5
                ],
                [
                  687702.5,
                  6371480.5
                ],
                [
                  687702.5,
                  6371478.5
                ],
                [
                  687701.5,
                  6371478.5
                ],
                [
                  687701.5,
                  6371483.5
                ],
                [
                  687702.5,
                  6371483.5
                ],
                [
                  687702.5,
                  6371482.5
                ],
                [
                  687703.5,
                  6371482.5
                ]
              ]
            ]
          ]
        }
      }
    },
    {
      "type": "Feature",
      "geometry": {
        "type": "MultiPolygon",
        "coordinates": [
          [
            [
              [
                687329.5,
                6371432.5
              ],
              [
                687330.5,
                6371432.5
              ],
              [
                687330.5,
                6371434.5
              ],
              [
                687333.5,
                6371434.5
              ],
              [
                687333.5,
                6371435.5
              ],
              [
                687335.5,
                6371435.5
              ],
              [
                687335.5,
                6371433.5
              ],
              [
                687336.5,
                6371433.5
              ],
              [
                687336.5,
                6371432.5
              ],
              [
                687335.5,
                6371432.5
              ],
              [
                687335.5,
                6371427.5
              ],
              [
                687336.5,
                6371427.5
              ],
              [
                687336.5,
                6371426.5
              ],
              [
                687335.5,
                6371426.5
              ],
              [
                687335.5,
                6371425.5
              ],
              [
                687333.5,
                6371425.5
              ],
              [
                687333.5,
                6371426.5
              ],
              [
                687331.5,
                6371426.5
              ],
              [
                687331.5,
                6371428.5
              ],
              [
                687330.5,
                6371428.5
              ],
              [
                687330.5,
                6371431.5
              ],
              [
                687329.5,
                6371431.5
              ],
              [
                687329.5,
                6371432.5
              ]
            ]
          ],
          [
            [
              [
                687329.5,
                6371430.5
              ],
              [
                687328.5,
                6371430.5
              ],
              [
                687328.5,
                6371431.5
              ],
              [
                687329.5,
                6371431.5
              ],
              [
                687329.5,
                6371430.5
              ]
            ]
          ]
        ]
      },
      "properties": {
        "id": "gap-048",
        "gapId": "height-gap-00230",
        "classification": "overhang",
        "note": "Western low lobe touches tree-visby-000019, but the height pattern could represent a second overlapping crown. Hold the merge.",
        "areaMetres2": 46.0,
        "reviewed": true,
        "reviewer": "agent visual interpretation of all 79 six-panel boards",
        "reviewDate": "2026-09-16",
        "sourceDates": {
          "rgbi": "2026-04-10",
          "lidar": [
            "2024-02-03",
            "2024-04-28"
          ],
          "seasonal": "2022; exact date unknown"
        },
        "boardSha256": "1c5ffa031661b87a80d0aa4f3a48c23aee7d614febe222d2d3e04fbf133c0554",
        "priorIssueIds": [
          "r5-canopy-cell-687300-6371400"
        ],
        "status": "reviewed-unresolved",
        "positionMeaning": "Crown evidence does not establish a surveyed trunk position."
      }
    },
    {
      "type": "Feature",
      "geometry": {
        "type": "MultiPolygon",
        "coordinates": [
          [
            [
              [
                687445.5,
                6371431.5
              ],
              [
                687446.5,
                6371431.5
              ],
              [
                687446.5,
                6371430.5
              ],
              [
                687445.5,
                6371430.5
              ],
              [
                687445.5,
                6371431.5
              ]
            ]
          ],
          [
            [
              [
                687445.5,
                6371429.5
              ],
              [
                687446.5,
                6371429.5
              ],
              [
                687446.5,
                6371428.5
              ],
              [
                687447.5,
                6371428.5
              ],
              [
                687447.5,
                6371427.5
              ],
              [
                687446.5,
                6371427.5
              ],
              [
                687446.5,
                6371425.5
              ],
              [
                687444.5,
                6371425.5
              ],
              [
                687444.5,
                6371424.5
              ],
              [
                687443.5,
                6371424.5
              ],
              [
                687443.5,
                6371425.5
              ],
              [
                687441.5,
                6371425.5
              ],
              [
                687441.5,
                6371430.5
              ],
              [
                687445.5,
                6371430.5
              ],
              [
                687445.5,
                6371429.5
              ]
            ]
          ],
          [
            [
              [
                687446.5,
                6371432.5
              ],
              [
                687447.5,
                6371432.5
              ],
              [
                687447.5,
                6371433.5
              ],
              [
                687449.5,
                6371433.5
              ],
              [
                687449.5,
                6371434.5
              ],
              [
                687450.5,
                6371434.5
              ],
              [
                687450.5,
                6371432.5
              ],
              [
                687451.5,
                6371432.5
              ],
              [
                687451.5,
                6371429.5
              ],
              [
                687450.5,
                6371429.5
              ],
              [
                687450.5,
                6371428.5
              ],
              [
                687448.5,
                6371428.5
              ],
              [
                687448.5,
                6371430.5
              ],
              [
                687447.5,
                6371430.5
              ],
              [
                687447.5,
                6371431.5
              ],
              [
                687446.5,
                6371431.5
              ],
              [
                687446.5,
                6371432.5
              ]
            ]
          ]
        ]
      },
      "properties": {
        "id": "gap-049",
        "gapId": "height-gap-00233",
        "classification": "distinct-base-conflict",
        "note": "Two small practice-belt crowns form one threshold-connected component. Do not collapse them into one planted tree.",
        "areaMetres2": 45.0,
        "reviewed": true,
        "reviewer": "agent visual interpretation of all 79 six-panel boards",
        "reviewDate": "2026-09-16",
        "sourceDates": {
          "rgbi": "2026-04-10",
          "lidar": [
            "2024-02-03",
            "2024-04-28"
          ],
          "seasonal": "2022; exact date unknown"
        },
        "boardSha256": "a7cb3c2bd4f0045bae8186037960d10f01fa304a512503db8a539589a42e0086",
        "priorIssueIds": [
          "r4-r4-20/dalponte-d9-m5/11",
          "r4-r4-20/dalponte-d9-m5/12",
          "r5-canopy-cell-687400-6371400"
        ],
        "status": "reviewed-unresolved",
        "positionMeaning": "Crown evidence does not establish a surveyed trunk position."
      }
    },
    {
      "type": "Feature",
      "geometry": {
        "type": "Polygon",
        "coordinates": [
          [
            [
              687345.5,
              6370916.5
            ],
            [
              687345.5,
              6370915.5
            ],
            [
              687346.5,
              6370915.5
            ],
            [
              687346.5,
              6370914.5
            ],
            [
              687347.5,
              6370914.5
            ],
            [
              687347.5,
              6370916.5
            ],
            [
              687348.5,
              6370916.5
            ],
            [
              687348.5,
              6370913.5
            ],
            [
              687349.5,
              6370913.5
            ],
            [
              687349.5,
              6370910.5
            ],
            [
              687347.5,
              6370910.5
            ],
            [
              687347.5,
              6370909.5
            ],
            [
              687346.5,
              6370909.5
            ],
            [
              687346.5,
              6370908.5
            ],
            [
              687344.5,
              6370908.5
            ],
            [
              687344.5,
              6370907.5
            ],
            [
              687343.5,
              6370907.5
            ],
            [
              687343.5,
              6370909.5
            ],
            [
              687341.5,
              6370909.5
            ],
            [
              687341.5,
              6370910.5
            ],
            [
              687340.5,
              6370910.5
            ],
            [
              687340.5,
              6370911.5
            ],
            [
              687342.5,
              6370911.5
            ],
            [
              687342.5,
              6370912.5
            ],
            [
              687341.5,
              6370912.5
            ],
            [
              687341.5,
              6370914.5
            ],
            [
              687343.5,
              6370914.5
            ],
            [
              687343.5,
              6370916.5
            ],
            [
              687345.5,
              6370916.5
            ]
          ],
          [
            [
              687347.5,
              6370913.5
            ],
            [
              687347.5,
              6370912.5
            ],
            [
              687348.5,
              6370912.5
            ],
            [
              687348.5,
              6370913.5
            ],
            [
              687347.5,
              6370913.5
            ]
          ],
          [
            [
              687343.5,
              6370911.5
            ],
            [
              687345.5,
              6370911.5
            ],
            [
              687345.5,
              6370912.5
            ],
            [
              687343.5,
              6370912.5
            ],
            [
              687343.5,
              6370911.5
            ]
          ]
        ]
      },
      "properties": {
        "id": "gap-050",
        "gapId": "height-gap-01276",
        "classification": "distinct-base-conflict",
        "note": "Small isolated crown and matching shadow occur in both image dates. Broad fairway exclusion blocks the LiDAR position.",
        "areaMetres2": 45.0,
        "reviewed": true,
        "reviewer": "agent visual interpretation of all 79 six-panel boards",
        "reviewDate": "2026-09-16",
        "sourceDates": {
          "rgbi": "2026-04-10",
          "lidar": [
            "2024-02-03",
            "2024-04-28"
          ],
          "seasonal": "2022; exact date unknown"
        },
        "boardSha256": "65755890fc39e8b9ad213cd97074fcd2aca81d656ece974f66ee661f29ff26c3",
        "priorIssueIds": [
          "r1-ref-hold09b-004",
          "r4-r4-06/island/11",
          "r5-canopy-cell-687300-6370900"
        ],
        "status": "reviewed-unresolved",
        "positionMeaning": "Crown evidence does not establish a surveyed trunk position."
      }
    },
    {
      "type": "Feature",
      "geometry": {
        "type": "MultiPolygon",
        "coordinates": [
          [
            [
              [
                687445.5,
                6371444.5
              ],
              [
                687445.5,
                6371443.5
              ],
              [
                687446.5,
                6371443.5
              ],
              [
                687446.5,
                6371442.5
              ],
              [
                687445.5,
                6371442.5
              ],
              [
                687445.5,
                6371441.5
              ],
              [
                687447.5,
                6371441.5
              ],
              [
                687447.5,
                6371439.5
              ],
              [
                687446.5,
                6371439.5
              ],
              [
                687446.5,
                6371437.5
              ],
              [
                687441.5,
                6371437.5
              ],
              [
                687441.5,
                6371438.5
              ],
              [
                687439.5,
                6371438.5
              ],
              [
                687439.5,
                6371440.5
              ],
              [
                687440.5,
                6371440.5
              ],
              [
                687440.5,
                6371442.5
              ],
              [
                687441.5,
                6371442.5
              ],
              [
                687441.5,
                6371443.5
              ],
              [
                687442.5,
                6371443.5
              ],
              [
                687442.5,
                6371444.5
              ],
              [
                687445.5,
                6371444.5
              ]
            ],
            [
              [
                687442.5,
                6371438.5
              ],
              [
                687442.5,
                6371439.5
              ],
              [
                687441.5,
                6371439.5
              ],
              [
                687441.5,
                6371438.5
              ],
              [
                687442.5,
                6371438.5
              ]
            ]
          ],
          [
            [
              [
                687441.5,
                6371446.5
              ],
              [
                687441.5,
                6371445.5
              ],
              [
                687439.5,
                6371445.5
              ],
              [
                687439.5,
                6371446.5
              ],
              [
                687441.5,
                6371446.5
              ]
            ]
          ],
          [
            [
              [
                687442.5,
                6371445.5
              ],
              [
                687442.5,
                6371444.5
              ],
              [
                687441.5,
                6371444.5
              ],
              [
                687441.5,
                6371445.5
              ],
              [
                687442.5,
                6371445.5
              ]
            ]
          ],
          [
            [
              [
                687447.5,
                6371437.5
              ],
              [
                687447.5,
                6371436.5
              ],
              [
                687446.5,
                6371436.5
              ],
              [
                687446.5,
                6371437.5
              ],
              [
                687447.5,
                6371437.5
              ]
            ]
          ]
        ]
      },
      "properties": {
        "id": "gap-051",
        "gapId": "height-gap-00221",
        "classification": "distinct-base-conflict",
        "note": "Low central practice-belt crown has height support but falls within the mapped practice surface.",
        "areaMetres2": 43.0,
        "reviewed": true,
        "reviewer": "agent visual interpretation of all 79 six-panel boards",
        "reviewDate": "2026-09-16",
        "sourceDates": {
          "rgbi": "2026-04-10",
          "lidar": [
            "2024-02-03",
            "2024-04-28"
          ],
          "seasonal": "2022; exact date unknown"
        },
        "boardSha256": "8c5b8195b3f7cf982cd4c1657bab8f13c363316c9bf532462461743b5b55e74b",
        "priorIssueIds": [
          "r4-r4-20/dalponte-d9-m5/9",
          "r4-r4-20/dalponte-d9-m5/11",
          "r5-canopy-cell-687400-6371400"
        ],
        "status": "reviewed-unresolved",
        "positionMeaning": "Crown evidence does not establish a surveyed trunk position."
      }
    },
    {
      "type": "Feature",
      "geometry": {
        "type": "MultiPolygon",
        "coordinates": [
          [
            [
              [
                687836.5,
                6371407.5
              ],
              [
                687837.5,
                6371407.5
              ],
              [
                687837.5,
                6371406.5
              ],
              [
                687836.5,
                6371406.5
              ],
              [
                687836.5,
                6371407.5
              ]
            ]
          ],
          [
            [
              [
                687836.5,
                6371405.5
              ],
              [
                687837.5,
                6371405.5
              ],
              [
                687837.5,
                6371402.5
              ],
              [
                687836.5,
                6371402.5
              ],
              [
                687836.5,
                6371403.5
              ],
              [
                687835.5,
                6371403.5
              ],
              [
                687835.5,
                6371401.5
              ],
              [
                687834.5,
                6371401.5
              ],
              [
                687834.5,
                6371400.5
              ],
              [
                687833.5,
                6371400.5
              ],
              [
                687833.5,
                6371400.0
              ],
              [
                687833.5,
                6371397.5
              ],
              [
                687831.5,
                6371397.5
              ],
              [
                687831.5,
                6371394.5
              ],
              [
                687830.5,
                6371394.5
              ],
              [
                687830.5,
                6371393.5
              ],
              [
                687831.5,
                6371393.5
              ],
              [
                687831.5,
                6371392.5
              ],
              [
                687829.5,
                6371392.5
              ],
              [
                687829.5,
                6371391.5
              ],
              [
                687828.5,
                6371391.5
              ],
              [
                687828.5,
                6371399.5
              ],
              [
                687832.5,
                6371399.5
              ],
              [
                687832.5,
                6371400.0
              ],
              [
                687832.5,
                6371402.5
              ],
              [
                687834.5,
                6371402.5
              ],
              [
                687834.5,
                6371404.5
              ],
              [
                687835.5,
                6371404.5
              ],
              [
                687835.5,
                6371406.5
              ],
              [
                687836.5,
                6371406.5
              ],
              [
                687836.5,
                6371405.5
              ]
            ]
          ]
        ]
      },
      "properties": {
        "id": "gap-052",
        "gapId": "height-gap-00259",
        "classification": "overhang",
        "note": "Thin crown fringe extends over the pond-side water buffer; adjacent woodland remains.",
        "areaMetres2": 40.0,
        "reviewed": true,
        "reviewer": "agent visual interpretation of all 79 six-panel boards",
        "reviewDate": "2026-09-16",
        "sourceDates": {
          "rgbi": "2026-04-10",
          "lidar": [
            "2024-02-03",
            "2024-04-28"
          ],
          "seasonal": "2022; exact date unknown"
        },
        "boardSha256": "231743fae230a4934bdf6fdff9eef24c1855c0709571e9ac8cdc65ade83ca8c2",
        "priorIssueIds": [
          "r5-canopy-cell-687800-6371300",
          "r5-canopy-cell-687800-6371400"
        ],
        "status": "reviewed-unresolved",
        "positionMeaning": "Crown evidence does not establish a surveyed trunk position."
      }
    },
    {
      "type": "Feature",
      "geometry": {
        "type": "Polygon",
        "coordinates": [
          [
            [
              687886.5,
              6370914.5
            ],
            [
              687886.5,
              6370916.5
            ],
            [
              687887.5,
              6370916.5
            ],
            [
              687887.5,
              6370918.5
            ],
            [
              687888.5,
              6370918.5
            ],
            [
              687888.5,
              6370919.5
            ],
            [
              687887.5,
              6370919.5
            ],
            [
              687887.5,
              6370920.5
            ],
            [
              687889.5,
              6370920.5
            ],
            [
              687889.5,
              6370921.5
            ],
            [
              687890.5,
              6370921.5
            ],
            [
              687890.5,
              6370920.5
            ],
            [
              687891.5,
              6370920.5
            ],
            [
              687891.5,
              6370918.5
            ],
            [
              687893.5,
              6370918.5
            ],
            [
              687893.5,
              6370917.5
            ],
            [
              687892.5,
              6370917.5
            ],
            [
              687892.5,
              6370916.5
            ],
            [
              687893.5,
              6370916.5
            ],
            [
              687893.5,
              6370915.5
            ],
            [
              687892.5,
              6370915.5
            ],
            [
              687892.5,
              6370914.5
            ],
            [
              687891.5,
              6370914.5
            ],
            [
              687891.5,
              6370913.5
            ],
            [
              687890.5,
              6370913.5
            ],
            [
              687890.5,
              6370911.5
            ],
            [
              687889.5,
              6370911.5
            ],
            [
              687889.5,
              6370909.5
            ],
            [
              687888.5,
              6370909.5
            ],
            [
              687888.5,
              6370912.5
            ],
            [
              687889.5,
              6370912.5
            ],
            [
              687889.5,
              6370913.5
            ],
            [
              687887.5,
              6370913.5
            ],
            [
              687887.5,
              6370914.5
            ],
            [
              687886.5,
              6370914.5
            ]
          ],
          [
            [
              687888.5,
              6370914.5
            ],
            [
              687888.5,
              6370915.5
            ],
            [
              687887.5,
              6370915.5
            ],
            [
              687887.5,
              6370914.5
            ],
            [
              687888.5,
              6370914.5
            ]
          ]
        ]
      },
      "properties": {
        "id": "gap-053",
        "gapId": "height-gap-01265",
        "classification": "distinct-base-conflict",
        "note": "Small eastern crown touches an existing individual. Height island suggests another crown, but its base intersects the fairway margin.",
        "areaMetres2": 40.0,
        "reviewed": true,
        "reviewer": "agent visual interpretation of all 79 six-panel boards",
        "reviewDate": "2026-09-16",
        "sourceDates": {
          "rgbi": "2026-04-10",
          "lidar": [
            "2024-02-03",
            "2024-04-28"
          ],
          "seasonal": "2022; exact date unknown"
        },
        "boardSha256": "1ec591bbcb3b62d40a525419e005bdb1e4f3e9d6dcad6b4a212c9cac8d29ac22",
        "priorIssueIds": [
          "r1-ref-hold16b-002",
          "r4-r4-56/dalponte-d9-m5/43",
          "r5-canopy-cell-687800-6370900"
        ],
        "status": "reviewed-unresolved",
        "positionMeaning": "Crown evidence does not establish a surveyed trunk position."
      }
    },
    {
      "type": "Feature",
      "geometry": {
        "type": "MultiPolygon",
        "coordinates": [
          [
            [
              [
                687245.5,
                6370845.5
              ],
              [
                687244.5,
                6370845.5
              ],
              [
                687244.5,
                6370847.5
              ],
              [
                687245.5,
                6370847.5
              ],
              [
                687245.5,
                6370848.5
              ],
              [
                687246.5,
                6370848.5
              ],
              [
                687246.5,
                6370847.5
              ],
              [
                687247.5,
                6370847.5
              ],
              [
                687247.5,
                6370846.5
              ],
              [
                687248.5,
                6370846.5
              ],
              [
                687248.5,
                6370850.5
              ],
              [
                687249.5,
                6370850.5
              ],
              [
                687249.5,
                6370851.5
              ],
              [
                687251.5,
                6370851.5
              ],
              [
                687251.5,
                6370850.5
              ],
              [
                687252.5,
                6370850.5
              ],
              [
                687252.5,
                6370849.5
              ],
              [
                687253.5,
                6370849.5
              ],
              [
                687253.5,
                6370847.5
              ],
              [
                687252.5,
                6370847.5
              ],
              [
                687252.5,
                6370845.5
              ],
              [
                687251.5,
                6370845.5
              ],
              [
                687251.5,
                6370844.5
              ],
              [
                687252.5,
                6370844.5
              ],
              [
                687252.5,
                6370843.5
              ],
              [
                687249.5,
                6370843.5
              ],
              [
                687249.5,
                6370844.5
              ],
              [
                687248.5,
                6370844.5
              ],
              [
                687248.5,
                6370843.5
              ],
              [
                687246.5,
                6370843.5
              ],
              [
                687246.5,
                6370844.5
              ],
              [
                687245.5,
                6370844.5
              ],
              [
                687245.5,
                6370845.5
              ]
            ],
            [
              [
                687246.5,
                6370845.5
              ],
              [
                687246.5,
                6370846.5
              ],
              [
                687245.5,
                6370846.5
              ],
              [
                687245.5,
                6370845.5
              ],
              [
                687246.5,
                6370845.5
              ]
            ],
            [
              [
                687248.5,
                6370845.5
              ],
              [
                687250.5,
                6370845.5
              ],
              [
                687250.5,
                6370846.5
              ],
              [
                687248.5,
                6370846.5
              ],
              [
                687248.5,
                6370845.5
              ]
            ],
            [
              [
                687251.5,
                6370846.5
              ],
              [
                687251.5,
                6370847.5
              ],
              [
                687250.5,
                6370847.5
              ],
              [
                687250.5,
                6370846.5
              ],
              [
                687251.5,
                6370846.5
              ]
            ]
          ],
          [
            [
              [
                687245.5,
                6370843.5
              ],
              [
                687244.5,
                6370843.5
              ],
              [
                687244.5,
                6370844.5
              ],
              [
                687245.5,
                6370844.5
              ],
              [
                687245.5,
                6370843.5
              ]
            ]
          ]
        ]
      },
      "properties": {
        "id": "gap-054",
        "gapId": "height-gap-01405",
        "classification": "distinct-base-conflict",
        "note": "Two small crown lobes at the fairway edge are partly stand-covered. Complete crown identity and base conflict remain.",
        "areaMetres2": 40.0,
        "reviewed": true,
        "reviewer": "agent visual interpretation of all 79 six-panel boards",
        "reviewDate": "2026-09-16",
        "sourceDates": {
          "rgbi": "2026-04-10",
          "lidar": [
            "2024-02-03",
            "2024-04-28"
          ],
          "seasonal": "2022; exact date unknown"
        },
        "boardSha256": "3a46e5e2de152e408285d4bad9b122a84f5fe14b993af04f5affaf4cc017ed9a",
        "priorIssueIds": [
          "r3-r3-07/dalponte-d9-m5/8",
          "r5-canopy-cell-687200-6370800"
        ],
        "status": "reviewed-unresolved",
        "positionMeaning": "Crown evidence does not establish a surveyed trunk position."
      }
    },
    {
      "type": "Feature",
      "geometry": {
        "type": "MultiPolygon",
        "coordinates": [
          [
            [
              [
                687853.5,
                6371373.5
              ],
              [
                687853.5,
                6371372.5
              ],
              [
                687851.5,
                6371372.5
              ],
              [
                687851.5,
                6371373.5
              ],
              [
                687853.5,
                6371373.5
              ]
            ]
          ],
          [
            [
              [
                687854.5,
                6371372.5
              ],
              [
                687854.5,
                6371371.5
              ],
              [
                687853.5,
                6371371.5
              ],
              [
                687853.5,
                6371372.5
              ],
              [
                687854.5,
                6371372.5
              ]
            ]
          ],
          [
            [
              [
                687855.5,
                6371371.5
              ],
              [
                687855.5,
                6371368.5
              ],
              [
                687858.5,
                6371368.5
              ],
              [
                687858.5,
                6371367.5
              ],
              [
                687855.5,
                6371367.5
              ],
              [
                687855.5,
                6371366.5
              ],
              [
                687854.5,
                6371366.5
              ],
              [
                687854.5,
                6371371.5
              ],
              [
                687855.5,
                6371371.5
              ]
            ]
          ],
          [
            [
              [
                687854.5,
                6371365.5
              ],
              [
                687853.5,
                6371365.5
              ],
              [
                687853.5,
                6371366.5
              ],
              [
                687854.5,
                6371366.5
              ],
              [
                687854.5,
                6371365.5
              ]
            ]
          ],
          [
            [
              [
                687853.5,
                6371359.5
              ],
              [
                687852.5,
                6371359.5
              ],
              [
                687852.5,
                6371365.5
              ],
              [
                687853.5,
                6371365.5
              ],
              [
                687853.5,
                6371359.5
              ]
            ]
          ],
          [
            [
              [
                687854.5,
                6371359.5
              ],
              [
                687854.5,
                6371358.5
              ],
              [
                687853.5,
                6371358.5
              ],
              [
                687853.5,
                6371359.5
              ],
              [
                687854.5,
                6371359.5
              ]
            ]
          ],
          [
            [
              [
                687855.5,
                6371358.5
              ],
              [
                687855.5,
                6371357.5
              ],
              [
                687854.5,
                6371357.5
              ],
              [
                687854.5,
                6371358.5
              ],
              [
                687855.5,
                6371358.5
              ]
            ]
          ],
          [
            [
              [
                687859.5,
                6371357.5
              ],
              [
                687859.5,
                6371356.5
              ],
              [
                687855.5,
                6371356.5
              ],
              [
                687855.5,
                6371357.5
              ],
              [
                687859.5,
                6371357.5
              ]
            ]
          ],
          [
            [
              [
                687859.5,
                6371358.5
              ],
              [
                687860.5,
                6371358.5
              ],
              [
                687860.5,
                6371359.5
              ],
              [
                687861.5,
                6371359.5
              ],
              [
                687861.5,
                6371356.5
              ],
              [
                687860.5,
                6371356.5
              ],
              [
                687860.5,
                6371357.5
              ],
              [
                687859.5,
                6371357.5
              ],
              [
                687859.5,
                6371358.5
              ]
            ]
          ],
          [
            [
              [
                687861.5,
                6371365.5
              ],
              [
                687862.5,
                6371365.5
              ],
              [
                687862.5,
                6371361.5
              ],
              [
                687864.5,
                6371361.5
              ],
              [
                687864.5,
                6371360.5
              ],
              [
                687862.5,
                6371360.5
              ],
              [
                687862.5,
                6371359.5
              ],
              [
                687861.5,
                6371359.5
              ],
              [
                687861.5,
                6371365.5
              ]
            ]
          ],
          [
            [
              [
                687860.5,
                6371365.5
              ],
              [
                687860.5,
                6371366.5
              ],
              [
                687861.5,
                6371366.5
              ],
              [
                687861.5,
                6371365.5
              ],
              [
                687860.5,
                6371365.5
              ]
            ]
          ],
          [
            [
              [
                687859.5,
                6371366.5
              ],
              [
                687859.5,
                6371367.5
              ],
              [
                687860.5,
                6371367.5
              ],
              [
                687860.5,
                6371366.5
              ],
              [
                687859.5,
                6371366.5
              ]
            ]
          ]
        ]
      },
      "properties": {
        "id": "gap-055",
        "gapId": "height-gap-00289",
        "classification": "mask-fringe",
        "note": "Thin ring follows individual-crown raster subtraction inside already dense canopy. It does not establish an additional stem.",
        "areaMetres2": 38.0,
        "reviewed": true,
        "reviewer": "agent visual interpretation of all 79 six-panel boards",
        "reviewDate": "2026-09-16",
        "sourceDates": {
          "rgbi": "2026-04-10",
          "lidar": [
            "2024-02-03",
            "2024-04-28"
          ],
          "seasonal": "2022; exact date unknown"
        },
        "boardSha256": "cfa34a8829a1a37ebfce0ff8e7c3368a3bafda8a2afd7ff685c03097c5cf4b98",
        "priorIssueIds": [
          "r5-canopy-cell-687800-6371300"
        ],
        "status": "reviewed-unresolved",
        "positionMeaning": "Crown evidence does not establish a surveyed trunk position."
      }
    },
    {
      "type": "Feature",
      "geometry": {
        "type": "MultiPolygon",
        "coordinates": [
          [
            [
              [
                687818.5,
                6370731.5
              ],
              [
                687818.5,
                6370733.5
              ],
              [
                687819.5,
                6370733.5
              ],
              [
                687819.5,
                6370732.5
              ],
              [
                687821.5,
                6370732.5
              ],
              [
                687821.5,
                6370733.5
              ],
              [
                687822.5,
                6370733.5
              ],
              [
                687822.5,
                6370732.5
              ],
              [
                687823.5,
                6370732.5
              ],
              [
                687823.5,
                6370730.5
              ],
              [
                687822.5,
                6370730.5
              ],
              [
                687822.5,
                6370729.5
              ],
              [
                687821.5,
                6370729.5
              ],
              [
                687821.5,
                6370728.5
              ],
              [
                687820.5,
                6370728.5
              ],
              [
                687820.5,
                6370725.5
              ],
              [
                687819.5,
                6370725.5
              ],
              [
                687819.5,
                6370728.5
              ],
              [
                687818.5,
                6370728.5
              ],
              [
                687818.5,
                6370729.5
              ],
              [
                687817.5,
                6370729.5
              ],
              [
                687817.5,
                6370731.5
              ],
              [
                687818.5,
                6370731.5
              ]
            ],
            [
              [
                687822.5,
                6370731.5
              ],
              [
                687821.5,
                6370731.5
              ],
              [
                687821.5,
                6370730.5
              ],
              [
                687822.5,
                6370730.5
              ],
              [
                687822.5,
                6370731.5
              ]
            ]
          ],
          [
            [
              [
                687814.5,
                6370735.5
              ],
              [
                687814.5,
                6370733.5
              ],
              [
                687815.5,
                6370733.5
              ],
              [
                687815.5,
                6370732.5
              ],
              [
                687817.5,
                6370732.5
              ],
              [
                687817.5,
                6370731.5
              ],
              [
                687812.5,
                6370731.5
              ],
              [
                687812.5,
                6370734.5
              ],
              [
                687813.5,
                6370734.5
              ],
              [
                687813.5,
                6370735.5
              ],
              [
                687814.5,
                6370735.5
              ]
            ]
          ],
          [
            [
              [
                687823.5,
                6370728.5
              ],
              [
                687823.5,
                6370727.5
              ],
              [
                687821.5,
                6370727.5
              ],
              [
                687821.5,
                6370728.5
              ],
              [
                687823.5,
                6370728.5
              ]
            ]
          ],
          [
            [
              [
                687819.5,
                6370733.5
              ],
              [
                687819.5,
                6370734.5
              ],
              [
                687821.5,
                6370734.5
              ],
              [
                687821.5,
                6370733.5
              ],
              [
                687819.5,
                6370733.5
              ]
            ]
          ]
        ]
      },
      "properties": {
        "id": "gap-056",
        "gapId": "height-gap-01612",
        "classification": "overhang",
        "note": "Northern lobe of a retained pond-side tree crosses the water exclusion; separate smaller growth to the east remains uncertain.",
        "areaMetres2": 38.0,
        "reviewed": true,
        "reviewer": "agent visual interpretation of all 79 six-panel boards",
        "reviewDate": "2026-09-16",
        "sourceDates": {
          "rgbi": "2026-04-10",
          "lidar": [
            "2024-02-03",
            "2024-04-28"
          ],
          "seasonal": "2022; exact date unknown"
        },
        "boardSha256": "16dc20f093515216d47694716bf2c5451e9702675032ad86a0b8de581ec495a0",
        "priorIssueIds": [
          "r5-canopy-cell-687800-6370700"
        ],
        "status": "reviewed-unresolved",
        "positionMeaning": "Crown evidence does not establish a surveyed trunk position."
      }
    },
    {
      "type": "Feature",
      "geometry": {
        "type": "Polygon",
        "coordinates": [
          [
            [
              688046.5,
              6370885.5
            ],
            [
              688046.5,
              6370883.5
            ],
            [
              688047.5,
              6370883.5
            ],
            [
              688047.5,
              6370885.5
            ],
            [
              688050.5,
              6370885.5
            ],
            [
              688050.5,
              6370884.5
            ],
            [
              688052.5,
              6370884.5
            ],
            [
              688052.5,
              6370883.5
            ],
            [
              688050.5,
              6370883.5
            ],
            [
              688050.5,
              6370882.5
            ],
            [
              688051.5,
              6370882.5
            ],
            [
              688051.5,
              6370881.5
            ],
            [
              688052.5,
              6370881.5
            ],
            [
              688052.5,
              6370879.5
            ],
            [
              688046.5,
              6370879.5
            ],
            [
              688046.5,
              6370877.5
            ],
            [
              688045.5,
              6370877.5
            ],
            [
              688045.5,
              6370885.5
            ],
            [
              688046.5,
              6370885.5
            ]
          ]
        ]
      },
      "properties": {
        "id": "gap-057",
        "gapId": "height-gap-01367",
        "classification": "overhang",
        "note": "Eastern lobe of the retained crown extends toward the track/fairway mask. Do not add a second tree from its fringe.",
        "areaMetres2": 37.0,
        "reviewed": true,
        "reviewer": "agent visual interpretation of all 79 six-panel boards",
        "reviewDate": "2026-09-16",
        "sourceDates": {
          "rgbi": "2026-04-10",
          "lidar": [
            "2024-02-03",
            "2024-04-28"
          ],
          "seasonal": "2022; exact date unknown"
        },
        "boardSha256": "bbda1979b4381314b86c8abc644554d4164f20e82e5a20c64aa1e62bea156ebf",
        "priorIssueIds": [
          "r2-review13/dalponte-d9-m5/26",
          "r2-review13/dalponte-d9-m5/29",
          "r4-r4-74/dalponte-d9-m5/17",
          "r5-canopy-cell-688000-6370800"
        ],
        "status": "reviewed-unresolved",
        "positionMeaning": "Crown evidence does not establish a surveyed trunk position."
      }
    },
    {
      "type": "Feature",
      "geometry": {
        "type": "MultiPolygon",
        "coordinates": [
          [
            [
              [
                687550.5,
                6371765.5
              ],
              [
                687552.5,
                6371765.5
              ],
              [
                687552.5,
                6371766.5
              ],
              [
                687553.5,
                6371766.5
              ],
              [
                687553.5,
                6371765.5
              ],
              [
                687554.5,
                6371765.5
              ],
              [
                687554.5,
                6371764.5
              ],
              [
                687556.5,
                6371764.5
              ],
              [
                687556.5,
                6371763.5
              ],
              [
                687557.5,
                6371763.5
              ],
              [
                687557.5,
                6371762.5
              ],
              [
                687560.5,
                6371762.5
              ],
              [
                687560.5,
                6371759.5
              ],
              [
                687558.5,
                6371759.5
              ],
              [
                687558.5,
                6371760.5
              ],
              [
                687557.5,
                6371760.5
              ],
              [
                687557.5,
                6371759.5
              ],
              [
                687552.5,
                6371759.5
              ],
              [
                687552.5,
                6371763.5
              ],
              [
                687551.5,
                6371763.5
              ],
              [
                687551.5,
                6371764.5
              ],
              [
                687550.5,
                6371764.5
              ],
              [
                687550.5,
                6371765.5
              ]
            ],
            [
              [
                687553.5,
                6371764.5
              ],
              [
                687553.5,
                6371763.5
              ],
              [
                687554.5,
                6371763.5
              ],
              [
                687554.5,
                6371764.5
              ],
              [
                687553.5,
                6371764.5
              ]
            ],
            [
              [
                687555.5,
                6371763.5
              ],
              [
                687555.5,
                6371762.5
              ],
              [
                687556.5,
                6371762.5
              ],
              [
                687556.5,
                6371763.5
              ],
              [
                687555.5,
                6371763.5
              ]
            ],
            [
              [
                687553.5,
                6371760.5
              ],
              [
                687554.5,
                6371760.5
              ],
              [
                687554.5,
                6371761.5
              ],
              [
                687553.5,
                6371761.5
              ],
              [
                687553.5,
                6371760.5
              ]
            ]
          ],
          [
            [
              [
                687550.5,
                6371763.5
              ],
              [
                687549.5,
                6371763.5
              ],
              [
                687549.5,
                6371764.5
              ],
              [
                687550.5,
                6371764.5
              ],
              [
                687550.5,
                6371763.5
              ]
            ]
          ]
        ]
      },
      "properties": {
        "id": "gap-058",
        "gapId": "height-gap-00022",
        "classification": "overhang",
        "note": "Broad low crown is already partly represented by stand coverage. Fairway-mask strip is not a new tree centre.",
        "areaMetres2": 36.0,
        "reviewed": true,
        "reviewer": "agent visual interpretation of all 79 six-panel boards",
        "reviewDate": "2026-09-16",
        "sourceDates": {
          "rgbi": "2026-04-10",
          "lidar": [
            "2024-02-03",
            "2024-04-28"
          ],
          "seasonal": "2022; exact date unknown"
        },
        "boardSha256": "d3d574701e0eff4027c153619176cfe9c4354ae1a65734361be7e85b003dd0d5",
        "priorIssueIds": [
          "r3-r3-25/dalponte-d9-m5/11",
          "r5-canopy-cell-687500-6371700"
        ],
        "status": "reviewed-unresolved",
        "positionMeaning": "Crown evidence does not establish a surveyed trunk position."
      }
    },
    {
      "type": "Feature",
      "geometry": {
        "type": "MultiPolygon",
        "coordinates": [
          [
            [
              [
                687309.5,
                6370782.5
              ],
              [
                687309.5,
                6370783.5
              ],
              [
                687312.5,
                6370783.5
              ],
              [
                687312.5,
                6370784.5
              ],
              [
                687313.5,
                6370784.5
              ],
              [
                687313.5,
                6370788.5
              ],
              [
                687314.5,
                6370788.5
              ],
              [
                687314.5,
                6370787.5
              ],
              [
                687316.5,
                6370787.5
              ],
              [
                687316.5,
                6370783.5
              ],
              [
                687315.5,
                6370783.5
              ],
              [
                687315.5,
                6370782.5
              ],
              [
                687316.5,
                6370782.5
              ],
              [
                687316.5,
                6370781.5
              ],
              [
                687315.5,
                6370781.5
              ],
              [
                687315.5,
                6370780.5
              ],
              [
                687311.5,
                6370780.5
              ],
              [
                687311.5,
                6370779.5
              ],
              [
                687309.5,
                6370779.5
              ],
              [
                687309.5,
                6370781.5
              ],
              [
                687308.5,
                6370781.5
              ],
              [
                687308.5,
                6370782.5
              ],
              [
                687309.5,
                6370782.5
              ]
            ],
            [
              [
                687314.5,
                6370785.5
              ],
              [
                687315.5,
                6370785.5
              ],
              [
                687315.5,
                6370786.5
              ],
              [
                687314.5,
                6370786.5
              ],
              [
                687314.5,
                6370785.5
              ]
            ]
          ],
          [
            [
              [
                687307.5,
                6370782.5
              ],
              [
                687307.5,
                6370783.5
              ],
              [
                687308.5,
                6370783.5
              ],
              [
                687308.5,
                6370782.5
              ],
              [
                687307.5,
                6370782.5
              ]
            ]
          ]
        ]
      },
      "properties": {
        "id": "gap-059",
        "gapId": "height-gap-01504",
        "classification": "resize",
        "note": "Southern/eastern lobe continues tree-visby-000008 near the building. Keep only its nearest-crown portion and preserve the existing base.",
        "areaMetres2": 36.0,
        "reviewed": true,
        "reviewer": "agent visual interpretation of all 79 six-panel boards",
        "reviewDate": "2026-09-16",
        "sourceDates": {
          "rgbi": "2026-04-10",
          "lidar": [
            "2024-02-03",
            "2024-04-28"
          ],
          "seasonal": "2022; exact date unknown"
        },
        "boardSha256": "5656211c63925fd80b6faa648ba581779cdf985b7e411c4190b91fc24fda6f87",
        "priorIssueIds": [
          "r5-canopy-cell-687300-6370700"
        ],
        "status": "crown-size-corrected",
        "positionMeaning": "Crown evidence does not establish a surveyed trunk position.",
        "recordId": "tree-visby-000008",
        "acceptedAdditionMetres2": 25.0,
        "acceptedGeometry": {
          "type": "MultiPolygon",
          "coordinates": [
            [
              [
                [
                  687307.5,
                  6370783.5
                ],
                [
                  687308.5,
                  6370783.5
                ],
                [
                  687308.5,
                  6370782.5
                ],
                [
                  687307.5,
                  6370782.5
                ],
                [
                  687307.5,
                  6370783.5
                ]
              ]
            ],
            [
              [
                [
                  687309.5,
                  6370783.5
                ],
                [
                  687312.5,
                  6370783.5
                ],
                [
                  687312.5,
                  6370784.5
                ],
                [
                  687313.5,
                  6370784.5
                ],
                [
                  687313.5,
                  6370788.5
                ],
                [
                  687314.5,
                  6370788.5
                ],
                [
                  687314.5,
                  6370787.5
                ],
                [
                  687315.5,
                  6370787.5
                ],
                [
                  687315.5,
                  6370786.5
                ],
                [
                  687314.5,
                  6370786.5
                ],
                [
                  687314.5,
                  6370785.5
                ],
                [
                  687315.5,
                  6370785.5
                ],
                [
                  687315.5,
                  6370783.5
                ],
                [
                  687315.5,
                  6370782.5
                ],
                [
                  687314.5,
                  6370782.5
                ],
                [
                  687314.5,
                  6370781.5
                ],
                [
                  687312.5,
                  6370781.5
                ],
                [
                  687312.5,
                  6370780.5
                ],
                [
                  687311.5,
                  6370780.5
                ],
                [
                  687309.5,
                  6370780.5
                ],
                [
                  687309.5,
                  6370781.5
                ],
                [
                  687308.5,
                  6370781.5
                ],
                [
                  687308.5,
                  6370782.5
                ],
                [
                  687309.5,
                  6370782.5
                ],
                [
                  687309.5,
                  6370783.5
                ]
              ]
            ]
          ]
        }
      }
    },
    {
      "type": "Feature",
      "geometry": {
        "type": "Polygon",
        "coordinates": [
          [
            [
              687324.5,
              6371597.5
            ],
            [
              687324.5,
              6371591.5
            ],
            [
              687328.5,
              6371591.5
            ],
            [
              687328.5,
              6371588.5
            ],
            [
              687325.5,
              6371588.5
            ],
            [
              687325.5,
              6371587.5
            ],
            [
              687324.5,
              6371587.5
            ],
            [
              687324.5,
              6371586.5
            ],
            [
              687322.5,
              6371586.5
            ],
            [
              687322.5,
              6371588.5
            ],
            [
              687323.5,
              6371588.5
            ],
            [
              687323.5,
              6371592.5
            ],
            [
              687322.5,
              6371592.5
            ],
            [
              687322.5,
              6371593.5
            ],
            [
              687321.5,
              6371593.5
            ],
            [
              687321.5,
              6371594.5
            ],
            [
              687320.5,
              6371594.5
            ],
            [
              687320.5,
              6371596.5
            ],
            [
              687323.5,
              6371596.5
            ],
            [
              687323.5,
              6371597.5
            ],
            [
              687324.5,
              6371597.5
            ]
          ]
        ]
      },
      "properties": {
        "id": "gap-060",
        "gapId": "height-gap-00128",
        "classification": "mask-fringe",
        "note": "Irregular residual follows a crown subtraction beside two existing individuals in connected woodland. Another base is not established.",
        "areaMetres2": 35.0,
        "reviewed": true,
        "reviewer": "agent visual interpretation of all 79 six-panel boards",
        "reviewDate": "2026-09-16",
        "sourceDates": {
          "rgbi": "2026-04-10",
          "lidar": [
            "2024-02-03",
            "2024-04-28"
          ],
          "seasonal": "2022; exact date unknown"
        },
        "boardSha256": "03549967a298d7a3bd919a2e28a441fb8c05843109a52d7a23d86a1dad87767c",
        "priorIssueIds": [
          "r5-canopy-cell-687300-6371500"
        ],
        "status": "reviewed-unresolved",
        "positionMeaning": "Crown evidence does not establish a surveyed trunk position."
      }
    },
    {
      "type": "Feature",
      "geometry": {
        "type": "MultiPolygon",
        "coordinates": [
          [
            [
              [
                687446.5,
                6371447.5
              ],
              [
                687446.5,
                6371448.5
              ],
              [
                687445.5,
                6371448.5
              ],
              [
                687445.5,
                6371449.5
              ],
              [
                687444.5,
                6371449.5
              ],
              [
                687444.5,
                6371451.5
              ],
              [
                687445.5,
                6371451.5
              ],
              [
                687445.5,
                6371450.5
              ],
              [
                687446.5,
                6371450.5
              ],
              [
                687446.5,
                6371451.5
              ],
              [
                687447.5,
                6371451.5
              ],
              [
                687447.5,
                6371452.5
              ],
              [
                687450.5,
                6371452.5
              ],
              [
                687450.5,
                6371449.5
              ],
              [
                687451.5,
                6371449.5
              ],
              [
                687451.5,
                6371446.5
              ],
              [
                687448.5,
                6371446.5
              ],
              [
                687448.5,
                6371444.5
              ],
              [
                687446.5,
                6371444.5
              ],
              [
                687446.5,
                6371446.5
              ],
              [
                687445.5,
                6371446.5
              ],
              [
                687445.5,
                6371447.5
              ],
              [
                687446.5,
                6371447.5
              ]
            ],
            [
              [
                687448.5,
                6371449.5
              ],
              [
                687449.5,
                6371449.5
              ],
              [
                687449.5,
                6371450.5
              ],
              [
                687448.5,
                6371450.5
              ],
              [
                687448.5,
                6371449.5
              ]
            ],
            [
              [
                687447.5,
                6371447.5
              ],
              [
                687448.5,
                6371447.5
              ],
              [
                687448.5,
                6371448.5
              ],
              [
                687447.5,
                6371448.5
              ],
              [
                687447.5,
                6371447.5
              ]
            ]
          ],
          [
            [
              [
                687444.5,
                6371447.5
              ],
              [
                687444.5,
                6371448.5
              ],
              [
                687445.5,
                6371448.5
              ],
              [
                687445.5,
                6371447.5
              ],
              [
                687444.5,
                6371447.5
              ]
            ]
          ],
          [
            [
              [
                687445.5,
                6371451.5
              ],
              [
                687445.5,
                6371452.5
              ],
              [
                687446.5,
                6371452.5
              ],
              [
                687446.5,
                6371451.5
              ],
              [
                687445.5,
                6371451.5
              ]
            ]
          ]
        ]
      },
      "properties": {
        "id": "gap-061",
        "gapId": "height-gap-00214",
        "classification": "distinct-base-conflict",
        "note": "Small practice-belt crown is distinguishable in both imagery years and height. Broad practice surface blocks its source position.",
        "areaMetres2": 35.0,
        "reviewed": true,
        "reviewer": "agent visual interpretation of all 79 six-panel boards",
        "reviewDate": "2026-09-16",
        "sourceDates": {
          "rgbi": "2026-04-10",
          "lidar": [
            "2024-02-03",
            "2024-04-28"
          ],
          "seasonal": "2022; exact date unknown"
        },
        "boardSha256": "449bcf5cf07f53a3277a83d9cda94d01eca6b7d26ea31bdd015c9585ad1f7dff",
        "priorIssueIds": [
          "r4-r4-20/dalponte-d9-m5/8",
          "r5-canopy-cell-687400-6371400"
        ],
        "status": "reviewed-unresolved",
        "positionMeaning": "Crown evidence does not establish a surveyed trunk position."
      }
    },
    {
      "type": "Feature",
      "geometry": {
        "type": "MultiPolygon",
        "coordinates": [
          [
            [
              [
                687562.5,
                6370795.5
              ],
              [
                687562.5,
                6370797.5
              ],
              [
                687563.5,
                6370797.5
              ],
              [
                687563.5,
                6370796.5
              ],
              [
                687564.5,
                6370796.5
              ],
              [
                687564.5,
                6370797.5
              ],
              [
                687565.5,
                6370797.5
              ],
              [
                687565.5,
                6370796.5
              ],
              [
                687566.5,
                6370796.5
              ],
              [
                687566.5,
                6370794.5
              ],
              [
                687567.5,
                6370794.5
              ],
              [
                687567.5,
                6370793.5
              ],
              [
                687568.5,
                6370793.5
              ],
              [
                687568.5,
                6370792.5
              ],
              [
                687567.5,
                6370792.5
              ],
              [
                687567.5,
                6370791.5
              ],
              [
                687564.5,
                6370791.5
              ],
              [
                687564.5,
                6370792.5
              ],
              [
                687563.5,
                6370792.5
              ],
              [
                687563.5,
                6370793.5
              ],
              [
                687562.5,
                6370793.5
              ],
              [
                687562.5,
                6370794.5
              ],
              [
                687561.5,
                6370794.5
              ],
              [
                687561.5,
                6370795.5
              ],
              [
                687562.5,
                6370795.5
              ]
            ],
            [
              [
                687565.5,
                6370792.5
              ],
              [
                687565.5,
                6370793.5
              ],
              [
                687564.5,
                6370793.5
              ],
              [
                687564.5,
                6370792.5
              ],
              [
                687565.5,
                6370792.5
              ]
            ]
          ],
          [
            [
              [
                687560.5,
                6370795.5
              ],
              [
                687560.5,
                6370796.5
              ],
              [
                687561.5,
                6370796.5
              ],
              [
                687561.5,
                6370795.5
              ],
              [
                687560.5,
                6370795.5
              ]
            ]
          ],
          [
            [
              [
                687568.5,
                6370791.5
              ],
              [
                687568.5,
                6370792.5
              ],
              [
                687572.5,
                6370792.5
              ],
              [
                687572.5,
                6370791.5
              ],
              [
                687569.5,
                6370791.5
              ],
              [
                687569.5,
                6370790.5
              ],
              [
                687567.5,
                6370790.5
              ],
              [
                687567.5,
                6370791.5
              ],
              [
                687568.5,
                6370791.5
              ]
            ]
          ],
          [
            [
              [
                687563.5,
                6370797.5
              ],
              [
                687563.5,
                6370798.5
              ],
              [
                687562.5,
                6370798.5
              ],
              [
                687562.5,
                6370799.5
              ],
              [
                687565.5,
                6370799.5
              ],
              [
                687565.5,
                6370798.5
              ],
              [
                687564.5,
                6370798.5
              ],
              [
                687564.5,
                6370797.5
              ],
              [
                687563.5,
                6370797.5
              ]
            ]
          ],
          [
            [
              [
                687561.5,
                6370797.5
              ],
              [
                687561.5,
                6370798.5
              ],
              [
                687562.5,
                6370798.5
              ],
              [
                687562.5,
                6370797.5
              ],
              [
                687561.5,
                6370797.5
              ]
            ]
          ]
        ]
      },
      "properties": {
        "id": "gap-062",
        "gapId": "height-gap-01486",
        "classification": "overhang",
        "note": "Southern fringe extends from an existing segmented crown. Leafless boundary is uncertain; no new individual.",
        "areaMetres2": 35.0,
        "reviewed": true,
        "reviewer": "agent visual interpretation of all 79 six-panel boards",
        "reviewDate": "2026-09-16",
        "sourceDates": {
          "rgbi": "2026-04-10",
          "lidar": [
            "2024-02-03",
            "2024-04-28"
          ],
          "seasonal": "2022; exact date unknown"
        },
        "boardSha256": "9775d150252e4165f439f2d359e6d538bd53d1624027fd733f45d314bed9c763",
        "priorIssueIds": [
          "r5-canopy-cell-687500-6370700"
        ],
        "status": "reviewed-unresolved",
        "positionMeaning": "Crown evidence does not establish a surveyed trunk position."
      }
    },
    {
      "type": "Feature",
      "geometry": {
        "type": "MultiPolygon",
        "coordinates": [
          [
            [
              [
                687823.5,
                6371351.5
              ],
              [
                687825.5,
                6371351.5
              ],
              [
                687825.5,
                6371350.5
              ],
              [
                687823.5,
                6371350.5
              ],
              [
                687823.5,
                6371351.5
              ]
            ]
          ],
          [
            [
              [
                687823.5,
                6371349.5
              ],
              [
                687822.5,
                6371349.5
              ],
              [
                687822.5,
                6371348.5
              ],
              [
                687821.5,
                6371348.5
              ],
              [
                687821.5,
                6371350.5
              ],
              [
                687823.5,
                6371350.5
              ],
              [
                687823.5,
                6371349.5
              ]
            ]
          ],
          [
            [
              [
                687825.5,
                6371352.5
              ],
              [
                687824.5,
                6371352.5
              ],
              [
                687824.5,
                6371353.5
              ],
              [
                687827.5,
                6371353.5
              ],
              [
                687827.5,
                6371352.5
              ],
              [
                687826.5,
                6371352.5
              ],
              [
                687826.5,
                6371351.5
              ],
              [
                687825.5,
                6371351.5
              ],
              [
                687825.5,
                6371352.5
              ]
            ]
          ],
          [
            [
              [
                687827.5,
                6371354.5
              ],
              [
                687833.5,
                6371354.5
              ],
              [
                687833.5,
                6371353.5
              ],
              [
                687827.5,
                6371353.5
              ],
              [
                687827.5,
                6371354.5
              ]
            ]
          ],
          [
            [
              [
                687834.5,
                6371353.5
              ],
              [
                687834.5,
                6371354.5
              ],
              [
                687835.5,
                6371354.5
              ],
              [
                687835.5,
                6371351.5
              ],
              [
                687834.5,
                6371351.5
              ],
              [
                687834.5,
                6371352.5
              ],
              [
                687833.5,
                6371352.5
              ],
              [
                687833.5,
                6371353.5
              ],
              [
                687834.5,
                6371353.5
              ]
            ]
          ],
          [
            [
              [
                687835.5,
                6371356.5
              ],
              [
                687836.5,
                6371356.5
              ],
              [
                687836.5,
                6371354.5
              ],
              [
                687835.5,
                6371354.5
              ],
              [
                687835.5,
                6371356.5
              ]
            ]
          ],
          [
            [
              [
                687836.5,
                6371357.5
              ],
              [
                687837.5,
                6371357.5
              ],
              [
                687837.5,
                6371356.5
              ],
              [
                687836.5,
                6371356.5
              ],
              [
                687836.5,
                6371357.5
              ]
            ]
          ],
          [
            [
              [
                687837.5,
                6371358.5
              ],
              [
                687838.5,
                6371358.5
              ],
              [
                687838.5,
                6371360.5
              ],
              [
                687839.5,
                6371360.5
              ],
              [
                687839.5,
                6371357.5
              ],
              [
                687837.5,
                6371357.5
              ],
              [
                687837.5,
                6371358.5
              ]
            ]
          ],
          [
            [
              [
                687837.5,
                6371360.5
              ],
              [
                687837.5,
                6371366.5
              ],
              [
                687838.5,
                6371366.5
              ],
              [
                687838.5,
                6371360.5
              ],
              [
                687837.5,
                6371360.5
              ]
            ]
          ],
          [
            [
              [
                687838.5,
                6371368.5
              ],
              [
                687839.5,
                6371368.5
              ],
              [
                687839.5,
                6371366.5
              ],
              [
                687838.5,
                6371366.5
              ],
              [
                687838.5,
                6371368.5
              ]
            ]
          ]
        ]
      },
      "properties": {
        "id": "gap-063",
        "gapId": "height-gap-00294",
        "classification": "mask-fringe",
        "note": "One-cell-wide chain follows the rasterized edges of multiple represented crowns. Preserve duplicate prevention.",
        "areaMetres2": 34.0,
        "reviewed": true,
        "reviewer": "agent visual interpretation of all 79 six-panel boards",
        "reviewDate": "2026-09-16",
        "sourceDates": {
          "rgbi": "2026-04-10",
          "lidar": [
            "2024-02-03",
            "2024-04-28"
          ],
          "seasonal": "2022; exact date unknown"
        },
        "boardSha256": "0c4cb7e496209c8996a4fe85d2dc8e5437ab8a87bfeb3e003a3e8bdf5bd85b8a",
        "priorIssueIds": [
          "r5-canopy-cell-687800-6371300"
        ],
        "status": "reviewed-unresolved",
        "positionMeaning": "Crown evidence does not establish a surveyed trunk position."
      }
    },
    {
      "type": "Feature",
      "geometry": {
        "type": "Polygon",
        "coordinates": [
          [
            [
              687554.5,
              6371128.5
            ],
            [
              687556.5,
              6371128.5
            ],
            [
              687556.5,
              6371127.5
            ],
            [
              687557.5,
              6371127.5
            ],
            [
              687557.5,
              6371129.5
            ],
            [
              687558.5,
              6371129.5
            ],
            [
              687558.5,
              6371128.5
            ],
            [
              687559.5,
              6371128.5
            ],
            [
              687559.5,
              6371126.5
            ],
            [
              687561.5,
              6371126.5
            ],
            [
              687561.5,
              6371125.5
            ],
            [
              687560.5,
              6371125.5
            ],
            [
              687560.5,
              6371123.5
            ],
            [
              687559.5,
              6371123.5
            ],
            [
              687559.5,
              6371122.5
            ],
            [
              687556.5,
              6371122.5
            ],
            [
              687556.5,
              6371123.5
            ],
            [
              687555.5,
              6371123.5
            ],
            [
              687555.5,
              6371124.5
            ],
            [
              687554.5,
              6371124.5
            ],
            [
              687554.5,
              6371123.5
            ],
            [
              687552.5,
              6371123.5
            ],
            [
              687552.5,
              6371124.5
            ],
            [
              687553.5,
              6371124.5
            ],
            [
              687553.5,
              6371127.5
            ],
            [
              687554.5,
              6371127.5
            ],
            [
              687554.5,
              6371128.5
            ]
          ],
          [
            [
              687554.5,
              6371126.5
            ],
            [
              687555.5,
              6371126.5
            ],
            [
              687555.5,
              6371127.5
            ],
            [
              687554.5,
              6371127.5
            ],
            [
              687554.5,
              6371126.5
            ]
          ],
          [
            [
              687556.5,
              6371124.5
            ],
            [
              687557.5,
              6371124.5
            ],
            [
              687557.5,
              6371125.5
            ],
            [
              687556.5,
              6371125.5
            ],
            [
              687556.5,
              6371124.5
            ]
          ]
        ]
      },
      "properties": {
        "id": "gap-064",
        "gapId": "height-gap-00689",
        "classification": "distinct-base-conflict",
        "note": "Small isolated tree beside practice furniture has a crown, shadow and low height island. Practice-area exclusion needs review.",
        "areaMetres2": 34.0,
        "reviewed": true,
        "reviewer": "agent visual interpretation of all 79 six-panel boards",
        "reviewDate": "2026-09-16",
        "sourceDates": {
          "rgbi": "2026-04-10",
          "lidar": [
            "2024-02-03",
            "2024-04-28"
          ],
          "seasonal": "2022; exact date unknown"
        },
        "boardSha256": "5f410baab33d1e001da39aa6beefaff6276c99385f60a428008a1f827cd249d5",
        "priorIssueIds": [
          "r4-r4-27/island/5",
          "r5-canopy-cell-687500-6371100"
        ],
        "status": "reviewed-unresolved",
        "positionMeaning": "Crown evidence does not establish a surveyed trunk position."
      }
    },
    {
      "type": "Feature",
      "geometry": {
        "type": "MultiPolygon",
        "coordinates": [
          [
            [
              [
                687966.5,
                6370991.5
              ],
              [
                687966.5,
                6370990.5
              ],
              [
                687967.5,
                6370990.5
              ],
              [
                687967.5,
                6370989.5
              ],
              [
                687969.5,
                6370989.5
              ],
              [
                687969.5,
                6370988.5
              ],
              [
                687968.5,
                6370988.5
              ],
              [
                687968.5,
                6370986.5
              ],
              [
                687967.5,
                6370986.5
              ],
              [
                687967.5,
                6370987.5
              ],
              [
                687966.5,
                6370987.5
              ],
              [
                687966.5,
                6370985.5
              ],
              [
                687964.5,
                6370985.5
              ],
              [
                687964.5,
                6370986.5
              ],
              [
                687963.5,
                6370986.5
              ],
              [
                687963.5,
                6370985.5
              ],
              [
                687962.5,
                6370985.5
              ],
              [
                687962.5,
                6370986.5
              ],
              [
                687961.5,
                6370986.5
              ],
              [
                687961.5,
                6370987.5
              ],
              [
                687960.5,
                6370987.5
              ],
              [
                687960.5,
                6370988.5
              ],
              [
                687961.5,
                6370988.5
              ],
              [
                687961.5,
                6370989.5
              ],
              [
                687962.5,
                6370989.5
              ],
              [
                687962.5,
                6370990.5
              ],
              [
                687963.5,
                6370990.5
              ],
              [
                687963.5,
                6370991.5
              ],
              [
                687966.5,
                6370991.5
              ]
            ],
            [
              [
                687966.5,
                6370989.5
              ],
              [
                687966.5,
                6370988.5
              ],
              [
                687967.5,
                6370988.5
              ],
              [
                687967.5,
                6370989.5
              ],
              [
                687966.5,
                6370989.5
              ]
            ]
          ],
          [
            [
              [
                687967.5,
                6370991.5
              ],
              [
                687968.5,
                6370991.5
              ],
              [
                687968.5,
                6370990.5
              ],
              [
                687967.5,
                6370990.5
              ],
              [
                687967.5,
                6370991.5
              ]
            ]
          ]
        ]
      },
      "properties": {
        "id": "gap-065",
        "gapId": "height-gap-01028",
        "classification": "retained-suppressed-record",
        "note": "Existing tree-visby-000284 sits beside a service building. Preserve its prior facility-conflict case; do not duplicate it.",
        "areaMetres2": 33.0,
        "reviewed": true,
        "reviewer": "agent visual interpretation of all 79 six-panel boards",
        "reviewDate": "2026-09-16",
        "sourceDates": {
          "rgbi": "2026-04-10",
          "lidar": [
            "2024-02-03",
            "2024-04-28"
          ],
          "seasonal": "2022; exact date unknown"
        },
        "boardSha256": "653f9bfee96e2881a3b3fa657b58e53ecaabd0c5116c0d5698f4da34fb3d573e",
        "priorIssueIds": [
          "runtime-tree-visby-000284",
          "r4-r5-109/dalponte-d9-m5/19",
          "r5-canopy-cell-687900-6370900"
        ],
        "status": "reviewed-unresolved",
        "positionMeaning": "Crown evidence does not establish a surveyed trunk position."
      }
    },
    {
      "type": "Feature",
      "geometry": {
        "type": "MultiPolygon",
        "coordinates": [
          [
            [
              [
                687343.5,
                6371014.5
              ],
              [
                687342.5,
                6371014.5
              ],
              [
                687342.5,
                6371016.5
              ],
              [
                687343.5,
                6371016.5
              ],
              [
                687343.5,
                6371018.5
              ],
              [
                687344.5,
                6371018.5
              ],
              [
                687344.5,
                6371015.5
              ],
              [
                687349.5,
                6371015.5
              ],
              [
                687349.5,
                6371014.5
              ],
              [
                687350.5,
                6371014.5
              ],
              [
                687350.5,
                6371015.5
              ],
              [
                687352.5,
                6371015.5
              ],
              [
                687352.5,
                6371014.5
              ],
              [
                687351.5,
                6371014.5
              ],
              [
                687351.5,
                6371012.5
              ],
              [
                687349.5,
                6371012.5
              ],
              [
                687349.5,
                6371013.5
              ],
              [
                687348.5,
                6371013.5
              ],
              [
                687348.5,
                6371012.5
              ],
              [
                687346.5,
                6371012.5
              ],
              [
                687346.5,
                6371013.5
              ],
              [
                687345.5,
                6371013.5
              ],
              [
                687345.5,
                6371011.5
              ],
              [
                687344.5,
                6371011.5
              ],
              [
                687344.5,
                6371013.5
              ],
              [
                687343.5,
                6371013.5
              ],
              [
                687343.5,
                6371014.5
              ]
            ]
          ],
          [
            [
              [
                687343.5,
                6371012.5
              ],
              [
                687342.5,
                6371012.5
              ],
              [
                687342.5,
                6371013.5
              ],
              [
                687343.5,
                6371013.5
              ],
              [
                687343.5,
                6371012.5
              ]
            ]
          ],
          [
            [
              [
                687352.5,
                6371017.5
              ],
              [
                687353.5,
                6371017.5
              ],
              [
                687353.5,
                6371015.5
              ],
              [
                687352.5,
                6371015.5
              ],
              [
                687352.5,
                6371017.5
              ]
            ]
          ],
          [
            [
              [
                687349.5,
                6371011.5
              ],
              [
                687348.5,
                6371011.5
              ],
              [
                687348.5,
                6371012.5
              ],
              [
                687349.5,
                6371012.5
              ],
              [
                687349.5,
                6371011.5
              ]
            ]
          ]
        ]
      },
      "properties": {
        "id": "gap-066",
        "gapId": "height-gap-00961",
        "classification": "overhang",
        "note": "Crown lip above a bunker adjoins existing stand coverage. Crown overhang is not permission for a bunker base.",
        "areaMetres2": 31.0,
        "reviewed": true,
        "reviewer": "agent visual interpretation of all 79 six-panel boards",
        "reviewDate": "2026-09-16",
        "sourceDates": {
          "rgbi": "2026-04-10",
          "lidar": [
            "2024-02-03",
            "2024-04-28"
          ],
          "seasonal": "2022; exact date unknown"
        },
        "boardSha256": "a270876eb65cabbd53efc135ee475cfc24a4baab9d4226832c529e1e0eae89ae",
        "priorIssueIds": [
          "r3-r3-19/dalponte-d9-m5/14",
          "r5-canopy-cell-687300-6371000"
        ],
        "status": "reviewed-unresolved",
        "positionMeaning": "Crown evidence does not establish a surveyed trunk position."
      }
    },
    {
      "type": "Feature",
      "geometry": {
        "type": "MultiPolygon",
        "coordinates": [
          [
            [
              [
                687497.5,
                6371231.5
              ],
              [
                687497.5,
                6371229.5
              ],
              [
                687498.5,
                6371229.5
              ],
              [
                687498.5,
                6371228.5
              ],
              [
                687495.5,
                6371228.5
              ],
              [
                687495.5,
                6371227.5
              ],
              [
                687496.5,
                6371227.5
              ],
              [
                687496.5,
                6371223.5
              ],
              [
                687493.5,
                6371223.5
              ],
              [
                687493.5,
                6371224.5
              ],
              [
                687494.5,
                6371224.5
              ],
              [
                687494.5,
                6371225.5
              ],
              [
                687493.5,
                6371225.5
              ],
              [
                687493.5,
                6371227.5
              ],
              [
                687492.5,
                6371227.5
              ],
              [
                687492.5,
                6371231.5
              ],
              [
                687497.5,
                6371231.5
              ]
            ],
            [
              [
                687495.5,
                6371229.5
              ],
              [
                687496.5,
                6371229.5
              ],
              [
                687496.5,
                6371230.5
              ],
              [
                687495.5,
                6371230.5
              ],
              [
                687495.5,
                6371229.5
              ]
            ]
          ],
          [
            [
              [
                687493.5,
                6371224.5
              ],
              [
                687492.5,
                6371224.5
              ],
              [
                687492.5,
                6371225.5
              ],
              [
                687493.5,
                6371225.5
              ],
              [
                687493.5,
                6371224.5
              ]
            ]
          ]
        ]
      },
      "properties": {
        "id": "gap-067",
        "gapId": "height-gap-00485",
        "classification": "overhang",
        "note": "Small leafless woodland-edge lobe follows the fairway boundary and remains connected to represented woodland.",
        "areaMetres2": 30.0,
        "reviewed": true,
        "reviewer": "agent visual interpretation of all 79 six-panel boards",
        "reviewDate": "2026-09-16",
        "sourceDates": {
          "rgbi": "2026-04-10",
          "lidar": [
            "2024-02-03",
            "2024-04-28"
          ],
          "seasonal": "2022; exact date unknown"
        },
        "boardSha256": "e6666b170da18719f7ba1bdef2d44deea4a30106911e00636ede97cfe030e39e",
        "priorIssueIds": [
          "r5-canopy-cell-687400-6371200"
        ],
        "status": "reviewed-unresolved",
        "positionMeaning": "Crown evidence does not establish a surveyed trunk position."
      }
    },
    {
      "type": "Feature",
      "geometry": {
        "type": "Polygon",
        "coordinates": [
          [
            [
              687432.5,
              6370723.5
            ],
            [
              687436.5,
              6370723.5
            ],
            [
              687436.5,
              6370724.5
            ],
            [
              687439.5,
              6370724.5
            ],
            [
              687439.5,
              6370722.5
            ],
            [
              687440.5,
              6370722.5
            ],
            [
              687440.5,
              6370721.5
            ],
            [
              687441.5,
              6370721.5
            ],
            [
              687441.5,
              6370720.0
            ],
            [
              687438.5,
              6370720.0
            ],
            [
              687438.5,
              6370720.5
            ],
            [
              687437.5,
              6370720.5
            ],
            [
              687437.5,
              6370720.0
            ],
            [
              687432.5,
              6370720.0
            ],
            [
              687432.5,
              6370723.5
            ]
          ],
          [
            [
              687437.5,
              6370721.5
            ],
            [
              687436.5,
              6370721.5
            ],
            [
              687436.5,
              6370720.5
            ],
            [
              687437.5,
              6370720.5
            ],
            [
              687437.5,
              6370721.5
            ]
          ]
        ]
      },
      "properties": {
        "id": "gap-068",
        "gapId": "height-gap-01645",
        "classification": "protected-edge",
        "note": "Existing suppressed record's crown crosses the protected evaluation edge. Preserve both record and frozen stand coverage.",
        "areaMetres2": 30.0,
        "reviewed": true,
        "reviewer": "agent visual interpretation of all 79 six-panel boards",
        "reviewDate": "2026-09-16",
        "sourceDates": {
          "rgbi": "2026-04-10",
          "lidar": [
            "2024-02-03",
            "2024-04-28"
          ],
          "seasonal": "2022; exact date unknown"
        },
        "boardSha256": "61a14209445d714e8ea9286ac26a61cb1709e792d63668803bc02bcd28a61f8b",
        "priorIssueIds": [
          "runtime-tree-visby-000051",
          "r5-canopy-cell-687400-6370700"
        ],
        "status": "reviewed-unresolved",
        "positionMeaning": "Crown evidence does not establish a surveyed trunk position."
      }
    },
    {
      "type": "Feature",
      "geometry": {
        "type": "Polygon",
        "coordinates": [
          [
            [
              687712.5,
              6371268.5
            ],
            [
              687712.5,
              6371267.5
            ],
            [
              687717.5,
              6371267.5
            ],
            [
              687717.5,
              6371266.5
            ],
            [
              687718.5,
              6371266.5
            ],
            [
              687718.5,
              6371267.5
            ],
            [
              687720.5,
              6371267.5
            ],
            [
              687720.5,
              6371264.5
            ],
            [
              687718.5,
              6371264.5
            ],
            [
              687718.5,
              6371262.5
            ],
            [
              687717.5,
              6371262.5
            ],
            [
              687717.5,
              6371263.5
            ],
            [
              687716.5,
              6371263.5
            ],
            [
              687716.5,
              6371262.5
            ],
            [
              687715.5,
              6371262.5
            ],
            [
              687715.5,
              6371264.5
            ],
            [
              687713.5,
              6371264.5
            ],
            [
              687713.5,
              6371265.5
            ],
            [
              687712.5,
              6371265.5
            ],
            [
              687712.5,
              6371266.5
            ],
            [
              687711.5,
              6371266.5
            ],
            [
              687711.5,
              6371268.5
            ],
            [
              687712.5,
              6371268.5
            ]
          ]
        ]
      },
      "properties": {
        "id": "gap-069",
        "gapId": "height-gap-00437",
        "classification": "overhang",
        "note": "Southern lip of the existing roadside group crosses the road buffer. No independent base established.",
        "areaMetres2": 29.0,
        "reviewed": true,
        "reviewer": "agent visual interpretation of all 79 six-panel boards",
        "reviewDate": "2026-09-16",
        "sourceDates": {
          "rgbi": "2026-04-10",
          "lidar": [
            "2024-02-03",
            "2024-04-28"
          ],
          "seasonal": "2022; exact date unknown"
        },
        "boardSha256": "963165eb21f61c9699aa6ea9388da3366306404284cd7eaee179cca9f90f7279",
        "priorIssueIds": [
          "r5-canopy-cell-687700-6371200"
        ],
        "status": "reviewed-unresolved",
        "positionMeaning": "Crown evidence does not establish a surveyed trunk position."
      }
    },
    {
      "type": "Feature",
      "geometry": {
        "type": "MultiPolygon",
        "coordinates": [
          [
            [
              [
                687498.5,
                6371646.5
              ],
              [
                687498.5,
                6371644.5
              ],
              [
                687500.0,
                6371644.5
              ],
              [
                687500.5,
                6371644.5
              ],
              [
                687500.5,
                6371642.5
              ],
              [
                687500.0,
                6371642.5
              ],
              [
                687498.5,
                6371642.5
              ],
              [
                687498.5,
                6371641.5
              ],
              [
                687500.0,
                6371641.5
              ],
              [
                687500.5,
                6371641.5
              ],
              [
                687500.5,
                6371639.5
              ],
              [
                687500.0,
                6371639.5
              ],
              [
                687498.5,
                6371639.5
              ],
              [
                687498.5,
                6371640.5
              ],
              [
                687497.5,
                6371640.5
              ],
              [
                687497.5,
                6371641.5
              ],
              [
                687496.5,
                6371641.5
              ],
              [
                687496.5,
                6371640.5
              ],
              [
                687495.5,
                6371640.5
              ],
              [
                687495.5,
                6371643.5
              ],
              [
                687494.5,
                6371643.5
              ],
              [
                687494.5,
                6371645.5
              ],
              [
                687495.5,
                6371645.5
              ],
              [
                687495.5,
                6371646.5
              ],
              [
                687498.5,
                6371646.5
              ]
            ],
            [
              [
                687496.5,
                6371642.5
              ],
              [
                687497.5,
                6371642.5
              ],
              [
                687497.5,
                6371643.5
              ],
              [
                687496.5,
                6371643.5
              ],
              [
                687496.5,
                6371642.5
              ]
            ]
          ],
          [
            [
              [
                687498.5,
                6371638.5
              ],
              [
                687497.5,
                6371638.5
              ],
              [
                687497.5,
                6371639.5
              ],
              [
                687498.5,
                6371639.5
              ],
              [
                687498.5,
                6371638.5
              ]
            ]
          ],
          [
            [
              [
                687500.5,
                6371642.5
              ],
              [
                687501.5,
                6371642.5
              ],
              [
                687501.5,
                6371641.5
              ],
              [
                687500.5,
                6371641.5
              ],
              [
                687500.5,
                6371642.5
              ]
            ]
          ]
        ]
      },
      "properties": {
        "id": "gap-070",
        "gapId": "height-gap-00108",
        "classification": "overhang",
        "note": "Small leafless edge patch has weak height support and uncertain crown identity beside the fairway. Hold.",
        "areaMetres2": 28.0,
        "reviewed": true,
        "reviewer": "agent visual interpretation of all 79 six-panel boards",
        "reviewDate": "2026-09-16",
        "sourceDates": {
          "rgbi": "2026-04-10",
          "lidar": [
            "2024-02-03",
            "2024-04-28"
          ],
          "seasonal": "2022; exact date unknown"
        },
        "boardSha256": "c3cc4b3621fb0f5af0da2484e19e7571a6cbe835db2df88bd7160ebb1246de12",
        "priorIssueIds": [
          "r4-r4-22/dalponte-d9-m5/45",
          "r5-canopy-cell-687400-6371600",
          "r5-canopy-cell-687500-6371600"
        ],
        "status": "reviewed-unresolved",
        "positionMeaning": "Crown evidence does not establish a surveyed trunk position."
      }
    },
    {
      "type": "Feature",
      "geometry": {
        "type": "MultiPolygon",
        "coordinates": [
          [
            [
              [
                687980.5,
                6371030.5
              ],
              [
                687980.5,
                6371031.5
              ],
              [
                687981.5,
                6371031.5
              ],
              [
                687981.5,
                6371030.5
              ],
              [
                687980.5,
                6371030.5
              ]
            ]
          ],
          [
            [
              [
                687991.5,
                6371000.5
              ],
              [
                687989.5,
                6371000.5
              ],
              [
                687989.5,
                6371001.5
              ],
              [
                687990.5,
                6371001.5
              ],
              [
                687991.5,
                6371001.5
              ],
              [
                687991.5,
                6371000.5
              ]
            ]
          ],
          [
            [
              [
                687985.5,
                6371010.5
              ],
              [
                687986.5,
                6371010.5
              ],
              [
                687986.5,
                6371009.5
              ],
              [
                687985.5,
                6371009.5
              ],
              [
                687985.5,
                6371010.5
              ]
            ]
          ],
          [
            [
              [
                687990.5,
                6371015.5
              ],
              [
                687988.5,
                6371015.5
              ],
              [
                687988.5,
                6371016.5
              ],
              [
                687990.5,
                6371016.5
              ],
              [
                687990.5,
                6371015.5
              ]
            ]
          ],
          [
            [
              [
                687974.5,
                6371048.5
              ],
              [
                687973.5,
                6371048.5
              ],
              [
                687973.5,
                6371049.5
              ],
              [
                687974.5,
                6371049.5
              ],
              [
                687974.5,
                6371048.5
              ]
            ]
          ],
          [
            [
              [
                687970.5,
                6371056.5
              ],
              [
                687970.5,
                6371058.5
              ],
              [
                687971.5,
                6371058.5
              ],
              [
                687971.5,
                6371057.5
              ],
              [
                687971.5,
                6371056.5
              ],
              [
                687970.5,
                6371056.5
              ]
            ]
          ],
          [
            [
              [
                687975.5,
                6371044.5
              ],
              [
                687974.5,
                6371044.5
              ],
              [
                687974.5,
                6371045.5
              ],
              [
                687975.5,
                6371045.5
              ],
              [
                687975.5,
                6371044.5
              ]
            ]
          ],
          [
            [
              [
                687978.5,
                6371036.5
              ],
              [
                687978.5,
                6371037.5
              ],
              [
                687979.5,
                6371037.5
              ],
              [
                687979.5,
                6371036.5
              ],
              [
                687978.5,
                6371036.5
              ]
            ]
          ],
          [
            [
              [
                687980.5,
                6371033.5
              ],
              [
                687979.5,
                6371033.5
              ],
              [
                687979.5,
                6371034.5
              ],
              [
                687980.5,
                6371034.5
              ],
              [
                687980.5,
                6371033.5
              ]
            ]
          ],
          [
            [
              [
                687982.5,
                6371027.5
              ],
              [
                687982.5,
                6371028.5
              ],
              [
                687983.5,
                6371028.5
              ],
              [
                687983.5,
                6371027.5
              ],
              [
                687982.5,
                6371027.5
              ]
            ]
          ],
          [
            [
              [
                687985.5,
                6371019.5
              ],
              [
                687984.5,
                6371019.5
              ],
              [
                687984.5,
                6371020.5
              ],
              [
                687985.5,
                6371020.5
              ],
              [
                687985.5,
                6371019.5
              ]
            ]
          ],
          [
            [
              [
                687998.5,
                6371004.5
              ],
              [
                687998.5,
                6371003.5
              ],
              [
                687997.5,
                6371003.5
              ],
              [
                687997.5,
                6371004.5
              ],
              [
                687998.5,
                6371004.5
              ]
            ]
          ],
          [
            [
              [
                687998.5,
                6371006.5
              ],
              [
                687999.5,
                6371006.5
              ],
              [
                687999.5,
                6371004.5
              ],
              [
                687998.5,
                6371004.5
              ],
              [
                687998.5,
                6371006.5
              ]
            ]
          ],
          [
            [
              [
                687997.5,
                6371029.5
              ],
              [
                687998.5,
                6371029.5
              ],
              [
                687998.5,
                6371027.5
              ],
              [
                687997.5,
                6371027.5
              ],
              [
                687997.5,
                6371029.5
              ]
            ]
          ],
          [
            [
              [
                687993.5,
                6371036.5
              ],
              [
                687994.5,
                6371036.5
              ],
              [
                687994.5,
                6371035.5
              ],
              [
                687993.5,
                6371035.5
              ],
              [
                687993.5,
                6371036.5
              ]
            ]
          ],
          [
            [
              [
                687981.5,
                6371061.5
              ],
              [
                687981.5,
                6371062.5
              ],
              [
                687982.5,
                6371062.5
              ],
              [
                687982.5,
                6371061.5
              ],
              [
                687981.5,
                6371061.5
              ]
            ]
          ],
          [
            [
              [
                687988.5,
                6371054.5
              ],
              [
                687988.5,
                6371053.5
              ],
              [
                687987.5,
                6371053.5
              ],
              [
                687986.5,
                6371053.5
              ],
              [
                687986.5,
                6371054.5
              ],
              [
                687988.5,
                6371054.5
              ]
            ]
          ],
          [
            [
              [
                687992.5,
                6371040.5
              ],
              [
                687991.5,
                6371040.5
              ],
              [
                687991.5,
                6371041.5
              ],
              [
                687993.5,
                6371041.5
              ],
              [
                687993.5,
                6371039.5
              ],
              [
                687992.5,
                6371039.5
              ],
              [
                687992.5,
                6371040.5
              ]
            ]
          ],
          [
            [
              [
                687993.5,
                6371038.5
              ],
              [
                687993.5,
                6371037.5
              ],
              [
                687992.5,
                6371037.5
              ],
              [
                687992.5,
                6371038.5
              ],
              [
                687993.5,
                6371038.5
              ]
            ]
          ],
          [
            [
              [
                687997.5,
                6371031.5
              ],
              [
                687997.5,
                6371030.5
              ],
              [
                687996.5,
                6371030.5
              ],
              [
                687996.5,
                6371031.5
              ],
              [
                687997.5,
                6371031.5
              ]
            ]
          ]
        ]
      },
      "properties": {
        "id": "gap-071",
        "gapId": "height-gap-00849",
        "classification": "structure",
        "note": "Residual height pixels lie on the long maintenance building and its attached structure; surrounding trees are separate.",
        "areaMetres2": 28.0,
        "reviewed": true,
        "reviewer": "agent visual interpretation of all 79 six-panel boards",
        "reviewDate": "2026-09-16",
        "sourceDates": {
          "rgbi": "2026-04-10",
          "lidar": [
            "2024-02-03",
            "2024-04-28"
          ],
          "seasonal": "2022; exact date unknown"
        },
        "boardSha256": "28b2c06aa3c60a5caf8028c92339e1903982d2f768b503bf4e0367b7aaaa4b1d",
        "priorIssueIds": [
          "r5-canopy-cell-687900-6371000"
        ],
        "status": "reviewed-non-tree",
        "positionMeaning": "Crown evidence does not establish a surveyed trunk position."
      }
    },
    {
      "type": "Feature",
      "geometry": {
        "type": "Polygon",
        "coordinates": [
          [
            [
              687416.5,
              6371400.5
            ],
            [
              687416.5,
              6371400.0
            ],
            [
              687416.5,
              6371399.5
            ],
            [
              687418.5,
              6371399.5
            ],
            [
              687418.5,
              6371400.0
            ],
            [
              687418.5,
              6371400.5
            ],
            [
              687419.5,
              6371400.5
            ],
            [
              687419.5,
              6371400.0
            ],
            [
              687419.5,
              6371399.5
            ],
            [
              687420.5,
              6371399.5
            ],
            [
              687420.5,
              6371395.5
            ],
            [
              687419.5,
              6371395.5
            ],
            [
              687419.5,
              6371394.5
            ],
            [
              687417.5,
              6371394.5
            ],
            [
              687417.5,
              6371395.5
            ],
            [
              687416.5,
              6371395.5
            ],
            [
              687416.5,
              6371394.5
            ],
            [
              687415.5,
              6371394.5
            ],
            [
              687415.5,
              6371395.5
            ],
            [
              687414.5,
              6371395.5
            ],
            [
              687414.5,
              6371397.5
            ],
            [
              687415.5,
              6371397.5
            ],
            [
              687415.5,
              6371400.0
            ],
            [
              687415.5,
              6371400.5
            ],
            [
              687416.5,
              6371400.5
            ]
          ]
        ]
      },
      "properties": {
        "id": "gap-072",
        "gapId": "height-gap-00262",
        "classification": "distinct-base-conflict",
        "note": "Small individual crown east of the practice path has height support, but the practice polygon covers its base.",
        "areaMetres2": 27.0,
        "reviewed": true,
        "reviewer": "agent visual interpretation of all 79 six-panel boards",
        "reviewDate": "2026-09-16",
        "sourceDates": {
          "rgbi": "2026-04-10",
          "lidar": [
            "2024-02-03",
            "2024-04-28"
          ],
          "seasonal": "2022; exact date unknown"
        },
        "boardSha256": "1dbe2e8efb1545735d81788fe4c6348f1ba7e2c41171b58c3f4cee691bba11d8",
        "priorIssueIds": [
          "r4-r4-19/island/4",
          "r5-canopy-cell-687400-6371300",
          "r5-canopy-cell-687400-6371400"
        ],
        "status": "reviewed-unresolved",
        "positionMeaning": "Crown evidence does not establish a surveyed trunk position."
      }
    },
    {
      "type": "Feature",
      "geometry": {
        "type": "MultiPolygon",
        "coordinates": [
          [
            [
              [
                687333.5,
                6370828.5
              ],
              [
                687333.5,
                6370827.5
              ],
              [
                687332.5,
                6370827.5
              ],
              [
                687332.5,
                6370828.5
              ],
              [
                687333.5,
                6370828.5
              ]
            ]
          ],
          [
            [
              [
                687331.5,
                6370828.5
              ],
              [
                687331.5,
                6370829.5
              ],
              [
                687332.5,
                6370829.5
              ],
              [
                687332.5,
                6370828.5
              ],
              [
                687331.5,
                6370828.5
              ]
            ]
          ],
          [
            [
              [
                687335.5,
                6370827.5
              ],
              [
                687335.5,
                6370826.5
              ],
              [
                687334.5,
                6370826.5
              ],
              [
                687334.5,
                6370825.5
              ],
              [
                687333.5,
                6370825.5
              ],
              [
                687333.5,
                6370827.5
              ],
              [
                687335.5,
                6370827.5
              ]
            ]
          ],
          [
            [
              [
                687336.5,
                6370826.5
              ],
              [
                687336.5,
                6370827.5
              ],
              [
                687338.5,
                6370827.5
              ],
              [
                687338.5,
                6370828.5
              ],
              [
                687340.5,
                6370828.5
              ],
              [
                687340.5,
                6370829.5
              ],
              [
                687341.5,
                6370829.5
              ],
              [
                687341.5,
                6370830.5
              ],
              [
                687342.5,
                6370830.5
              ],
              [
                687342.5,
                6370828.5
              ],
              [
                687343.5,
                6370828.5
              ],
              [
                687343.5,
                6370826.5
              ],
              [
                687342.5,
                6370826.5
              ],
              [
                687342.5,
                6370825.5
              ],
              [
                687340.5,
                6370825.5
              ],
              [
                687340.5,
                6370826.5
              ],
              [
                687338.5,
                6370826.5
              ],
              [
                687338.5,
                6370824.5
              ],
              [
                687337.5,
                6370824.5
              ],
              [
                687337.5,
                6370825.5
              ],
              [
                687335.5,
                6370825.5
              ],
              [
                687335.5,
                6370826.5
              ],
              [
                687336.5,
                6370826.5
              ]
            ]
          ],
          [
            [
              [
                687343.5,
                6370829.5
              ],
              [
                687344.5,
                6370829.5
              ],
              [
                687344.5,
                6370828.5
              ],
              [
                687343.5,
                6370828.5
              ],
              [
                687343.5,
                6370829.5
              ]
            ]
          ]
        ]
      },
      "properties": {
        "id": "gap-073",
        "gapId": "height-gap-01450",
        "classification": "resize",
        "note": "Southern lip is continuous with tree-visby-000017 above the entrance road. Enlarge crown estimate without moving its base into the road.",
        "areaMetres2": 27.0,
        "reviewed": true,
        "reviewer": "agent visual interpretation of all 79 six-panel boards",
        "reviewDate": "2026-09-16",
        "sourceDates": {
          "rgbi": "2026-04-10",
          "lidar": [
            "2024-02-03",
            "2024-04-28"
          ],
          "seasonal": "2022; exact date unknown"
        },
        "boardSha256": "807930003d189cc326b04be23e47be9a8efd4ea39d9a6c5ded6783a6503a5585",
        "priorIssueIds": [
          "r5-canopy-cell-687300-6370800"
        ],
        "status": "crown-size-corrected",
        "positionMeaning": "Crown evidence does not establish a surveyed trunk position.",
        "recordId": "tree-visby-000017",
        "acceptedAdditionMetres2": 27.0,
        "acceptedGeometry": {
          "type": "MultiPolygon",
          "coordinates": [
            [
              [
                [
                  687333.5,
                  6370825.5
                ],
                [
                  687333.5,
                  6370827.5
                ],
                [
                  687335.5,
                  6370827.5
                ],
                [
                  687335.5,
                  6370826.5
                ],
                [
                  687334.5,
                  6370826.5
                ],
                [
                  687334.5,
                  6370825.5
                ],
                [
                  687333.5,
                  6370825.5
                ]
              ]
            ],
            [
              [
                [
                  687338.5,
                  6370827.5
                ],
                [
                  687338.5,
                  6370828.5
                ],
                [
                  687340.5,
                  6370828.5
                ],
                [
                  687340.5,
                  6370829.5
                ],
                [
                  687341.5,
                  6370829.5
                ],
                [
                  687341.5,
                  6370830.5
                ],
                [
                  687342.5,
                  6370830.5
                ],
                [
                  687342.5,
                  6370828.5
                ],
                [
                  687343.5,
                  6370828.5
                ],
                [
                  687343.5,
                  6370826.5
                ],
                [
                  687342.5,
                  6370826.5
                ],
                [
                  687342.5,
                  6370825.5
                ],
                [
                  687340.5,
                  6370825.5
                ],
                [
                  687340.5,
                  6370826.5
                ],
                [
                  687338.5,
                  6370826.5
                ],
                [
                  687338.5,
                  6370824.5
                ],
                [
                  687337.5,
                  6370824.5
                ],
                [
                  687337.5,
                  6370825.5
                ],
                [
                  687335.5,
                  6370825.5
                ],
                [
                  687335.5,
                  6370826.5
                ],
                [
                  687336.5,
                  6370826.5
                ],
                [
                  687336.5,
                  6370827.5
                ],
                [
                  687338.5,
                  6370827.5
                ]
              ]
            ],
            [
              [
                [
                  687332.5,
                  6370827.5
                ],
                [
                  687332.5,
                  6370828.5
                ],
                [
                  687333.5,
                  6370828.5
                ],
                [
                  687333.5,
                  6370827.5
                ],
                [
                  687332.5,
                  6370827.5
                ]
              ]
            ],
            [
              [
                [
                  687331.5,
                  6370829.5
                ],
                [
                  687332.5,
                  6370829.5
                ],
                [
                  687332.5,
                  6370828.5
                ],
                [
                  687331.5,
                  6370828.5
                ],
                [
                  687331.5,
                  6370829.5
                ]
              ]
            ],
            [
              [
                [
                  687343.5,
                  6370829.5
                ],
                [
                  687344.5,
                  6370829.5
                ],
                [
                  687344.5,
                  6370828.5
                ],
                [
                  687343.5,
                  6370828.5
                ],
                [
                  687343.5,
                  6370829.5
                ]
              ]
            ]
          ]
        }
      }
    },
    {
      "type": "Feature",
      "geometry": {
        "type": "Polygon",
        "coordinates": [
          [
            [
              687928.5,
              6370909.5
            ],
            [
              687928.5,
              6370907.5
            ],
            [
              687929.5,
              6370907.5
            ],
            [
              687929.5,
              6370905.5
            ],
            [
              687931.5,
              6370905.5
            ],
            [
              687931.5,
              6370904.5
            ],
            [
              687933.5,
              6370904.5
            ],
            [
              687933.5,
              6370902.5
            ],
            [
              687932.5,
              6370902.5
            ],
            [
              687932.5,
              6370901.5
            ],
            [
              687929.5,
              6370901.5
            ],
            [
              687929.5,
              6370903.5
            ],
            [
              687928.5,
              6370903.5
            ],
            [
              687928.5,
              6370904.5
            ],
            [
              687925.5,
              6370904.5
            ],
            [
              687925.5,
              6370905.5
            ],
            [
              687928.5,
              6370905.5
            ],
            [
              687928.5,
              6370906.5
            ],
            [
              687925.5,
              6370906.5
            ],
            [
              687925.5,
              6370907.5
            ],
            [
              687926.5,
              6370907.5
            ],
            [
              687926.5,
              6370908.5
            ],
            [
              687927.5,
              6370908.5
            ],
            [
              687927.5,
              6370909.5
            ],
            [
              687928.5,
              6370909.5
            ]
          ]
        ]
      },
      "properties": {
        "id": "gap-074",
        "gapId": "height-gap-01303",
        "classification": "resize",
        "note": "Southwestern lip adjoins tree-visby-000259 beside the bunker. Retain the base and neighbouring small tree; enlarge only this crown estimate.",
        "areaMetres2": 26.0,
        "reviewed": true,
        "reviewer": "agent visual interpretation of all 79 six-panel boards",
        "reviewDate": "2026-09-16",
        "sourceDates": {
          "rgbi": "2026-04-10",
          "lidar": [
            "2024-02-03",
            "2024-04-28"
          ],
          "seasonal": "2022; exact date unknown"
        },
        "boardSha256": "dfe72913e6d915d289beb167299c7ce965d55bd8814c27c59bf194f3c9316b98",
        "priorIssueIds": [
          "r1-ref-hold16b-009",
          "r5-canopy-cell-687900-6370900"
        ],
        "status": "crown-size-corrected",
        "positionMeaning": "Crown evidence does not establish a surveyed trunk position.",
        "recordId": "tree-visby-000259",
        "acceptedAdditionMetres2": 24.0,
        "acceptedGeometry": {
          "type": "Polygon",
          "coordinates": [
            [
              [
                687927.5,
                6370909.5
              ],
              [
                687928.5,
                6370909.5
              ],
              [
                687928.5,
                6370907.5
              ],
              [
                687929.5,
                6370907.5
              ],
              [
                687929.5,
                6370905.5
              ],
              [
                687931.5,
                6370905.5
              ],
              [
                687931.5,
                6370904.5
              ],
              [
                687933.5,
                6370904.5
              ],
              [
                687933.5,
                6370902.5
              ],
              [
                687932.5,
                6370902.5
              ],
              [
                687932.5,
                6370901.5
              ],
              [
                687929.5,
                6370901.5
              ],
              [
                687929.5,
                6370903.5
              ],
              [
                687928.5,
                6370903.5
              ],
              [
                687928.5,
                6370904.5
              ],
              [
                687926.5,
                6370904.5
              ],
              [
                687926.5,
                6370905.5
              ],
              [
                687928.5,
                6370905.5
              ],
              [
                687928.5,
                6370906.5
              ],
              [
                687926.5,
                6370906.5
              ],
              [
                687926.5,
                6370907.5
              ],
              [
                687926.5,
                6370908.5
              ],
              [
                687927.5,
                6370908.5
              ],
              [
                687927.5,
                6370909.5
              ]
            ]
          ]
        }
      }
    },
    {
      "type": "Feature",
      "geometry": {
        "type": "MultiPolygon",
        "coordinates": [
          [
            [
              [
                687524.5,
                6371663.5
              ],
              [
                687520.5,
                6371663.5
              ],
              [
                687520.5,
                6371667.5
              ],
              [
                687524.5,
                6371667.5
              ],
              [
                687524.5,
                6371666.5
              ],
              [
                687525.5,
                6371666.5
              ],
              [
                687525.5,
                6371664.5
              ],
              [
                687524.5,
                6371664.5
              ],
              [
                687524.5,
                6371663.5
              ]
            ],
            [
              [
                687524.5,
                6371665.5
              ],
              [
                687523.5,
                6371665.5
              ],
              [
                687523.5,
                6371664.5
              ],
              [
                687524.5,
                6371664.5
              ],
              [
                687524.5,
                6371665.5
              ]
            ]
          ],
          [
            [
              [
                687524.5,
                6371669.5
              ],
              [
                687526.5,
                6371669.5
              ],
              [
                687526.5,
                6371670.5
              ],
              [
                687527.5,
                6371670.5
              ],
              [
                687527.5,
                6371668.5
              ],
              [
                687525.5,
                6371668.5
              ],
              [
                687525.5,
                6371667.5
              ],
              [
                687524.5,
                6371667.5
              ],
              [
                687524.5,
                6371669.5
              ]
            ]
          ],
          [
            [
              [
                687525.5,
                6371667.5
              ],
              [
                687526.5,
                6371667.5
              ],
              [
                687526.5,
                6371666.5
              ],
              [
                687525.5,
                6371666.5
              ],
              [
                687525.5,
                6371667.5
              ]
            ]
          ],
          [
            [
              [
                687524.5,
                6371670.5
              ],
              [
                687524.5,
                6371671.5
              ],
              [
                687526.5,
                6371671.5
              ],
              [
                687526.5,
                6371670.5
              ],
              [
                687524.5,
                6371670.5
              ]
            ]
          ]
        ]
      },
      "properties": {
        "id": "gap-075",
        "gapId": "height-gap-00093",
        "classification": "overhang",
        "note": "Small edge lobe above the bunker continues the connected woodland. No separate base inferred.",
        "areaMetres2": 25.0,
        "reviewed": true,
        "reviewer": "agent visual interpretation of all 79 six-panel boards",
        "reviewDate": "2026-09-16",
        "sourceDates": {
          "rgbi": "2026-04-10",
          "lidar": [
            "2024-02-03",
            "2024-04-28"
          ],
          "seasonal": "2022; exact date unknown"
        },
        "boardSha256": "173531f2edb713ca514ff9a3a883c7f81d8f84fe4046b3da2c2e01aed9a4e1e0",
        "priorIssueIds": [
          "r4-r4-32/dalponte-d9-m5/19",
          "r5-canopy-cell-687500-6371600"
        ],
        "status": "reviewed-unresolved",
        "positionMeaning": "Crown evidence does not establish a surveyed trunk position."
      }
    },
    {
      "type": "Feature",
      "geometry": {
        "type": "MultiPolygon",
        "coordinates": [
          [
            [
              [
                687495.5,
                6371516.5
              ],
              [
                687495.5,
                6371517.5
              ],
              [
                687496.5,
                6371517.5
              ],
              [
                687496.5,
                6371518.5
              ],
              [
                687498.5,
                6371518.5
              ],
              [
                687498.5,
                6371517.5
              ],
              [
                687499.5,
                6371517.5
              ],
              [
                687499.5,
                6371514.5
              ],
              [
                687498.5,
                6371514.5
              ],
              [
                687498.5,
                6371513.5
              ],
              [
                687497.5,
                6371513.5
              ],
              [
                687497.5,
                6371512.5
              ],
              [
                687496.5,
                6371512.5
              ],
              [
                687496.5,
                6371513.5
              ],
              [
                687495.5,
                6371513.5
              ],
              [
                687495.5,
                6371512.5
              ],
              [
                687493.5,
                6371512.5
              ],
              [
                687493.5,
                6371513.5
              ],
              [
                687494.5,
                6371513.5
              ],
              [
                687494.5,
                6371514.5
              ],
              [
                687493.5,
                6371514.5
              ],
              [
                687493.5,
                6371515.5
              ],
              [
                687494.5,
                6371515.5
              ],
              [
                687494.5,
                6371516.5
              ],
              [
                687495.5,
                6371516.5
              ]
            ]
          ],
          [
            [
              [
                687493.5,
                6371516.5
              ],
              [
                687493.5,
                6371517.5
              ],
              [
                687494.5,
                6371517.5
              ],
              [
                687494.5,
                6371516.5
              ],
              [
                687493.5,
                6371516.5
              ]
            ]
          ]
        ]
      },
      "properties": {
        "id": "gap-076",
        "gapId": "height-gap-00164",
        "classification": "distinct-base-conflict",
        "note": "Small practice-edge crown has a distinct low height island south of existing trees. The practice mask blocks its source position.",
        "areaMetres2": 25.0,
        "reviewed": true,
        "reviewer": "agent visual interpretation of all 79 six-panel boards",
        "reviewDate": "2026-09-16",
        "sourceDates": {
          "rgbi": "2026-04-10",
          "lidar": [
            "2024-02-03",
            "2024-04-28"
          ],
          "seasonal": "2022; exact date unknown"
        },
        "boardSha256": "ae13d0c52889e70130fc70097c91397d27941284c10dbd0e0ed47d82124718b7",
        "priorIssueIds": [
          "r1-ref-cal03-010",
          "r4-r4-21/dalponte-d9-m5/10",
          "r5-canopy-cell-687400-6371500"
        ],
        "status": "reviewed-unresolved",
        "positionMeaning": "Crown evidence does not establish a surveyed trunk position."
      }
    },
    {
      "type": "Feature",
      "geometry": {
        "type": "MultiPolygon",
        "coordinates": [
          [
            [
              [
                687415.5,
                6371391.5
              ],
              [
                687415.5,
                6371390.5
              ],
              [
                687416.5,
                6371390.5
              ],
              [
                687416.5,
                6371388.5
              ],
              [
                687417.5,
                6371388.5
              ],
              [
                687417.5,
                6371385.5
              ],
              [
                687416.5,
                6371385.5
              ],
              [
                687416.5,
                6371386.5
              ],
              [
                687415.5,
                6371386.5
              ],
              [
                687415.5,
                6371385.5
              ],
              [
                687413.5,
                6371385.5
              ],
              [
                687413.5,
                6371387.5
              ],
              [
                687412.5,
                6371387.5
              ],
              [
                687412.5,
                6371386.5
              ],
              [
                687411.5,
                6371386.5
              ],
              [
                687411.5,
                6371389.5
              ],
              [
                687413.5,
                6371389.5
              ],
              [
                687413.5,
                6371391.5
              ],
              [
                687415.5,
                6371391.5
              ]
            ]
          ],
          [
            [
              [
                687416.5,
                6371385.5
              ],
              [
                687416.5,
                6371384.5
              ],
              [
                687415.5,
                6371384.5
              ],
              [
                687415.5,
                6371385.5
              ],
              [
                687416.5,
                6371385.5
              ]
            ]
          ]
        ]
      },
      "properties": {
        "id": "gap-077",
        "gapId": "height-gap-00267",
        "classification": "distinct-base-conflict",
        "note": "Separate small crown east of the path is height-supported but inside the broad practice polygon. Nearby protected window remains untouched.",
        "areaMetres2": 25.0,
        "reviewed": true,
        "reviewer": "agent visual interpretation of all 79 six-panel boards",
        "reviewDate": "2026-09-16",
        "sourceDates": {
          "rgbi": "2026-04-10",
          "lidar": [
            "2024-02-03",
            "2024-04-28"
          ],
          "seasonal": "2022; exact date unknown"
        },
        "boardSha256": "6a433238cc8a7d402223e1186455bb1c1acd908350c8ace6e68e136f4c6491ed",
        "priorIssueIds": [
          "r4-r4-19/island/7",
          "r5-canopy-cell-687400-6371300"
        ],
        "status": "reviewed-unresolved",
        "positionMeaning": "Crown evidence does not establish a surveyed trunk position."
      }
    },
    {
      "type": "Feature",
      "geometry": {
        "type": "MultiPolygon",
        "coordinates": [
          [
            [
              [
                688121.5,
                6371376.5
              ],
              [
                688121.5,
                6371375.5
              ],
              [
                688122.5,
                6371375.5
              ],
              [
                688122.5,
                6371374.5
              ],
              [
                688121.5,
                6371374.5
              ],
              [
                688121.5,
                6371369.5
              ],
              [
                688122.5,
                6371369.5
              ],
              [
                688122.5,
                6371367.5
              ],
              [
                688121.5,
                6371367.5
              ],
              [
                688121.5,
                6371368.5
              ],
              [
                688119.5,
                6371368.5
              ],
              [
                688119.5,
                6371370.5
              ],
              [
                688118.5,
                6371370.5
              ],
              [
                688118.5,
                6371375.5
              ],
              [
                688120.5,
                6371375.5
              ],
              [
                688120.5,
                6371376.5
              ],
              [
                688121.5,
                6371376.5
              ]
            ]
          ],
          [
            [
              [
                688123.5,
                6371367.5
              ],
              [
                688123.5,
                6371366.5
              ],
              [
                688122.5,
                6371366.5
              ],
              [
                688122.5,
                6371367.5
              ],
              [
                688123.5,
                6371367.5
              ]
            ]
          ],
          [
            [
              [
                688124.5,
                6371366.5
              ],
              [
                688124.5,
                6371365.5
              ],
              [
                688123.5,
                6371365.5
              ],
              [
                688123.5,
                6371366.5
              ],
              [
                688124.5,
                6371366.5
              ]
            ]
          ]
        ]
      },
      "properties": {
        "id": "gap-078",
        "gapId": "height-gap-00286",
        "classification": "resize",
        "note": "Western lip continues tree-visby-000357, with consistent LiDAR and seasonal crown context. Enlarge its crown estimate, keeping its original position.",
        "areaMetres2": 25.0,
        "reviewed": true,
        "reviewer": "agent visual interpretation of all 79 six-panel boards",
        "reviewDate": "2026-09-16",
        "sourceDates": {
          "rgbi": "2026-04-10",
          "lidar": [
            "2024-02-03",
            "2024-04-28"
          ],
          "seasonal": "2022; exact date unknown"
        },
        "boardSha256": "66df560c57b8ef0ce59d958bbdeb97469a530831c068d5fd67517c941132adfd",
        "priorIssueIds": [
          "r5-canopy-cell-688100-6371300"
        ],
        "status": "crown-size-corrected",
        "positionMeaning": "Crown evidence does not establish a surveyed trunk position.",
        "recordId": "tree-visby-000357",
        "acceptedAdditionMetres2": 25.0,
        "acceptedGeometry": {
          "type": "MultiPolygon",
          "coordinates": [
            [
              [
                [
                  688124.5,
                  6371365.5
                ],
                [
                  688123.5,
                  6371365.5
                ],
                [
                  688123.5,
                  6371366.5
                ],
                [
                  688124.5,
                  6371366.5
                ],
                [
                  688124.5,
                  6371365.5
                ]
              ]
            ],
            [
              [
                [
                  688122.5,
                  6371366.5
                ],
                [
                  688122.5,
                  6371367.5
                ],
                [
                  688123.5,
                  6371367.5
                ],
                [
                  688123.5,
                  6371366.5
                ],
                [
                  688122.5,
                  6371366.5
                ]
              ]
            ],
            [
              [
                [
                  688119.5,
                  6371368.5
                ],
                [
                  688119.5,
                  6371370.5
                ],
                [
                  688118.5,
                  6371370.5
                ],
                [
                  688118.5,
                  6371375.5
                ],
                [
                  688120.5,
                  6371375.5
                ],
                [
                  688120.5,
                  6371376.5
                ],
                [
                  688121.5,
                  6371376.5
                ],
                [
                  688121.5,
                  6371375.5
                ],
                [
                  688122.5,
                  6371375.5
                ],
                [
                  688122.5,
                  6371374.5
                ],
                [
                  688121.5,
                  6371374.5
                ],
                [
                  688121.5,
                  6371369.5
                ],
                [
                  688122.5,
                  6371369.5
                ],
                [
                  688122.5,
                  6371367.5
                ],
                [
                  688121.5,
                  6371367.5
                ],
                [
                  688121.5,
                  6371368.5
                ],
                [
                  688119.5,
                  6371368.5
                ]
              ]
            ]
          ]
        }
      }
    },
    {
      "type": "Feature",
      "geometry": {
        "type": "MultiPolygon",
        "coordinates": [
          [
            [
              [
                688140.5,
                6370930.5
              ],
              [
                688141.5,
                6370930.5
              ],
              [
                688141.5,
                6370929.5
              ],
              [
                688140.5,
                6370929.5
              ],
              [
                688140.5,
                6370930.5
              ]
            ]
          ],
          [
            [
              [
                688140.5,
                6370927.5
              ],
              [
                688136.5,
                6370927.5
              ],
              [
                688136.5,
                6370924.5
              ],
              [
                688134.5,
                6370924.5
              ],
              [
                688134.5,
                6370925.5
              ],
              [
                688133.5,
                6370925.5
              ],
              [
                688133.5,
                6370924.5
              ],
              [
                688132.5,
                6370924.5
              ],
              [
                688132.5,
                6370928.5
              ],
              [
                688131.5,
                6370928.5
              ],
              [
                688131.5,
                6370929.5
              ],
              [
                688133.5,
                6370929.5
              ],
              [
                688133.5,
                6370928.5
              ],
              [
                688138.5,
                6370928.5
              ],
              [
                688138.5,
                6370929.5
              ],
              [
                688140.5,
                6370929.5
              ],
              [
                688140.5,
                6370927.5
              ]
            ]
          ],
          [
            [
              [
                688141.5,
                6370931.5
              ],
              [
                688142.5,
                6370931.5
              ],
              [
                688142.5,
                6370930.5
              ],
              [
                688141.5,
                6370930.5
              ],
              [
                688141.5,
                6370931.5
              ]
            ]
          ]
        ]
      },
      "properties": {
        "id": "gap-079",
        "gapId": "height-gap-01237",
        "classification": "mask-fringe",
        "note": "Residual below an existing crown lies between several represented trees in dense canopy. Keep it as a boundary issue, not a new stem.",
        "areaMetres2": 25.0,
        "reviewed": true,
        "reviewer": "agent visual interpretation of all 79 six-panel boards",
        "reviewDate": "2026-09-16",
        "sourceDates": {
          "rgbi": "2026-04-10",
          "lidar": [
            "2024-02-03",
            "2024-04-28"
          ],
          "seasonal": "2022; exact date unknown"
        },
        "boardSha256": "9b2bf8ece20fe677e0f5a2032736a12d73914372a92f70f5d6324fda46fc494f",
        "priorIssueIds": [
          "r5-canopy-cell-688100-6370900"
        ],
        "status": "reviewed-unresolved",
        "positionMeaning": "Crown evidence does not establish a surveyed trunk position."
      }
    }
  ]
}
