{
  "type": "FeatureCollection",
  "name": "Lidingö GK supplementary OSM evidence, 2026-09-07",
  "licence": "ODbL-1.0",
  "attribution": "© OpenStreetMap contributors",
  "features": [
    {
      "type": "Feature",
      "id": "way/41197331",
      "properties": {
        "osmType": "way",
        "osmId": "41197331",
        "osmVersion": "5",
        "osmTimestamp": "2020-08-13T08:04:52Z",
        "sourceId": "lidingo-osm-2026-09-07",
        "reviewStatus": "unreviewed-supplementary",
        "tags": {
          "golf": "driving_range"
        }
      },
      "geometry": {
        "type": "Polygon",
        "coordinates": [
          [
            [
              677636.37908263,
              6586207.688911928
            ],
            [
              677634.241231999,
              6586242.149447633
            ],
            [
              677629.4641241891,
              6586281.426391214
            ],
            [
              677644.5050566404,
              6586283.5944418125
            ],
            [
              677632.1984759388,
              6586369.3683061795
            ],
            [
              677623.2761937955,
              6586393.205162194
            ],
            [
              677588.277998121,
              6586389.608414306
            ],
            [
              677576.5021499258,
              6586370.040271685
            ],
            [
              677534.9883301402,
              6586203.414590378
            ],
            [
              677553.668710043,
              6586169.675552521
            ],
            [
              677553.4974001222,
              6586158.303307169
            ],
            [
              677585.4939613316,
              6586147.227072272
            ],
            [
              677606.8979293187,
              6586145.154987224
            ],
            [
              677628.4779328494,
              6586146.4816003665
            ],
            [
              677623.7258294335,
              6586196.365574695
            ],
            [
              677636.37908263,
              6586207.688911928
            ]
          ]
        ]
      }
    },
    {
      "type": "Feature",
      "id": "way/41197433",
      "properties": {
        "osmType": "way",
        "osmId": "41197433",
        "osmVersion": "2",
        "osmTimestamp": "2013-05-17T14:52:19Z",
        "sourceId": "lidingo-osm-2026-09-07",
        "reviewStatus": "unreviewed-supplementary",
        "tags": {
          "golf": "driving_range_tee",
          "name": "driving range booths",
          "source": "yahoo_imagery;survey"
        }
      },
      "geometry": {
        "type": "LineString",
        "coordinates": [
          [
            677559.8132001814,
            6586162.079593583
          ],
          [
            677579.3526274052,
            6586158.023854506
          ],
          [
            677588.4422369166,
            6586157.268879252
          ]
        ]
      }
    },
    {
      "type": "Feature",
      "id": "way/41197436",
      "properties": {
        "osmType": "way",
        "osmId": "41197436",
        "osmVersion": "2",
        "osmTimestamp": "2020-08-13T07:55:44Z",
        "sourceId": "lidingo-osm-2026-09-07",
        "reviewStatus": "unreviewed-supplementary",
        "tags": {
          "golf": "driving_range",
          "leisure": "pitch",
          "sport": "golf"
        }
      },
      "geometry": {
        "type": "Polygon",
        "coordinates": [
          [
            [
              677587.2524017291,
              6586382.734994932
            ],
            [
              677586.992398975,
              6586386.692998509
            ],
            [
              677606.8135592383,
              6586386.063320969
            ],
            [
              677625.105454717,
              6586382.618384547
            ],
            [
              677624.2859310413,
              6586378.988811569
            ],
            [
              677606.420314065,
              6586382.565313385
            ],
            [
              677587.2524017291,
              6586382.734994932
            ]
          ]
        ]
      }
    },
    {
      "type": "Feature",
      "id": "way/143587536",
      "properties": {
        "osmType": "way",
        "osmId": "143587536",
        "osmVersion": "1",
        "osmTimestamp": "2011-12-31T15:36:35Z",
        "sourceId": "lidingo-osm-2026-09-07",
        "reviewStatus": "unreviewed-supplementary",
        "tags": {
          "golf": "fairway",
          "source": "Bing"
        }
      },
      "geometry": {
        "type": "Polygon",
        "coordinates": [
          [
            [
              677281.8991203371,
              6586663.03846871
            ],
            [
              677293.7983925473,
              6586656.582073025
            ],
            [
              677313.1009728431,
              6586616.046103052
            ],
            [
              677324.2131733547,
              6586600.419143287
            ],
            [
              677329.1392320599,
              6586573.539176533
            ],
            [
              677340.7097399895,
              6586554.57693115
            ],
            [
              677373.656100254,
              6586529.001161106
            ],
            [
              677395.4531192814,
              6586506.872370204
            ],
            [
              677408.1383793207,
              6586483.691314101
            ],
            [
              677409.0014397772,
              6586471.8546573445
            ],
            [
              677406.1864528772,
              6586466.848935187
            ],
            [
              677401.7088868534,
              6586458.107205223
            ],
            [
              677401.3517061733,
              6586446.202103437
            ],
            [
              677403.4788504898,
              6586433.499158988
            ],
            [
              677397.0156901693,
              6586428.021046881
            ],
            [
              677388.0513207937,
              6586423.942229238
            ],
            [
              677381.2944613827,
              6586424.8406123
            ],
            [
              677370.6673676247,
              6586449.635084362
            ],
            [
              677330.2869115944,
              6586503.501027765
            ],
            [
              677308.5180740986,
              6586538.133182495
            ],
            [
              677270.6756962615,
              6586609.493989323
            ],
            [
              677270.3765240097,
              6586615.870197346
            ],
            [
              677273.1910292043,
              6586620.886945608
            ],
            [
              677278.8198576373,
              6586624.496738347
            ],
            [
              677279.662416021,
              6586626.064133324
            ],
            [
              677281.5690093992,
              6586631.027135238
            ],
            [
              677278.6272785154,
              6586635.149264849
            ],
            [
              677276.4694701056,
              6586635.661389878
            ],
            [
              677273.5772509284,
              6586632.180003697
            ],
            [
              677268.5136406778,
              6586629.500071264
            ],
            [
              677266.4842690781,
              6586627.274772356
            ],
            [
              677260.0715318867,
              6586627.275007884
            ],
            [
              677256.1154936482,
              6586633.490798445
            ],
            [
              677246.9959072872,
              6586652.255983138
            ],
            [
              677246.510919026,
              6586662.593676951
            ],
            [
              677256.2023366299,
              6586664.263954363
            ],
            [
              677257.7736340463,
              6586669.824587112
            ],
            [
              677261.1092758621,
              6586670.282200166
            ],
            [
              677261.3374329449,
              6586665.419367339
            ],
            [
              677264.5090272059,
              6586662.824719163
            ],
            [
              677265.6084591306,
              6586658.91725141
            ],
            [
              677268.7654421541,
              6586656.6341840625
            ],
            [
              677273.2648542284,
              6586658.36200842
            ],
            [
              677278.2286905788,
              6586663.167350564
            ],
            [
              677281.8991203371,
              6586663.03846871
            ]
          ]
        ]
      }
    },
    {
      "type": "Feature",
      "id": "way/143587542",
      "properties": {
        "osmType": "way",
        "osmId": "143587542",
        "osmVersion": "1",
        "osmTimestamp": "2011-12-31T15:36:36Z",
        "sourceId": "lidingo-osm-2026-09-07",
        "reviewStatus": "unreviewed-supplementary",
        "tags": {
          "golf": "green",
          "source": "Bing"
        }
      },
      "geometry": {
        "type": "Polygon",
        "coordinates": [
          [
            [
              677256.9533130393,
              6586680.759922895
            ],
            [
              677257.7736340463,
              6586669.824587112
            ],
            [
              677256.2023366299,
              6586664.263954363
            ],
            [
              677246.510919026,
              6586662.593676951
            ],
            [
              677241.7551799137,
              6586666.3296174705
            ],
            [
              677238.1127317724,
              6586678.961529379
            ],
            [
              677239.2495625223,
              6586687.2340741595
            ],
            [
              677241.7777544216,
              6586691.92510558
            ],
            [
              677247.5772115941,
              6586691.896073723
            ],
            [
              677253.476908769,
              6586689.73051993
            ],
            [
              677256.9533130393,
              6586680.759922895
            ]
          ]
        ]
      }
    },
    {
      "type": "Feature",
      "id": "way/143587548",
      "properties": {
        "osmType": "way",
        "osmId": "143587548",
        "osmVersion": "2",
        "osmTimestamp": "2012-11-29T16:31:55Z",
        "sourceId": "lidingo-osm-2026-09-07",
        "reviewStatus": "unreviewed-supplementary",
        "tags": {
          "golf": "bunker",
          "source": "Bing"
        }
      },
      "geometry": {
        "type": "Polygon",
        "coordinates": [
          [
            [
              677272.3148397164,
              6586665.633316185
            ],
            [
              677273.0935948337,
              6586662.011914607
            ],
            [
              677273.2648542284,
              6586658.36200842
            ],
            [
              677268.7654421541,
              6586656.6341840625
            ],
            [
              677265.6084591306,
              6586658.91725141
            ],
            [
              677264.5090272059,
              6586662.824719163
            ],
            [
              677261.3374329449,
              6586665.419367339
            ],
            [
              677261.1092758621,
              6586670.282200166
            ],
            [
              677263.8171257168,
              6586671.0226238975
            ],
            [
              677269.3016111458,
              6586671.279956066
            ],
            [
              677272.3148397164,
              6586665.633316185
            ]
          ]
        ]
      }
    },
    {
      "type": "Feature",
      "id": "way/143587585",
      "properties": {
        "osmType": "way",
        "osmId": "143587585",
        "osmVersion": "1",
        "osmTimestamp": "2011-12-31T15:36:43Z",
        "sourceId": "lidingo-osm-2026-09-07",
        "reviewStatus": "unreviewed-supplementary",
        "tags": {
          "golf": "green",
          "source": "Bing"
        }
      },
      "geometry": {
        "type": "Polygon",
        "coordinates": [
          [
            [
              677429.2697707963,
              6586365.2314549275
            ],
            [
              677427.7401174027,
              6586371.873300686
            ],
            [
              677430.8335541168,
              6586377.494334107
            ],
            [
              677437.447854257,
              6586379.633912733
            ],
            [
              677441.989873144,
              6586380.460585971
            ],
            [
              677448.2965902397,
              6586376.184326475
            ],
            [
              677449.7541607957,
              6586371.0781172495
            ],
            [
              677446.7187520013,
              6586364.221888288
            ],
            [
              677440.1754973892,
              6586360.568920406
            ],
            [
              677434.0830115232,
              6586360.282817695
            ],
            [
              677429.2697707963,
              6586365.2314549275
            ]
          ]
        ]
      }
    },
    {
      "type": "Feature",
      "id": "way/143587593",
      "properties": {
        "osmType": "way",
        "osmId": "143587593",
        "osmVersion": "1",
        "osmTimestamp": "2011-12-31T15:36:44Z",
        "sourceId": "lidingo-osm-2026-09-07",
        "reviewStatus": "unreviewed-supplementary",
        "tags": {
          "golf": "bunker",
          "source": "Bing"
        }
      },
      "geometry": {
        "type": "Polygon",
        "coordinates": [
          [
            [
              677273.1910292043,
              6586620.886945608
            ],
            [
              677269.1340204704,
              6586622.826670892
            ],
            [
              677266.4842690781,
              6586627.274772356
            ],
            [
              677268.5136406778,
              6586629.500071264
            ],
            [
              677273.5772509284,
              6586632.180003697
            ],
            [
              677276.4694701056,
              6586635.661389878
            ],
            [
              677278.6272785154,
              6586635.149264849
            ],
            [
              677281.5690093992,
              6586631.027135238
            ],
            [
              677279.662416021,
              6586626.064133324
            ],
            [
              677278.8198576373,
              6586624.496738347
            ],
            [
              677273.1910292043,
              6586620.886945608
            ]
          ]
        ]
      }
    },
    {
      "type": "Feature",
      "id": "way/143591630",
      "properties": {
        "osmType": "way",
        "osmId": "143591630",
        "osmVersion": "1",
        "osmTimestamp": "2011-12-31T15:52:15Z",
        "sourceId": "lidingo-osm-2026-09-07",
        "reviewStatus": "unreviewed-supplementary",
        "tags": {
          "golf": "tee",
          "source": "Bing"
        }
      },
      "geometry": {
        "type": "Polygon",
        "coordinates": [
          [
            [
              677995.8212298166,
              6585860.087856008
            ],
            [
              677995.2867917176,
              6585868.293138786
            ],
            [
              677996.4551592509,
              6585872.6083764965
            ],
            [
              678000.5836204721,
              6585875.7024463285
            ],
            [
              678006.8058416579,
              6585873.25203777
            ],
            [
              678010.3111720146,
              6585866.859549396
            ],
            [
              678013.2557875785,
              6585856.180442372
            ],
            [
              678010.8206195377,
              6585849.51929042
            ],
            [
              678005.9096892371,
              6585846.845602699
            ],
            [
              678001.4543004188,
              6585847.550243764
            ],
            [
              677998.197248727,
              6585851.813177631
            ],
            [
              677995.8212298166,
              6585860.087856008
            ]
          ]
        ]
      }
    },
    {
      "type": "Feature",
      "id": "way/143591667",
      "properties": {
        "osmType": "way",
        "osmId": "143591667",
        "osmVersion": "1",
        "osmTimestamp": "2011-12-31T15:52:24Z",
        "sourceId": "lidingo-osm-2026-09-07",
        "reviewStatus": "unreviewed-supplementary",
        "tags": {
          "golf": "green",
          "source": "Bing"
        }
      },
      "geometry": {
        "type": "Polygon",
        "coordinates": [
          [
            [
              678035.6408079352,
              6585844.443144274
            ],
            [
              678033.8995032107,
              6585852.29045764
            ],
            [
              678034.8070426815,
              6585858.8796608765
            ],
            [
              678035.3887123547,
              6585862.721178683
            ],
            [
              678037.8707574133,
              6585865.124347116
            ],
            [
              678041.138054929,
              6585863.906529097
            ],
            [
              678042.592610625,
              6585862.14606414
            ],
            [
              678044.1404837889,
              6585858.404871292
            ],
            [
              678045.8111917078,
              6585855.438980618
            ],
            [
              678051.0445097743,
              6585851.2691932125
            ],
            [
              678055.6345588618,
              6585847.827467125
            ],
            [
              678055.5360435641,
              6585843.39532754
            ],
            [
              678054.8435279407,
              6585838.64523983
            ],
            [
              678051.8256671074,
              6585834.688939515
            ],
            [
              678045.8924596463,
              6585834.26442794
            ],
            [
              678040.4311065476,
              6585836.750622774
            ],
            [
              678037.6339828903,
              6585841.035193632
            ],
            [
              678035.6408079352,
              6585844.443144274
            ]
          ]
        ]
      }
    },
    {
      "type": "Feature",
      "id": "way/221832565",
      "properties": {
        "osmType": "way",
        "osmId": "221832565",
        "osmVersion": "1",
        "osmTimestamp": "2013-05-17T13:50:08Z",
        "sourceId": "lidingo-osm-2026-09-07",
        "reviewStatus": "unreviewed-supplementary",
        "tags": {
          "golf": "tee",
          "source": "Bing"
        }
      },
      "geometry": {
        "type": "Polygon",
        "coordinates": [
          [
            [
              678072.437331751,
              6585892.3588462155
            ],
            [
              678074.0655778168,
              6585896.695783683
            ],
            [
              678079.4736909724,
              6585898.478499066
            ],
            [
              678082.8959640914,
              6585897.111887158
            ],
            [
              678086.897043127,
              6585889.984460766
            ],
            [
              678084.58986973,
              6585887.132249457
            ],
            [
              678081.0900825569,
              6585883.621611691
            ],
            [
              678076.1175860844,
              6585885.517406818
            ],
            [
              678072.437331751,
              6585892.3588462155
            ]
          ]
        ]
      }
    },
    {
      "type": "Feature",
      "id": "way/221832567",
      "properties": {
        "osmType": "way",
        "osmId": "221832567",
        "osmVersion": "1",
        "osmTimestamp": "2013-05-17T13:50:08Z",
        "sourceId": "lidingo-osm-2026-09-07",
        "reviewStatus": "unreviewed-supplementary",
        "tags": {
          "golf": "tee",
          "source": "Bing"
        }
      },
      "geometry": {
        "type": "Polygon",
        "coordinates": [
          [
            [
              678072.105242678,
              6585925.253908872
            ],
            [
              678074.3462413042,
              6585929.630873381
            ],
            [
              678079.3678655184,
              6585933.213220216
            ],
            [
              678090.092366014,
              6585925.800400515
            ],
            [
              678088.7283263921,
              6585922.379248707
            ],
            [
              678085.3920960017,
              6585915.519440991
            ],
            [
              678081.4283792588,
              6585915.332657221
            ],
            [
              678073.4693016115,
              6585922.273580985
            ],
            [
              678072.105242678,
              6585925.253908872
            ]
          ]
        ]
      }
    },
    {
      "type": "Feature",
      "id": "way/221832578",
      "properties": {
        "osmType": "way",
        "osmId": "221832578",
        "osmVersion": "1",
        "osmTimestamp": "2013-05-17T13:50:09Z",
        "sourceId": "lidingo-osm-2026-09-07",
        "reviewStatus": "unreviewed-supplementary",
        "tags": {
          "golf": "tee",
          "source": "Bing"
        }
      },
      "geometry": {
        "type": "Polygon",
        "coordinates": [
          [
            [
              678064.5303674452,
              6585937.086548284
            ],
            [
              678061.7875822386,
              6585936.957312637
            ],
            [
              678051.7992618943,
              6585948.074028721
            ],
            [
              678056.4424041829,
              6585953.166390679
            ],
            [
              678059.8499398689,
              6585952.111334046
            ],
            [
              678070.3084236808,
              6585944.061395816
            ],
            [
              678070.1160835987,
              6585941.6211109795
            ],
            [
              678064.5303674452,
              6585937.086548284
            ]
          ]
        ]
      }
    },
    {
      "type": "Feature",
      "id": "way/221846967",
      "properties": {
        "osmType": "way",
        "osmId": "221846967",
        "osmVersion": "1",
        "osmTimestamp": "2013-05-17T14:52:07Z",
        "sourceId": "lidingo-osm-2026-09-07",
        "reviewStatus": "unreviewed-supplementary",
        "tags": {
          "golf": "green",
          "source": "Bing"
        }
      },
      "geometry": {
        "type": "Polygon",
        "coordinates": [
          [
            [
              677267.1416633063,
              6586811.050291421
            ],
            [
              677277.2000668016,
              6586808.165438298
            ],
            [
              677286.4452895813,
              6586802.96738759
            ],
            [
              677288.8120617445,
              6586794.848081001
            ],
            [
              677287.5902778539,
              6586788.389343567
            ],
            [
              677278.7455926675,
              6586784.929725879
            ],
            [
              677269.2540327158,
              6586785.554962312
            ],
            [
              677261.0310844812,
              6586794.91620655
            ],
            [
              677260.6817848943,
              6586802.360681204
            ],
            [
              677263.753109436,
              6586808.448947658
            ],
            [
              677267.1416633063,
              6586811.050291421
            ]
          ]
        ]
      }
    },
    {
      "type": "Feature",
      "id": "way/221846970",
      "properties": {
        "osmType": "way",
        "osmId": "221846970",
        "osmVersion": "1",
        "osmTimestamp": "2013-05-17T14:52:08Z",
        "sourceId": "lidingo-osm-2026-09-07",
        "reviewStatus": "unreviewed-supplementary",
        "tags": {
          "golf": "bunker",
          "source": "Bing"
        }
      },
      "geometry": {
        "type": "Polygon",
        "coordinates": [
          [
            [
              677613.8793657175,
              6586109.706511109
            ],
            [
              677611.9032916743,
              6586109.61363126
            ],
            [
              677610.282711487,
              6586111.52257262
            ],
            [
              677610.1969361145,
              6586113.347520131
            ],
            [
              677612.7292618491,
              6586114.682146247
            ],
            [
              677615.6681175627,
              6586113.905790602
            ],
            [
              677617.2830213486,
              6586111.996584616
            ],
            [
              677615.7004795105,
              6586109.948240774
            ],
            [
              677613.8793657175,
              6586109.706511109
            ]
          ]
        ]
      }
    },
    {
      "type": "Feature",
      "id": "way/221846975",
      "properties": {
        "osmType": "way",
        "osmId": "221846975",
        "osmVersion": "1",
        "osmTimestamp": "2013-05-17T14:52:08Z",
        "sourceId": "lidingo-osm-2026-09-07",
        "reviewStatus": "unreviewed-supplementary",
        "tags": {
          "golf": "driving_range_tee",
          "name": "driving range booths",
          "source": "yahoo_imagery;survey"
        }
      },
      "geometry": {
        "type": "LineString",
        "coordinates": [
          [
            677591.1525676653,
            6586152.756895872
          ],
          [
            677602.4961837551,
            6586152.598587678
          ],
          [
            677619.1506626073,
            6586153.381388013
          ],
          [
            677626.5029384225,
            6586155.567118037
          ]
        ]
      }
    },
    {
      "type": "Feature",
      "id": "way/221846980",
      "properties": {
        "osmType": "way",
        "osmId": "221846980",
        "osmVersion": "2",
        "osmTimestamp": "2025-01-13T17:07:08Z",
        "sourceId": "lidingo-osm-2026-09-07",
        "reviewStatus": "unreviewed-supplementary",
        "tags": {
          "golf": "bunker",
          "source": "Bing"
        }
      },
      "geometry": {
        "type": "Polygon",
        "coordinates": [
          [
            [
              677697.6357915066,
              6586266.475726257
            ],
            [
              677700.9356557525,
              6586267.701535161
            ],
            [
              677702.7253138607,
              6586265.3433391005
            ],
            [
              677703.381465655,
              6586264.459705781
            ],
            [
              677704.1674806295,
              6586260.693725735
            ],
            [
              677704.2679589022,
              6586258.557203268
            ],
            [
              677701.9853417205,
              6586258.449855024
            ],
            [
              677699.3599958831,
              6586259.09590133
            ],
            [
              677697.7755328997,
              6586260.236992303
            ],
            [
              677697.1784188815,
              6586263.253498199
            ],
            [
              677697.0852707025,
              6586265.234232692
            ],
            [
              677697.6357915066,
              6586266.475726257
            ]
          ]
        ]
      }
    },
    {
      "type": "Feature",
      "id": "way/221846981",
      "properties": {
        "osmType": "way",
        "osmId": "221846981",
        "osmVersion": "1",
        "osmTimestamp": "2013-05-17T14:52:08Z",
        "sourceId": "lidingo-osm-2026-09-07",
        "reviewStatus": "unreviewed-supplementary",
        "tags": {
          "golf": "green",
          "name": "putting green",
          "source": "survey;Bing"
        }
      },
      "geometry": {
        "type": "Polygon",
        "coordinates": [
          [
            [
              677671.7056300449,
              6586110.294838394
            ],
            [
              677674.7161836808,
              6586107.994030307
            ],
            [
              677677.9889359376,
              6586096.727932107
            ],
            [
              677681.860345329,
              6586092.337511708
            ],
            [
              677681.2679057205,
              6586085.450975798
            ],
            [
              677670.6204916302,
              6586081.448521486
            ],
            [
              677663.9136246024,
              6586074.731758593
            ],
            [
              677660.038387775,
              6586069.519869637
            ],
            [
              677655.3139296095,
              6586069.29775689
            ],
            [
              677654.2312863888,
              6586076.105535023
            ],
            [
              677656.8735881997,
              6586084.9062618725
            ],
            [
              677657.2589023778,
              6586096.199372067
            ],
            [
              677657.7986494428,
              6586107.354763074
            ],
            [
              677660.5800485339,
              6586109.927887187
            ],
            [
              677666.4913760594,
              6586110.808037257
            ],
            [
              677671.7056300449,
              6586110.294838394
            ]
          ]
        ]
      }
    },
    {
      "type": "Feature",
      "id": "way/296422967",
      "properties": {
        "osmType": "way",
        "osmId": "296422967",
        "osmVersion": "1",
        "osmTimestamp": "2014-08-07T09:57:16Z",
        "sourceId": "lidingo-osm-2026-09-07",
        "reviewStatus": "unreviewed-supplementary",
        "tags": {
          "golf": "green",
          "source": "Bing"
        }
      },
      "geometry": {
        "type": "Polygon",
        "coordinates": [
          [
            [
              677672.0457873459,
              6586476.419435249
            ],
            [
              677679.3588242785,
              6586476.763330735
            ],
            [
              677681.4445456662,
              6586471.374466274
            ],
            [
              677684.2230996013,
              6586464.200354053
            ],
            [
              677685.2393823742,
              6586449.002906656
            ],
            [
              677685.8604932723,
              6586442.329563198
            ],
            [
              677684.8170706247,
              6586438.622528866
            ],
            [
              677676.9246833558,
              6586437.649157789
            ],
            [
              677668.0469916088,
              6586438.14618889
            ],
            [
              677663.1906090527,
              6586444.007005456
            ],
            [
              677667.4897284927,
              6586449.997216778
            ],
            [
              677666.4960382645,
              6586458.180910958
            ],
            [
              677666.9958558345,
              6586466.06680656
            ],
            [
              677669.6530097391,
              6586474.422173989
            ],
            [
              677672.0457873459,
              6586476.419435249
            ]
          ]
        ]
      }
    },
    {
      "type": "Feature",
      "id": "way/296422971",
      "properties": {
        "osmType": "way",
        "osmId": "296422971",
        "osmVersion": "1",
        "osmTimestamp": "2014-08-07T09:57:16Z",
        "sourceId": "lidingo-osm-2026-09-07",
        "reviewStatus": "unreviewed-supplementary",
        "tags": {
          "golf": "green",
          "source": "Bing"
        }
      },
      "geometry": {
        "type": "Polygon",
        "coordinates": [
          [
            [
              677434.9327300081,
              6586220.51769788
            ],
            [
              677425.3043919005,
              6586224.024651598
            ],
            [
              677423.362619417,
              6586232.77723478
            ],
            [
              677425.8052660413,
              6586239.293336779
            ],
            [
              677433.6693635243,
              6586240.878201616
            ],
            [
              677444.1261570862,
              6586239.239149685
            ],
            [
              677449.8683792478,
              6586234.021883306
            ],
            [
              677451.7757934886,
              6586225.88107199
            ],
            [
              677449.9266377229,
              6586219.693933701
            ],
            [
              677446.4035791892,
              6586216.796179687
            ],
            [
              677434.9327300081,
              6586220.51769788
            ]
          ]
        ]
      }
    },
    {
      "type": "Feature",
      "id": "way/296422974",
      "properties": {
        "osmType": "way",
        "osmId": "296422974",
        "osmVersion": "1",
        "osmTimestamp": "2014-08-07T09:57:16Z",
        "sourceId": "lidingo-osm-2026-09-07",
        "reviewStatus": "unreviewed-supplementary",
        "tags": {
          "golf": "green",
          "source": "Bing"
        }
      },
      "geometry": {
        "type": "Polygon",
        "coordinates": [
          [
            [
              677525.4549424765,
              6586385.975938539
            ],
            [
              677525.4332188616,
              6586392.978563799
            ],
            [
              677529.0048941954,
              6586401.376776308
            ],
            [
              677532.7621628745,
              6586405.824645631
            ],
            [
              677536.7253555376,
              6586406.010862244
            ],
            [
              677541.3389617514,
              6586405.313155698
            ],
            [
              677546.6543020551,
              6586402.518338249
            ],
            [
              677549.2390859864,
              6586399.584064964
            ],
            [
              677549.482755009,
              6586394.398539944
            ],
            [
              677545.9678604763,
              6586391.211100903
            ],
            [
              677531.8827552227,
              6586385.664569898
            ],
            [
              677525.4549424765,
              6586385.975938539
            ]
          ]
        ]
      }
    },
    {
      "type": "Feature",
      "id": "way/296422978",
      "properties": {
        "osmType": "way",
        "osmId": "296422978",
        "osmVersion": "1",
        "osmTimestamp": "2014-08-07T09:57:16Z",
        "sourceId": "lidingo-osm-2026-09-07",
        "reviewStatus": "unreviewed-supplementary",
        "tags": {
          "golf": "tee",
          "source": "Bing"
        }
      },
      "geometry": {
        "type": "Polygon",
        "coordinates": [
          [
            [
              677324.4826197312,
              6586206.188056316
            ],
            [
              677318.5821542232,
              6586208.353511404
            ],
            [
              677318.9046115042,
              6586214.45777685
            ],
            [
              677322.6820997741,
              6586218.605246693
            ],
            [
              677326.9323303646,
              6586219.105811898
            ],
            [
              677329.8833322377,
              6586214.671871516
            ],
            [
              677330.4181641196,
              6586209.823432312
            ],
            [
              677324.4826197312,
              6586206.188056316
            ]
          ]
        ]
      }
    },
    {
      "type": "Feature",
      "id": "way/296422981",
      "properties": {
        "osmType": "way",
        "osmId": "296422981",
        "osmVersion": "1",
        "osmTimestamp": "2014-08-07T09:57:16Z",
        "sourceId": "lidingo-osm-2026-09-07",
        "reviewStatus": "unreviewed-supplementary",
        "tags": {
          "golf": "tee",
          "source": "Bing"
        }
      },
      "geometry": {
        "type": "Polygon",
        "coordinates": [
          [
            [
              677663.6384107389,
              6586647.825775451
            ],
            [
              677665.7737208803,
              6586654.327628547
            ],
            [
              677698.3076361001,
              6586643.969292312
            ],
            [
              677696.7567660807,
              6586638.108284672
            ],
            [
              677663.6384107389,
              6586647.825775451
            ]
          ]
        ]
      }
    },
    {
      "type": "Feature",
      "id": "way/296422983",
      "properties": {
        "osmType": "way",
        "osmId": "296422983",
        "osmVersion": "2",
        "osmTimestamp": "2025-01-13T17:07:08Z",
        "sourceId": "lidingo-osm-2026-09-07",
        "reviewStatus": "unreviewed-supplementary",
        "tags": {
          "golf": "path",
          "highway": "footway",
          "source": "Bing"
        }
      },
      "geometry": {
        "type": "LineString",
        "coordinates": [
          [
            677571.1600634027,
            6586368.317108673
          ],
          [
            677579.3748265577,
            6586381.807141394
          ],
          [
            677580.3593403146,
            6586393.429512094
          ],
          [
            677579.6097631935,
            6586402.840292128
          ],
          [
            677579.2379207888,
            6586410.752110612
          ],
          [
            677582.0309035475,
            6586422.760591271
          ],
          [
            677594.3526639882,
            6586428.893579042
          ],
          [
            677602.7484428243,
            6586433.080000463
          ]
        ]
      }
    },
    {
      "type": "Feature",
      "id": "way/296422990",
      "properties": {
        "osmType": "way",
        "osmId": "296422990",
        "osmVersion": "1",
        "osmTimestamp": "2014-08-07T09:57:16Z",
        "sourceId": "lidingo-osm-2026-09-07",
        "reviewStatus": "unreviewed-supplementary",
        "tags": {
          "golf": "green",
          "source": "Bing"
        }
      },
      "geometry": {
        "type": "Polygon",
        "coordinates": [
          [
            [
              677698.3726831601,
              6586455.4197647115
            ],
            [
              677694.4304038549,
              6586461.323534101
            ],
            [
              677690.9726046813,
              6586469.993565857
            ],
            [
              677692.5433886895,
              6586475.554387548
            ],
            [
              677697.8790933541,
              6586478.861066703
            ],
            [
              677705.9284022098,
              6586476.496166306
            ],
            [
              677707.1717332788,
              6586469.5398233
            ],
            [
              677710.1716306984,
              6586464.19396862
            ],
            [
              677713.1082853504,
              6586460.071898539
            ],
            [
              677714.6294496775,
              6586453.742003465
            ],
            [
              677712.2936144944,
              6586451.502041709
            ],
            [
              677706.536657834,
              6586450.617893412
            ],
            [
              677701.6164580721,
              6586451.300977904
            ],
            [
              677698.3726831601,
              6586455.4197647115
            ]
          ]
        ]
      }
    },
    {
      "type": "Feature",
      "id": "way/296422993",
      "properties": {
        "osmType": "way",
        "osmId": "296422993",
        "osmVersion": "1",
        "osmTimestamp": "2014-08-07T09:57:17Z",
        "sourceId": "lidingo-osm-2026-09-07",
        "reviewStatus": "unreviewed-supplementary",
        "tags": {
          "golf": "path",
          "source": "Bing"
        }
      },
      "geometry": {
        "type": "LineString",
        "coordinates": [
          [
            677400.0098692626,
            6586366.065735182
          ],
          [
            677396.7298579324,
            6586357.993622158
          ],
          [
            677386.5873818926,
            6586352.945021577
          ],
          [
            677376.2166008553,
            6586352.759276039
          ],
          [
            677369.2099456475,
            6586352.43036431
          ],
          [
            677358.5737416493,
            6586344.927470636
          ],
          [
            677353.9086941221,
            6586314.229350037
          ],
          [
            677341.294594632,
            6586303.276846064
          ],
          [
            677333.5651518307,
            6586285.8511186745
          ],
          [
            677326.1709709511,
            6586267.827771263
          ],
          [
            677324.7493306894,
            6586252.527065503
          ],
          [
            677328.4621539555,
            6586231.980400962
          ]
        ]
      }
    },
    {
      "type": "Feature",
      "id": "way/296422996",
      "properties": {
        "osmType": "way",
        "osmId": "296422996",
        "osmVersion": "2",
        "osmTimestamp": "2026-06-18T19:46:39Z",
        "sourceId": "lidingo-osm-2026-09-07",
        "reviewStatus": "unreviewed-supplementary",
        "tags": {
          "golf": "bunker",
          "source": "Bing"
        }
      },
      "geometry": {
        "type": "Polygon",
        "coordinates": [
          [
            [
              677762.9163070284,
              6586471.202979012
            ],
            [
              677762.9248389198,
              6586472.352072329
            ],
            [
              677763.5819338113,
              6586473.1413471
            ],
            [
              677765.0357386669,
              6586473.566621421
            ],
            [
              677765.9125799374,
              6586473.797465588
            ],
            [
              677766.2145072797,
              6586474.636944772
            ],
            [
              677766.8692269609,
              6586475.113842646
            ],
            [
              677767.5386871336,
              6586475.1564925425
            ],
            [
              677768.7575697693,
              6586474.89042212
            ],
            [
              677769.8192066634,
              6586474.338144936
            ],
            [
              677770.1476005809,
              6586473.405646083
            ],
            [
              677770.9953765045,
              6586472.319146599
            ],
            [
              677771.5493948541,
              6586471.308044701
            ],
            [
              677771.284280241,
              6586469.44428087
            ],
            [
              677770.6228806461,
              6586468.141794075
            ],
            [
              677769.5025772598,
              6586467.642990026
            ],
            [
              677767.9468492335,
              6586467.569793883
            ],
            [
              677766.2461150854,
              6586467.434014273
            ],
            [
              677765.3948003999,
              6586467.628160376
            ],
            [
              677764.7551733265,
              6586468.523711852
            ],
            [
              677762.9163070284,
              6586471.202979012
            ]
          ]
        ]
      }
    },
    {
      "type": "Feature",
      "id": "way/296422999",
      "properties": {
        "osmType": "way",
        "osmId": "296422999",
        "osmVersion": "1",
        "osmTimestamp": "2014-08-07T09:57:17Z",
        "sourceId": "lidingo-osm-2026-09-07",
        "reviewStatus": "unreviewed-supplementary",
        "tags": {
          "golf": "tee",
          "source": "Bing"
        }
      },
      "geometry": {
        "type": "Polygon",
        "coordinates": [
          [
            [
              677279.8512527435,
              6586181.544026497
            ],
            [
              677276.4097859389,
              6586183.2115397025
            ],
            [
              677278.5945819746,
              6586188.800946612
            ],
            [
              677283.3380870139,
              6586191.766945824
            ],
            [
              677288.3882096033,
              6586194.747337267
            ],
            [
              677293.2742343389,
              6586194.675471129
            ],
            [
              677294.3455848547,
              6586191.36890942
            ],
            [
              677290.559096624,
              6586187.533312568
            ],
            [
              677285.579968162,
              6586183.039543219
            ],
            [
              677279.8512527435,
              6586181.544026497
            ]
          ]
        ]
      }
    },
    {
      "type": "Feature",
      "id": "way/296423003",
      "properties": {
        "osmType": "way",
        "osmId": "296423003",
        "osmVersion": "2",
        "osmTimestamp": "2025-01-13T17:07:08Z",
        "sourceId": "lidingo-osm-2026-09-07",
        "reviewStatus": "unreviewed-supplementary",
        "tags": {
          "golf": "path",
          "highway": "footway",
          "source": "Bing"
        }
      },
      "geometry": {
        "type": "LineString",
        "coordinates": [
          [
            677644.654586039,
            6586368.0468620015
          ],
          [
            677659.8361675988,
            6586372.541292766
          ],
          [
            677664.6130920174,
            6586374.90714918
          ],
          [
            677669.735583998,
            6586381.783649779
          ],
          [
            677679.8488700818,
            6586387.445042389
          ],
          [
            677689.727106438,
            6586392.5377935385
          ],
          [
            677692.3330222239,
            6586401.136117181
          ],
          [
            677687.4109941979,
            6586415.893382261
          ],
          [
            677680.6687082623,
            6586422.89224818
          ],
          [
            677671.8118876017,
            6586429.479426628
          ],
          [
            677665.3139652989,
            6586432.976823678
          ],
          [
            677658.8511690651,
            6586436.4535781
          ],
          [
            677646.8452661125,
            6586440.428078138
          ]
        ]
      }
    },
    {
      "type": "Feature",
      "id": "way/296423006",
      "properties": {
        "osmType": "way",
        "osmId": "296423006",
        "osmVersion": "1",
        "osmTimestamp": "2014-08-07T09:57:17Z",
        "sourceId": "lidingo-osm-2026-09-07",
        "reviewStatus": "unreviewed-supplementary",
        "tags": {
          "golf": "fairway",
          "source": "Bing"
        }
      },
      "geometry": {
        "type": "Polygon",
        "coordinates": [
          [
            [
              677761.6534582675,
              6586479.418607329
            ],
            [
              677762.1101412585,
              6586488.216991767
            ],
            [
              677763.2452940646,
              6586497.471086754
            ],
            [
              677772.3380605485,
              6586497.843136977
            ],
            [
              677799.6152543051,
              6586489.067227352
            ],
            [
              677814.0147540814,
              6586488.886134598
            ],
            [
              677822.3212734971,
              6586481.0577740325
            ],
            [
              677835.6064605017,
              6586477.71280849
            ],
            [
              677846.3557372454,
              6586481.820977041
            ],
            [
              677856.1847813365,
              6586480.454657066
            ],
            [
              677878.0323546815,
              6586490.683852413
            ],
            [
              677888.9447720527,
              6586492.413219789
            ],
            [
              677903.6941859729,
              6586496.765654764
            ],
            [
              677910.6065122972,
              6586504.652443937
            ],
            [
              677907.9419296789,
              6586515.802028825
            ],
            [
              677912.9480239729,
              6586520.665991296
            ],
            [
              677918.9338340949,
              6586516.687650084
            ],
            [
              677926.4624745732,
              6586517.88976223
            ],
            [
              677934.4226765281,
              6586531.4355956465
            ],
            [
              677944.4871368781,
              6586530.627064174
            ],
            [
              677954.3441522603,
              6586523.228881028
            ],
            [
              677954.8310492344,
              6586512.891247482
            ],
            [
              677947.3403009757,
              6586503.3934900835
            ],
            [
              677932.1637845691,
              6586495.061671608
            ],
            [
              677920.4230502107,
              6586485.062717278
            ],
            [
              677909.1036049905,
              6586472.641270209
            ],
            [
              677893.4401618026,
              6586474.647247208
            ],
            [
              677882.8340834029,
              6586466.5308314925
            ],
            [
              677874.7985367263,
              6586462.193438522
            ],
            [
              677861.3072243314,
              6586463.387314709
            ],
            [
              677844.3510081414,
              6586460.459056759
            ],
            [
              677832.4867811402,
              6586453.1980651
            ],
            [
              677821.7237265467,
              6586454.821606379
            ],
            [
              677809.7314824187,
              6586456.688445281
            ],
            [
              677795.896454836,
              6586457.810617111
            ],
            [
              677789.7670980248,
              6586465.808394779
            ],
            [
              677776.4455813468,
              6586476.456601592
            ],
            [
              677761.6534582675,
              6586479.418607329
            ]
          ]
        ]
      }
    },
    {
      "type": "Feature",
      "id": "way/296423010",
      "properties": {
        "osmType": "way",
        "osmId": "296423010",
        "osmVersion": "1",
        "osmTimestamp": "2014-08-07T09:57:17Z",
        "sourceId": "lidingo-osm-2026-09-07",
        "reviewStatus": "unreviewed-supplementary",
        "tags": {
          "golf": "green",
          "source": "Bing"
        }
      },
      "geometry": {
        "type": "Polygon",
        "coordinates": [
          [
            [
              677748.1527758107,
              6586506.820453294
            ],
            [
              677749.3673887323,
              6586500.476147434
            ],
            [
              677747.8825542291,
              6586493.090354601
            ],
            [
              677740.4403227018,
              6586489.082277791
            ],
            [
              677729.0840319623,
              6586490.377052792
            ],
            [
              677721.491505802,
              6586501.540281769
            ],
            [
              677714.6119629713,
              6586512.547469338
            ],
            [
              677715.1828444351,
              6586518.920003219
            ],
            [
              677720.2609891022,
              6586521.288960284
            ],
            [
              677726.0747725968,
              6586521.930458091
            ],
            [
              677732.2676275193,
              6586519.110265353
            ],
            [
              677738.6596952699,
              6586513.990918136
            ],
            [
              677743.4104592381,
              6586510.255325043
            ],
            [
              677748.1527758107,
              6586506.820453294
            ]
          ]
        ]
      }
    },
    {
      "type": "Feature",
      "id": "way/331796609",
      "properties": {
        "osmType": "way",
        "osmId": "331796609",
        "osmVersion": "1",
        "osmTimestamp": "2015-03-08T10:08:15Z",
        "sourceId": "lidingo-osm-2026-09-07",
        "reviewStatus": "unreviewed-supplementary",
        "tags": {
          "golf": "tee",
          "source": "Bing"
        }
      },
      "geometry": {
        "type": "Polygon",
        "coordinates": [
          [
            [
              677783.8140872715,
              6586819.281034194
            ],
            [
              677787.1001098929,
              6586814.260977982
            ],
            [
              677786.1083293199,
              6586809.340722937
            ],
            [
              677777.4951075299,
              6586810.764383324
            ],
            [
              677774.7448303173,
              6586817.337530899
            ],
            [
              677773.1010298628,
              6586826.39396111
            ],
            [
              677773.6144937269,
              6586834.949677915
            ],
            [
              677777.1107916674,
              6586836.463640112
            ],
            [
              677779.9964018124,
              6586833.543685064
            ],
            [
              677781.029324961,
              6586826.4659346165
            ],
            [
              677783.8140872715,
              6586819.281034194
            ]
          ]
        ]
      }
    },
    {
      "type": "Feature",
      "id": "way/331796623",
      "properties": {
        "osmType": "way",
        "osmId": "331796623",
        "osmVersion": "1",
        "osmTimestamp": "2015-03-08T10:08:16Z",
        "sourceId": "lidingo-osm-2026-09-07",
        "reviewStatus": "unreviewed-supplementary",
        "tags": {
          "golf": "bunker",
          "source": "Bing"
        }
      },
      "geometry": {
        "type": "Polygon",
        "coordinates": [
          [
            [
              677698.2422618419,
              6586808.552491864
            ],
            [
              677695.6491451184,
              6586811.787377176
            ],
            [
              677699.3345852623,
              6586817.748794082
            ],
            [
              677704.0520699945,
              6586819.308974776
            ],
            [
              677705.818758206,
              6586816.224810741
            ],
            [
              677705.0622632537,
              6586812.832370108
            ],
            [
              677702.4342242061,
              6586810.277540908
            ],
            [
              677698.2422618419,
              6586808.552491864
            ]
          ]
        ]
      }
    },
    {
      "type": "Feature",
      "id": "way/331796626",
      "properties": {
        "osmType": "way",
        "osmId": "331796626",
        "osmVersion": "1",
        "osmTimestamp": "2015-03-08T10:08:16Z",
        "sourceId": "lidingo-osm-2026-09-07",
        "reviewStatus": "unreviewed-supplementary",
        "tags": {
          "golf": "tee",
          "source": "Bing"
        }
      },
      "geometry": {
        "type": "Polygon",
        "coordinates": [
          [
            [
              677614.2245527785,
              6586044.002164842
            ],
            [
              677611.2463424776,
              6586042.345471625
            ],
            [
              677600.0526656322,
              6586046.692936785
            ],
            [
              677599.3164173109,
              6586049.401802579
            ],
            [
              677600.3888349578,
              6586052.496783926
            ],
            [
              677604.0740042143,
              6586052.067756427
            ],
            [
              677614.3251949812,
              6586048.278230152
            ],
            [
              677614.2245527785,
              6586044.002164842
            ]
          ]
        ]
      }
    },
    {
      "type": "Feature",
      "id": "way/331796631",
      "properties": {
        "osmType": "way",
        "osmId": "331796631",
        "osmVersion": "2",
        "osmTimestamp": "2016-06-26T16:05:58Z",
        "sourceId": "lidingo-osm-2026-09-07",
        "reviewStatus": "unreviewed-supplementary",
        "tags": {
          "golf": "fairway",
          "ref": "15",
          "source": "Bing"
        }
      },
      "geometry": {
        "type": "Polygon",
        "coordinates": [
          [
            [
              677695.8827836362,
              6586728.914150563
            ],
            [
              677695.3804446881,
              6586711.649002453
            ],
            [
              677687.9918015366,
              6586702.033896327
            ],
            [
              677681.7790615195,
              6586697.782623316
            ],
            [
              677670.9157770342,
              6586695.141638929
            ],
            [
              677656.0675595246,
              6586699.316965207
            ],
            [
              677655.0461956552,
              6586714.503025767
            ],
            [
              677661.2081124276,
              6586726.368910319
            ],
            [
              677669.1060959587,
              6586740.156586069
            ],
            [
              677679.0256597492,
              6586762.860858677
            ],
            [
              677686.5449351196,
              6586797.641782219
            ],
            [
              677691.0496425816,
              6586805.782972006
            ],
            [
              677701.6630687545,
              6586807.196677339
            ],
            [
              677711.297366027,
              6586816.482521122
            ],
            [
              677713.946068489,
              6586831.54011137
            ],
            [
              677722.2224200999,
              6586843.806701592
            ],
            [
              677734.854647838,
              6586867.252157293
            ],
            [
              677741.752652934,
              6586882.810811676
            ],
            [
              677747.8932771117,
              6586888.586687787
            ],
            [
              677753.4147150812,
              6586887.931987816
            ],
            [
              677760.6285243976,
              6586877.308654134
            ],
            [
              677750.2951404374,
              6586863.417307415
            ],
            [
              677741.5837044588,
              6586847.461052327
            ],
            [
              677734.9285321247,
              6586826.739136656
            ],
            [
              677724.045427131,
              6586817.99670568
            ],
            [
              677717.0223417676,
              6586803.157116457
            ],
            [
              677713.0986335294,
              6586771.779427169
            ],
            [
              677715.8828945601,
              6586749.483029837
            ],
            [
              677708.8811309237,
              6586738.0570885055
            ],
            [
              677703.2387191633,
              6586734.747094163
            ],
            [
              677697.8458296333,
              6586732.664450531
            ],
            [
              677695.8827836362,
              6586728.914150563
            ]
          ]
        ]
      }
    },
    {
      "type": "Feature",
      "id": "way/331796643",
      "properties": {
        "osmType": "way",
        "osmId": "331796643",
        "osmVersion": "1",
        "osmTimestamp": "2015-03-08T10:08:17Z",
        "sourceId": "lidingo-osm-2026-09-07",
        "reviewStatus": "unreviewed-supplementary",
        "tags": {
          "golf": "green",
          "source": "Bing"
        }
      },
      "geometry": {
        "type": "Polygon",
        "coordinates": [
          [
            [
              677780.2021452847,
              6586889.504763738
            ],
            [
              677772.0184902573,
              6586881.803704885
            ],
            [
              677760.6285243976,
              6586877.308654134
            ],
            [
              677753.4147150812,
              6586887.931987816
            ],
            [
              677762.676040698,
              6586898.7283087205
            ],
            [
              677772.452896804,
              6586904.976447578
            ],
            [
              677778.0091045577,
              6586910.111496716
            ],
            [
              677783.13303403,
              6586909.560811181
            ],
            [
              677789.7312629023,
              6586905.611131037
            ],
            [
              677796.1955182997,
              6586904.387485702
            ],
            [
              677793.9416839259,
              6586895.939442907
            ],
            [
              677787.0795136376,
              6586892.560745072
            ],
            [
              677780.2021452847,
              6586889.504763738
            ]
          ]
        ]
      }
    },
    {
      "type": "Feature",
      "id": "way/331796648",
      "properties": {
        "osmType": "way",
        "osmId": "331796648",
        "osmVersion": "1",
        "osmTimestamp": "2015-03-08T10:08:18Z",
        "sourceId": "lidingo-osm-2026-09-07",
        "reviewStatus": "unreviewed-supplementary",
        "tags": {
          "golf": "tee",
          "source": "Bing"
        }
      },
      "geometry": {
        "type": "Polygon",
        "coordinates": [
          [
            [
              677804.6441620108,
              6586856.528833539
            ],
            [
              677801.3521904126,
              6586855.147136562
            ],
            [
              677796.3664112675,
              6586857.354853941
            ],
            [
              677796.7450165914,
              6586862.246255602
            ],
            [
              677799.8369224009,
              6586867.878736372
            ],
            [
              677804.0468776589,
              6586867.285059796
            ],
            [
              677805.4963564244,
              6586862.479696548
            ],
            [
              677804.6441620108,
              6586856.528833539
            ]
          ]
        ]
      }
    },
    {
      "type": "Feature",
      "id": "way/331796654",
      "properties": {
        "osmType": "way",
        "osmId": "331796654",
        "osmVersion": "1",
        "osmTimestamp": "2015-03-08T10:08:19Z",
        "sourceId": "lidingo-osm-2026-09-07",
        "reviewStatus": "unreviewed-supplementary",
        "tags": {
          "golf": "tee",
          "source": "Bing"
        }
      },
      "geometry": {
        "type": "Polygon",
        "coordinates": [
          [
            [
              677657.7779753231,
              6586020.153807541
            ],
            [
              677655.3706672655,
              6586019.427257079
            ],
            [
              677632.4037405257,
              6586027.492504509
            ],
            [
              677629.1258096107,
              6586032.211984327
            ],
            [
              677630.7257034506,
              6586037.160748969
            ],
            [
              677633.0901115523,
              6586038.799757403
            ],
            [
              677660.1492578919,
              6586028.18343464
            ],
            [
              677657.7779753231,
              6586020.153807541
            ]
          ]
        ]
      }
    },
    {
      "type": "Feature",
      "id": "way/331796671",
      "properties": {
        "osmType": "way",
        "osmId": "331796671",
        "osmVersion": "1",
        "osmTimestamp": "2015-03-08T10:08:20Z",
        "sourceId": "lidingo-osm-2026-09-07",
        "reviewStatus": "unreviewed-supplementary",
        "tags": {
          "golf": "tee",
          "source": "Bing"
        }
      },
      "geometry": {
        "type": "Polygon",
        "coordinates": [
          [
            [
              677801.3998882732,
              6586795.74073637
            ],
            [
              677802.1568271781,
              6586799.122069876
            ],
            [
              677808.2056690501,
              6586800.321250541
            ],
            [
              677811.4115228623,
              6586797.126427292
            ],
            [
              677811.3767668165,
              6586791.336713767
            ],
            [
              677807.6202385636,
              6586786.888554562
            ],
            [
              677803.5856918228,
              6586788.226544205
            ],
            [
              677801.3998882732,
              6586795.74073637
            ]
          ]
        ]
      }
    },
    {
      "type": "Feature",
      "id": "way/427426704",
      "properties": {
        "osmType": "way",
        "osmId": "427426704",
        "osmVersion": "1",
        "osmTimestamp": "2016-06-26T16:05:36Z",
        "sourceId": "lidingo-osm-2026-09-07",
        "reviewStatus": "unreviewed-supplementary",
        "tags": {
          "golf": "tee",
          "ref": "15",
          "source": "survey;Bing"
        }
      },
      "geometry": {
        "type": "Polygon",
        "coordinates": [
          [
            [
              677622.5889195105,
              6586575.468722171
            ],
            [
              677628.8805363724,
              6586575.385333604
            ],
            [
              677628.5730261917,
              6586552.9993106
            ],
            [
              677622.2870500362,
              6586553.082967205
            ],
            [
              677622.5889195105,
              6586575.468722171
            ]
          ]
        ]
      }
    },
    {
      "type": "Feature",
      "id": "way/427426720",
      "properties": {
        "osmType": "way",
        "osmId": "427426720",
        "osmVersion": "1",
        "osmTimestamp": "2016-06-26T16:05:37Z",
        "sourceId": "lidingo-osm-2026-09-07",
        "reviewStatus": "unreviewed-supplementary",
        "tags": {
          "golf": "tee",
          "ref": "15",
          "source": "survey;Bing"
        }
      },
      "geometry": {
        "type": "Polygon",
        "coordinates": [
          [
            [
              677630.7334978299,
              6586592.736251461
            ],
            [
              677621.5754204355,
              6586594.0008486
            ],
            [
              677625.3835426948,
              6586621.324642661
            ],
            [
              677634.5415570457,
              6586620.060055778
            ],
            [
              677630.7334978299,
              6586592.736251461
            ]
          ]
        ]
      }
    },
    {
      "type": "Feature",
      "id": "way/427426728",
      "properties": {
        "osmType": "way",
        "osmId": "427426728",
        "osmVersion": "1",
        "osmTimestamp": "2016-06-26T16:05:37Z",
        "sourceId": "lidingo-osm-2026-09-07",
        "reviewStatus": "unreviewed-supplementary",
        "tags": {
          "golf": "tee",
          "ref": "15",
          "source": "survey;Bing"
        }
      },
      "geometry": {
        "type": "Polygon",
        "coordinates": [
          [
            [
              677625.5620187885,
              6586632.17309521
            ],
            [
              677629.4790077796,
              6586643.866454195
            ],
            [
              677636.9705552915,
              6586641.374837063
            ],
            [
              677633.0541086444,
              6586629.670342275
            ],
            [
              677625.5620187885,
              6586632.17309521
            ]
          ]
        ]
      }
    },
    {
      "type": "Feature",
      "id": "way/427426741",
      "properties": {
        "osmType": "way",
        "osmId": "427426741",
        "osmVersion": "2",
        "osmTimestamp": "2025-01-13T17:07:08Z",
        "sourceId": "lidingo-osm-2026-09-07",
        "reviewStatus": "unreviewed-supplementary",
        "tags": {
          "golf": "path",
          "highway": "footway",
          "source": "survey;Bing"
        }
      },
      "geometry": {
        "type": "LineString",
        "coordinates": [
          [
            677749.2241392602,
            6586672.003686102
          ],
          [
            677747.8056718368,
            6586630.795930911
          ],
          [
            677747.2634755331,
            6586614.744496371
          ],
          [
            677744.8002108266,
            6586610.256889146
          ],
          [
            677742.214968509,
            6586606.789561545
          ],
          [
            677740.5287162198,
            6586605.137751539
          ]
        ]
      }
    },
    {
      "type": "Feature",
      "id": "way/427426774",
      "properties": {
        "osmType": "way",
        "osmId": "427426774",
        "osmVersion": "2",
        "osmTimestamp": "2025-01-13T17:07:08Z",
        "sourceId": "lidingo-osm-2026-09-07",
        "reviewStatus": "unreviewed-supplementary",
        "tags": {
          "golf": "path",
          "highway": "footway",
          "source": "Mapbox"
        }
      },
      "geometry": {
        "type": "LineString",
        "coordinates": [
          [
            678139.7912940247,
            6586561.410298988
          ],
          [
            678119.8412180477,
            6586570.216934858
          ],
          [
            678105.7137892372,
            6586571.993315931
          ],
          [
            678102.3437616613,
            6586565.74523495
          ],
          [
            678096.8826031344,
            6586552.07145054
          ],
          [
            678072.777011834,
            6586545.459413596
          ],
          [
            678054.7800785477,
            6586541.923510152
          ],
          [
            678042.3806256128,
            6586536.855923606
          ],
          [
            678027.8103838309,
            6586532.812485961
          ],
          [
            677998.6789062414,
            6586524.291265593
          ],
          [
            677980.6657724509,
            6586517.955711657
          ],
          [
            677965.1686305244,
            6586509.9097634815
          ],
          [
            677939.5094166957,
            6586484.322139956
          ],
          [
            677928.2529600982,
            6586477.089454825
          ]
        ]
      }
    },
    {
      "type": "Feature",
      "id": "way/427426781",
      "properties": {
        "osmType": "way",
        "osmId": "427426781",
        "osmVersion": "3",
        "osmTimestamp": "2026-04-07T14:17:12Z",
        "sourceId": "lidingo-osm-2026-09-07",
        "reviewStatus": "unreviewed-supplementary",
        "tags": {
          "golf": "path",
          "highway": "footway",
          "source": "Mapbox"
        }
      },
      "geometry": {
        "type": "LineString",
        "coordinates": [
          [
            678102.3437616613,
            6586565.74523495
          ],
          [
            678086.8035419639,
            6586579.265492996
          ],
          [
            678071.7856176993,
            6586592.33087115
          ]
        ]
      }
    },
    {
      "type": "Feature",
      "id": "way/427426787",
      "properties": {
        "osmType": "way",
        "osmId": "427426787",
        "osmVersion": "2",
        "osmTimestamp": "2026-06-18T19:46:39Z",
        "sourceId": "lidingo-osm-2026-09-07",
        "reviewStatus": "unreviewed-supplementary",
        "tags": {
          "golf": "bunker",
          "source": "Mapbox"
        }
      },
      "geometry": {
        "type": "Polygon",
        "coordinates": [
          [
            [
              677855.4755199014,
              6586494.796670343
            ],
            [
              677856.0951299862,
              6586496.019140431
            ],
            [
              677856.7116622423,
              6586496.460800095
            ],
            [
              677857.5890176637,
              6586496.680538001
            ],
            [
              677858.647622951,
              6586496.797284546
            ],
            [
              677859.6858651583,
              6586496.500435233
            ],
            [
              677861.3576370449,
              6586495.196239003
            ],
            [
              677862.8577576341,
              6586493.549391956
            ],
            [
              677863.6082403837,
              6586492.112608278
            ],
            [
              677863.8167127809,
              6586490.706071389
            ],
            [
              677863.5527106661,
              6586489.54494961
            ],
            [
              677863.1637121497,
              6586488.500619734
            ],
            [
              677862.1268346581,
              6586487.559619694
            ],
            [
              677860.8072160333,
              6586487.185233271
            ],
            [
              677859.484996412,
              6586487.5913905725
            ],
            [
              677858.3979338147,
              6586488.320884249
            ],
            [
              677857.9964835314,
              6586488.870757301
            ],
            [
              677857.9898608853,
              6586489.49497809
            ],
            [
              677857.6707904022,
              6586490.349842968
            ],
            [
              677857.0230994557,
              6586490.932734201
            ],
            [
              677855.9227746234,
              6586492.18576543
            ],
            [
              677855.4197515465,
              6586493.321932799
            ],
            [
              677855.4755199014,
              6586494.796670343
            ]
          ]
        ]
      }
    },
    {
      "type": "Feature",
      "id": "way/427426789",
      "properties": {
        "osmType": "way",
        "osmId": "427426789",
        "osmVersion": "1",
        "osmTimestamp": "2016-06-26T16:05:40Z",
        "sourceId": "lidingo-osm-2026-09-07",
        "reviewStatus": "unreviewed-supplementary",
        "tags": {
          "golf": "bunker",
          "source": "Mapbox"
        }
      },
      "geometry": {
        "type": "Polygon",
        "coordinates": [
          [
            [
              677867.791132871,
              6586451.971404316
            ],
            [
              677866.4785600384,
              6586447.337144029
            ],
            [
              677860.649854737,
              6586447.977256481
            ],
            [
              677859.9186554638,
              6586452.147278546
            ],
            [
              677862.7528997979,
              6586456.853167273
            ],
            [
              677866.0207267797,
              6586457.062760667
            ],
            [
              677867.791132871,
              6586451.971404316
            ]
          ]
        ]
      }
    },
    {
      "type": "Feature",
      "id": "way/427426800",
      "properties": {
        "osmType": "way",
        "osmId": "427426800",
        "osmVersion": "2",
        "osmTimestamp": "2026-06-18T19:46:39Z",
        "sourceId": "lidingo-osm-2026-09-07",
        "reviewStatus": "unreviewed-supplementary",
        "tags": {
          "golf": "bunker",
          "source": "Mapbox"
        }
      },
      "geometry": {
        "type": "Polygon",
        "coordinates": [
          [
            [
              677771.707752744,
              6586693.001967458
            ],
            [
              677772.4475935996,
              6586693.482874254
            ],
            [
              677773.5351377664,
              6586693.4671338275
            ],
            [
              677774.8261892307,
              6586693.23792259
            ],
            [
              677775.7252464977,
              6586693.358294197
            ],
            [
              677776.5112475043,
              6586692.737290598
            ],
            [
              677777.099994988,
              6586691.471320958
            ],
            [
              677777.5380979767,
              6586690.867404133
            ],
            [
              677777.8694580761,
              6586690.113483858
            ],
            [
              677777.8291622681,
              6586689.397836885
            ],
            [
              677777.4835752065,
              6586688.277491798
            ],
            [
              677777.2522263201,
              6586686.906018076
            ],
            [
              677776.8101510047,
              6586686.506035955
            ],
            [
              677776.0862944929,
              6586686.048185226
            ],
            [
              677775.7239508562,
              6586685.283927272
            ],
            [
              677775.0926694686,
              6586684.551623974
            ],
            [
              677774.2251393021,
              6586684.365822008
            ],
            [
              677773.5323182712,
              6586684.578573518
            ],
            [
              677773.0405818467,
              6586685.11305299
            ],
            [
              677772.254220677,
              6586685.499840952
            ],
            [
              677770.9768935896,
              6586686.041964951
            ],
            [
              677770.4517804058,
              6586686.3183700545
            ],
            [
              677770.0549915143,
              6586686.89077456
            ],
            [
              677770.1826279615,
              6586687.443245708
            ],
            [
              677770.4991929344,
              6586687.971149562
            ],
            [
              677771.5552712149,
              6586689.470648233
            ],
            [
              677771.4329328404,
              6586690.256708976
            ],
            [
              677771.2288816662,
              6586692.053789169
            ],
            [
              677771.707752744,
              6586693.001967458
            ]
          ]
        ]
      }
    },
    {
      "type": "Feature",
      "id": "way/427426819",
      "properties": {
        "osmType": "way",
        "osmId": "427426819",
        "osmVersion": "1",
        "osmTimestamp": "2016-06-26T16:05:41Z",
        "sourceId": "lidingo-osm-2026-09-07",
        "reviewStatus": "unreviewed-supplementary",
        "tags": {
          "golf": "fairway",
          "source": "Bing"
        }
      },
      "geometry": {
        "type": "Polygon",
        "coordinates": [
          [
            [
              677537.084590062,
              6586684.88005989
            ],
            [
              677546.9481328217,
              6586689.302649952
            ],
            [
              677560.4166408272,
              6586693.415142519
            ],
            [
              677569.1876016492,
              6586696.74927883
            ],
            [
              677578.0793263195,
              6586694.24529718
            ],
            [
              677587.2425121323,
              6586687.661193853
            ],
            [
              677587.8854818647,
              6586682.0929515455
            ],
            [
              677578.8361413586,
              6586679.838615864
            ],
            [
              677571.7949444263,
              6586673.719613572
            ],
            [
              677567.3735161391,
              6586670.456070562
            ],
            [
              677561.2668832346,
              6586670.4813311165
            ],
            [
              677551.1036522987,
              6586672.434898008
            ],
            [
              677539.8345153733,
              6586678.306745272
            ],
            [
              677530.349926886,
              6586678.775542737
            ],
            [
              677514.437230122,
              6586673.1542814635
            ],
            [
              677502.7104071949,
              6586682.350422248
            ],
            [
              677495.3035985923,
              6586684.132527838
            ],
            [
              677470.3206739684,
              6586689.66142594
            ],
            [
              677446.0672736822,
              6586705.585230513
            ],
            [
              677438.3605544835,
              6586713.754773408
            ],
            [
              677428.026518974,
              6586725.771156992
            ],
            [
              677423.5838565441,
              6586735.922994964
            ],
            [
              677433.8537746214,
              6586738.234287694
            ],
            [
              677453.6448729027,
              6586731.056116365
            ],
            [
              677487.5329829685,
              6586706.61853484
            ],
            [
              677500.2595134522,
              6586695.640344069
            ],
            [
              677508.1084923147,
              6586695.830678083
            ],
            [
              677515.7361231949,
              6586695.887952663
            ],
            [
              677521.9566959359,
              6586693.43677179
            ],
            [
              677527.7643726585,
              6586686.694864072
            ],
            [
              677533.141485814,
              6586684.393655919
            ],
            [
              677537.084590062,
              6586684.88005989
            ]
          ]
        ]
      }
    },
    {
      "type": "Feature",
      "id": "way/427426821",
      "properties": {
        "osmType": "way",
        "osmId": "427426821",
        "osmVersion": "1",
        "osmTimestamp": "2016-06-26T16:05:41Z",
        "sourceId": "lidingo-osm-2026-09-07",
        "reviewStatus": "unreviewed-supplementary",
        "tags": {
          "golf": "tee",
          "source": "Mapbox"
        }
      },
      "geometry": {
        "type": "Polygon",
        "coordinates": [
          [
            [
              678136.2072346994,
              6586570.564738809
            ],
            [
              678140.6452827342,
              6586577.331612138
            ],
            [
              678148.3896708095,
              6586572.2655354785
            ],
            [
              678143.9459513723,
              6586565.498385244
            ],
            [
              678136.2072346994,
              6586570.564738809
            ]
          ]
        ]
      }
    },
    {
      "type": "Feature",
      "id": "way/427426825",
      "properties": {
        "osmType": "way",
        "osmId": "427426825",
        "osmVersion": "1",
        "osmTimestamp": "2016-06-26T16:05:41Z",
        "sourceId": "lidingo-osm-2026-09-07",
        "reviewStatus": "unreviewed-supplementary",
        "tags": {
          "golf": "green",
          "source": "Mapbox"
        }
      },
      "geometry": {
        "type": "Polygon",
        "coordinates": [
          [
            [
              677790.0132257093,
              6586661.4322990645
            ],
            [
              677782.8152177902,
              6586658.651213494
            ],
            [
              677773.5370914737,
              6586661.259222783
            ],
            [
              677769.0297826729,
              6586666.232983492
            ],
            [
              677764.4512785875,
              6586672.720119114
            ],
            [
              677765.4086676425,
              6586678.252124267
            ],
            [
              677775.6073848193,
              6586682.077716053
            ],
            [
              677779.7625499285,
              6586691.117058203
            ],
            [
              677786.3541596638,
              6586692.152142864
            ],
            [
              677788.15533284,
              6586687.854025754
            ],
            [
              677786.7976883212,
              6586682.7269669175
            ],
            [
              677787.3845080128,
              6586676.665393834
            ],
            [
              677791.3555527207,
              6586670.149697287
            ],
            [
              677791.891501926,
              6586665.290185323
            ],
            [
              677790.0132257093,
              6586661.4322990645
            ]
          ]
        ]
      }
    },
    {
      "type": "Feature",
      "id": "way/427426836",
      "properties": {
        "osmType": "way",
        "osmId": "427426836",
        "osmVersion": "1",
        "osmTimestamp": "2016-06-26T16:05:42Z",
        "sourceId": "lidingo-osm-2026-09-07",
        "reviewStatus": "unreviewed-supplementary",
        "tags": {
          "golf": "tee",
          "source": "Mapbox"
        }
      },
      "geometry": {
        "type": "Polygon",
        "coordinates": [
          [
            [
              678077.4023621767,
              6586560.811234079
            ],
            [
              678093.6149738571,
              6586564.776155031
            ],
            [
              678095.7005113151,
              6586556.264798906
            ],
            [
              678079.4816617126,
              6586552.310729676
            ],
            [
              678077.4023621767,
              6586560.811234079
            ]
          ]
        ]
      }
    },
    {
      "type": "Feature",
      "id": "way/427426842",
      "properties": {
        "osmType": "way",
        "osmId": "427426842",
        "osmVersion": "1",
        "osmTimestamp": "2016-06-26T16:05:42Z",
        "sourceId": "lidingo-osm-2026-09-07",
        "reviewStatus": "unreviewed-supplementary",
        "tags": {
          "golf": "bunker",
          "source": "Mapbox"
        }
      },
      "geometry": {
        "type": "Polygon",
        "coordinates": [
          [
            [
              677713.186604904,
              6586529.54350769
            ],
            [
              677717.0220284774,
              6586530.749927257
            ],
            [
              677719.7931666165,
              6586530.26689502
            ],
            [
              677720.378756831,
              6586525.922721704
            ],
            [
              677717.0644661558,
              6586523.435987413
            ],
            [
              677714.3079788983,
              6586523.607445508
            ],
            [
              677711.8366433387,
              6586525.82204374
            ],
            [
              677713.186604904,
              6586529.54350769
            ]
          ]
        ]
      }
    },
    {
      "type": "Feature",
      "id": "way/427426867",
      "properties": {
        "osmType": "way",
        "osmId": "427426867",
        "osmVersion": "1",
        "osmTimestamp": "2016-06-26T16:05:43Z",
        "sourceId": "lidingo-osm-2026-09-07",
        "reviewStatus": "unreviewed-supplementary",
        "tags": {
          "golf": "green",
          "source": "Mapbox"
        }
      },
      "geometry": {
        "type": "Polygon",
        "coordinates": [
          [
            [
              678061.8979376261,
              6586588.786796388
            ],
            [
              678053.3554015257,
              6586588.696471899
            ],
            [
              678050.1169638578,
              6586594.265039979
            ],
            [
              678051.6677928141,
              6586605.066738875
            ],
            [
              678060.3245073665,
              6586609.132700036
            ],
            [
              678068.8342502748,
              6586611.6081131175
            ],
            [
              678077.4286628624,
              6586615.425826095
            ],
            [
              678086.5786475112,
              6586615.544841345
            ],
            [
              678094.2638491075,
              6586607.988885163
            ],
            [
              678092.7475042066,
              6586602.976888974
            ],
            [
              678078.4320074987,
              6586594.138555766
            ],
            [
              678071.7856176993,
              6586592.33087115
            ],
            [
              678068.2763030498,
              6586589.3996754605
            ],
            [
              678061.8979376261,
              6586588.786796388
            ]
          ]
        ]
      }
    },
    {
      "type": "Feature",
      "id": "way/427426869",
      "properties": {
        "osmType": "way",
        "osmId": "427426869",
        "osmVersion": "1",
        "osmTimestamp": "2016-06-26T16:05:43Z",
        "sourceId": "lidingo-osm-2026-09-07",
        "reviewStatus": "unreviewed-supplementary",
        "tags": {
          "golf": "fairway",
          "source": "Mapbox"
        }
      },
      "geometry": {
        "type": "Polygon",
        "coordinates": [
          [
            [
              678053.3554015257,
              6586588.696471899
            ],
            [
              678046.6360054066,
              6586582.2794492375
            ],
            [
              678021.3726418793,
              6586575.847372875
            ],
            [
              677996.3246876765,
              6586569.793647617
            ],
            [
              677981.48730967,
              6586559.102124661
            ],
            [
              677952.1752306152,
              6586552.84783401
            ],
            [
              677927.9976659426,
              6586549.211029137
            ],
            [
              677898.4942718724,
              6586545.446286666
            ],
            [
              677876.4958540866,
              6586552.328737408
            ],
            [
              677847.2317444494,
              6586546.623996784
            ],
            [
              677836.0992550418,
              6586541.594434707
            ],
            [
              677832.824688575,
              6586567.280333781
            ],
            [
              677824.7050108542,
              6586576.098864017
            ],
            [
              677812.0278923697,
              6586573.059856177
            ],
            [
              677799.9805336548,
              6586563.04684739
            ],
            [
              677783.3025382841,
              6586560.745308955
            ],
            [
              677771.2888193893,
              6586576.016364737
            ],
            [
              677773.5928765932,
              6586587.031777337
            ],
            [
              677788.9563614647,
              6586602.754622211
            ],
            [
              677799.089533255,
              6586614.506507861
            ],
            [
              677803.9150512178,
              6586623.811620503
            ],
            [
              677826.916692238,
              6586613.373787551
            ],
            [
              677858.7637334343,
              6586604.813438466
            ],
            [
              677891.1409845087,
              6586597.806187752
            ],
            [
              677920.6656849285,
              6586581.77642596
            ],
            [
              677940.0948501998,
              6586582.446073292
            ],
            [
              677991.6031309298,
              6586597.06186274
            ],
            [
              678023.2130596862,
              6586606.46936174
            ],
            [
              678039.1051452252,
              6586606.002604108
            ],
            [
              678051.6677928141,
              6586605.066738875
            ],
            [
              678050.1169638578,
              6586594.265039979
            ],
            [
              678053.3554015257,
              6586588.696471899
            ]
          ]
        ]
      }
    },
    {
      "type": "Feature",
      "id": "way/427426882",
      "properties": {
        "osmType": "way",
        "osmId": "427426882",
        "osmVersion": "2",
        "osmTimestamp": "2026-06-18T19:46:39Z",
        "sourceId": "lidingo-osm-2026-09-07",
        "reviewStatus": "unreviewed-supplementary",
        "tags": {
          "golf": "bunker",
          "source": "Mapbox"
        }
      },
      "geometry": {
        "type": "Polygon",
        "coordinates": [
          [
            [
              677790.8995843421,
              6586681.16907518
            ],
            [
              677791.4920026923,
              6586682.122599587
            ],
            [
              677792.5522372655,
              6586682.808177872
            ],
            [
              677793.5637997405,
              6586682.956152734
            ],
            [
              677794.4110455412,
              6586682.605691324
            ],
            [
              677794.7722853746,
              6586681.942397297
            ],
            [
              677794.8016937209,
              6586681.196573154
            ],
            [
              677795.1369987732,
              6586680.721648775
            ],
            [
              677795.3747387131,
              6586680.264437719
            ],
            [
              677795.4726353602,
              6586679.756036195
            ],
            [
              677795.2189664757,
              6586679.342613573
            ],
            [
              677795.3343099502,
              6586678.221653311
            ],
            [
              677795.2084133534,
              6586677.390454002
            ],
            [
              677794.4413142635,
              6586676.76327936
            ],
            [
              677793.3182942695,
              6586676.5654497985
            ],
            [
              677792.5408313493,
              6586676.763062429
            ],
            [
              677791.6004012758,
              6586677.521776446
            ],
            [
              677790.7595487111,
              6586678.3409384675
            ],
            [
              677790.4679278679,
              6586679.096727901
            ],
            [
              677790.5372982961,
              6586679.557239099
            ],
            [
              677790.8052165007,
              6586680.272445621
            ],
            [
              677790.8995843421,
              6586681.16907518
            ]
          ]
        ]
      }
    },
    {
      "type": "Feature",
      "id": "way/427429853",
      "properties": {
        "osmType": "way",
        "osmId": "427429853",
        "osmVersion": "1",
        "osmTimestamp": "2016-06-26T16:10:05Z",
        "sourceId": "lidingo-osm-2026-09-07",
        "reviewStatus": "unreviewed-supplementary",
        "tags": {
          "golf": "green",
          "source": "Mapbox"
        }
      },
      "geometry": {
        "type": "Polygon",
        "coordinates": [
          [
            [
              677200.8219519206,
              6586946.528045563
            ],
            [
              677203.7794472503,
              6586943.276488845
            ],
            [
              677203.7353746326,
              6586937.787511574
            ],
            [
              677202.4343690437,
              6586931.681961894
            ],
            [
              677198.4511898702,
              6586933.268331831
            ],
            [
              677188.4735114446,
              6586936.502876077
            ],
            [
              677179.8621935577,
              6586944.329343886
            ],
            [
              677180.8118980665,
              6586950.161905425
            ],
            [
              677180.5979128907,
              6586954.72429238
            ],
            [
              677178.778845351,
              6586962.211353772
            ],
            [
              677179.1925993299,
              6586966.490919789
            ],
            [
              677184.9270952378,
              6586966.503380845
            ],
            [
              677191.8758716101,
              6586962.825649022
            ],
            [
              677197.423799437,
              6586960.387033732
            ],
            [
              677197.6518983957,
              6586955.5241975505
            ],
            [
              677197.8518111275,
              6586951.262261054
            ],
            [
              677200.8219519206,
              6586946.528045563
            ]
          ]
        ]
      }
    },
    {
      "type": "Feature",
      "id": "way/427429855",
      "properties": {
        "osmType": "way",
        "osmId": "427429855",
        "osmVersion": "1",
        "osmTimestamp": "2016-06-26T16:10:05Z",
        "sourceId": "lidingo-osm-2026-09-07",
        "reviewStatus": "unreviewed-supplementary",
        "tags": {
          "golf": "green",
          "source": "Mapbox"
        }
      },
      "geometry": {
        "type": "Polygon",
        "coordinates": [
          [
            [
              677180.2444424136,
              6586988.220232095
            ],
            [
              677180.6225059159,
              6586986.710105611
            ],
            [
              677172.6175720927,
              6586982.9443777315
            ],
            [
              677165.9397054971,
              6586980.846829092
            ],
            [
              677162.4695162405,
              6586984.598523195
            ],
            [
              677162.7326398911,
              6586990.755752551
            ],
            [
              677165.2626526206,
              6586996.617814492
            ],
            [
              677169.0610033222,
              6586998.97064295
            ],
            [
              677172.5101313771,
              6586997.002327633
            ],
            [
              677176.652298897,
              6586993.237550524
            ],
            [
              677180.2444424136,
              6586988.220232095
            ]
          ]
        ]
      }
    },
    {
      "type": "Feature",
      "id": "way/1530686612",
      "properties": {
        "osmType": "way",
        "osmId": "1530686612",
        "osmVersion": "1",
        "osmTimestamp": "2026-06-18T19:39:02Z",
        "sourceId": "lidingo-osm-2026-09-07",
        "reviewStatus": "unreviewed-supplementary",
        "tags": {
          "golf": "hole",
          "par": "3",
          "ref": "1"
        }
      },
      "geometry": {
        "type": "LineString",
        "coordinates": [
          [
            677671.0015166112,
            6586412.344798185
          ],
          [
            677722.1851142484,
            6586253.779092371
          ]
        ]
      }
    },
    {
      "type": "Feature",
      "id": "way/1530686613",
      "properties": {
        "osmType": "way",
        "osmId": "1530686613",
        "osmVersion": "1",
        "osmTimestamp": "2026-06-18T19:39:02Z",
        "sourceId": "lidingo-osm-2026-09-07",
        "reviewStatus": "unreviewed-supplementary",
        "tags": {
          "golf": "hole",
          "par": "5",
          "ref": "2"
        }
      },
      "geometry": {
        "type": "LineString",
        "coordinates": [
          [
            677792.9933156341,
            6586276.548662672
          ],
          [
            677921.3817507048,
            6586034.931171986
          ],
          [
            677990.4831124437,
            6585923.761863242
          ],
          [
            678044.1076870746,
            6585847.262092492
          ]
        ]
      }
    },
    {
      "type": "Feature",
      "id": "way/1530686614",
      "properties": {
        "osmType": "way",
        "osmId": "1530686614",
        "osmVersion": "1",
        "osmTimestamp": "2026-06-18T19:39:02Z",
        "sourceId": "lidingo-osm-2026-09-07",
        "reviewStatus": "unreviewed-supplementary",
        "tags": {
          "golf": "hole",
          "par": "3",
          "ref": "3"
        }
      },
      "geometry": {
        "type": "LineString",
        "coordinates": [
          [
            678079.2084642877,
            6585891.908393582
          ],
          [
            677960.82074516,
            6586046.658118629
          ]
        ]
      }
    },
    {
      "type": "Feature",
      "id": "way/1530686615",
      "properties": {
        "osmType": "way",
        "osmId": "1530686615",
        "osmVersion": "1",
        "osmTimestamp": "2026-06-18T19:39:02Z",
        "sourceId": "lidingo-osm-2026-09-07",
        "reviewStatus": "unreviewed-supplementary",
        "tags": {
          "golf": "hole",
          "par": "4",
          "ref": "4"
        }
      },
      "geometry": {
        "type": "LineString",
        "coordinates": [
          [
            677941.2885596157,
            6586157.975817697
          ],
          [
            677763.5185287426,
            6586378.332256765
          ],
          [
            677700.2888745979,
            6586466.461479536
          ]
        ]
      }
    },
    {
      "type": "Feature",
      "id": "way/1530686616",
      "properties": {
        "osmType": "way",
        "osmId": "1530686616",
        "osmVersion": "1",
        "osmTimestamp": "2026-06-18T19:39:02Z",
        "sourceId": "lidingo-osm-2026-09-07",
        "reviewStatus": "unreviewed-supplementary",
        "tags": {
          "golf": "hole",
          "par": "4",
          "ref": "5"
        }
      },
      "geometry": {
        "type": "LineString",
        "coordinates": [
          [
            677591.9965083358,
            6586410.8610630995
          ],
          [
            677495.2590733824,
            6586226.718917242
          ],
          [
            677437.9444047847,
            6586231.276090937
          ]
        ]
      }
    },
    {
      "type": "Feature",
      "id": "way/1530686617",
      "properties": {
        "osmType": "way",
        "osmId": "1530686617",
        "osmVersion": "1",
        "osmTimestamp": "2026-06-18T19:39:02Z",
        "sourceId": "lidingo-osm-2026-09-07",
        "reviewStatus": "unreviewed-supplementary",
        "tags": {
          "golf": "hole",
          "par": "3",
          "ref": "6"
        }
      },
      "geometry": {
        "type": "LineString",
        "coordinates": [
          [
            677464.5299855958,
            6586202.346501421
          ],
          [
            677613.0179149866,
            6586098.49140446
          ]
        ]
      }
    },
    {
      "type": "Feature",
      "id": "way/1530686618",
      "properties": {
        "osmType": "way",
        "osmId": "1530686618",
        "osmVersion": "1",
        "osmTimestamp": "2026-06-18T19:39:02Z",
        "sourceId": "lidingo-osm-2026-09-07",
        "reviewStatus": "unreviewed-supplementary",
        "tags": {
          "golf": "hole",
          "par": "4",
          "ref": "7"
        }
      },
      "geometry": {
        "type": "LineString",
        "coordinates": [
          [
            677650.3472843991,
            6586026.652001435
          ],
          [
            677439.380537058,
            6586153.913237648
          ],
          [
            677379.2566245877,
            6586218.416730579
          ]
        ]
      }
    },
    {
      "type": "Feature",
      "id": "way/1530686619",
      "properties": {
        "osmType": "way",
        "osmId": "1530686619",
        "osmVersion": "1",
        "osmTimestamp": "2026-06-18T19:39:02Z",
        "sourceId": "lidingo-osm-2026-09-07",
        "reviewStatus": "unreviewed-supplementary",
        "tags": {
          "golf": "hole",
          "par": "4",
          "ref": "8"
        }
      },
      "geometry": {
        "type": "LineString",
        "coordinates": [
          [
            677262.849746508,
            6586173.363645131
          ],
          [
            677471.8871175766,
            6586334.434028974
          ],
          [
            677537.0788001146,
            6586397.640936304
          ]
        ]
      }
    },
    {
      "type": "Feature",
      "id": "way/1530686620",
      "properties": {
        "osmType": "way",
        "osmId": "1530686620",
        "osmVersion": "1",
        "osmTimestamp": "2026-06-18T19:39:02Z",
        "sourceId": "lidingo-osm-2026-09-07",
        "reviewStatus": "unreviewed-supplementary",
        "tags": {
          "golf": "hole",
          "par": "3",
          "ref": "9"
        }
      },
      "geometry": {
        "type": "LineString",
        "coordinates": [
          [
            677575.2216009096,
            6586425.7416494265
          ],
          [
            677430.645154954,
            6586370.236502301
          ]
        ]
      }
    },
    {
      "type": "Feature",
      "id": "way/1530686621",
      "properties": {
        "osmType": "way",
        "osmId": "1530686621",
        "osmVersion": "1",
        "osmTimestamp": "2026-06-18T19:39:02Z",
        "sourceId": "lidingo-osm-2026-09-07",
        "reviewStatus": "unreviewed-supplementary",
        "tags": {
          "golf": "tee"
        }
      },
      "geometry": {
        "type": "Polygon",
        "coordinates": [
          [
            [
              677521.3212602562,
              6586431.082376192
            ],
            [
              677518.5553136938,
              6586431.454277267
            ],
            [
              677515.0823793801,
              6586430.644277683
            ],
            [
              677512.6768741152,
              6586429.036855319
            ],
            [
              677511.1158640125,
              6586426.5323161725
            ],
            [
              677511.3779071629,
              6586424.224948592
            ],
            [
              677512.7566375132,
              6586422.494202038
            ],
            [
              677515.3367873139,
              6586422.080110416
            ],
            [
              677518.8040517232,
              6586422.889843339
            ],
            [
              677521.4873992181,
              6586424.276125075
            ],
            [
              677523.283800984,
              6586425.888391912
            ],
            [
              677523.8761844562,
              6586427.087216213
            ],
            [
              677523.4623990813,
              6586429.353997057
            ],
            [
              677522.6911159467,
              6586430.388380304
            ],
            [
              677521.3212602562,
              6586431.082376192
            ]
          ]
        ]
      }
    },
    {
      "type": "Feature",
      "id": "way/1530686622",
      "properties": {
        "osmType": "way",
        "osmId": "1530686622",
        "osmVersion": "1",
        "osmTimestamp": "2026-06-18T19:39:02Z",
        "sourceId": "lidingo-osm-2026-09-07",
        "reviewStatus": "unreviewed-supplementary",
        "tags": {
          "golf": "tee"
        }
      },
      "geometry": {
        "type": "Polygon",
        "coordinates": [
          [
            [
              677530.9506496205,
              6586452.735341092
            ],
            [
              677529.2696282959,
              6586452.422158099
            ],
            [
              677528.5663083679,
              6586451.162358583
            ],
            [
              677528.643771569,
              6586450.240356969
            ],
            [
              677530.199626366,
              6586447.525383948
            ],
            [
              677538.5287697597,
              6586440.656595056
            ],
            [
              677541.3200258649,
              6586438.534985978
            ],
            [
              677543.1677230081,
              6586438.086496778
            ],
            [
              677545.8345352944,
              6586438.613292385
            ],
            [
              677547.5393241899,
              6586439.752870031
            ],
            [
              677548.4597463979,
              6586441.357444325
            ],
            [
              677548.5559046889,
              6586442.822915225
            ],
            [
              677548.4312228904,
              6586444.144180983
            ],
            [
              677546.855848476,
              6586445.821065561
            ],
            [
              677545.1341185658,
              6586447.100742704
            ],
            [
              677539.1678889564,
              6586448.247889781
            ],
            [
              677532.9298198986,
              6586451.66849574
            ],
            [
              677530.9506496205,
              6586452.735341092
            ]
          ]
        ]
      }
    },
    {
      "type": "Feature",
      "id": "way/1530686623",
      "properties": {
        "osmType": "way",
        "osmId": "1530686623",
        "osmVersion": "1",
        "osmTimestamp": "2026-06-18T19:39:02Z",
        "sourceId": "lidingo-osm-2026-09-07",
        "reviewStatus": "unreviewed-supplementary",
        "tags": {
          "golf": "hole",
          "par": "5",
          "ref": "10"
        }
      },
      "geometry": {
        "type": "LineString",
        "coordinates": [
          [
            677303.7985351554,
            6586235.986537098
          ],
          [
            677375.3820649438,
            6586482.17571021
          ],
          [
            677282.6910195176,
            6586639.856614997
          ],
          [
            677266.3274717897,
            6586679.12542737
          ]
        ]
      }
    },
    {
      "type": "Feature",
      "id": "way/1530686624",
      "properties": {
        "osmType": "way",
        "osmId": "1530686624",
        "osmVersion": "1",
        "osmTimestamp": "2026-06-18T19:39:02Z",
        "sourceId": "lidingo-osm-2026-09-07",
        "reviewStatus": "unreviewed-supplementary",
        "tags": {
          "golf": "hole",
          "par": "3",
          "ref": "11"
        }
      },
      "geometry": {
        "type": "LineString",
        "coordinates": [
          [
            677215.5311402328,
            6586826.539470748
          ],
          [
            677187.0921048097,
            6586953.824445435
          ]
        ]
      }
    },
    {
      "type": "Feature",
      "id": "way/1530686625",
      "properties": {
        "osmType": "way",
        "osmId": "1530686625",
        "osmVersion": "1",
        "osmTimestamp": "2026-06-18T19:39:02Z",
        "sourceId": "lidingo-osm-2026-09-07",
        "reviewStatus": "unreviewed-supplementary",
        "tags": {
          "golf": "hole",
          "par": "5",
          "ref": "12"
        }
      },
      "geometry": {
        "type": "LineString",
        "coordinates": [
          [
            677170.8943243008,
            6586990.81511205
          ],
          [
            677370.3956761053,
            6586835.390837127
          ],
          [
            677531.9885559814,
            6586792.840323351
          ],
          [
            677582.0561561156,
            6586794.970400349
          ]
        ]
      }
    },
    {
      "type": "Feature",
      "id": "way/1530686626",
      "properties": {
        "osmType": "way",
        "osmId": "1530686626",
        "osmVersion": "1",
        "osmTimestamp": "2026-06-18T19:39:02Z",
        "sourceId": "lidingo-osm-2026-09-07",
        "reviewStatus": "unreviewed-supplementary",
        "tags": {
          "golf": "hole",
          "par": "4",
          "ref": "13"
        }
      },
      "geometry": {
        "type": "LineString",
        "coordinates": [
          [
            677593.0654455237,
            6586716.306414757
          ],
          [
            677372.8472783214,
            6586771.781790178
          ],
          [
            677264.18018588,
            6586803.227422751
          ]
        ]
      }
    },
    {
      "type": "Feature",
      "id": "way/1530686627",
      "properties": {
        "osmType": "way",
        "osmId": "1530686627",
        "osmVersion": "1",
        "osmTimestamp": "2026-06-18T19:39:02Z",
        "sourceId": "lidingo-osm-2026-09-07",
        "reviewStatus": "unreviewed-supplementary",
        "tags": {
          "golf": "hole",
          "par": "4",
          "ref": "14"
        }
      },
      "geometry": {
        "type": "LineString",
        "coordinates": [
          [
            677256.7516277353,
            6586762.552290946
          ],
          [
            677486.2973124272,
            6586696.222299795
          ],
          [
            677565.1056396302,
            6586683.72110978
          ]
        ]
      }
    },
    {
      "type": "Feature",
      "id": "way/1530686628",
      "properties": {
        "osmType": "way",
        "osmId": "1530686628",
        "osmVersion": "1",
        "osmTimestamp": "2026-06-18T19:39:02Z",
        "sourceId": "lidingo-osm-2026-09-07",
        "reviewStatus": "unreviewed-supplementary",
        "tags": {
          "golf": "hole",
          "par": "4",
          "ref": "15"
        }
      },
      "geometry": {
        "type": "LineString",
        "coordinates": [
          [
            677627.7000378324,
            6586563.095732108
          ],
          [
            677709.655215304,
            6586808.33097531
          ],
          [
            677779.4900349671,
            6586899.196111835
          ]
        ]
      }
    },
    {
      "type": "Feature",
      "id": "way/1530686629",
      "properties": {
        "osmType": "way",
        "osmId": "1530686629",
        "osmVersion": "1",
        "osmTimestamp": "2026-06-18T19:39:02Z",
        "sourceId": "lidingo-osm-2026-09-07",
        "reviewStatus": "unreviewed-supplementary",
        "tags": {
          "golf": "hole",
          "par": "3",
          "ref": "16"
        }
      },
      "geometry": {
        "type": "LineString",
        "coordinates": [
          [
            677801.3929623977,
            6586860.446428931
          ],
          [
            677780.691911112,
            6586673.785418155
          ]
        ]
      }
    },
    {
      "type": "Feature",
      "id": "way/1530686630",
      "properties": {
        "osmType": "way",
        "osmId": "1530686630",
        "osmVersion": "1",
        "osmTimestamp": "2026-06-18T19:39:02Z",
        "sourceId": "lidingo-osm-2026-09-07",
        "reviewStatus": "unreviewed-supplementary",
        "tags": {
          "golf": "hole",
          "par": "5",
          "ref": "17"
        }
      },
      "geometry": {
        "type": "LineString",
        "coordinates": [
          [
            677660.1131693902,
            6586591.01730416
          ],
          [
            677831.7661230695,
            6586585.297338973
          ],
          [
            678005.3750219223,
            6586586.402159395
          ],
          [
            678073.801795583,
            6586602.674962107
          ]
        ]
      }
    },
    {
      "type": "Feature",
      "id": "way/1530686631",
      "properties": {
        "osmType": "way",
        "osmId": "1530686631",
        "osmVersion": "1",
        "osmTimestamp": "2026-06-18T19:39:02Z",
        "sourceId": "lidingo-osm-2026-09-07",
        "reviewStatus": "unreviewed-supplementary",
        "tags": {
          "golf": "hole",
          "par": "4",
          "ref": "18"
        }
      },
      "geometry": {
        "type": "LineString",
        "coordinates": [
          [
            678141.9297505888,
            6586572.295517819
          ],
          [
            677901.6853758945,
            6586483.957361738
          ],
          [
            677731.2458404861,
            6586507.6868093265
          ]
        ]
      }
    },
    {
      "type": "Feature",
      "id": "way/1530687906",
      "properties": {
        "osmType": "way",
        "osmId": "1530687906",
        "osmVersion": "1",
        "osmTimestamp": "2026-06-18T19:46:39Z",
        "sourceId": "lidingo-osm-2026-09-07",
        "reviewStatus": "unreviewed-supplementary",
        "tags": {
          "golf": "bunker"
        }
      },
      "geometry": {
        "type": "Polygon",
        "coordinates": [
          [
            [
              677905.5837801006,
              6586564.794906654
            ],
            [
              677905.1050236633,
              6586565.173848932
            ],
            [
              677903.8921949212,
              6586566.399263837
            ],
            [
              677903.2147278801,
              6586567.4937541885
            ],
            [
              677902.7088117264,
              6586568.328665328
            ],
            [
              677901.3281793058,
              6586568.88818942
            ],
            [
              677899.9800326927,
              6586568.757796262
            ],
            [
              677898.6905871369,
              6586568.830910334
            ],
            [
              677897.7325341788,
              6586568.150114584
            ],
            [
              677897.2474727109,
              6586567.212780539
            ],
            [
              677897.6234104806,
              6586566.237920161
            ],
            [
              677897.308241361,
              6586565.197061784
            ],
            [
              677896.9878325579,
              6586564.2674804935
            ],
            [
              677897.1198866091,
              6586562.913108402
            ],
            [
              677897.8141283486,
              6586562.187435282
            ],
            [
              677898.7553978967,
              6586561.774507829
            ],
            [
              677899.3562629393,
              6586560.977524021
            ],
            [
              677899.881136441,
              6586560.344247825
            ],
            [
              677900.8659130693,
              6586560.457531112
            ],
            [
              677902.1657549057,
              6586560.284535729
            ],
            [
              677902.9549556909,
              6586560.32169636
            ],
            [
              677903.4148580811,
              6586561.06825609
            ],
            [
              677903.495668394,
              6586562.131536999
            ],
            [
              677903.7861154765,
              6586563.093165251
            ],
            [
              677904.685467913,
              6586563.570455687
            ],
            [
              677905.6566203203,
              6586563.973060568
            ],
            [
              677905.7636285509,
              6586564.479956286
            ],
            [
              677905.5837801006,
              6586564.794906654
            ]
          ]
        ]
      }
    },
    {
      "type": "Feature",
      "id": "way/1530687907",
      "properties": {
        "osmType": "way",
        "osmId": "1530687907",
        "osmVersion": "1",
        "osmTimestamp": "2026-06-18T19:46:39Z",
        "sourceId": "lidingo-osm-2026-09-07",
        "reviewStatus": "unreviewed-supplementary",
        "tags": {
          "golf": "bunker"
        }
      },
      "geometry": {
        "type": "Polygon",
        "coordinates": [
          [
            [
              678053.7742833513,
              6586593.210632006
            ],
            [
              678052.9080420238,
              6586593.359399675
            ],
            [
              678052.1576539268,
              6586592.498758398
            ],
            [
              678051.571393212,
              6586591.657004417
            ],
            [
              678050.6338936586,
              6586591.144422578
            ],
            [
              678050.0261520718,
              6586590.033998844
            ],
            [
              678050.3365276972,
              6586589.12297597
            ],
            [
              678050.653791198,
              6586588.669526323
            ],
            [
              678051.1288897875,
              6586588.368496129
            ],
            [
              678051.8587773503,
              6586588.3359785825
            ],
            [
              678052.6359320204,
              6586587.904202115
            ],
            [
              678052.5734983339,
              6586587.176353473
            ],
            [
              678053.6835588713,
              6586586.079969174
            ],
            [
              678054.731759982,
              6586585.571747416
            ],
            [
              678056.0977986937,
              6586585.92608765
            ],
            [
              678057.2093694499,
              6586586.971037479
            ],
            [
              678058.1925420014,
              6586587.842650421
            ],
            [
              678058.5098540455,
              6586588.716340038
            ],
            [
              678057.7174904554,
              6586589.470818354
            ],
            [
              678056.5664765815,
              6586590.108022802
            ],
            [
              678055.2713541683,
              6586590.180815817
            ],
            [
              678054.7401639529,
              6586590.947603112
            ],
            [
              678054.9713536346,
              6586591.716862045
            ],
            [
              678054.7621260375,
              6586592.654956239
            ],
            [
              678054.4407578952,
              6586593.074754899
            ],
            [
              678053.7742833513,
              6586593.210632006
            ]
          ]
        ]
      }
    }
  ],
  "crs": {
    "type": "name",
    "properties": {
      "name": "EPSG:3006"
    }
  }
}
