{
 "type": "FeatureCollection",
 "name": "tortuna-fairways-plan-2026",
 "crs": {
  "type": "name",
  "properties": {
   "name": "EPSG:3006"
  }
 },
 "axisOrder": [
  "easting",
  "northing"
 ],
 "generatedOn": "2026-09-23",
 "script": "tortunabuild/trace-plan-fairways.mjs",
 "sources": {
  "plans": "tortunabuild/reference/source-assets.json (caddee-hole-1..18, sha256-pinned; the images stay in the ignored cache)",
  "anchors": "tortunabuild/course-model.json greens, bunkers and tee platforms",
  "trees": "published vegetation of grounds/tortuna/ground-v2-29bbfb05ea74fb0e0ab9f6347d4df4b80a2b12e44316f40fae8c9270cd92f44a.json: 2383 crowns + 36217 stand trees, planted by the runtime planner",
  "check": "Lantmäteriet Ortofoto_0.16 (orto-n2-2026, 2026-05-02) through the Min karta WMS; the mown score of trace-fairways.mjs, never an input to the fit"
 },
 "registration": {
  "greenWeight": 3,
  "bunkerWeight": 1,
  "teeWeightWithBunkers": [
   0.4,
   0.3
  ],
  "teeWeightAlone": [
   1,
   0.7
  ],
  "bunkerMatchMetres": [
   18,
   18,
   10,
   10,
   10
  ],
  "sandMinPx": 30
 },
 "planMask": {
  "closePx": 6,
  "openPx": 2,
  "greenMarginPx": 4,
  "fillHoleSquareMetres": 150,
  "stripes": {
   "tensorRadiusPx": 4,
   "coherence": 0.3,
   "energy": 4,
   "angleToleranceDegrees": 12,
   "densityRadiusPx": 4,
   "coreDensity": 0.35,
   "growPx": 10,
   "seedCoherence": 0.7
  }
 },
 "clearances": {
  "ownGreenMetres": 1.5,
  "otherGreenMetres": 3,
  "bunkerMetres": 0.8,
  "waterMetres": 1,
  "teeMetres": 1,
  "buildingMetres": 2,
  "featureMetres": 2,
  "treeMinMetres": 1.2,
  "treeCrownFraction": 0.5,
  "treeMarginMetres": 0.3
 },
 "finish": {
  "closeMetres": 1.5,
  "openMetres": 1.5,
  "minAreaSquareMetres": 150,
  "simplifyMetres": 0.5,
  "chaikin": 2,
  "resimplifyMetres": 0.12,
  "corridorMetres": 60,
  "teeBoxAreaSquareMetres": 800,
  "teeBoxDistanceMetres": 25,
  "keyholeCells": 1,
  "strayAreaSquareMetres": 400,
  "strayTeeMetres": 45,
  "secondaryMinSquareMetres": 800
 },
 "why": "Every Lantmäteriet capture of this course is a spring one, as is the one Esri's live mosaic serves; in May the fairway cannot be told from the mown rough in colour or NIR, so the 2026 rule trace clipped the mown estate to a 24 m design half-width. The club plans draw the fairway itself.",
 "report": [
  {
   "hole": 1,
   "par": 4,
   "plan": {
    "id": "caddee-hole-1",
    "sha256": "d4d67626e4cceb14689c5c506ae575206da8e51053a4b6d1c38854f7b3fcbaa6"
   },
   "registration": {
    "metresPerPixel": 0.3686,
    "rotationDegrees": 149.98,
    "greenResidualMetres": 0.24,
    "bunkerResidualsMetres": [
     {
      "hole": 1,
      "id": "tortuna-h01-bunker-native-detail",
      "metres": 0.49
     }
    ],
    "teeResidualsMetres": [
     {
      "anchor": "orange->Gul",
      "metres": 5.12
     },
     {
      "anchor": "red->Röd",
      "metres": 9.45
     }
    ]
   },
   "planStripeDegrees": 140,
   "planComponents": {
    "kept": [
     4501
    ],
    "refused": [
     {
      "areaSquareMetres": 310,
      "why": "a small striped piece behind the green (the next hole's apron)"
     },
     {
      "areaSquareMetres": 341,
      "why": "a small striped piece at the tees (a tee box or its surround)"
     },
     {
      "areaSquareMetres": 186,
      "why": "a small striped piece at the tees (a tee box or its surround)"
     }
    ]
   },
   "fairways": [
    4456
   ],
   "previousFairways": [
    8520
   ],
   "mownFraction2026": {
    "plan": 0.801,
    "previous": 0.963
   }
  },
  {
   "hole": 2,
   "par": 4,
   "plan": {
    "id": "caddee-hole-2",
    "sha256": "9166fdeb84e2d1587e3a4267bc6ac8e8979471872fda5a3bd45a1f28941a14e0"
   },
   "registration": {
    "metresPerPixel": 0.3544,
    "rotationDegrees": -128.15,
    "greenResidualMetres": 0.38,
    "bunkerResidualsMetres": [
     {
      "hole": 2,
      "id": "tortuna-h02-bunker-south-native-detail",
      "metres": 1.04
     },
     {
      "hole": 2,
      "id": "tortuna-h02-bunker-north-native-detail",
      "metres": 1.74
     }
    ],
    "teeResidualsMetres": [
     {
      "anchor": "orange->Gul",
      "metres": 5.4
     },
     {
      "anchor": "red->Röd",
      "metres": 8.03
     }
    ]
   },
   "planStripeDegrees": 141,
   "planComponents": {
    "kept": [
     5863
    ],
    "refused": [
     {
      "areaSquareMetres": 159,
      "why": "a small striped piece at the tees (a tee box or its surround)"
     },
     {
      "areaSquareMetres": 264,
      "why": "a scrap apart from the main fairway (hatched semi or an apron)"
     }
    ]
   },
   "fairways": [
    5416
   ],
   "previousFairways": [
    11293
   ],
   "mownFraction2026": {
    "plan": 0.791,
    "previous": 0.808
   }
  },
  {
   "hole": 3,
   "par": 3,
   "plan": {
    "id": "caddee-hole-3",
    "sha256": "70f0abd72e4072df2b41a772c546f099a53416baa7c0b3558cdd7540d19d7357"
   },
   "registration": {
    "metresPerPixel": 0.2211,
    "rotationDegrees": 152.74,
    "greenResidualMetres": 0.61,
    "bunkerResidualsMetres": [
     {
      "hole": 3,
      "id": "tortuna-h03-bunker-native-detail",
      "metres": 2.33
     }
    ],
    "teeResidualsMetres": [
     {
      "anchor": "orange->Gul",
      "metres": 3.51
     },
     {
      "anchor": "red->Röd",
      "metres": 7.03
     }
    ]
   },
   "planStripeDegrees": 141,
   "planComponents": {
    "kept": [
     1437
    ],
    "refused": [
     {
      "areaSquareMetres": 381,
      "why": "a small striped piece behind the green (the next hole's apron)"
     }
    ]
   },
   "fairways": [
    1378
   ],
   "previousFairways": [
    2411
   ],
   "mownFraction2026": {
    "plan": 0.182,
    "previous": 0.307
   }
  },
  {
   "hole": 4,
   "par": 5,
   "plan": {
    "id": "caddee-hole-4",
    "sha256": "366188edb5effa91a22a7270383636b6b9f294c125352957499590181d2333a1"
   },
   "registration": {
    "metresPerPixel": 0.5043,
    "rotationDegrees": -155.09,
    "greenResidualMetres": 0.2,
    "bunkerResidualsMetres": [
     {
      "hole": 4,
      "id": "tortuna-h04-bunker-native-detail",
      "metres": 0.56
     }
    ],
    "teeResidualsMetres": [
     {
      "anchor": "orange->Gul",
      "metres": 1.12
     },
     {
      "anchor": "red->Röd",
      "metres": 1.7
     }
    ]
   },
   "planStripeDegrees": 142,
   "planComponents": {
    "kept": [
     10929
    ],
    "refused": [
     {
      "areaSquareMetres": 665,
      "why": "contains a drawn tee dot (a tee box)"
     }
    ]
   },
   "fairways": [
    10767
   ],
   "previousFairways": [
    13243
   ],
   "mownFraction2026": {
    "plan": 0.871,
    "previous": 0.946
   }
  },
  {
   "hole": 5,
   "par": 3,
   "plan": {
    "id": "caddee-hole-5",
    "sha256": "670ce2fa892958416edc6ca27650be698535ac3419416057087c01b6fc02103f"
   },
   "registration": {
    "metresPerPixel": 0.197,
    "rotationDegrees": 179.32,
    "greenResidualMetres": 0.26,
    "bunkerResidualsMetres": [
     {
      "hole": 5,
      "id": "tortuna-h05-bunker-1",
      "metres": 0.45
     }
    ],
    "teeResidualsMetres": [
     {
      "anchor": "orange->Gul",
      "metres": 6.75
     },
     {
      "anchor": "red->Röd",
      "metres": 10.22
     }
    ]
   },
   "planStripeDegrees": 24,
   "planComponents": {
    "kept": [],
    "refused": [
     {
      "areaSquareMetres": 373,
      "why": "contains a drawn tee dot (a tee box)"
     }
    ]
   },
   "fairways": [],
   "previousFairways": [
    1692
   ],
   "mownFraction2026": {
    "plan": null,
    "previous": 0.882
   }
  },
  {
   "hole": 6,
   "par": 5,
   "plan": {
    "id": "caddee-hole-6",
    "sha256": "880962c14383f7813f8921d9ed50e74eb9297b7883a876bf5010d0869fb678c2"
   },
   "registration": {
    "metresPerPixel": 0.5372,
    "rotationDegrees": 29.69,
    "greenResidualMetres": 0.37,
    "bunkerResidualsMetres": [],
    "teeResidualsMetres": [
     {
      "anchor": "orange->Gul",
      "metres": 6.56
     },
     {
      "anchor": "red->Röd",
      "metres": 10.8
     }
    ]
   },
   "planStripeDegrees": 141,
   "planComponents": {
    "kept": [
     9621
    ],
    "refused": [
     {
      "areaSquareMetres": 253,
      "why": "a small striped piece at the tees (a tee box or its surround)"
     },
     {
      "areaSquareMetres": 1014,
      "why": "contains a drawn tee dot (a tee box)"
     },
     {
      "areaSquareMetres": 378,
      "why": "a scrap apart from the main fairway (hatched semi or an apron)"
     }
    ]
   },
   "fairways": [
    9142
   ],
   "previousFairways": [
    13321
   ],
   "mownFraction2026": {
    "plan": 0.9,
    "previous": 0.963
   }
  },
  {
   "hole": 7,
   "par": 4,
   "plan": {
    "id": "caddee-hole-7",
    "sha256": "1161f2f3e122777283635dda9aa6e4414aa00a35174f1213328d5e3c374fafb9"
   },
   "registration": {
    "metresPerPixel": 0.3288,
    "rotationDegrees": -3.82,
    "greenResidualMetres": 0.2,
    "bunkerResidualsMetres": [
     {
      "hole": 7,
      "id": "tortuna-h07-bunker-native-detail",
      "metres": 0.67
     }
    ],
    "teeResidualsMetres": [
     {
      "anchor": "orange->Gul",
      "metres": 1.75
     },
     {
      "anchor": "red->Röd",
      "metres": 2.93
     }
    ]
   },
   "planStripeDegrees": 140,
   "planComponents": {
    "kept": [
     416,
     4062
    ],
    "refused": [
     {
      "areaSquareMetres": 358,
      "why": "a scrap apart from the main fairway (hatched semi or an apron)"
     }
    ]
   },
   "fairways": [
    4016
   ],
   "previousFairways": [
    4981
   ],
   "mownFraction2026": {
    "plan": 0.992,
    "previous": 0.996
   }
  },
  {
   "hole": 8,
   "par": 4,
   "plan": {
    "id": "caddee-hole-8",
    "sha256": "dfc0a4cc52d44130c27e69fc718c7b69d847ca14b15910f22c1592b79974afd0"
   },
   "registration": {
    "metresPerPixel": 0.3422,
    "rotationDegrees": 57.17,
    "greenResidualMetres": 1.34,
    "bunkerResidualsMetres": [],
    "teeResidualsMetres": [
     {
      "anchor": "orange->Gul",
      "metres": 12.43
     },
     {
      "anchor": "red->Röd",
      "metres": 21.72
     }
    ]
   },
   "planStripeDegrees": 141,
   "planComponents": {
    "kept": [
     4621
    ],
    "refused": [
     {
      "areaSquareMetres": 282,
      "why": "a small striped piece behind the green (the next hole's apron)"
     }
    ]
   },
   "fairways": [
    4573
   ],
   "previousFairways": [
    7106
   ],
   "mownFraction2026": {
    "plan": 0.74,
    "previous": 0.874
   }
  },
  {
   "hole": 9,
   "par": 3,
   "plan": {
    "id": "caddee-hole-9",
    "sha256": "c796ad28519046fd3731b618362abc8335bf26c252a2ebfeffe20ab9d6af32f4"
   },
   "registration": {
    "metresPerPixel": 0.1542,
    "rotationDegrees": -35,
    "greenResidualMetres": 0.7,
    "bunkerResidualsMetres": [
     {
      "hole": 9,
      "id": "tortuna-h09-bunker-north-native-detail",
      "metres": 0.77
     },
     {
      "hole": 9,
      "id": "tortuna-h09-bunker-east-native-detail",
      "metres": 1.65
     }
    ],
    "teeResidualsMetres": [
     {
      "anchor": "orange->Gul",
      "metres": 3.6
     },
     {
      "anchor": "red->Röd",
      "metres": 5.46
     }
    ]
   },
   "planStripeDegrees": 141,
   "planComponents": {
    "kept": [
     676
    ],
    "refused": [
     {
      "areaSquareMetres": 327,
      "why": "a small striped piece at the tees (a tee box or its surround)"
     }
    ]
   },
   "fairways": [
    566
   ],
   "previousFairways": [
    1612
   ],
   "mownFraction2026": {
    "plan": 0.729,
    "previous": 0.93
   }
  },
  {
   "hole": 10,
   "par": 4,
   "plan": {
    "id": "caddee-hole-10",
    "sha256": "e5b1b2d2da19845cdd07e0d6298204930c848d0aa92d9654f46c7ac9470dd2e8"
   },
   "registration": {
    "metresPerPixel": 0.3274,
    "rotationDegrees": 76.85,
    "greenResidualMetres": 0.75,
    "bunkerResidualsMetres": [
     {
      "hole": 10,
      "id": "tortuna-h10-bunker-review2-01",
      "metres": 1.1
     },
     {
      "hole": 10,
      "id": "tortuna-h10-bunker-review2-02",
      "metres": 1.61
     },
     {
      "hole": 10,
      "id": "tortuna-h10-bunker-03",
      "metres": 2.29
     },
     {
      "hole": 11,
      "id": "tortuna-h11-bunker-01",
      "metres": 9.15
     }
    ],
    "teeResidualsMetres": [
     {
      "anchor": "orange->Gul",
      "metres": 8.18
     },
     {
      "anchor": "red->Röd",
      "metres": 8.4
     }
    ]
   },
   "planStripeDegrees": 141,
   "planComponents": {
    "kept": [
     4140,
     174,
     169,
     327
    ],
    "refused": [
     {
      "areaSquareMetres": 166,
      "why": "a small striped piece behind the green (the next hole's apron)"
     },
     {
      "areaSquareMetres": 182,
      "why": "nearer hole 11's line (a neighbour drawn in the margin)"
     },
     {
      "areaSquareMetres": 265,
      "why": "a scrap apart from the main fairway (hatched semi or an apron)"
     },
     {
      "areaSquareMetres": 227,
      "why": "a scrap apart from the main fairway (hatched semi or an apron)"
     },
     {
      "areaSquareMetres": 159,
      "why": "a scrap apart from the main fairway (hatched semi or an apron)"
     }
    ]
   },
   "fairways": [
    3857
   ],
   "previousFairways": [
    7096,
    413
   ],
   "mownFraction2026": {
    "plan": 0.808,
    "previous": 0.833
   }
  },
  {
   "hole": 11,
   "par": 3,
   "plan": {
    "id": "caddee-hole-11",
    "sha256": "34ef46abf1c8a8049903d7d95dc9558346a7650cca99a4986671c9f5e5ae5471"
   },
   "registration": {
    "metresPerPixel": 0.195,
    "rotationDegrees": -106.14,
    "greenResidualMetres": 0.14,
    "bunkerResidualsMetres": [
     {
      "hole": 11,
      "id": "tortuna-h11-bunker-01",
      "metres": 0.45
     }
    ],
    "teeResidualsMetres": [
     {
      "anchor": "orange->Gul",
      "metres": 0.08
     },
     {
      "anchor": "red->Röd",
      "metres": 0.27
     }
    ]
   },
   "planStripeDegrees": 139,
   "planComponents": {
    "kept": [
     285
    ],
    "refused": []
   },
   "fairways": [
    265
   ],
   "previousFairways": [
    2564,
    333
   ],
   "mownFraction2026": {
    "plan": 0.377,
    "previous": 0.799
   }
  },
  {
   "hole": 12,
   "par": 5,
   "plan": {
    "id": "caddee-hole-12",
    "sha256": "bfa2fd57927e98386133b76001c67594c586654fb42c14cb43463876e3323140"
   },
   "registration": {
    "metresPerPixel": 0.4301,
    "rotationDegrees": 17.64,
    "greenResidualMetres": 1.45,
    "bunkerResidualsMetres": [
     {
      "hole": 12,
      "id": "tortuna-h12-bunker-03",
      "metres": 0.75
     },
     {
      "hole": 12,
      "id": "tortuna-h12-bunker-review2-02",
      "metres": 1.22
     },
     {
      "hole": 12,
      "id": "tortuna-h12-bunker-04",
      "metres": 5.34
     }
    ],
    "teeResidualsMetres": [
     {
      "anchor": "orange->Gul",
      "metres": 9.68
     },
     {
      "anchor": "red->Röd",
      "metres": 3.2
     }
    ]
   },
   "planStripeDegrees": 138,
   "planComponents": {
    "kept": [
     6793,
     3021,
     420
    ],
    "refused": [
     {
      "areaSquareMetres": 287,
      "why": "a small striped piece behind the green (the next hole's apron)"
     },
     {
      "areaSquareMetres": 156,
      "why": "a small striped piece at the tees (a tee box or its surround)"
     },
     {
      "areaSquareMetres": 339,
      "why": "a scrap apart from the main fairway (hatched semi or an apron)"
     }
    ]
   },
   "fairways": [
    6691,
    2989
   ],
   "previousFairways": [
    10091,
    5010,
    395
   ],
   "mownFraction2026": {
    "plan": 0.718,
    "previous": 0.697
   }
  },
  {
   "hole": 13,
   "par": 5,
   "plan": {
    "id": "caddee-hole-13",
    "sha256": "e1d1088edfaaccfb8ba9eed48351663bdfe08beabeedf4002d138fa7b0192200"
   },
   "registration": {
    "metresPerPixel": 0.5224,
    "rotationDegrees": -70.85,
    "greenResidualMetres": 0.52,
    "bunkerResidualsMetres": [
     {
      "hole": 13,
      "id": "tortuna-h13-bunker-02",
      "metres": 0.2
     },
     {
      "hole": 13,
      "id": "tortuna-h13-bunker-04",
      "metres": 0.3
     },
     {
      "hole": 13,
      "id": "tortuna-h13-bunker-review2-01",
      "metres": 0.39
     },
     {
      "hole": 13,
      "id": "tortuna-h13-bunker-05",
      "metres": 5.47
     }
    ],
    "teeResidualsMetres": [
     {
      "anchor": "orange->Gul",
      "metres": 10.88
     },
     {
      "anchor": "red->Röd",
      "metres": 24.94
     }
    ]
   },
   "planStripeDegrees": 141,
   "planComponents": {
    "kept": [
     7677
    ],
    "refused": [
     {
      "areaSquareMetres": 290,
      "why": "a small striped piece behind the green (the next hole's apron)"
     },
     {
      "areaSquareMetres": 222,
      "why": "a small striped piece at the tees (a tee box or its surround)"
     }
    ]
   },
   "fairways": [
    7592
   ],
   "previousFairways": [
    14733
   ],
   "mownFraction2026": {
    "plan": 0.94,
    "previous": 0.964
   }
  },
  {
   "hole": 14,
   "par": 3,
   "plan": {
    "id": "caddee-hole-14",
    "sha256": "d498033a03cdfb31f4e99cb1a3b66deba186b0c88fcb2cc91e4c6886ee097801"
   },
   "registration": {
    "metresPerPixel": 0.2167,
    "rotationDegrees": 163.06,
    "greenResidualMetres": 0.61,
    "bunkerResidualsMetres": [
     {
      "hole": 14,
      "id": "tortuna-h14-bunker-review2-01",
      "metres": 1.24
     },
     {
      "hole": 14,
      "id": "tortuna-h14-bunker-review2-02",
      "metres": 1.25
     }
    ],
    "teeResidualsMetres": [
     {
      "anchor": "orange->Gul",
      "metres": 0.83
     },
     {
      "anchor": "red->Röd",
      "metres": 0.22
     }
    ]
   },
   "planStripeDegrees": 140,
   "planComponents": {
    "kept": [
     336
    ],
    "refused": [
     {
      "areaSquareMetres": 543,
      "why": "a small striped box at the tees (a tee box without a dot)"
     }
    ]
   },
   "fairways": [
    271
   ],
   "previousFairways": [
    2000,
    847
   ],
   "mownFraction2026": {
    "plan": 0.751,
    "previous": 0.764
   }
  },
  {
   "hole": 15,
   "par": 4,
   "plan": {
    "id": "caddee-hole-15",
    "sha256": "fa996a9bd1d39a19f6f16311587be0ad9cb291768ab4fa42038984aa27ab4076"
   },
   "registration": {
    "metresPerPixel": 0.3826,
    "rotationDegrees": 67.92,
    "greenResidualMetres": 0.34,
    "bunkerResidualsMetres": [
     {
      "hole": 15,
      "id": "tortuna-h15-bunker-review2-01",
      "metres": 0.55
     },
     {
      "hole": 15,
      "id": "tortuna-h15-bunker-03",
      "metres": 1.37
     }
    ],
    "teeResidualsMetres": [
     {
      "anchor": "orange->Gul",
      "metres": 0.72
     },
     {
      "anchor": "red->Röd",
      "metres": 2.43
     }
    ]
   },
   "planStripeDegrees": 141,
   "planComponents": {
    "kept": [
     7417
    ],
    "refused": [
     {
      "areaSquareMetres": 158,
      "why": "a small striped piece behind the green (the next hole's apron)"
     },
     {
      "areaSquareMetres": 608,
      "why": "contains a drawn tee dot (a tee box)"
     }
    ]
   },
   "fairways": [
    7386
   ],
   "previousFairways": [
    9943
   ],
   "mownFraction2026": {
    "plan": 0.883,
    "previous": 0.993
   }
  },
  {
   "hole": 16,
   "par": 4,
   "plan": {
    "id": "caddee-hole-16",
    "sha256": "c1eb668a0feeb5a823d981469ef198e5e6c0ae08e5ee66f15b4333aa209ea754"
   },
   "registration": {
    "metresPerPixel": 0.4077,
    "rotationDegrees": -116.76,
    "greenResidualMetres": 0.84,
    "bunkerResidualsMetres": [
     {
      "hole": 16,
      "id": "tortuna-h16-bunker-review2-01",
      "metres": 1.19
     },
     {
      "hole": 16,
      "id": "tortuna-h16-bunker-review2-02",
      "metres": 1.3
     }
    ],
    "teeResidualsMetres": [
     {
      "anchor": "orange->Gul",
      "metres": 3.61
     },
     {
      "anchor": "red->Röd",
      "metres": 5.24
     }
    ]
   },
   "planStripeDegrees": 140,
   "planComponents": {
    "kept": [
     6573
    ],
    "refused": []
   },
   "fairways": [
    6552
   ],
   "previousFairways": [
    12325
   ],
   "mownFraction2026": {
    "plan": 0.896,
    "previous": 0.95
   }
  },
  {
   "hole": 17,
   "par": 4,
   "plan": {
    "id": "caddee-hole-17",
    "sha256": "54ee7ca1292a17d2cf1370d3f831d6d932b80a112be208f0f46c39e80c0cd943"
   },
   "registration": {
    "metresPerPixel": 0.396,
    "rotationDegrees": 61.25,
    "greenResidualMetres": 0.47,
    "bunkerResidualsMetres": [
     {
      "hole": 17,
      "id": "tortuna-h17-bunker-02",
      "metres": 1.03
     },
     {
      "hole": 17,
      "id": "tortuna-h17-bunker-review2-01",
      "metres": 2.11
     }
    ],
    "teeResidualsMetres": [
     {
      "anchor": "orange->Gul",
      "metres": 0.56
     },
     {
      "anchor": "red->Röd",
      "metres": 2.67
     }
    ]
   },
   "planStripeDegrees": 141,
   "planComponents": {
    "kept": [
     6540
    ],
    "refused": [
     {
      "areaSquareMetres": 207,
      "why": "a small striped piece behind the green (the next hole's apron)"
     },
     {
      "areaSquareMetres": 211,
      "why": "a small striped piece behind the green (the next hole's apron)"
     }
    ]
   },
   "fairways": [
    6457
   ],
   "previousFairways": [
    10591
   ],
   "mownFraction2026": {
    "plan": 0.824,
    "previous": 0.958
   }
  },
  {
   "hole": 18,
   "par": 4,
   "plan": {
    "id": "caddee-hole-18",
    "sha256": "d985dd408262c7399794bffafc2a36aa3cddef963ed8024d6360585765112091"
   },
   "registration": {
    "metresPerPixel": 0.434,
    "rotationDegrees": -142.1,
    "greenResidualMetres": 0.12,
    "bunkerResidualsMetres": [
     {
      "hole": 18,
      "id": "tortuna-h18-bunker-review2-01",
      "metres": 1
     }
    ],
    "teeResidualsMetres": [
     {
      "anchor": "orange->Gul",
      "metres": 8.86
     },
     {
      "anchor": "red->Röd",
      "metres": 14.89
     }
    ]
   },
   "planStripeDegrees": 142,
   "planComponents": {
    "kept": [
     6085
    ],
    "refused": [
     {
      "areaSquareMetres": 163,
      "why": "a small striped piece at the tees (a tee box or its surround)"
     }
    ]
   },
   "fairways": [
    6016
   ],
   "previousFairways": [
    11441
   ],
   "mownFraction2026": {
    "plan": 0.896,
    "previous": 0.898
   }
  }
 ],
 "features": [
  {
   "type": "Feature",
   "id": "tortuna-h01-fairway-plan-2026-1",
   "properties": {
    "kind": "fairway",
    "hole": 1,
    "sourceId": "caddee-hole-1",
    "sourceUrl": "https://caddee-prod-media.s3.amazonaws.com/hole-images/43ecd5f8-07d3-448c-b4dd-49d66c80aa90/hole-normal_web_XwEOvu4.png",
    "sourceSha256": "d4d67626e4cceb14689c5c506ae575206da8e51053a4b6d1c38854f7b3fcbaa6",
    "sourceKind": "club-published hole plan (Caddee), a stylised illustration",
    "method": "the plan fairway colour carrying its mowing stripes (structure-tensor orientation within 12 degrees of the plan stripe angle), grown 10 px into connected fairway colour, placed by a least-squares similarity on the model green, bunkers and tee platforms, and kept clear of greens, bunkers, water, tees, buildings, practice features and every published tree",
    "registration": {
     "metresPerPixel": 0.3686,
     "rotationDegrees": 149.98,
     "greenResidualMetres": 0.24,
     "bunkerResidualsMetres": [
      {
       "hole": 1,
       "id": "tortuna-h01-bunker-native-detail",
       "metres": 0.49
      }
     ],
     "teeResidualsMetres": [
      {
       "anchor": "orange->Gul",
       "metres": 5.12
      },
      {
       "anchor": "red->Röd",
       "metres": 9.45
      }
     ]
    },
    "reviewStatus": "agent-rule-based-registration; human-review-pending",
    "accuracyStatus": "plan-derived shape on measured anchors; not surveyed",
    "stages": {
     "planSquareMetres": 4506,
     "afterSharedCorridorSquareMetres": 4506,
     "afterHardClearancesSquareMetres": 4506,
     "afterCorridorSquareMetres": 4506,
     "finishedSquareMetres": 4464
    },
    "publishedTreesInsidePlanShape": 0,
    "keyholeCells": 0,
    "horizontalUncertaintyMetres": 2,
    "areaSquareMetres": 4456.3,
    "mownFraction2026": 0.801,
    "notSurveyed": true,
    "terrainModified": false
   },
   "geometry": {
    "type": "Polygon",
    "coordinates": [
     [
      [
       597474.63,
       6614956
      ],
      [
       597477.75,
       6614955.84
      ],
      [
       597478.75,
       6614955.53
      ],
      [
       597479.38,
       6614955.06
      ],
      [
       597479.97,
       6614953.88
      ],
      [
       597481.56,
       6614952.56
      ],
      [
       597483.56,
       6614949.94
      ],
      [
       597487.88,
       6614942.22
      ],
      [
       597488.88,
       6614939.91
      ],
      [
       597489.94,
       6614936.13
      ],
      [
       597490.5,
       6614931.78
      ],
      [
       597491.16,
       6614922.63
      ],
      [
       597491.38,
       6614921.81
      ],
      [
       597492.31,
       6614920.69
      ],
      [
       597493.88,
       6614917.63
      ],
      [
       597495.5,
       6614915.69
      ],
      [
       597497.66,
       6614913.97
      ],
      [
       597503.63,
       6614910.72
      ],
      [
       597506.56,
       6614908.44
      ],
      [
       597509.66,
       6614905.16
      ],
      [
       597510.09,
       6614904.13
      ],
      [
       597511.34,
       6614902.94
      ],
      [
       597513.28,
       6614899.75
      ],
      [
       597513.84,
       6614899.25
      ],
      [
       597514.44,
       6614899
      ],
      [
       597515.06,
       6614899
      ],
      [
       597515.56,
       6614898.72
      ],
      [
       597516.19,
       6614897.31
      ],
      [
       597516.84,
       6614894.31
      ],
      [
       597518.47,
       6614891.78
      ],
      [
       597518.97,
       6614890.34
      ],
      [
       597519.84,
       6614889.47
      ],
      [
       597520.47,
       6614887.84
      ],
      [
       597521.34,
       6614886.97
      ],
      [
       597521.97,
       6614885.34
      ],
      [
       597522.84,
       6614884.47
      ],
      [
       597523.47,
       6614882.84
      ],
      [
       597524.34,
       6614881.97
      ],
      [
       597524.97,
       6614880.34
      ],
      [
       597525.84,
       6614879.47
      ],
      [
       597526.47,
       6614877.84
      ],
      [
       597527.31,
       6614877.03
      ],
      [
       597527.84,
       6614875.84
      ],
      [
       597532.66,
       6614870.66
      ],
      [
       597533.56,
       6614868.94
      ],
      [
       597534.59,
       6614868.09
      ],
      [
       597535.38,
       6614867.88
      ],
      [
       597536.13,
       6614866.75
      ],
      [
       597537.84,
       6614864.81
      ],
      [
       597543.53,
       6614859.25
      ],
      [
       597544.75,
       6614857.22
      ],
      [
       597548.22,
       6614852.84
      ],
      [
       597550.53,
       6614848.72
      ],
      [
       597551.38,
       6614847.91
      ],
      [
       597552.38,
       6614845.53
      ],
      [
       597553.34,
       6614844.47
      ],
      [
       597554.06,
       6614842.72
      ],
      [
       597556.19,
       6614840.19
      ],
      [
       597558.06,
       6614837.19
      ],
      [
       597561,
       6614833.63
      ],
      [
       597569.97,
       6614824.25
      ],
      [
       597572,
       6614821.09
      ],
      [
       597573.38,
       6614819.63
      ],
      [
       597574.5,
       6614818.03
      ],
      [
       597575.53,
       6614815.28
      ],
      [
       597578.38,
       6614809.84
      ],
      [
       597578.88,
       6614808.53
      ],
      [
       597579.59,
       6614805.09
      ],
      [
       597580.03,
       6614804.03
      ],
      [
       597581.94,
       6614801.13
      ],
      [
       597582.31,
       6614800.38
      ],
      [
       597582.5,
       6614799.25
      ],
      [
       597581.56,
       6614798.25
      ],
      [
       597579.38,
       6614797.25
      ],
      [
       597577.53,
       6614796.06
      ],
      [
       597576.56,
       6614794.63
      ],
      [
       597575.88,
       6614792.69
      ],
      [
       597574.75,
       6614792.5
      ],
      [
       597574.31,
       6614793.06
      ],
      [
       597573.63,
       6614795.88
      ],
      [
       597573.03,
       6614800.09
      ],
      [
       597572.06,
       6614803.19
      ],
      [
       597569.81,
       6614806.56
      ],
      [
       597566.09,
       6614810.22
      ],
      [
       597564.94,
       6614810.69
      ],
      [
       597562.5,
       6614812.38
      ],
      [
       597560.59,
       6614813.31
      ],
      [
       597558.06,
       6614813.56
      ],
      [
       597555.53,
       6614814.44
      ],
      [
       597552.97,
       6614814.66
      ],
      [
       597549.44,
       6614815.44
      ],
      [
       597547.06,
       6614816.06
      ],
      [
       597543.25,
       6614817.5
      ],
      [
       597541.81,
       6614818.31
      ],
      [
       597539.09,
       6614820.28
      ],
      [
       597537.88,
       6614820.78
      ],
      [
       597537.13,
       6614821.72
      ],
      [
       597536.38,
       6614822
      ],
      [
       597535.13,
       6614822.94
      ],
      [
       597531.94,
       6614826.13
      ],
      [
       597531,
       6614827.38
      ],
      [
       597530.81,
       6614828.03
      ],
      [
       597530.06,
       6614828.66
      ],
      [
       597529.81,
       6614829.53
      ],
      [
       597529.06,
       6614830.16
      ],
      [
       597528.81,
       6614831.03
      ],
      [
       597528.06,
       6614831.66
      ],
      [
       597527.81,
       6614832.53
      ],
      [
       597527.06,
       6614833.16
      ],
      [
       597526.81,
       6614834.03
      ],
      [
       597526.38,
       6614834.31
      ],
      [
       597525.31,
       6614835.78
      ],
      [
       597522.53,
       6614840.41
      ],
      [
       597518.16,
       6614845.91
      ],
      [
       597515.41,
       6614850.81
      ],
      [
       597514.28,
       6614851.88
      ],
      [
       597513.91,
       6614852.88
      ],
      [
       597512.78,
       6614853.88
      ],
      [
       597512.41,
       6614854.88
      ],
      [
       597511.28,
       6614855.88
      ],
      [
       597510.78,
       6614857.06
      ],
      [
       597508.03,
       6614860.53
      ],
      [
       597506.25,
       6614863.81
      ],
      [
       597504.13,
       6614866.81
      ],
      [
       597498,
       6614873.66
      ],
      [
       597497.03,
       6614875.31
      ],
      [
       597495.16,
       6614877.06
      ],
      [
       597494.53,
       6614878.31
      ],
      [
       597492.66,
       6614880.06
      ],
      [
       597492.41,
       6614880.84
      ],
      [
       597491.22,
       6614881.53
      ],
      [
       597490.13,
       6614883.13
      ],
      [
       597489.38,
       6614883.5
      ],
      [
       597486.91,
       6614885.84
      ],
      [
       597479.63,
       6614893.78
      ],
      [
       597477.31,
       6614896.75
      ],
      [
       597476.84,
       6614897.97
      ],
      [
       597476.13,
       6614898.59
      ],
      [
       597474.88,
       6614901.41
      ],
      [
       597474.09,
       6614902.09
      ],
      [
       597473.06,
       6614903.88
      ],
      [
       597470.63,
       6614911.25
      ],
      [
       597469.59,
       6614917.47
      ],
      [
       597468.94,
       6614929.09
      ],
      [
       597468.56,
       6614932.53
      ],
      [
       597466.97,
       6614940.94
      ],
      [
       597466.5,
       6614945.5
      ],
      [
       597466.78,
       6614950.56
      ],
      [
       597467.06,
       6614951.63
      ],
      [
       597467.97,
       6614953.09
      ],
      [
       597468.66,
       6614953.78
      ],
      [
       597470.5,
       6614955.06
      ],
      [
       597471.69,
       6614955.53
      ],
      [
       597474.63,
       6614956
      ]
     ]
    ]
   }
  },
  {
   "type": "Feature",
   "id": "tortuna-h02-fairway-plan-2026-1",
   "properties": {
    "kind": "fairway",
    "hole": 2,
    "sourceId": "caddee-hole-2",
    "sourceUrl": "https://caddee-prod-media.s3.amazonaws.com/hole-images/4f5a4b28-f43e-480e-aaa9-051c4e115167/hole-normal_web_rkqpDcW.png",
    "sourceSha256": "9166fdeb84e2d1587e3a4267bc6ac8e8979471872fda5a3bd45a1f28941a14e0",
    "sourceKind": "club-published hole plan (Caddee), a stylised illustration",
    "method": "the plan fairway colour carrying its mowing stripes (structure-tensor orientation within 12 degrees of the plan stripe angle), grown 10 px into connected fairway colour, placed by a least-squares similarity on the model green, bunkers and tee platforms, and kept clear of greens, bunkers, water, tees, buildings, practice features and every published tree",
    "registration": {
     "metresPerPixel": 0.3544,
     "rotationDegrees": -128.15,
     "greenResidualMetres": 0.38,
     "bunkerResidualsMetres": [
      {
       "hole": 2,
       "id": "tortuna-h02-bunker-south-native-detail",
       "metres": 1.04
      },
      {
       "hole": 2,
       "id": "tortuna-h02-bunker-north-native-detail",
       "metres": 1.74
      }
     ],
     "teeResidualsMetres": [
      {
       "anchor": "orange->Gul",
       "metres": 5.4
      },
      {
       "anchor": "red->Röd",
       "metres": 8.03
      }
     ]
    },
    "reviewStatus": "agent-rule-based-registration; human-review-pending",
    "accuracyStatus": "plan-derived shape on measured anchors; not surveyed",
    "stages": {
     "planSquareMetres": 5859,
     "afterSharedCorridorSquareMetres": 5859,
     "afterHardClearancesSquareMetres": 5859,
     "afterCorridorSquareMetres": 5859,
     "finishedSquareMetres": 5744
    },
    "publishedTreesInsidePlanShape": 0,
    "keyholeCells": 0,
    "horizontalUncertaintyMetres": 2,
    "areaSquareMetres": 5416.1,
    "mownFraction2026": 0.791,
    "notSurveyed": true,
    "terrainModified": false
   },
   "geometry": {
    "type": "Polygon",
    "coordinates": [
     [
      [
       597491.06,
       6614665.81
      ],
      [
       597492.44,
       6614665.69
      ],
      [
       597495.19,
       6614664.69
      ],
      [
       597496.56,
       6614663.81
      ],
      [
       597499.06,
       6614661.53
      ],
      [
       597499.94,
       6614660.34
      ],
      [
       597500.56,
       6614659.13
      ],
      [
       597500.94,
       6614657.88
      ],
      [
       597501.31,
       6614654.91
      ],
      [
       597501.19,
       6614649.81
      ],
      [
       597501.56,
       6614647.94
      ],
      [
       597501.94,
       6614647.56
      ],
      [
       597502.81,
       6614647.25
      ],
      [
       597508.44,
       6614646.69
      ],
      [
       597510.22,
       6614646.31
      ],
      [
       597511.41,
       6614645.69
      ],
      [
       597512,
       6614644.81
      ],
      [
       597512,
       6614643.69
      ],
      [
       597511.81,
       6614641.72
      ],
      [
       597511.38,
       6614640.13
      ],
      [
       597510.88,
       6614639.09
      ],
      [
       597510.19,
       6614638.47
      ],
      [
       597509.94,
       6614636.84
      ],
      [
       597509.16,
       6614635.81
      ],
      [
       597508.38,
       6614632.34
      ],
      [
       597507.88,
       6614631.78
      ],
      [
       597507.19,
       6614631.5
      ],
      [
       597506.31,
       6614631.5
      ],
      [
       597505.03,
       6614631.88
      ],
      [
       597503.41,
       6614633.84
      ],
      [
       597501.09,
       6614635.69
      ],
      [
       597499.44,
       6614638.03
      ],
      [
       597498.81,
       6614638.34
      ],
      [
       597498,
       6614638.5
      ],
      [
       597496.13,
       6614638.38
      ],
      [
       597495.38,
       6614638.13
      ],
      [
       597494.25,
       6614637.25
      ],
      [
       597493.44,
       6614636.16
      ],
      [
       597492.59,
       6614634.41
      ],
      [
       597491.28,
       6614633.13
      ],
      [
       597490.81,
       6614631.97
      ],
      [
       597490.06,
       6614631.34
      ],
      [
       597489.81,
       6614630.47
      ],
      [
       597489.38,
       6614630.19
      ],
      [
       597488.31,
       6614628.72
      ],
      [
       597485.06,
       6614623.34
      ],
      [
       597484.09,
       6614622.34
      ],
      [
       597482.13,
       6614618.38
      ],
      [
       597480.16,
       6614616.34
      ],
      [
       597479.88,
       6614615.16
      ],
      [
       597478.38,
       6614613.28
      ],
      [
       597477.44,
       6614610.94
      ],
      [
       597475.53,
       6614608.53
      ],
      [
       597474.25,
       6614605.94
      ],
      [
       597473.28,
       6614605.06
      ],
      [
       597472.88,
       6614603.28
      ],
      [
       597471.28,
       6614601.47
      ],
      [
       597469.41,
       6614596.72
      ],
      [
       597468.38,
       6614595.56
      ],
      [
       597467.53,
       6614593.84
      ],
      [
       597465.16,
       6614591.44
      ],
      [
       597464.91,
       6614590.66
      ],
      [
       597463.72,
       6614590
      ],
      [
       597462.44,
       6614588.69
      ],
      [
       597458.56,
       6614586.81
      ],
      [
       597457.56,
       6614585.72
      ],
      [
       597456.25,
       6614584.88
      ],
      [
       597454.69,
       6614584.56
      ],
      [
       597449.88,
       6614584.22
      ],
      [
       597446.16,
       6614583.06
      ],
      [
       597443.81,
       6614581.69
      ],
      [
       597440.34,
       6614579.25
      ],
      [
       597436.22,
       6614576.97
      ],
      [
       597434.88,
       6614575.78
      ],
      [
       597432.13,
       6614574.41
      ],
      [
       597431.16,
       6614573.56
      ],
      [
       597429.72,
       6614573.41
      ],
      [
       597427.94,
       6614572.56
      ],
      [
       597426.81,
       6614572.28
      ],
      [
       597416.88,
       6614571.72
      ],
      [
       597414.06,
       6614570.5
      ],
      [
       597409.47,
       6614569.75
      ],
      [
       597406.97,
       6614568.5
      ],
      [
       597403.84,
       6614567.75
      ],
      [
       597402.22,
       6614566.78
      ],
      [
       597399.38,
       6614566.22
      ],
      [
       597398.16,
       6614565.28
      ],
      [
       597395.84,
       6614564.72
      ],
      [
       597394.5,
       6614563.69
      ],
      [
       597392.81,
       6614562.94
      ],
      [
       597389.81,
       6614562.09
      ],
      [
       597387.88,
       6614561.91
      ],
      [
       597386.09,
       6614560.78
      ],
      [
       597383,
       6614560.31
      ],
      [
       597382.03,
       6614559.66
      ],
      [
       597381.06,
       6614559.31
      ],
      [
       597372,
       6614558.44
      ],
      [
       597362.22,
       6614557.84
      ],
      [
       597353.31,
       6614557.88
      ],
      [
       597343.94,
       6614558.25
      ],
      [
       597342.81,
       6614558.13
      ],
      [
       597342.31,
       6614557.63
      ],
      [
       597340.81,
       6614557.13
      ],
      [
       597335.97,
       6614556.16
      ],
      [
       597335.66,
       6614556.22
      ],
      [
       597335.5,
       6614556.63
      ],
      [
       597337.5,
       6614559.72
      ],
      [
       597337.81,
       6614561.69
      ],
      [
       597337.16,
       6614564.69
      ],
      [
       597335.63,
       6614567.22
      ],
      [
       597335.5,
       6614567.75
      ],
      [
       597335.63,
       6614568.63
      ],
      [
       597335.88,
       6614568.88
      ],
      [
       597337.28,
       6614569.16
      ],
      [
       597337.84,
       6614569.47
      ],
      [
       597339.59,
       6614571.03
      ],
      [
       597341.13,
       6614571.88
      ],
      [
       597342,
       6614573.28
      ],
      [
       597344.81,
       6614576.03
      ],
      [
       597345.47,
       6614577.31
      ],
      [
       597347.34,
       6614579.06
      ],
      [
       597347.69,
       6614579.97
      ],
      [
       597349.94,
       6614582.09
      ],
      [
       597350.69,
       6614583.47
      ],
      [
       597352.94,
       6614585.59
      ],
      [
       597353.5,
       6614586.63
      ],
      [
       597354.63,
       6614587.69
      ],
      [
       597358.69,
       6614590.28
      ],
      [
       597361.38,
       6614591.19
      ],
      [
       597364.28,
       6614591.66
      ],
      [
       597365.09,
       6614592.34
      ],
      [
       597366.13,
       6614592.69
      ],
      [
       597369.22,
       6614592.97
      ],
      [
       597374.13,
       6614592.94
      ],
      [
       597375.13,
       6614592.81
      ],
      [
       597376.41,
       6614592.16
      ],
      [
       597377.47,
       6614591.97
      ],
      [
       597381,
       6614591.69
      ],
      [
       597382.53,
       6614591.97
      ],
      [
       597383.59,
       6614592.66
      ],
      [
       597384.19,
       6614593.75
      ],
      [
       597384.31,
       6614595.25
      ],
      [
       597384.63,
       6614596.38
      ],
      [
       597385.13,
       6614597.13
      ],
      [
       597385.81,
       6614597.5
      ],
      [
       597389.31,
       6614597.31
      ],
      [
       597391.38,
       6614596.75
      ],
      [
       597392.34,
       6614595.22
      ],
      [
       597393.25,
       6614594.25
      ],
      [
       597394.06,
       6614593.63
      ],
      [
       597395.09,
       6614593.19
      ],
      [
       597398.88,
       6614589.44
      ],
      [
       597399.88,
       6614588.81
      ],
      [
       597400.81,
       6614588.5
      ],
      [
       597401.69,
       6614588.5
      ],
      [
       597402.38,
       6614588.69
      ],
      [
       597402.88,
       6614589.06
      ],
      [
       597403.56,
       6614591.09
      ],
      [
       597404.44,
       6614592.44
      ],
      [
       597405.59,
       6614593.75
      ],
      [
       597407.06,
       6614596.88
      ],
      [
       597407.69,
       6614597.38
      ],
      [
       597408.5,
       6614597.69
      ],
      [
       597410.28,
       6614597.81
      ],
      [
       597410.84,
       6614597.69
      ],
      [
       597411.66,
       6614596.78
      ],
      [
       597412.22,
       6614596.59
      ],
      [
       597415.25,
       6614596.31
      ],
      [
       597415.5,
       6614596.13
      ],
      [
       597415.69,
       6614595.47
      ],
      [
       597416.31,
       6614594.84
      ],
      [
       597416.5,
       6614593.5
      ],
      [
       597416.41,
       6614591.69
      ],
      [
       597415.94,
       6614590.63
      ],
      [
       597415.28,
       6614589.97
      ],
      [
       597415,
       6614587.81
      ],
      [
       597415.28,
       6614586.53
      ],
      [
       597416.41,
       6614585.38
      ],
      [
       597416.5,
       6614584.88
      ],
      [
       597417.72,
       6614584.47
      ],
      [
       597421.81,
       6614584.16
      ],
      [
       597423.19,
       6614584.38
      ],
      [
       597423.72,
       6614584.81
      ],
      [
       597426.63,
       6614585
      ],
      [
       597428.56,
       6614585.47
      ],
      [
       597429.25,
       6614585.94
      ],
      [
       597430.66,
       6614587.44
      ],
      [
       597431.72,
       6614588
      ],
      [
       597432.28,
       6614589.59
      ],
      [
       597433.34,
       6614590.56
      ],
      [
       597434.75,
       6614593
      ],
      [
       597435.56,
       6614595.38
      ],
      [
       597436.63,
       6614600.31
      ],
      [
       597437.44,
       6614602.09
      ],
      [
       597437.56,
       6614604.41
      ],
      [
       597437.69,
       6614604.97
      ],
      [
       597438.13,
       6614605.63
      ],
      [
       597438.63,
       6614607.81
      ],
      [
       597439.63,
       6614615.56
      ],
      [
       597439.88,
       6614616.38
      ],
      [
       597440.44,
       6614617.22
      ],
      [
       597440.56,
       6614618.25
      ],
      [
       597441.44,
       6614619.34
      ],
      [
       597441.69,
       6614620.97
      ],
      [
       597442.41,
       6614621.66
      ],
      [
       597444.28,
       6614625.53
      ],
      [
       597445.63,
       6614626.78
      ],
      [
       597446.66,
       6614628.5
      ],
      [
       597449.28,
       6614631
      ],
      [
       597449.59,
       6614631.91
      ],
      [
       597450.44,
       6614632.94
      ],
      [
       597452.44,
       6614634.09
      ],
      [
       597461.56,
       6614642.41
      ],
      [
       597463.28,
       6614643.44
      ],
      [
       597469.16,
       6614648.69
      ],
      [
       597470.88,
       6614650
      ],
      [
       597471.59,
       6614650.28
      ],
      [
       597473.19,
       6614651.69
      ],
      [
       597475.16,
       6614653.72
      ],
      [
       597476.34,
       6614655.63
      ],
      [
       597477.03,
       6614656.38
      ],
      [
       597481.16,
       6614660.38
      ],
      [
       597481.78,
       6614661.72
      ],
      [
       597482.44,
       6614662.44
      ],
      [
       597486.75,
       6614664.88
      ],
      [
       597488.22,
       6614665.41
      ],
      [
       597491.06,
       6614665.81
      ]
     ]
    ]
   }
  },
  {
   "type": "Feature",
   "id": "tortuna-h03-fairway-plan-2026-1",
   "properties": {
    "kind": "fairway",
    "hole": 3,
    "sourceId": "caddee-hole-3",
    "sourceUrl": "https://caddee-prod-media.s3.amazonaws.com/hole-images/37473177-cbd0-4ed4-8e13-98d7f13d065a/hole-normal_web_ECb20Ws.png",
    "sourceSha256": "70f0abd72e4072df2b41a772c546f099a53416baa7c0b3558cdd7540d19d7357",
    "sourceKind": "club-published hole plan (Caddee), a stylised illustration",
    "method": "the plan fairway colour carrying its mowing stripes (structure-tensor orientation within 12 degrees of the plan stripe angle), grown 10 px into connected fairway colour, placed by a least-squares similarity on the model green, bunkers and tee platforms, and kept clear of greens, bunkers, water, tees, buildings, practice features and every published tree",
    "registration": {
     "metresPerPixel": 0.2211,
     "rotationDegrees": 152.74,
     "greenResidualMetres": 0.61,
     "bunkerResidualsMetres": [
      {
       "hole": 3,
       "id": "tortuna-h03-bunker-native-detail",
       "metres": 2.33
      }
     ],
     "teeResidualsMetres": [
      {
       "anchor": "orange->Gul",
       "metres": 3.51
      },
      {
       "anchor": "red->Röd",
       "metres": 7.03
      }
     ]
    },
    "reviewStatus": "agent-rule-based-registration; human-review-pending",
    "accuracyStatus": "plan-derived shape on measured anchors; not surveyed",
    "stages": {
     "planSquareMetres": 1438,
     "afterSharedCorridorSquareMetres": 1438,
     "afterHardClearancesSquareMetres": 1438,
     "afterCorridorSquareMetres": 1438,
     "finishedSquareMetres": 1391
    },
    "publishedTreesInsidePlanShape": 0,
    "keyholeCells": 0,
    "horizontalUncertaintyMetres": 2.3,
    "areaSquareMetres": 1377.6,
    "mownFraction2026": 0.182,
    "notSurveyed": true,
    "terrainModified": false
   },
   "geometry": {
    "type": "Polygon",
    "coordinates": [
     [
      [
       597364.44,
       6614464.81
      ],
      [
       597366.06,
       6614464.69
      ],
      [
       597368.84,
       6614463.97
      ],
      [
       597371,
       6614462.63
      ],
      [
       597372.91,
       6614460.47
      ],
      [
       597374.69,
       6614457.44
      ],
      [
       597375.78,
       6614455.03
      ],
      [
       597376.19,
       6614452.91
      ],
      [
       597378.47,
       6614446.69
      ],
      [
       597379.63,
       6614442.22
      ],
      [
       597381.69,
       6614437.63
      ],
      [
       597383.63,
       6614434.5
      ],
      [
       597387.22,
       6614430.13
      ],
      [
       597387.72,
       6614429
      ],
      [
       597390.88,
       6614425.81
      ],
      [
       597391.53,
       6614424.22
      ],
      [
       597392.75,
       6614422.44
      ],
      [
       597393.13,
       6614420.88
      ],
      [
       597393.38,
       6614418.38
      ],
      [
       597393.59,
       6614407.03
      ],
      [
       597394.06,
       6614402.5
      ],
      [
       597394.44,
       6614401.5
      ],
      [
       597395,
       6614400.75
      ],
      [
       597395.75,
       6614400.25
      ],
      [
       597396.69,
       6614400
      ],
      [
       597397.81,
       6614400
      ],
      [
       597398.66,
       6614399.75
      ],
      [
       597399.22,
       6614399.25
      ],
      [
       597399.5,
       6614398.5
      ],
      [
       597399.5,
       6614397.5
      ],
      [
       597399.25,
       6614396.88
      ],
      [
       597398.75,
       6614396.63
      ],
      [
       597398,
       6614396.75
      ],
      [
       597394.94,
       6614398
      ],
      [
       597393.53,
       6614397.72
      ],
      [
       597392.13,
       6614397.06
      ],
      [
       597390.91,
       6614396.22
      ],
      [
       597389.31,
       6614394.44
      ],
      [
       597388.28,
       6614393.63
      ],
      [
       597387.81,
       6614392.69
      ],
      [
       597386.88,
       6614392.5
      ],
      [
       597386.13,
       6614392.5
      ],
      [
       597385.56,
       6614392.88
      ],
      [
       597385.19,
       6614393.63
      ],
      [
       597384.72,
       6614398.41
      ],
      [
       597383.41,
       6614400.47
      ],
      [
       597382.59,
       6614402.5
      ],
      [
       597381.09,
       6614404.13
      ],
      [
       597380.63,
       6614405.22
      ],
      [
       597379.31,
       6614406.38
      ],
      [
       597378.06,
       6614408.63
      ],
      [
       597376.31,
       6614410.38
      ],
      [
       597375,
       6614412.72
      ],
      [
       597372.38,
       6614415.88
      ],
      [
       597368.81,
       6614423.03
      ],
      [
       597367.38,
       6614425.16
      ],
      [
       597366.81,
       6614427.5
      ],
      [
       597365.13,
       6614431.25
      ],
      [
       597362.97,
       6614434.44
      ],
      [
       597357.63,
       6614440.81
      ],
      [
       597355.81,
       6614444.34
      ],
      [
       597355.06,
       6614444.81
      ],
      [
       597354.13,
       6614445.91
      ],
      [
       597352.94,
       6614448.13
      ],
      [
       597352.47,
       6614449.63
      ],
      [
       597352.16,
       6614451.38
      ],
      [
       597352,
       6614455.63
      ],
      [
       597352.19,
       6614457.5
      ],
      [
       597352.56,
       6614459
      ],
      [
       597353.13,
       6614460.13
      ],
      [
       597354.88,
       6614461.63
      ],
      [
       597359.38,
       6614463.88
      ],
      [
       597361.09,
       6614464.41
      ],
      [
       597364.44,
       6614464.81
      ]
     ]
    ]
   }
  },
  {
   "type": "Feature",
   "id": "tortuna-h04-fairway-plan-2026-1",
   "properties": {
    "kind": "fairway",
    "hole": 4,
    "sourceId": "caddee-hole-4",
    "sourceUrl": "https://caddee-prod-media.s3.amazonaws.com/hole-images/5084cb44-1295-4557-9ded-3b5a46357ef4/hole-normal_web_bNkNau3.png",
    "sourceSha256": "366188edb5effa91a22a7270383636b6b9f294c125352957499590181d2333a1",
    "sourceKind": "club-published hole plan (Caddee), a stylised illustration",
    "method": "the plan fairway colour carrying its mowing stripes (structure-tensor orientation within 12 degrees of the plan stripe angle), grown 10 px into connected fairway colour, placed by a least-squares similarity on the model green, bunkers and tee platforms, and kept clear of greens, bunkers, water, tees, buildings, practice features and every published tree",
    "registration": {
     "metresPerPixel": 0.5043,
     "rotationDegrees": -155.09,
     "greenResidualMetres": 0.2,
     "bunkerResidualsMetres": [
      {
       "hole": 4,
       "id": "tortuna-h04-bunker-native-detail",
       "metres": 0.56
      }
     ],
     "teeResidualsMetres": [
      {
       "anchor": "orange->Gul",
       "metres": 1.12
      },
      {
       "anchor": "red->Röd",
       "metres": 1.7
      }
     ]
    },
    "reviewStatus": "agent-rule-based-registration; human-review-pending",
    "accuracyStatus": "plan-derived shape on measured anchors; not surveyed",
    "stages": {
     "planSquareMetres": 10941,
     "afterSharedCorridorSquareMetres": 10941,
     "afterHardClearancesSquareMetres": 10857,
     "afterCorridorSquareMetres": 10857,
     "finishedSquareMetres": 10784
    },
    "publishedTreesInsidePlanShape": 6,
    "keyholeCells": 14,
    "horizontalUncertaintyMetres": 2,
    "areaSquareMetres": 10767.4,
    "mownFraction2026": 0.871,
    "notSurveyed": true,
    "terrainModified": false
   },
   "geometry": {
    "type": "Polygon",
    "coordinates": [
     [
      [
       597461.31,
       6614360.31
      ],
      [
       597463.66,
       6614359.75
      ],
      [
       597465.28,
       6614358.75
      ],
      [
       597467.06,
       6614358.19
      ],
      [
       597468.31,
       6614357.56
      ],
      [
       597470.03,
       6614355.91
      ],
      [
       597470.75,
       6614354.56
      ],
      [
       597473,
       6614353.25
      ],
      [
       597476.22,
       6614352.63
      ],
      [
       597481.06,
       6614352.5
      ],
      [
       597483,
       6614352.13
      ],
      [
       597484.25,
       6614351.38
      ],
      [
       597484.81,
       6614350.25
      ],
      [
       597484.69,
       6614348.75
      ],
      [
       597484.03,
       6614347.69
      ],
      [
       597482.84,
       6614347.06
      ],
      [
       597481.13,
       6614346.88
      ],
      [
       597478.88,
       6614347.13
      ],
      [
       597477.06,
       6614347.06
      ],
      [
       597475.69,
       6614346.69
      ],
      [
       597474.75,
       6614346
      ],
      [
       597474.25,
       6614345
      ],
      [
       597473.63,
       6614342.53
      ],
      [
       597473.22,
       6614336.19
      ],
      [
       597472.09,
       6614330.16
      ],
      [
       597472,
       6614328
      ],
      [
       597472.16,
       6614327.16
      ],
      [
       597472.47,
       6614326.47
      ],
      [
       597473.56,
       6614325.56
      ],
      [
       597475.47,
       6614325.09
      ],
      [
       597478.25,
       6614325
      ],
      [
       597479.41,
       6614324.66
      ],
      [
       597480.22,
       6614323.97
      ],
      [
       597480.69,
       6614322.94
      ],
      [
       597480.81,
       6614321.56
      ],
      [
       597480.75,
       6614320.53
      ],
      [
       597480.5,
       6614319.84
      ],
      [
       597480.06,
       6614319.5
      ],
      [
       597478.94,
       6614319.66
      ],
      [
       597478.56,
       6614319.97
      ],
      [
       597477.94,
       6614321.53
      ],
      [
       597477.06,
       6614322
      ],
      [
       597475.56,
       6614321.81
      ],
      [
       597475.31,
       6614321.63
      ],
      [
       597475.03,
       6614320.78
      ],
      [
       597475.06,
       6614319.72
      ],
      [
       597475.63,
       6614318.88
      ],
      [
       597476.78,
       6614318.66
      ],
      [
       597478.81,
       6614318.81
      ],
      [
       597479.56,
       6614318.72
      ],
      [
       597479.94,
       6614318.41
      ],
      [
       597479.94,
       6614317.88
      ],
      [
       597479.56,
       6614317.13
      ],
      [
       597479.09,
       6614315.06
      ],
      [
       597478.81,
       6614309.63
      ],
      [
       597478.44,
       6614309.16
      ],
      [
       597476.16,
       6614308.25
      ],
      [
       597475.63,
       6614306.53
      ],
      [
       597474.38,
       6614304.31
      ],
      [
       597474.13,
       6614303.44
      ],
      [
       597474,
       6614301.5
      ],
      [
       597474.19,
       6614300.06
      ],
      [
       597474.84,
       6614299
      ],
      [
       597475.47,
       6614296.5
      ],
      [
       597476.38,
       6614294.91
      ],
      [
       597477.41,
       6614291.19
      ],
      [
       597478.91,
       6614287.59
      ],
      [
       597479.06,
       6614285.44
      ],
      [
       597479.81,
       6614282.84
      ],
      [
       597480,
       6614277.69
      ],
      [
       597479.63,
       6614274.19
      ],
      [
       597477.94,
       6614269.34
      ],
      [
       597477.06,
       6614265.78
      ],
      [
       597476.25,
       6614264.06
      ],
      [
       597474.75,
       6614261.72
      ],
      [
       597473.13,
       6614258.16
      ],
      [
       597471.5,
       6614255.81
      ],
      [
       597469.25,
       6614253.09
      ],
      [
       597468.88,
       6614252.09
      ],
      [
       597466.84,
       6614250.03
      ],
      [
       597465.53,
       6614247.88
      ],
      [
       597462.22,
       6614244.94
      ],
      [
       597461.66,
       6614244.31
      ],
      [
       597460.66,
       6614242.53
      ],
      [
       597459.28,
       6614241.81
      ],
      [
       597457.59,
       6614238.34
      ],
      [
       597457.03,
       6614237.78
      ],
      [
       597456.38,
       6614237.5
      ],
      [
       597455.63,
       6614237.5
      ],
      [
       597454.66,
       6614237.09
      ],
      [
       597453.47,
       6614236.28
      ],
      [
       597449.22,
       6614232.16
      ],
      [
       597447.75,
       6614230.13
      ],
      [
       597445.5,
       6614229.38
      ],
      [
       597444.53,
       6614228.72
      ],
      [
       597443.59,
       6614227.66
      ],
      [
       597441.06,
       6614222.91
      ],
      [
       597439.94,
       6614221.5
      ],
      [
       597439.09,
       6614221.31
      ],
      [
       597438.84,
       6614220.63
      ],
      [
       597436.84,
       6614219.53
      ],
      [
       597434.25,
       6614217.16
      ],
      [
       597432.88,
       6614216.94
      ],
      [
       597432.63,
       6614216.81
      ],
      [
       597432.38,
       6614216.19
      ],
      [
       597430.88,
       6614215.94
      ],
      [
       597430.63,
       6614215.81
      ],
      [
       597430.22,
       6614215.06
      ],
      [
       597429.22,
       6614214.94
      ],
      [
       597427.88,
       6614214.13
      ],
      [
       597423.69,
       6614212.97
      ],
      [
       597421.5,
       6614211.69
      ],
      [
       597418.97,
       6614209.72
      ],
      [
       597417.22,
       6614209.13
      ],
      [
       597415.88,
       6614207.81
      ],
      [
       597415.34,
       6614206.66
      ],
      [
       597413.31,
       6614205.88
      ],
      [
       597412.06,
       6614204.69
      ],
      [
       597410.47,
       6614202.72
      ],
      [
       597409.63,
       6614202.41
      ],
      [
       597408.63,
       6614201.28
      ],
      [
       597407.63,
       6614200.91
      ],
      [
       597406.5,
       6614199.69
      ],
      [
       597404,
       6614198.13
      ],
      [
       597403.13,
       6614197.06
      ],
      [
       597402.38,
       6614195.66
      ],
      [
       597401.19,
       6614195.03
      ],
      [
       597399.44,
       6614193.16
      ],
      [
       597398.19,
       6614192.53
      ],
      [
       597396.44,
       6614190.66
      ],
      [
       597395.56,
       6614190.38
      ],
      [
       597394.75,
       6614189.75
      ],
      [
       597393.44,
       6614188.16
      ],
      [
       597392.56,
       6614186.44
      ],
      [
       597391.75,
       6614185.81
      ],
      [
       597390.63,
       6614185.34
      ],
      [
       597390.22,
       6614184.38
      ],
      [
       597389.56,
       6614183.88
      ],
      [
       597388.63,
       6614182.72
      ],
      [
       597386.97,
       6614179.75
      ],
      [
       597386.41,
       6614177.66
      ],
      [
       597385.28,
       6614175.78
      ],
      [
       597384.91,
       6614174.16
      ],
      [
       597383.59,
       6614171.84
      ],
      [
       597383.38,
       6614170.59
      ],
      [
       597381.78,
       6614167.78
      ],
      [
       597380.56,
       6614164.69
      ],
      [
       597379.44,
       6614162.72
      ],
      [
       597376.53,
       6614159.81
      ],
      [
       597375.59,
       6614158.38
      ],
      [
       597375.28,
       6614158.13
      ],
      [
       597374.13,
       6614157.81
      ],
      [
       597371.38,
       6614155.19
      ],
      [
       597370.22,
       6614154.91
      ],
      [
       597368.88,
       6614153.59
      ],
      [
       597368.06,
       6614153.34
      ],
      [
       597366.31,
       6614151.47
      ],
      [
       597365.06,
       6614150.84
      ],
      [
       597363.31,
       6614148.97
      ],
      [
       597362.06,
       6614148.34
      ],
      [
       597360.31,
       6614146.47
      ],
      [
       597359.06,
       6614145.84
      ],
      [
       597357.25,
       6614143.91
      ],
      [
       597355.38,
       6614142.59
      ],
      [
       597354.34,
       6614139.97
      ],
      [
       597351.72,
       6614135.09
      ],
      [
       597350.94,
       6614132.66
      ],
      [
       597348.69,
       6614128.53
      ],
      [
       597348.31,
       6614127
      ],
      [
       597347.5,
       6614126.25
      ],
      [
       597344.97,
       6614121.97
      ],
      [
       597343.09,
       6614119.84
      ],
      [
       597340.47,
       6614115.44
      ],
      [
       597339.06,
       6614113.56
      ],
      [
       597338.41,
       6614113.09
      ],
      [
       597337.5,
       6614112.78
      ],
      [
       597335.63,
       6614110.81
      ],
      [
       597333.09,
       6614108.88
      ],
      [
       597326.34,
       6614104.91
      ],
      [
       597324.94,
       6614103.31
      ],
      [
       597324.31,
       6614102.94
      ],
      [
       597321.63,
       6614102.03
      ],
      [
       597320.88,
       6614101.59
      ],
      [
       597319.19,
       6614099.97
      ],
      [
       597318.56,
       6614099.66
      ],
      [
       597317.13,
       6614099.5
      ],
      [
       597316.41,
       6614099.16
      ],
      [
       597315.72,
       6614098.47
      ],
      [
       597313.72,
       6614095.03
      ],
      [
       597312.91,
       6614094.34
      ],
      [
       597312,
       6614094
      ],
      [
       597310.13,
       6614094.09
      ],
      [
       597306.88,
       6614095.41
      ],
      [
       597304.19,
       6614095.44
      ],
      [
       597303.56,
       6614095.31
      ],
      [
       597302.34,
       6614094.66
      ],
      [
       597297.84,
       6614093.88
      ],
      [
       597296.78,
       6614093.38
      ],
      [
       597295.88,
       6614092.69
      ],
      [
       597294.47,
       6614090.81
      ],
      [
       597292.53,
       6614086.03
      ],
      [
       597291.84,
       6614085.34
      ],
      [
       597291,
       6614085
      ],
      [
       597290,
       6614085
      ],
      [
       597288.19,
       6614085.38
      ],
      [
       597285.84,
       6614086.66
      ],
      [
       597283.31,
       6614087.31
      ],
      [
       597282.66,
       6614087.59
      ],
      [
       597282.22,
       6614088.03
      ],
      [
       597282,
       6614088.63
      ],
      [
       597282.19,
       6614090.59
      ],
      [
       597283.94,
       6614094.5
      ],
      [
       597284.59,
       6614095.25
      ],
      [
       597285.53,
       6614095.75
      ],
      [
       597286.75,
       6614096
      ],
      [
       597288.25,
       6614096
      ],
      [
       597289.63,
       6614096.53
      ],
      [
       597290.88,
       6614097.59
      ],
      [
       597292,
       6614099.19
      ],
      [
       597293,
       6614101.31
      ],
      [
       597295.38,
       6614107.72
      ],
      [
       597300.59,
       6614124.19
      ],
      [
       597301.44,
       6614126.38
      ],
      [
       597302.84,
       6614128.84
      ],
      [
       597304.88,
       6614131.19
      ],
      [
       597307.69,
       6614133.91
      ],
      [
       597308,
       6614134.63
      ],
      [
       597309.22,
       6614136.06
      ],
      [
       597314.09,
       6614140.81
      ],
      [
       597314.72,
       6614142.03
      ],
      [
       597316.69,
       6614144.19
      ],
      [
       597317.97,
       6614145.28
      ],
      [
       597319.31,
       6614145.97
      ],
      [
       597321.06,
       6614147.84
      ],
      [
       597322.31,
       6614148.47
      ],
      [
       597324.06,
       6614150.34
      ],
      [
       597324.94,
       6614150.69
      ],
      [
       597327.16,
       6614153.31
      ],
      [
       597328.41,
       6614153.69
      ],
      [
       597328.81,
       6614154.59
      ],
      [
       597330.38,
       6614156.19
      ],
      [
       597333.38,
       6614158.72
      ],
      [
       597334.47,
       6614159.22
      ],
      [
       597337.22,
       6614162.38
      ],
      [
       597338.25,
       6614162.81
      ],
      [
       597339.44,
       6614163.72
      ],
      [
       597342,
       6614166.75
      ],
      [
       597342.94,
       6614167.16
      ],
      [
       597344.84,
       6614169.16
      ],
      [
       597348.47,
       6614171.75
      ],
      [
       597349.72,
       6614173.56
      ],
      [
       597350.91,
       6614174.63
      ],
      [
       597351.13,
       6614175.34
      ],
      [
       597352.88,
       6614176.16
      ],
      [
       597354.5,
       6614177.5
      ],
      [
       597356.84,
       6614180.03
      ],
      [
       597357.53,
       6614181.25
      ],
      [
       597359.25,
       6614182.09
      ],
      [
       597362.03,
       6614185.19
      ],
      [
       597365.44,
       6614187.63
      ],
      [
       597367.84,
       6614190.31
      ],
      [
       597368.72,
       6614191.94
      ],
      [
       597370.69,
       6614193.25
      ],
      [
       597374.78,
       6614197.06
      ],
      [
       597382,
       6614204.63
      ],
      [
       597387.19,
       6614210.41
      ],
      [
       597388.38,
       6614211.94
      ],
      [
       597388.81,
       6614213.28
      ],
      [
       597389,
       6614216
      ],
      [
       597388.72,
       6614216.91
      ],
      [
       597388.16,
       6614217.72
      ],
      [
       597387.31,
       6614218.44
      ],
      [
       597385.25,
       6614219.53
      ],
      [
       597383.56,
       6614220
      ],
      [
       597383.25,
       6614220.25
      ],
      [
       597383,
       6614220.75
      ],
      [
       597382.69,
       6614222.5
      ],
      [
       597382.91,
       6614223.84
      ],
      [
       597383.25,
       6614224.19
      ],
      [
       597384.19,
       6614224.31
      ],
      [
       597384.56,
       6614224.19
      ],
      [
       597385.13,
       6614223.56
      ],
      [
       597386.38,
       6614223.28
      ],
      [
       597390.19,
       6614223.75
      ],
      [
       597390.5,
       6614223.63
      ],
      [
       597390.5,
       6614223.38
      ],
      [
       597390.97,
       6614222.97
      ],
      [
       597392.59,
       6614222.66
      ],
      [
       597393.03,
       6614222.72
      ],
      [
       597393.63,
       6614223.13
      ],
      [
       597393.94,
       6614223.72
      ],
      [
       597394,
       6614224.44
      ],
      [
       597393.63,
       6614225.38
      ],
      [
       597393.09,
       6614225.81
      ],
      [
       597392.44,
       6614226
      ],
      [
       597391.41,
       6614225.72
      ],
      [
       597390.88,
       6614225.06
      ],
      [
       597390.19,
       6614224.59
      ],
      [
       597389.25,
       6614224.5
      ],
      [
       597388.84,
       6614224.66
      ],
      [
       597388.53,
       6614224.97
      ],
      [
       597387.88,
       6614226.53
      ],
      [
       597387.38,
       6614226.84
      ],
      [
       597385.25,
       6614227.22
      ],
      [
       597385,
       6614227.66
      ],
      [
       597385.06,
       6614228.31
      ],
      [
       597385.91,
       6614229.88
      ],
      [
       597387.13,
       6614230.69
      ],
      [
       597388.91,
       6614231.25
      ],
      [
       597389.63,
       6614232.22
      ],
      [
       597391.69,
       6614232.5
      ],
      [
       597392.78,
       6614232.22
      ],
      [
       597393.13,
       6614231.22
      ],
      [
       597394.25,
       6614230.38
      ],
      [
       597396.88,
       6614229.81
      ],
      [
       597398.13,
       6614229.69
      ],
      [
       597399.25,
       6614229.84
      ],
      [
       597400.25,
       6614230.28
      ],
      [
       597401.13,
       6614231
      ],
      [
       597402.72,
       6614232.81
      ],
      [
       597403.66,
       6614233.44
      ],
      [
       597405.81,
       6614234.13
      ],
      [
       597407.22,
       6614235.47
      ],
      [
       597408.91,
       6614237.91
      ],
      [
       597410.88,
       6614241.44
      ],
      [
       597413.13,
       6614246.06
      ],
      [
       597415.19,
       6614249.59
      ],
      [
       597417.06,
       6614252.03
      ],
      [
       597418.75,
       6614253.38
      ],
      [
       597420.25,
       6614253.63
      ],
      [
       597421.72,
       6614254.53
      ],
      [
       597423.16,
       6614256.09
      ],
      [
       597424.56,
       6614258.31
      ],
      [
       597427.84,
       6614264.88
      ],
      [
       597429.13,
       6614266.44
      ],
      [
       597429.94,
       6614268.03
      ],
      [
       597430.31,
       6614268.34
      ],
      [
       597431.66,
       6614268.66
      ],
      [
       597431.97,
       6614268.97
      ],
      [
       597432.31,
       6614270.06
      ],
      [
       597432.84,
       6614270.84
      ],
      [
       597433.25,
       6614271
      ],
      [
       597434.16,
       6614270.94
      ],
      [
       597435,
       6614270.19
      ],
      [
       597435.94,
       6614270
      ],
      [
       597436.59,
       6614270.19
      ],
      [
       597437.31,
       6614270.91
      ],
      [
       597437.5,
       6614271.56
      ],
      [
       597437.31,
       6614272.59
      ],
      [
       597436.88,
       6614273.13
      ],
      [
       597436.28,
       6614273.44
      ],
      [
       597435.25,
       6614273.41
      ],
      [
       597434.25,
       6614272
      ],
      [
       597433.56,
       6614271.69
      ],
      [
       597433.28,
       6614271.78
      ],
      [
       597433.09,
       6614272.09
      ],
      [
       597432.88,
       6614274
      ],
      [
       597432.63,
       6614274.5
      ],
      [
       597431.38,
       6614275.53
      ],
      [
       597431,
       6614276.81
      ],
      [
       597431.06,
       6614278.41
      ],
      [
       597431.38,
       6614279.38
      ],
      [
       597431.94,
       6614279.81
      ],
      [
       597433.25,
       6614280
      ],
      [
       597433.88,
       6614280.28
      ],
      [
       597434.19,
       6614281.59
      ],
      [
       597434.81,
       6614282.56
      ],
      [
       597435,
       6614285
      ],
      [
       597434.75,
       6614285.84
      ],
      [
       597434.25,
       6614286.53
      ],
      [
       597431.25,
       6614288.19
      ],
      [
       597430.81,
       6614289.41
      ],
      [
       597430.19,
       6614289.72
      ],
      [
       597430,
       6614291.69
      ],
      [
       597430.31,
       6614292.34
      ],
      [
       597430.94,
       6614292.78
      ],
      [
       597434.09,
       6614293.16
      ],
      [
       597434.78,
       6614293.47
      ],
      [
       597435.19,
       6614293.94
      ],
      [
       597435.5,
       6614295.16
      ],
      [
       597436.44,
       6614296.75
      ],
      [
       597436.75,
       6614297.78
      ],
      [
       597437.31,
       6614304.06
      ],
      [
       597437.13,
       6614306.16
      ],
      [
       597436.63,
       6614307.72
      ],
      [
       597435.81,
       6614308.75
      ],
      [
       597434.69,
       6614309.25
      ],
      [
       597433.84,
       6614310.13
      ],
      [
       597433.28,
       6614311.38
      ],
      [
       597433,
       6614313
      ],
      [
       597433.13,
       6614316.88
      ],
      [
       597433.75,
       6614320.25
      ],
      [
       597434.56,
       6614322.97
      ],
      [
       597434.63,
       6614324.56
      ],
      [
       597433.91,
       6614325.19
      ],
      [
       597433.22,
       6614325.31
      ],
      [
       597431.19,
       6614325.19
      ],
      [
       597430.34,
       6614325.34
      ],
      [
       597429.78,
       6614325.78
      ],
      [
       597429.5,
       6614326.5
      ],
      [
       597429.69,
       6614328.94
      ],
      [
       597430.31,
       6614329.91
      ],
      [
       597430.5,
       6614330.94
      ],
      [
       597430.84,
       6614331.22
      ],
      [
       597431.53,
       6614331.41
      ],
      [
       597435.22,
       6614331.63
      ],
      [
       597436.41,
       6614331.88
      ],
      [
       597438.5,
       6614332.75
      ],
      [
       597440.31,
       6614334.41
      ],
      [
       597441.88,
       6614336.94
      ],
      [
       597442.91,
       6614340.44
      ],
      [
       597443.19,
       6614342.56
      ],
      [
       597443.25,
       6614346.81
      ],
      [
       597443,
       6614348.19
      ],
      [
       597442.56,
       6614349.06
      ],
      [
       597441.38,
       6614349.72
      ],
      [
       597440.06,
       6614350
      ],
      [
       597439.78,
       6614350.22
      ],
      [
       597439.59,
       6614350.66
      ],
      [
       597439.5,
       6614352.19
      ],
      [
       597439.91,
       6614352.84
      ],
      [
       597440.72,
       6614353.28
      ],
      [
       597441.94,
       6614353.5
      ],
      [
       597443.56,
       6614353.5
      ],
      [
       597445.69,
       6614353.78
      ],
      [
       597446.19,
       6614354.06
      ],
      [
       597446.63,
       6614354.94
      ],
      [
       597447.81,
       6614356.31
      ],
      [
       597449.41,
       6614357.84
      ],
      [
       597450.38,
       6614358.5
      ],
      [
       597450.63,
       6614358.5
      ],
      [
       597450.94,
       6614357.47
      ],
      [
       597451.13,
       6614354.19
      ],
      [
       597451.38,
       6614353.81
      ],
      [
       597451.75,
       6614353.94
      ],
      [
       597452.75,
       6614355.09
      ],
      [
       597454.25,
       6614356.13
      ],
      [
       597459.06,
       6614357.13
      ],
      [
       597459.69,
       6614357.63
      ],
      [
       597460,
       6614358.31
      ],
      [
       597460,
       6614359.19
      ],
      [
       597460.22,
       6614359.81
      ],
      [
       597460.66,
       6614360.19
      ],
      [
       597461.31,
       6614360.31
      ]
     ]
    ]
   }
  },
  {
   "type": "Feature",
   "id": "tortuna-h06-fairway-plan-2026-1",
   "properties": {
    "kind": "fairway",
    "hole": 6,
    "sourceId": "caddee-hole-6",
    "sourceUrl": "https://caddee-prod-media.s3.amazonaws.com/hole-images/ab041085-9384-459c-8120-4f9a40da6772/hole-normal_web_CHvWDO7.png",
    "sourceSha256": "880962c14383f7813f8921d9ed50e74eb9297b7883a876bf5010d0869fb678c2",
    "sourceKind": "club-published hole plan (Caddee), a stylised illustration",
    "method": "the plan fairway colour carrying its mowing stripes (structure-tensor orientation within 12 degrees of the plan stripe angle), grown 10 px into connected fairway colour, placed by a least-squares similarity on the model green, bunkers and tee platforms, and kept clear of greens, bunkers, water, tees, buildings, practice features and every published tree",
    "registration": {
     "metresPerPixel": 0.5372,
     "rotationDegrees": 29.69,
     "greenResidualMetres": 0.37,
     "bunkerResidualsMetres": [],
     "teeResidualsMetres": [
      {
       "anchor": "orange->Gul",
       "metres": 6.56
      },
      {
       "anchor": "red->Röd",
       "metres": 10.8
      }
     ]
    },
    "reviewStatus": "agent-rule-based-registration; human-review-pending",
    "accuracyStatus": "plan-derived shape on measured anchors; not surveyed",
    "stages": {
     "planSquareMetres": 9633,
     "afterSharedCorridorSquareMetres": 9633,
     "afterHardClearancesSquareMetres": 9633,
     "afterCorridorSquareMetres": 9633,
     "finishedSquareMetres": 9536
    },
    "publishedTreesInsidePlanShape": 0,
    "keyholeCells": 0,
    "horizontalUncertaintyMetres": 2,
    "areaSquareMetres": 9141.9,
    "mownFraction2026": 0.9,
    "notSurveyed": true,
    "terrainModified": false
   },
   "geometry": {
    "type": "Polygon",
    "coordinates": [
     [
      [
       597523.25,
       6614254.5
      ],
      [
       597524.25,
       6614254.31
      ],
      [
       597526.44,
       6614251.94
      ],
      [
       597527.31,
       6614251.31
      ],
      [
       597530.56,
       6614249.72
      ],
      [
       597531.19,
       6614249.16
      ],
      [
       597531.5,
       6614248.56
      ],
      [
       597531.22,
       6614246.69
      ],
      [
       597530.56,
       6614245.44
      ],
      [
       597530.06,
       6614244.97
      ],
      [
       597528.69,
       6614244.5
      ],
      [
       597527.13,
       6614244.38
      ],
      [
       597526.31,
       6614243.75
      ],
      [
       597525.84,
       6614242.53
      ],
      [
       597524.88,
       6614241.47
      ],
      [
       597523.78,
       6614238.91
      ],
      [
       597522.78,
       6614237.59
      ],
      [
       597522.41,
       6614234.88
      ],
      [
       597521.56,
       6614232.63
      ],
      [
       597519.97,
       6614230.75
      ],
      [
       597516.09,
       6614227.31
      ],
      [
       597514.81,
       6614225.75
      ],
      [
       597514.5,
       6614224.78
      ],
      [
       597513.28,
       6614222.94
      ],
      [
       597512.81,
       6614217.75
      ],
      [
       597512.63,
       6614217.31
      ],
      [
       597512.06,
       6614216.84
      ],
      [
       597512,
       6614216.38
      ],
      [
       597511.34,
       6614216.06
      ],
      [
       597508.72,
       6614215.81
      ],
      [
       597508.31,
       6614214.97
      ],
      [
       597507.88,
       6614214.69
      ],
      [
       597507.47,
       6614213.5
      ],
      [
       597507.16,
       6614210
      ],
      [
       597507.22,
       6614209.25
      ],
      [
       597507.81,
       6614208.34
      ],
      [
       597507.94,
       6614207.78
      ],
      [
       597508,
       6614206
      ],
      [
       597507.72,
       6614204.47
      ],
      [
       597506.25,
       6614202.19
      ],
      [
       597504,
       6614202
      ],
      [
       597502.56,
       6614201.53
      ],
      [
       597502.13,
       6614201.06
      ],
      [
       597501.38,
       6614199.56
      ],
      [
       597500.56,
       6614198.84
      ],
      [
       597499.75,
       6614197.5
      ],
      [
       597498.44,
       6614194.22
      ],
      [
       597497.47,
       6614190.13
      ],
      [
       597496.19,
       6614187.06
      ],
      [
       597494.66,
       6614184.03
      ],
      [
       597494,
       6614181.88
      ],
      [
       597493.81,
       6614180
      ],
      [
       597492.5,
       6614177.38
      ],
      [
       597489.44,
       6614168.88
      ],
      [
       597488.41,
       6614167.09
      ],
      [
       597487.63,
       6614166.41
      ],
      [
       597486.63,
       6614164.03
      ],
      [
       597485.63,
       6614162.91
      ],
      [
       597484.63,
       6614160.53
      ],
      [
       597483.63,
       6614159.41
      ],
      [
       597482.63,
       6614157.03
      ],
      [
       597481.63,
       6614155.91
      ],
      [
       597480.63,
       6614153.53
      ],
      [
       597479.59,
       6614152.34
      ],
      [
       597477.97,
       6614148.97
      ],
      [
       597477.16,
       6614147.91
      ],
      [
       597473.13,
       6614143.81
      ],
      [
       597472.03,
       6614141.81
      ],
      [
       597470.44,
       6614139.94
      ],
      [
       597469.47,
       6614139.16
      ],
      [
       597468.44,
       6614138.72
      ],
      [
       597464.09,
       6614134.5
      ],
      [
       597461.25,
       6614132.84
      ],
      [
       597454.53,
       6614126.34
      ],
      [
       597452.81,
       6614125.44
      ],
      [
       597451.19,
       6614123.06
      ],
      [
       597449.66,
       6614122.38
      ],
      [
       597447.31,
       6614120.31
      ],
      [
       597446.22,
       6614119.03
      ],
      [
       597445.66,
       6614117.88
      ],
      [
       597441.53,
       6614113.88
      ],
      [
       597440.5,
       6614112.63
      ],
      [
       597440.03,
       6614111.69
      ],
      [
       597438.47,
       6614110.31
      ],
      [
       597437.84,
       6614109.06
      ],
      [
       597435.97,
       6614107.31
      ],
      [
       597435.34,
       6614106.06
      ],
      [
       597433.47,
       6614104.31
      ],
      [
       597432.84,
       6614103.06
      ],
      [
       597430.97,
       6614101.31
      ],
      [
       597430.22,
       6614099.97
      ],
      [
       597426.81,
       6614097.03
      ],
      [
       597426.19,
       6614096.34
      ],
      [
       597425.25,
       6614094.63
      ],
      [
       597424.22,
       6614094.44
      ],
      [
       597423.38,
       6614093.88
      ],
      [
       597421.91,
       6614090.78
      ],
      [
       597420.31,
       6614088.81
      ],
      [
       597417.41,
       6614086.19
      ],
      [
       597415.75,
       6614085.38
      ],
      [
       597413.34,
       6614082.22
      ],
      [
       597411.63,
       6614081.63
      ],
      [
       597410.97,
       6614080.69
      ],
      [
       597410.25,
       6614078.84
      ],
      [
       597409.56,
       6614078.06
      ],
      [
       597407.97,
       6614077.25
      ],
      [
       597405.09,
       6614074.25
      ],
      [
       597404.13,
       6614073.5
      ],
      [
       597403.5,
       6614073.28
      ],
      [
       597401,
       6614070.66
      ],
      [
       597400.5,
       6614070.22
      ],
      [
       597399.47,
       6614069.75
      ],
      [
       597396.59,
       6614066.75
      ],
      [
       597396.03,
       6614066.25
      ],
      [
       597394.5,
       6614065.44
      ],
      [
       597392.5,
       6614063.38
      ],
      [
       597390.88,
       6614060.09
      ],
      [
       597390.19,
       6614059.38
      ],
      [
       597390,
       6614058.19
      ],
      [
       597390.19,
       6614056.59
      ],
      [
       597390.56,
       6614056.03
      ],
      [
       597391.13,
       6614055.63
      ],
      [
       597392.91,
       6614054.88
      ],
      [
       597393.72,
       6614054.03
      ],
      [
       597397.56,
       6614051.75
      ],
      [
       597398.19,
       6614051
      ],
      [
       597398.5,
       6614050.19
      ],
      [
       597398.5,
       6614049.31
      ],
      [
       597397.75,
       6614046.5
      ],
      [
       597396.72,
       6614044.75
      ],
      [
       597395.56,
       6614044
      ],
      [
       597394.34,
       6614043.81
      ],
      [
       597393.78,
       6614043.44
      ],
      [
       597392.75,
       6614042.13
      ],
      [
       597392.13,
       6614040.06
      ],
      [
       597392,
       6614037.25
      ],
      [
       597391.75,
       6614036.09
      ],
      [
       597391.25,
       6614035.28
      ],
      [
       597390.5,
       6614034.81
      ],
      [
       597389.5,
       6614034.69
      ],
      [
       597388.75,
       6614034.81
      ],
      [
       597388.25,
       6614035.19
      ],
      [
       597388,
       6614035.81
      ],
      [
       597388,
       6614036.69
      ],
      [
       597387.63,
       6614037.88
      ],
      [
       597385.84,
       6614038.75
      ],
      [
       597384.56,
       6614039.72
      ],
      [
       597383.94,
       6614039.91
      ],
      [
       597381.63,
       6614039.91
      ],
      [
       597381.13,
       6614039.72
      ],
      [
       597380.16,
       6614038.59
      ],
      [
       597378.81,
       6614038.44
      ],
      [
       597377.88,
       6614037.88
      ],
      [
       597376.63,
       6614035.03
      ],
      [
       597375.28,
       6614033.47
      ],
      [
       597374.28,
       6614031.38
      ],
      [
       597373.91,
       6614028.38
      ],
      [
       597372.78,
       6614024.91
      ],
      [
       597372.38,
       6614016.41
      ],
      [
       597372.13,
       6614014.97
      ],
      [
       597371.75,
       6614014.13
      ],
      [
       597370.72,
       6614013.69
      ],
      [
       597368.94,
       6614013.5
      ],
      [
       597368.25,
       6614013.25
      ],
      [
       597367.5,
       6614012.75
      ],
      [
       597364.97,
       6614010.25
      ],
      [
       597364.16,
       6614009.75
      ],
      [
       597363.38,
       6614009.5
      ],
      [
       597361.97,
       6614009.41
      ],
      [
       597361.41,
       6614009.22
      ],
      [
       597360.56,
       6614008.56
      ],
      [
       597359.91,
       6614007.53
      ],
      [
       597359.06,
       6614005.41
      ],
      [
       597357.38,
       6614002.72
      ],
      [
       597357,
       6614001
      ],
      [
       597356.91,
       6613999.06
      ],
      [
       597356.44,
       6613997.38
      ],
      [
       597356.06,
       6613996.63
      ],
      [
       597355.53,
       6613996.06
      ],
      [
       597354.84,
       6613995.69
      ],
      [
       597353,
       6613995.5
      ],
      [
       597351,
       6613995.88
      ],
      [
       597349,
       6613996.75
      ],
      [
       597348.22,
       6613997.69
      ],
      [
       597347.66,
       6613999.06
      ],
      [
       597346.91,
       6614004.97
      ],
      [
       597346.47,
       6614006.41
      ],
      [
       597345.88,
       6614007.44
      ],
      [
       597344.19,
       6614009.13
      ],
      [
       597343.88,
       6614010.25
      ],
      [
       597342.38,
       6614011.06
      ],
      [
       597342.13,
       6614011.44
      ],
      [
       597341.94,
       6614013.06
      ],
      [
       597341.16,
       6614014.16
      ],
      [
       597340.53,
       6614017.25
      ],
      [
       597340.13,
       6614018
      ],
      [
       597339.59,
       6614018.09
      ],
      [
       597338,
       6614019.19
      ],
      [
       597337.25,
       6614019.31
      ],
      [
       597335.19,
       6614019.19
      ],
      [
       597333.59,
       6614018.47
      ],
      [
       597333.13,
       6614017.88
      ],
      [
       597332.59,
       6614016.47
      ],
      [
       597331.28,
       6614014.53
      ],
      [
       597331,
       6614012
      ],
      [
       597331.22,
       6614011.16
      ],
      [
       597331.66,
       6614010.47
      ],
      [
       597332.31,
       6614009.94
      ],
      [
       597333.19,
       6614009.56
      ],
      [
       597333.88,
       6614008.56
      ],
      [
       597334.38,
       6614006.94
      ],
      [
       597334.69,
       6614004.69
      ],
      [
       597334.81,
       6614001.81
      ],
      [
       597334.69,
       6613997.94
      ],
      [
       597334.44,
       6613996.94
      ],
      [
       597333.78,
       6613996.03
      ],
      [
       597333.5,
       6613994.5
      ],
      [
       597333.88,
       6613989.56
      ],
      [
       597334.13,
       6613987.94
      ],
      [
       597334.91,
       6613985.44
      ],
      [
       597336.56,
       6613983.31
      ],
      [
       597337.19,
       6613982.06
      ],
      [
       597337.5,
       6613979.38
      ],
      [
       597337.22,
       6613977.22
      ],
      [
       597336.19,
       6613974.88
      ],
      [
       597336.28,
       6613973.5
      ],
      [
       597335.59,
       6613972.91
      ],
      [
       597334.56,
       6613971.13
      ],
      [
       597333.91,
       6613970.56
      ],
      [
       597332.97,
       6613970.19
      ],
      [
       597330.25,
       6613970
      ],
      [
       597329.03,
       6613969.78
      ],
      [
       597328.09,
       6613969.34
      ],
      [
       597327.44,
       6613968.69
      ],
      [
       597327.06,
       6613967.81
      ],
      [
       597326.5,
       6613967.19
      ],
      [
       597325.75,
       6613966.81
      ],
      [
       597324.81,
       6613966.69
      ],
      [
       597323.69,
       6613966.81
      ],
      [
       597322.84,
       6613967.16
      ],
      [
       597322.28,
       6613967.72
      ],
      [
       597322,
       6613968.5
      ],
      [
       597322,
       6613969.5
      ],
      [
       597322.38,
       6613971.41
      ],
      [
       597323.25,
       6613973.19
      ],
      [
       597323.88,
       6613975.22
      ],
      [
       597324.28,
       6613979.47
      ],
      [
       597325.25,
       6613981.03
      ],
      [
       597326.03,
       6613985.22
      ],
      [
       597326.34,
       6613986.16
      ],
      [
       597327.66,
       6613988.34
      ],
      [
       597327.97,
       6613989.28
      ],
      [
       597328.31,
       6613991.63
      ],
      [
       597328.16,
       6614000.47
      ],
      [
       597328.38,
       6614002.38
      ],
      [
       597328.63,
       6614002.63
      ],
      [
       597328.94,
       6614003.69
      ],
      [
       597328.91,
       6614007.31
      ],
      [
       597328.53,
       6614009.44
      ],
      [
       597328.13,
       6614010
      ],
      [
       597327.69,
       6614010.16
      ],
      [
       597327.56,
       6614010.47
      ],
      [
       597327.38,
       6614012.06
      ],
      [
       597327.13,
       6614012.44
      ],
      [
       597326.25,
       6614012.81
      ],
      [
       597325.88,
       6614013.47
      ],
      [
       597325.5,
       6614016.38
      ],
      [
       597325.72,
       6614020.5
      ],
      [
       597326.16,
       6614022
      ],
      [
       597326.81,
       6614023.13
      ],
      [
       597327.69,
       6614023.88
      ],
      [
       597329.34,
       6614026.5
      ],
      [
       597331.66,
       6614032.31
      ],
      [
       597332.47,
       6614033.44
      ],
      [
       597333.31,
       6614034
      ],
      [
       597334.19,
       6614034
      ],
      [
       597335.75,
       6614033.63
      ],
      [
       597337.72,
       6614032.38
      ],
      [
       597338.41,
       6614032.13
      ],
      [
       597340.91,
       6614031.81
      ],
      [
       597341.63,
       6614031.09
      ],
      [
       597344.53,
       6614029.63
      ],
      [
       597347.66,
       6614027.47
      ],
      [
       597349.31,
       6614027
      ],
      [
       597350.19,
       6614027
      ],
      [
       597351.06,
       6614027.44
      ],
      [
       597351.94,
       6614028.31
      ],
      [
       597353.69,
       6614031.38
      ],
      [
       597354.78,
       6614033.84
      ],
      [
       597355.13,
       6614035.41
      ],
      [
       597356.25,
       6614037.38
      ],
      [
       597357.81,
       6614041.03
      ],
      [
       597360.13,
       6614047.56
      ],
      [
       597361.88,
       6614053.78
      ],
      [
       597362.63,
       6614058.63
      ],
      [
       597362,
       6614060.69
      ],
      [
       597360.5,
       6614062.56
      ],
      [
       597358.13,
       6614064.25
      ],
      [
       597354.88,
       6614065.75
      ],
      [
       597352.41,
       6614067.13
      ],
      [
       597350.72,
       6614068.38
      ],
      [
       597349.81,
       6614069.5
      ],
      [
       597349.69,
       6614070.5
      ],
      [
       597349.75,
       6614071.25
      ],
      [
       597350,
       6614071.75
      ],
      [
       597351.63,
       6614072.22
      ],
      [
       597352.13,
       6614072.66
      ],
      [
       597353.44,
       6614074.84
      ],
      [
       597354.06,
       6614075.28
      ],
      [
       597354.81,
       6614075.5
      ],
      [
       597355.69,
       6614075.5
      ],
      [
       597357.25,
       6614075.13
      ],
      [
       597358.56,
       6614074.25
      ],
      [
       597360.09,
       6614073.63
      ],
      [
       597362,
       6614073.5
      ],
      [
       597362.84,
       6614073.75
      ],
      [
       597363.53,
       6614074.25
      ],
      [
       597364.06,
       6614075
      ],
      [
       597365.09,
       6614077.34
      ],
      [
       597365.84,
       6614078.16
      ],
      [
       597366.84,
       6614082.22
      ],
      [
       597368.56,
       6614084.91
      ],
      [
       597369.63,
       6614087.41
      ],
      [
       597370.63,
       6614088.53
      ],
      [
       597371.63,
       6614090.91
      ],
      [
       597372.34,
       6614091.53
      ],
      [
       597372.81,
       6614092.75
      ],
      [
       597373.41,
       6614093.59
      ],
      [
       597380.78,
       6614101.19
      ],
      [
       597382.38,
       6614103.84
      ],
      [
       597382.88,
       6614104.28
      ],
      [
       597384.75,
       6614104.75
      ],
      [
       597385.5,
       6614105.25
      ],
      [
       597387.19,
       6614107
      ],
      [
       597388.94,
       6614108.34
      ],
      [
       597391.44,
       6614109.09
      ],
      [
       597392.06,
       6614109.53
      ],
      [
       597393.34,
       6614111.47
      ],
      [
       597394.25,
       6614112.19
      ],
      [
       597395.38,
       6614112.66
      ],
      [
       597395.78,
       6614113.72
      ],
      [
       597396.78,
       6614114.72
      ],
      [
       597397.84,
       6614115.06
      ],
      [
       597398.47,
       6614115.81
      ],
      [
       597399.34,
       6614116.06
      ],
      [
       597399.97,
       6614116.81
      ],
      [
       597400.84,
       6614117.06
      ],
      [
       597401.47,
       6614117.81
      ],
      [
       597402.34,
       6614118.06
      ],
      [
       597402.97,
       6614118.81
      ],
      [
       597404.31,
       6614119.38
      ],
      [
       597410.78,
       6614123.97
      ],
      [
       597412.34,
       6614124.91
      ],
      [
       597415.75,
       6614126.38
      ],
      [
       597416.5,
       6614126.88
      ],
      [
       597417.91,
       6614128.59
      ],
      [
       597418.47,
       6614129.03
      ],
      [
       597419.88,
       6614129.63
      ],
      [
       597421.84,
       6614130.97
      ],
      [
       597425.59,
       6614134.75
      ],
      [
       597427.25,
       6614137.19
      ],
      [
       597428.19,
       6614139.19
      ],
      [
       597429.13,
       6614140.31
      ],
      [
       597429.44,
       6614141.13
      ],
      [
       597429.41,
       6614143.41
      ],
      [
       597429.22,
       6614143.97
      ],
      [
       597428.31,
       6614145.09
      ],
      [
       597428.19,
       6614145.78
      ],
      [
       597428.31,
       6614147.81
      ],
      [
       597428.91,
       6614148.66
      ],
      [
       597429.97,
       6614149.22
      ],
      [
       597431.5,
       6614149.5
      ],
      [
       597435.06,
       6614149.69
      ],
      [
       597436.19,
       6614150.06
      ],
      [
       597436.88,
       6614150.63
      ],
      [
       597437.38,
       6614151.97
      ],
      [
       597438.38,
       6614153.09
      ],
      [
       597439.38,
       6614155.47
      ],
      [
       597440.72,
       6614157.19
      ],
      [
       597444.56,
       6614164.31
      ],
      [
       597448.47,
       6614170.28
      ],
      [
       597450.75,
       6614173.13
      ],
      [
       597455.34,
       6614178
      ],
      [
       597458.31,
       6614180.38
      ],
      [
       597459.19,
       6614180.63
      ],
      [
       597460.66,
       6614181.59
      ],
      [
       597462.38,
       6614183.97
      ],
      [
       597463.13,
       6614184.66
      ],
      [
       597466.16,
       6614186.53
      ],
      [
       597467.47,
       6614187.59
      ],
      [
       597470.56,
       6614190.56
      ],
      [
       597471.97,
       6614192.19
      ],
      [
       597474.13,
       6614195.44
      ],
      [
       597476,
       6614199.19
      ],
      [
       597476.88,
       6614200.09
      ],
      [
       597477.88,
       6614202.47
      ],
      [
       597478.88,
       6614203.59
      ],
      [
       597479.88,
       6614205.97
      ],
      [
       597480.88,
       6614207.09
      ],
      [
       597481.88,
       6614209.47
      ],
      [
       597482.88,
       6614210.59
      ],
      [
       597484,
       6614213.19
      ],
      [
       597486.5,
       6614216.94
      ],
      [
       597488.03,
       6614220.13
      ],
      [
       597491.28,
       6614223.5
      ],
      [
       597491.63,
       6614224.44
      ],
      [
       597492.75,
       6614225.75
      ],
      [
       597493.75,
       6614226.47
      ],
      [
       597494.75,
       6614226.81
      ],
      [
       597495.56,
       6614227.53
      ],
      [
       597496.38,
       6614229.47
      ],
      [
       597497.31,
       6614230.63
      ],
      [
       597497.5,
       6614232.69
      ],
      [
       597497.16,
       6614233.5
      ],
      [
       597496.47,
       6614234.25
      ],
      [
       597494.06,
       6614235.56
      ],
      [
       597493,
       6614236.34
      ],
      [
       597492.25,
       6614237.28
      ],
      [
       597491.81,
       6614238.38
      ],
      [
       597491.69,
       6614239.63
      ],
      [
       597491.81,
       6614240.56
      ],
      [
       597492.19,
       6614241.19
      ],
      [
       597492.81,
       6614241.5
      ],
      [
       597493.69,
       6614241.5
      ],
      [
       597494.63,
       6614241.34
      ],
      [
       597496.69,
       6614240.56
      ],
      [
       597499.31,
       6614238.78
      ],
      [
       597500.34,
       6614237.03
      ],
      [
       597501.97,
       6614236.34
      ],
      [
       597502.53,
       6614235.63
      ],
      [
       597503.75,
       6614234.88
      ],
      [
       597505.81,
       6614234.5
      ],
      [
       597506.69,
       6614234.5
      ],
      [
       597508.44,
       6614234.88
      ],
      [
       597510.19,
       6614235.75
      ],
      [
       597511.47,
       6614236.75
      ],
      [
       597512.53,
       6614238.31
      ],
      [
       597515.59,
       6614241.44
      ],
      [
       597517.5,
       6614244.5
      ],
      [
       597519.94,
       6614249.09
      ],
      [
       597520.91,
       6614250.19
      ],
      [
       597522.34,
       6614253.66
      ],
      [
       597523.25,
       6614254.5
      ]
     ]
    ]
   }
  },
  {
   "type": "Feature",
   "id": "tortuna-h07-fairway-plan-2026-1",
   "properties": {
    "kind": "fairway",
    "hole": 7,
    "sourceId": "caddee-hole-7",
    "sourceUrl": "https://caddee-prod-media.s3.amazonaws.com/hole-images/6261ab65-2caf-4905-84aa-1490746f8ea8/hole-normal_web_10vRGlR.png",
    "sourceSha256": "1161f2f3e122777283635dda9aa6e4414aa00a35174f1213328d5e3c374fafb9",
    "sourceKind": "club-published hole plan (Caddee), a stylised illustration",
    "method": "the plan fairway colour carrying its mowing stripes (structure-tensor orientation within 12 degrees of the plan stripe angle), grown 10 px into connected fairway colour, placed by a least-squares similarity on the model green, bunkers and tee platforms, and kept clear of greens, bunkers, water, tees, buildings, practice features and every published tree",
    "registration": {
     "metresPerPixel": 0.3288,
     "rotationDegrees": -3.82,
     "greenResidualMetres": 0.2,
     "bunkerResidualsMetres": [
      {
       "hole": 7,
       "id": "tortuna-h07-bunker-native-detail",
       "metres": 0.67
      }
     ],
     "teeResidualsMetres": [
      {
       "anchor": "orange->Gul",
       "metres": 1.75
      },
      {
       "anchor": "red->Röd",
       "metres": 2.93
      }
     ]
    },
    "reviewStatus": "agent-rule-based-registration; human-review-pending",
    "accuracyStatus": "plan-derived shape on measured anchors; not surveyed",
    "stages": {
     "planSquareMetres": 4477,
     "afterSharedCorridorSquareMetres": 4477,
     "afterHardClearancesSquareMetres": 4477,
     "afterCorridorSquareMetres": 4477,
     "finishedSquareMetres": 4388
    },
    "publishedTreesInsidePlanShape": 0,
    "keyholeCells": 0,
    "horizontalUncertaintyMetres": 2,
    "areaSquareMetres": 4015.6,
    "mownFraction2026": 0.992,
    "notSurveyed": true,
    "terrainModified": false
   },
   "geometry": {
    "type": "Polygon",
    "coordinates": [
     [
      [
       597591.56,
       6614544
      ],
      [
       597592.28,
       6614543.94
      ],
      [
       597593.13,
       6614543.38
      ],
      [
       597593.44,
       6614541.75
      ],
      [
       597593.5,
       6614538.63
      ],
      [
       597593.78,
       6614536.16
      ],
      [
       597594.91,
       6614534.13
      ],
      [
       597595.19,
       6614532.16
      ],
      [
       597595.84,
       6614531.84
      ],
      [
       597596.03,
       6614531.53
      ],
      [
       597596.38,
       6614529.53
      ],
      [
       597596.19,
       6614525.13
      ],
      [
       597595.94,
       6614523.56
      ],
      [
       597595.06,
       6614521
      ],
      [
       597593.97,
       6614518.94
      ],
      [
       597593.66,
       6614517.81
      ],
      [
       597593.5,
       6614515.38
      ],
      [
       597593.84,
       6614514.44
      ],
      [
       597594.53,
       6614513.81
      ],
      [
       597595.56,
       6614513.5
      ],
      [
       597596.94,
       6614513.5
      ],
      [
       597597.97,
       6614512.94
      ],
      [
       597598.66,
       6614511.81
      ],
      [
       597599,
       6614510.13
      ],
      [
       597599,
       6614507.88
      ],
      [
       597598.69,
       6614506.19
      ],
      [
       597598.06,
       6614505.06
      ],
      [
       597597.13,
       6614504.5
      ],
      [
       597595.88,
       6614504.5
      ],
      [
       597594.94,
       6614504.84
      ],
      [
       597594.31,
       6614505.53
      ],
      [
       597594,
       6614506.56
      ],
      [
       597594,
       6614507.94
      ],
      [
       597593.72,
       6614508.97
      ],
      [
       597593.16,
       6614509.66
      ],
      [
       597592.31,
       6614510
      ],
      [
       597591.19,
       6614510
      ],
      [
       597590.31,
       6614509.41
      ],
      [
       597589.69,
       6614508.22
      ],
      [
       597589.31,
       6614506.44
      ],
      [
       597589.19,
       6614504.06
      ],
      [
       597589.31,
       6614501.94
      ],
      [
       597589.69,
       6614500.06
      ],
      [
       597590.31,
       6614498.44
      ],
      [
       597592.56,
       6614495.34
      ],
      [
       597593.06,
       6614495
      ],
      [
       597593.78,
       6614494.91
      ],
      [
       597594.63,
       6614494.06
      ],
      [
       597595.97,
       6614493.31
      ],
      [
       597600.34,
       6614491.81
      ],
      [
       597602.09,
       6614490.22
      ],
      [
       597604.78,
       6614488.44
      ],
      [
       597605.16,
       6614487.56
      ],
      [
       597606.56,
       6614486.25
      ],
      [
       597607.81,
       6614484.22
      ],
      [
       597609.06,
       6614480.81
      ],
      [
       597609.53,
       6614477.78
      ],
      [
       597610,
       6614468.25
      ],
      [
       597609.94,
       6614455.94
      ],
      [
       597609.63,
       6614446.38
      ],
      [
       597609.13,
       6614439.69
      ],
      [
       597608.19,
       6614434.16
      ],
      [
       597608,
       6614422.81
      ],
      [
       597607.63,
       6614415.41
      ],
      [
       597607.25,
       6614412.88
      ],
      [
       597606.09,
       6614409.53
      ],
      [
       597604.31,
       6614406.81
      ],
      [
       597601.41,
       6614404.19
      ],
      [
       597599.78,
       6614403.5
      ],
      [
       597598.56,
       6614402.56
      ],
      [
       597597.84,
       6614402.25
      ],
      [
       597595.38,
       6614401.81
      ],
      [
       597592.03,
       6614401.69
      ],
      [
       597590.59,
       6614401.81
      ],
      [
       597588.19,
       6614402.44
      ],
      [
       597586.59,
       6614403.19
      ],
      [
       597585.28,
       6614404.5
      ],
      [
       597584.25,
       6614405
      ],
      [
       597583.53,
       6614406.22
      ],
      [
       597582.63,
       6614406.63
      ],
      [
       597582.13,
       6614407.25
      ],
      [
       597580.25,
       6614412.25
      ],
      [
       597579.78,
       6614415.16
      ],
      [
       597579.34,
       6614419.47
      ],
      [
       597578.13,
       6614438.28
      ],
      [
       597577.06,
       6614446.75
      ],
      [
       597575.19,
       6614453.03
      ],
      [
       597573.06,
       6614456.84
      ],
      [
       597572.44,
       6614459.28
      ],
      [
       597570.41,
       6614464.38
      ],
      [
       597569.38,
       6614469.06
      ],
      [
       597569,
       6614475.25
      ],
      [
       597569.09,
       6614480.47
      ],
      [
       597570.22,
       6614494.09
      ],
      [
       597570.63,
       6614516.44
      ],
      [
       597570.88,
       6614520.31
      ],
      [
       597571.25,
       6614522.88
      ],
      [
       597572.56,
       6614525.78
      ],
      [
       597573.53,
       6614526.94
      ],
      [
       597574.19,
       6614528.81
      ],
      [
       597578.41,
       6614533.59
      ],
      [
       597579.13,
       6614534.75
      ],
      [
       597579.44,
       6614536.88
      ],
      [
       597579.5,
       6614540.5
      ],
      [
       597579.81,
       6614541.88
      ],
      [
       597580.44,
       6614542.63
      ],
      [
       597581.38,
       6614542.75
      ],
      [
       597583.84,
       6614541.94
      ],
      [
       597586.19,
       6614541.88
      ],
      [
       597589.09,
       6614542.72
      ],
      [
       597590.72,
       6614543.72
      ],
      [
       597591.56,
       6614544
      ]
     ]
    ]
   }
  },
  {
   "type": "Feature",
   "id": "tortuna-h08-fairway-plan-2026-1",
   "properties": {
    "kind": "fairway",
    "hole": 8,
    "sourceId": "caddee-hole-8",
    "sourceUrl": "https://caddee-prod-media.s3.amazonaws.com/hole-images/1196c590-1fe3-49f5-93c1-9a7f50aa94e6/hole-normal_web_B6JBJxt.png",
    "sourceSha256": "dfc0a4cc52d44130c27e69fc718c7b69d847ca14b15910f22c1592b79974afd0",
    "sourceKind": "club-published hole plan (Caddee), a stylised illustration",
    "method": "the plan fairway colour carrying its mowing stripes (structure-tensor orientation within 12 degrees of the plan stripe angle), grown 10 px into connected fairway colour, placed by a least-squares similarity on the model green, bunkers and tee platforms, and kept clear of greens, bunkers, water, tees, buildings, practice features and every published tree",
    "registration": {
     "metresPerPixel": 0.3422,
     "rotationDegrees": 57.17,
     "greenResidualMetres": 1.34,
     "bunkerResidualsMetres": [],
     "teeResidualsMetres": [
      {
       "anchor": "orange->Gul",
       "metres": 12.43
      },
      {
       "anchor": "red->Röd",
       "metres": 21.72
      }
     ]
    },
    "reviewStatus": "agent-rule-based-registration; human-review-pending",
    "accuracyStatus": "plan-derived shape on measured anchors; not surveyed",
    "stages": {
     "planSquareMetres": 4624,
     "afterSharedCorridorSquareMetres": 4624,
     "afterHardClearancesSquareMetres": 4621,
     "afterCorridorSquareMetres": 4621,
     "finishedSquareMetres": 4581
    },
    "publishedTreesInsidePlanShape": 0,
    "keyholeCells": 0,
    "horizontalUncertaintyMetres": 2,
    "areaSquareMetres": 4573,
    "mownFraction2026": 0.74,
    "notSurveyed": true,
    "terrainModified": false
   },
   "geometry": {
    "type": "Polygon",
    "coordinates": [
     [
      [
       597632.31,
       6614741.5
      ],
      [
       597633.19,
       6614741.5
      ],
      [
       597633.88,
       6614741.31
      ],
      [
       597634.38,
       6614740.94
      ],
      [
       597635.16,
       6614738.59
      ],
      [
       597635.94,
       6614737.66
      ],
      [
       597636.09,
       6614736.38
      ],
      [
       597636.28,
       6614736.13
      ],
      [
       597637.41,
       6614735.72
      ],
      [
       597637.56,
       6614734.78
      ],
      [
       597638.31,
       6614734.41
      ],
      [
       597638.69,
       6614733.09
      ],
      [
       597639.31,
       6614732.94
      ],
      [
       597639.56,
       6614732.16
      ],
      [
       597640.13,
       6614731.69
      ],
      [
       597640.44,
       6614730.69
      ],
      [
       597640.78,
       6614726.91
      ],
      [
       597641.44,
       6614725.75
      ],
      [
       597642.03,
       6614725.41
      ],
      [
       597643.88,
       6614725.19
      ],
      [
       597646.13,
       6614725.56
      ],
      [
       597646.88,
       6614725.94
      ],
      [
       597647.38,
       6614726.44
      ],
      [
       597648,
       6614727.72
      ],
      [
       597649.88,
       6614729.88
      ],
      [
       597651,
       6614730.81
      ],
      [
       597652.03,
       6614731.19
      ],
      [
       597652.31,
       6614731.63
      ],
      [
       597653.31,
       6614732.41
      ],
      [
       597655.31,
       6614733.56
      ],
      [
       597656.69,
       6614734.13
      ],
      [
       597662.31,
       6614735.44
      ],
      [
       597671.13,
       6614736
      ],
      [
       597678.44,
       6614735.88
      ],
      [
       597681.81,
       6614735.63
      ],
      [
       597694.66,
       6614734.03
      ],
      [
       597708.06,
       6614733.25
      ],
      [
       597710.06,
       6614732.94
      ],
      [
       597712.47,
       6614732.22
      ],
      [
       597713.5,
       6614731.63
      ],
      [
       597713.69,
       6614731.16
      ],
      [
       597716.5,
       6614730.25
      ],
      [
       597717.5,
       6614729.22
      ],
      [
       597720.59,
       6614727.69
      ],
      [
       597721.84,
       6614726.31
      ],
      [
       597723.88,
       6614724.88
      ],
      [
       597724.22,
       6614724
      ],
      [
       597727.28,
       6614721
      ],
      [
       597727.66,
       6614720.03
      ],
      [
       597729.06,
       6614718.44
      ],
      [
       597731.25,
       6614717.47
      ],
      [
       597737.03,
       6614716.38
      ],
      [
       597737.5,
       6614716.13
      ],
      [
       597737.5,
       6614715.88
      ],
      [
       597735.81,
       6614713.63
      ],
      [
       597734.88,
       6614711
      ],
      [
       597734.84,
       6614708.81
      ],
      [
       597735.44,
       6614706.38
      ],
      [
       597735.28,
       6614705.44
      ],
      [
       597734.59,
       6614704.81
      ],
      [
       597733.38,
       6614704.5
      ],
      [
       597728.69,
       6614704.22
      ],
      [
       597724.5,
       6614703.09
      ],
      [
       597721.44,
       6614703.06
      ],
      [
       597716.59,
       6614703.97
      ],
      [
       597711.25,
       6614706.06
      ],
      [
       597706.19,
       6614707.16
      ],
      [
       597705.16,
       6614708.03
      ],
      [
       597703.44,
       6614708.47
      ],
      [
       597699.13,
       6614709.13
      ],
      [
       597694.22,
       6614709.53
      ],
      [
       597687.44,
       6614709.81
      ],
      [
       597682.53,
       6614709.69
      ],
      [
       597681.25,
       6614709.44
      ],
      [
       597679.38,
       6614708.5
      ],
      [
       597677.5,
       6614708.19
      ],
      [
       597676.75,
       6614707.72
      ],
      [
       597676.25,
       6614706.91
      ],
      [
       597675.75,
       6614703.13
      ],
      [
       597675.25,
       6614702.38
      ],
      [
       597674.5,
       6614702
      ],
      [
       597672.25,
       6614702.19
      ],
      [
       597672,
       6614702.38
      ],
      [
       597672,
       6614702.63
      ],
      [
       597671.16,
       6614702.94
      ],
      [
       597666.94,
       6614703.19
      ],
      [
       597666.22,
       6614703.53
      ],
      [
       597664.97,
       6614705.13
      ],
      [
       597663.69,
       6614705.5
      ],
      [
       597662.06,
       6614705.41
      ],
      [
       597661.44,
       6614705.22
      ],
      [
       597659.63,
       6614704.09
      ],
      [
       597657.78,
       6614703.91
      ],
      [
       597655.63,
       6614703.06
      ],
      [
       597654.59,
       6614702.41
      ],
      [
       597653.91,
       6614701.63
      ],
      [
       597651.53,
       6614700.63
      ],
      [
       597650.41,
       6614699.63
      ],
      [
       597648.03,
       6614698.63
      ],
      [
       597646.84,
       6614697.56
      ],
      [
       597644.5,
       6614696.25
      ],
      [
       597642.97,
       6614695.63
      ],
      [
       597641.66,
       6614695.41
      ],
      [
       597639.34,
       6614694.09
      ],
      [
       597638.22,
       6614693.94
      ],
      [
       597637.09,
       6614693.19
      ],
      [
       597635.38,
       6614692.81
      ],
      [
       597633.06,
       6614691.88
      ],
      [
       597629.97,
       6614690.38
      ],
      [
       597627.5,
       6614688.88
      ],
      [
       597625.06,
       6614687.19
      ],
      [
       597623.69,
       6614686.63
      ],
      [
       597621.75,
       6614685.03
      ],
      [
       597620.03,
       6614684.34
      ],
      [
       597619.34,
       6614683.56
      ],
      [
       597615.91,
       6614681.5
      ],
      [
       597612.06,
       6614677.75
      ],
      [
       597610.34,
       6614675.59
      ],
      [
       597609.81,
       6614674
      ],
      [
       597609.06,
       6614673.25
      ],
      [
       597608.81,
       6614672
      ],
      [
       597608.06,
       6614671.25
      ],
      [
       597607.72,
       6614669.81
      ],
      [
       597606.78,
       6614668.66
      ],
      [
       597606.41,
       6614666.78
      ],
      [
       597605.28,
       6614665.16
      ],
      [
       597604.72,
       6614662.84
      ],
      [
       597603.31,
       6614660.94
      ],
      [
       597601.91,
       6614658.13
      ],
      [
       597600.78,
       6614656.88
      ],
      [
       597599.41,
       6614654.13
      ],
      [
       597598.69,
       6614653.53
      ],
      [
       597598.5,
       6614652.88
      ],
      [
       597597.19,
       6614651.25
      ],
      [
       597591.94,
       6614645.75
      ],
      [
       597591.5,
       6614644.88
      ],
      [
       597590.28,
       6614643.44
      ],
      [
       597586.09,
       6614639.56
      ],
      [
       597584.25,
       6614638.13
      ],
      [
       597582.66,
       6614637.66
      ],
      [
       597580.91,
       6614637.78
      ],
      [
       597580.47,
       6614637.59
      ],
      [
       597579.47,
       6614636.38
      ],
      [
       597578.19,
       6614636
      ],
      [
       597575.47,
       6614636.38
      ],
      [
       597573.5,
       6614637.25
      ],
      [
       597572.5,
       6614637.94
      ],
      [
       597570.5,
       6614639.88
      ],
      [
       597569.5,
       6614641.13
      ],
      [
       597568.75,
       6614642.59
      ],
      [
       597568.25,
       6614644.28
      ],
      [
       597568,
       6614646.19
      ],
      [
       597568.06,
       6614649.94
      ],
      [
       597568.38,
       6614651.69
      ],
      [
       597568.91,
       6614652.16
      ],
      [
       597570.56,
       6614655.56
      ],
      [
       597572.56,
       6614657.88
      ],
      [
       597575.66,
       6614660.88
      ],
      [
       597576.34,
       6614662.16
      ],
      [
       597577.03,
       6614662.97
      ],
      [
       597581.16,
       6614667.34
      ],
      [
       597581.59,
       6614668.38
      ],
      [
       597582.91,
       6614669.72
      ],
      [
       597583.09,
       6614670.75
      ],
      [
       597584.41,
       6614671.75
      ],
      [
       597584.81,
       6614673.06
      ],
      [
       597589.19,
       6614678.34
      ],
      [
       597589.88,
       6614679.72
      ],
      [
       597591.25,
       6614680.97
      ],
      [
       597593.56,
       6614684.75
      ],
      [
       597594.63,
       6614685.38
      ],
      [
       597595.41,
       6614686.69
      ],
      [
       597596.72,
       6614687.88
      ],
      [
       597597,
       6614688.63
      ],
      [
       597597.91,
       6614689.69
      ],
      [
       597602.44,
       6614694.25
      ],
      [
       597606.06,
       6614697.75
      ],
      [
       597611.72,
       6614702.69
      ],
      [
       597613.75,
       6614704.13
      ],
      [
       597615.25,
       6614704.88
      ],
      [
       597618.44,
       6614705.81
      ],
      [
       597620.13,
       6614706
      ],
      [
       597623.47,
       6614705.91
      ],
      [
       597626.19,
       6614705.44
      ],
      [
       597628.56,
       6614704.78
      ],
      [
       597633.06,
       6614704.5
      ],
      [
       597635.84,
       6614704.97
      ],
      [
       597637,
       6614705.44
      ],
      [
       597638.75,
       6614706.78
      ],
      [
       597639.25,
       6614707.59
      ],
      [
       597639.5,
       6614708.5
      ],
      [
       597639.5,
       6614709.5
      ],
      [
       597639.13,
       6614711.22
      ],
      [
       597638.25,
       6614712.56
      ],
      [
       597637.06,
       6614713.44
      ],
      [
       597634.97,
       6614714.09
      ],
      [
       597634.41,
       6614714.53
      ],
      [
       597633.56,
       6614715.88
      ],
      [
       597632.84,
       6614716.47
      ],
      [
       597631.78,
       6614716.91
      ],
      [
       597628.63,
       6614717.31
      ],
      [
       597627.31,
       6614718.03
      ],
      [
       597626.44,
       6614719.34
      ],
      [
       597626,
       6614721.25
      ],
      [
       597626,
       6614723.75
      ],
      [
       597626.31,
       6614725.63
      ],
      [
       597626.94,
       6614726.88
      ],
      [
       597627.88,
       6614727.5
      ],
      [
       597629.13,
       6614727.5
      ],
      [
       597630.78,
       6614727.31
      ],
      [
       597631.69,
       6614726.72
      ],
      [
       597634.31,
       6614726.81
      ],
      [
       597635.16,
       6614727.16
      ],
      [
       597635.72,
       6614727.72
      ],
      [
       597636,
       6614728.5
      ],
      [
       597635.81,
       6614730.75
      ],
      [
       597635.06,
       6614731.28
      ],
      [
       597634.81,
       6614732.41
      ],
      [
       597634.19,
       6614732.63
      ],
      [
       597633.88,
       6614734.13
      ],
      [
       597633.63,
       6614734.38
      ],
      [
       597631.94,
       6614734.78
      ],
      [
       597631.38,
       6614735.44
      ],
      [
       597631.19,
       6614736.06
      ],
      [
       597631,
       6614739.44
      ],
      [
       597631.22,
       6614740.47
      ],
      [
       597631.66,
       6614741.16
      ],
      [
       597632.31,
       6614741.5
      ]
     ]
    ]
   }
  },
  {
   "type": "Feature",
   "id": "tortuna-h09-fairway-plan-2026-1",
   "properties": {
    "kind": "fairway",
    "hole": 9,
    "sourceId": "caddee-hole-9",
    "sourceUrl": "https://caddee-prod-media.s3.amazonaws.com/hole-images/dadfe223-7fe8-4054-964d-46ea0cfe05df/hole-normal_web_DuGtXi0.png",
    "sourceSha256": "c796ad28519046fd3731b618362abc8335bf26c252a2ebfeffe20ab9d6af32f4",
    "sourceKind": "club-published hole plan (Caddee), a stylised illustration",
    "method": "the plan fairway colour carrying its mowing stripes (structure-tensor orientation within 12 degrees of the plan stripe angle), grown 10 px into connected fairway colour, placed by a least-squares similarity on the model green, bunkers and tee platforms, and kept clear of greens, bunkers, water, tees, buildings, practice features and every published tree",
    "registration": {
     "metresPerPixel": 0.1542,
     "rotationDegrees": -35,
     "greenResidualMetres": 0.7,
     "bunkerResidualsMetres": [
      {
       "hole": 9,
       "id": "tortuna-h09-bunker-north-native-detail",
       "metres": 0.77
      },
      {
       "hole": 9,
       "id": "tortuna-h09-bunker-east-native-detail",
       "metres": 1.65
      }
     ],
     "teeResidualsMetres": [
      {
       "anchor": "orange->Gul",
       "metres": 3.6
      },
      {
       "anchor": "red->Röd",
       "metres": 5.46
      }
     ]
    },
    "reviewStatus": "agent-rule-based-registration; human-review-pending",
    "accuracyStatus": "plan-derived shape on measured anchors; not surveyed",
    "stages": {
     "planSquareMetres": 677,
     "afterSharedCorridorSquareMetres": 677,
     "afterHardClearancesSquareMetres": 677,
     "afterCorridorSquareMetres": 677,
     "finishedSquareMetres": 585
    },
    "publishedTreesInsidePlanShape": 0,
    "keyholeCells": 0,
    "horizontalUncertaintyMetres": 2,
    "areaSquareMetres": 566.1,
    "mownFraction2026": 0.729,
    "notSurveyed": true,
    "terrainModified": false
   },
   "geometry": {
    "type": "Polygon",
    "coordinates": [
     [
      [
       597525.13,
       6615017
      ],
      [
       597525.88,
       6615017
      ],
      [
       597526.44,
       6615016.72
      ],
      [
       597526.81,
       6615016.16
      ],
      [
       597527,
       6615014.19
      ],
      [
       597526.81,
       6615012.78
      ],
      [
       597525.88,
       6615011.94
      ],
      [
       597525.06,
       6615010.06
      ],
      [
       597524.69,
       6615009.69
      ],
      [
       597523.75,
       6615009.5
      ],
      [
       597523.38,
       6615009.22
      ],
      [
       597523.13,
       6615008.66
      ],
      [
       597523,
       6615007.81
      ],
      [
       597523.13,
       6615005.63
      ],
      [
       597523.38,
       6615004.63
      ],
      [
       597524.25,
       6615002.81
      ],
      [
       597526.31,
       6615000.19
      ],
      [
       597528.16,
       6614998.59
      ],
      [
       597530.38,
       6614997.63
      ],
      [
       597532.84,
       6614997.06
      ],
      [
       597535.19,
       6614996.25
      ],
      [
       597537.63,
       6614994.88
      ],
      [
       597539.13,
       6614993.63
      ],
      [
       597542.69,
       6614990
      ],
      [
       597544.09,
       6614988.19
      ],
      [
       597545.03,
       6614986.56
      ],
      [
       597545.5,
       6614985.13
      ],
      [
       597545.5,
       6614983.88
      ],
      [
       597544.75,
       6614981.38
      ],
      [
       597543,
       6614978.88
      ],
      [
       597540.75,
       6614976.63
      ],
      [
       597540.25,
       6614976.38
      ],
      [
       597538.22,
       6614976.06
      ],
      [
       597531.06,
       6614976
      ],
      [
       597530.44,
       6614976
      ],
      [
       597529.97,
       6614976.34
      ],
      [
       597529.66,
       6614977.03
      ],
      [
       597529.38,
       6614980.56
      ],
      [
       597528.75,
       6614982.06
      ],
      [
       597527.63,
       6614983.09
      ],
      [
       597527.22,
       6614984.13
      ],
      [
       597523.44,
       6614988.84
      ],
      [
       597517.22,
       6614999.72
      ],
      [
       597513.5,
       6615004.88
      ],
      [
       597510,
       6615009.03
      ],
      [
       597509,
       6615010.59
      ],
      [
       597508.5,
       6615011.81
      ],
      [
       597508.59,
       6615013.34
      ],
      [
       597509.06,
       6615014
      ],
      [
       597510.28,
       6615013.72
      ],
      [
       597511.91,
       6615012.75
      ],
      [
       597513.69,
       6615012.31
      ],
      [
       597515.91,
       6615012.19
      ],
      [
       597518,
       6615012.56
      ],
      [
       597520.34,
       6615013.59
      ],
      [
       597521.06,
       6615014.38
      ],
      [
       597523.06,
       6615015.41
      ],
      [
       597524.09,
       6615016.72
      ],
      [
       597525.13,
       6615017
      ]
     ]
    ]
   }
  },
  {
   "type": "Feature",
   "id": "tortuna-h10-fairway-plan-2026-1",
   "properties": {
    "kind": "fairway",
    "hole": 10,
    "sourceId": "caddee-hole-10",
    "sourceUrl": "https://caddee-prod-media.s3.amazonaws.com/hole-images/78cc3740-6bdd-4222-807b-b14e0b1b550d/hole-normal_web_x1KdlKu.png",
    "sourceSha256": "e5b1b2d2da19845cdd07e0d6298204930c848d0aa92d9654f46c7ac9470dd2e8",
    "sourceKind": "club-published hole plan (Caddee), a stylised illustration",
    "method": "the plan fairway colour carrying its mowing stripes (structure-tensor orientation within 12 degrees of the plan stripe angle), grown 10 px into connected fairway colour, placed by a least-squares similarity on the model green, bunkers and tee platforms, and kept clear of greens, bunkers, water, tees, buildings, practice features and every published tree",
    "registration": {
     "metresPerPixel": 0.3274,
     "rotationDegrees": 76.85,
     "greenResidualMetres": 0.75,
     "bunkerResidualsMetres": [
      {
       "hole": 10,
       "id": "tortuna-h10-bunker-review2-01",
       "metres": 1.1
      },
      {
       "hole": 10,
       "id": "tortuna-h10-bunker-review2-02",
       "metres": 1.61
      },
      {
       "hole": 10,
       "id": "tortuna-h10-bunker-03",
       "metres": 2.29
      },
      {
       "hole": 11,
       "id": "tortuna-h11-bunker-01",
       "metres": 9.15
      }
     ],
     "teeResidualsMetres": [
      {
       "anchor": "orange->Gul",
       "metres": 8.18
      },
      {
       "anchor": "red->Röd",
       "metres": 8.4
      }
     ]
    },
    "reviewStatus": "agent-rule-based-registration; human-review-pending",
    "accuracyStatus": "plan-derived shape on measured anchors; not surveyed",
    "stages": {
     "planSquareMetres": 4810,
     "afterSharedCorridorSquareMetres": 4810,
     "afterHardClearancesSquareMetres": 4810,
     "afterCorridorSquareMetres": 4810,
     "finishedSquareMetres": 4683
    },
    "publishedTreesInsidePlanShape": 0,
    "keyholeCells": 0,
    "horizontalUncertaintyMetres": 9.2,
    "areaSquareMetres": 3857.4,
    "mownFraction2026": 0.808,
    "notSurveyed": true,
    "terrainModified": false
   },
   "geometry": {
    "type": "Polygon",
    "coordinates": [
     [
      [
       597759.44,
       6615395
      ],
      [
       597760.06,
       6615395
      ],
      [
       597760.5,
       6615394.66
      ],
      [
       597760.75,
       6615393.97
      ],
      [
       597760.72,
       6615390.31
      ],
      [
       597761.25,
       6615388.19
      ],
      [
       597762.84,
       6615385.94
      ],
      [
       597764.53,
       6615384.59
      ],
      [
       597764.84,
       6615384.03
      ],
      [
       597765,
       6615382.63
      ],
      [
       597764.44,
       6615381.5
      ],
      [
       597763.13,
       6615380.88
      ],
      [
       597762.5,
       6615380.31
      ],
      [
       597762,
       6615379.44
      ],
      [
       597761.03,
       6615375.44
      ],
      [
       597760.06,
       6615373.38
      ],
      [
       597758.38,
       6615371.59
      ],
      [
       597757.16,
       6615370.88
      ],
      [
       597755.75,
       6615368.81
      ],
      [
       597755.03,
       6615365.47
      ],
      [
       597754.69,
       6615360
      ],
      [
       597754.16,
       6615355.59
      ],
      [
       597753.75,
       6615354.19
      ],
      [
       597753.25,
       6615353.31
      ],
      [
       597752.25,
       6615352.03
      ],
      [
       597751.25,
       6615351.38
      ],
      [
       597750.91,
       6615350.84
      ],
      [
       597750.69,
       6615348.94
      ],
      [
       597751.09,
       6615346.53
      ],
      [
       597751.53,
       6615345.84
      ],
      [
       597752.13,
       6615345.5
      ],
      [
       597753.5,
       6615345.44
      ],
      [
       597754.38,
       6615345.13
      ],
      [
       597754.78,
       6615344.41
      ],
      [
       597754.69,
       6615341.69
      ],
      [
       597754.38,
       6615340.78
      ],
      [
       597753.88,
       6615340.09
      ],
      [
       597753.19,
       6615339.63
      ],
      [
       597751.22,
       6615339.19
      ],
      [
       597748.38,
       6615339
      ],
      [
       597745.22,
       6615339.06
      ],
      [
       597743.44,
       6615339.38
      ],
      [
       597742.47,
       6615339.81
      ],
      [
       597738.38,
       6615340.19
      ],
      [
       597737.63,
       6615340.56
      ],
      [
       597737.13,
       6615341.13
      ],
      [
       597736.88,
       6615341.88
      ],
      [
       597736.44,
       6615342.44
      ],
      [
       597735.81,
       6615342.81
      ],
      [
       597734,
       6615343
      ],
      [
       597731.19,
       6615342.44
      ],
      [
       597730.31,
       6615342.06
      ],
      [
       597728.66,
       6615340.94
      ],
      [
       597726.47,
       6615338.63
      ],
      [
       597724.5,
       6615337.16
      ],
      [
       597724,
       6615335.81
      ],
      [
       597722.63,
       6615334.38
      ],
      [
       597720.94,
       6615331.38
      ],
      [
       597719.97,
       6615328.69
      ],
      [
       597719.06,
       6615324.44
      ],
      [
       597718.25,
       6615322.38
      ],
      [
       597716.75,
       6615320.59
      ],
      [
       597715.13,
       6615319.84
      ],
      [
       597715,
       6615319.38
      ],
      [
       597714.44,
       6615318.78
      ],
      [
       597712.22,
       6615317.72
      ],
      [
       597706.84,
       6615316.38
      ],
      [
       597706.28,
       6615315.69
      ],
      [
       597705.84,
       6615315.56
      ],
      [
       597703.56,
       6615315.59
      ],
      [
       597702.94,
       6615315.78
      ],
      [
       597702.06,
       6615316.44
      ],
      [
       597700.38,
       6615316.91
      ],
      [
       597696.09,
       6615316.97
      ],
      [
       597694.25,
       6615316.81
      ],
      [
       597693.38,
       6615316.53
      ],
      [
       597692.44,
       6615315.13
      ],
      [
       597691.56,
       6615314.66
      ],
      [
       597689.31,
       6615314.19
      ],
      [
       597688.59,
       6615313.72
      ],
      [
       597688.03,
       6615312.91
      ],
      [
       597687.63,
       6615311.75
      ],
      [
       597687.38,
       6615309.06
      ],
      [
       597687.63,
       6615308.19
      ],
      [
       597688.13,
       6615307.63
      ],
      [
       597688.88,
       6615307.38
      ],
      [
       597689.81,
       6615306.59
      ],
      [
       597690,
       6615305.44
      ],
      [
       597689.53,
       6615304.66
      ],
      [
       597687.97,
       6615304.44
      ],
      [
       597687.66,
       6615304.31
      ],
      [
       597687.5,
       6615303.88
      ],
      [
       597687.09,
       6615303.69
      ],
      [
       597683.44,
       6615303.5
      ],
      [
       597682.22,
       6615303.75
      ],
      [
       597681.41,
       6615304.25
      ],
      [
       597681,
       6615305
      ],
      [
       597681,
       6615306
      ],
      [
       597681.38,
       6615307.63
      ],
      [
       597682.25,
       6615308.75
      ],
      [
       597682.59,
       6615309.5
      ],
      [
       597682.81,
       6615311.75
      ],
      [
       597682.69,
       6615313.25
      ],
      [
       597682.16,
       6615314.38
      ],
      [
       597681.22,
       6615315.13
      ],
      [
       597679.88,
       6615315.5
      ],
      [
       597676.66,
       6615315.53
      ],
      [
       597673.94,
       6615315.81
      ],
      [
       597672.97,
       6615316.16
      ],
      [
       597672.38,
       6615316.63
      ],
      [
       597670.38,
       6615317.59
      ],
      [
       597666.38,
       6615319.19
      ],
      [
       597661.41,
       6615320.47
      ],
      [
       597652.03,
       6615321.72
      ],
      [
       597651.13,
       6615322.06
      ],
      [
       597650.28,
       6615323
      ],
      [
       597649.28,
       6615323.47
      ],
      [
       597648.94,
       6615324.34
      ],
      [
       597648.38,
       6615324.81
      ],
      [
       597648.06,
       6615325.41
      ],
      [
       597645.94,
       6615332.59
      ],
      [
       597644.59,
       6615334.41
      ],
      [
       597642.81,
       6615337.69
      ],
      [
       597642.19,
       6615338.56
      ],
      [
       597640.94,
       6615339.75
      ],
      [
       597640.16,
       6615341.41
      ],
      [
       597640,
       6615342.56
      ],
      [
       597640.13,
       6615345.16
      ],
      [
       597640.38,
       6615346.22
      ],
      [
       597641.25,
       6615347.88
      ],
      [
       597642,
       6615348.53
      ],
      [
       597644.25,
       6615349.56
      ],
      [
       597647.09,
       6615350.22
      ],
      [
       597650.19,
       6615350.5
      ],
      [
       597655.06,
       6615349.94
      ],
      [
       597659.25,
       6615349.19
      ],
      [
       597660.5,
       6615348.81
      ],
      [
       597661.19,
       6615348.44
      ],
      [
       597661.31,
       6615348.06
      ],
      [
       597663.34,
       6615347.75
      ],
      [
       597667.28,
       6615347.5
      ],
      [
       597680.88,
       6615347.19
      ],
      [
       597691.59,
       6615347.31
      ],
      [
       597694.56,
       6615347.56
      ],
      [
       597698.22,
       6615348.41
      ],
      [
       597700.81,
       6615348.63
      ],
      [
       597705.94,
       6615350.19
      ],
      [
       597707.91,
       6615351.31
      ],
      [
       597709.22,
       6615351.56
      ],
      [
       597709.66,
       6615352.34
      ],
      [
       597711.94,
       6615353.25
      ],
      [
       597712.84,
       6615354.44
      ],
      [
       597719.63,
       6615358.44
      ],
      [
       597722.5,
       6615361.28
      ],
      [
       597723.13,
       6615361.5
      ],
      [
       597724.38,
       6615362.53
      ],
      [
       597727.56,
       6615366.03
      ],
      [
       597728.5,
       6615367.38
      ],
      [
       597728.56,
       6615367.81
      ],
      [
       597729.13,
       6615368
      ],
      [
       597729.53,
       6615368.44
      ],
      [
       597732.97,
       6615374.66
      ],
      [
       597733.81,
       6615375.47
      ],
      [
       597734.09,
       6615376.34
      ],
      [
       597735.5,
       6615377.34
      ],
      [
       597736.16,
       6615378.88
      ],
      [
       597737.06,
       6615379.19
      ],
      [
       597739.5,
       6615380.88
      ],
      [
       597740.78,
       6615381.53
      ],
      [
       597742.34,
       6615382.09
      ],
      [
       597747.91,
       6615383.41
      ],
      [
       597748.97,
       6615383.97
      ],
      [
       597749.5,
       6615384.63
      ],
      [
       597749.5,
       6615385.38
      ],
      [
       597749.88,
       6615386.31
      ],
      [
       597751.75,
       6615386.88
      ],
      [
       597753.25,
       6615388.16
      ],
      [
       597755.13,
       6615389.09
      ],
      [
       597755.5,
       6615390.13
      ],
      [
       597755.69,
       6615391.91
      ],
      [
       597756.34,
       6615392.53
      ],
      [
       597757.25,
       6615394.47
      ],
      [
       597757.94,
       6615394.81
      ],
      [
       597759.44,
       6615395
      ]
     ]
    ]
   }
  },
  {
   "type": "Feature",
   "id": "tortuna-h11-fairway-plan-2026-1",
   "properties": {
    "kind": "fairway",
    "hole": 11,
    "sourceId": "caddee-hole-11",
    "sourceUrl": "https://caddee-prod-media.s3.amazonaws.com/hole-images/585e0c4a-8b99-411f-a146-c6f1eafe5861/hole-normal_web_COPVlPZ.png",
    "sourceSha256": "34ef46abf1c8a8049903d7d95dc9558346a7650cca99a4986671c9f5e5ae5471",
    "sourceKind": "club-published hole plan (Caddee), a stylised illustration",
    "method": "the plan fairway colour carrying its mowing stripes (structure-tensor orientation within 12 degrees of the plan stripe angle), grown 10 px into connected fairway colour, placed by a least-squares similarity on the model green, bunkers and tee platforms, and kept clear of greens, bunkers, water, tees, buildings, practice features and every published tree",
    "registration": {
     "metresPerPixel": 0.195,
     "rotationDegrees": -106.14,
     "greenResidualMetres": 0.14,
     "bunkerResidualsMetres": [
      {
       "hole": 11,
       "id": "tortuna-h11-bunker-01",
       "metres": 0.45
      }
     ],
     "teeResidualsMetres": [
      {
       "anchor": "orange->Gul",
       "metres": 0.08
      },
      {
       "anchor": "red->Röd",
       "metres": 0.27
      }
     ]
    },
    "reviewStatus": "agent-rule-based-registration; human-review-pending",
    "accuracyStatus": "plan-derived shape on measured anchors; not surveyed",
    "stages": {
     "planSquareMetres": 285,
     "afterSharedCorridorSquareMetres": 285,
     "afterHardClearancesSquareMetres": 285,
     "afterCorridorSquareMetres": 285,
     "finishedSquareMetres": 269
    },
    "publishedTreesInsidePlanShape": 0,
    "keyholeCells": 0,
    "horizontalUncertaintyMetres": 2,
    "areaSquareMetres": 265,
    "mownFraction2026": 0.377,
    "notSurveyed": true,
    "terrainModified": false
   },
   "geometry": {
    "type": "Polygon",
    "coordinates": [
     [
      [
       597613.06,
       6615400.5
      ],
      [
       597615.69,
       6615400.34
      ],
      [
       597617.81,
       6615399.56
      ],
      [
       597619.44,
       6615398.28
      ],
      [
       597620.56,
       6615396.88
      ],
      [
       597621.22,
       6615395.03
      ],
      [
       597621.5,
       6615391.81
      ],
      [
       597621.5,
       6615389.69
      ],
      [
       597620.94,
       6615386.38
      ],
      [
       597620.38,
       6615385.19
      ],
      [
       597618.5,
       6615383.22
      ],
      [
       597617.53,
       6615382.84
      ],
      [
       597615.22,
       6615380.94
      ],
      [
       597614.41,
       6615380.56
      ],
      [
       597612.5,
       6615380.19
      ],
      [
       597611.75,
       6615379.91
      ],
      [
       597611.25,
       6615379.47
      ],
      [
       597611,
       6615378.88
      ],
      [
       597610.72,
       6615376.91
      ],
      [
       597609.78,
       6615375.69
      ],
      [
       597609.28,
       6615374.22
      ],
      [
       597608.19,
       6615373.63
      ],
      [
       597606.66,
       6615373.34
      ],
      [
       597606.22,
       6615373.53
      ],
      [
       597606,
       6615373.94
      ],
      [
       597606.09,
       6615375.22
      ],
      [
       597607.22,
       6615378.13
      ],
      [
       597607.5,
       6615380.38
      ],
      [
       597607.22,
       6615381.69
      ],
      [
       597606.28,
       6615383.34
      ],
      [
       597606,
       6615385.69
      ],
      [
       597606.25,
       6615386.34
      ],
      [
       597606.75,
       6615386.78
      ],
      [
       597609.25,
       6615387.22
      ],
      [
       597609.75,
       6615387.66
      ],
      [
       597610,
       6615388.31
      ],
      [
       597609.81,
       6615391.06
      ],
      [
       597609.53,
       6615391.72
      ],
      [
       597608.88,
       6615392
      ],
      [
       597608.47,
       6615392.47
      ],
      [
       597608.03,
       6615394.09
      ],
      [
       597607.19,
       6615395.53
      ],
      [
       597607,
       6615397.69
      ],
      [
       597607.25,
       6615398.44
      ],
      [
       597607.75,
       6615399.06
      ],
      [
       597608.5,
       6615399.56
      ],
      [
       597610.59,
       6615400.22
      ],
      [
       597613.06,
       6615400.5
      ]
     ]
    ]
   }
  },
  {
   "type": "Feature",
   "id": "tortuna-h12-fairway-plan-2026-1",
   "properties": {
    "kind": "fairway",
    "hole": 12,
    "sourceId": "caddee-hole-12",
    "sourceUrl": "https://caddee-prod-media.s3.amazonaws.com/hole-images/f28f3a13-31bf-42f7-9454-6d944bb95309/hole-normal_web_NzyUj56.png",
    "sourceSha256": "bfa2fd57927e98386133b76001c67594c586654fb42c14cb43463876e3323140",
    "sourceKind": "club-published hole plan (Caddee), a stylised illustration",
    "method": "the plan fairway colour carrying its mowing stripes (structure-tensor orientation within 12 degrees of the plan stripe angle), grown 10 px into connected fairway colour, placed by a least-squares similarity on the model green, bunkers and tee platforms, and kept clear of greens, bunkers, water, tees, buildings, practice features and every published tree",
    "registration": {
     "metresPerPixel": 0.4301,
     "rotationDegrees": 17.64,
     "greenResidualMetres": 1.45,
     "bunkerResidualsMetres": [
      {
       "hole": 12,
       "id": "tortuna-h12-bunker-03",
       "metres": 0.75
      },
      {
       "hole": 12,
       "id": "tortuna-h12-bunker-review2-02",
       "metres": 1.22
      },
      {
       "hole": 12,
       "id": "tortuna-h12-bunker-04",
       "metres": 5.34
      }
     ],
     "teeResidualsMetres": [
      {
       "anchor": "orange->Gul",
       "metres": 9.68
      },
      {
       "anchor": "red->Röd",
       "metres": 3.2
      }
     ]
    },
    "reviewStatus": "agent-rule-based-registration; human-review-pending",
    "accuracyStatus": "plan-derived shape on measured anchors; not surveyed",
    "stages": {
     "planSquareMetres": 10241,
     "afterSharedCorridorSquareMetres": 10241,
     "afterHardClearancesSquareMetres": 10160,
     "afterCorridorSquareMetres": 10160,
     "finishedSquareMetres": 10042
    },
    "publishedTreesInsidePlanShape": 5,
    "keyholeCells": 0,
    "horizontalUncertaintyMetres": 5.3,
    "areaSquareMetres": 6691.2,
    "mownFraction2026": 0.718,
    "notSurveyed": true,
    "terrainModified": false
   },
   "geometry": {
    "type": "Polygon",
    "coordinates": [
     [
      [
       597647.81,
       6615723
      ],
      [
       597649.88,
       6615722.72
      ],
      [
       597650.75,
       6615721.59
      ],
      [
       597652.28,
       6615721.13
      ],
      [
       597653.91,
       6615719.78
      ],
      [
       597655.69,
       6615718.94
      ],
      [
       597657.91,
       6615718.38
      ],
      [
       597660,
       6615718.56
      ],
      [
       597662.44,
       6615719.69
      ],
      [
       597663.72,
       6615720.91
      ],
      [
       597664.72,
       6615720.91
      ],
      [
       597665,
       6615720.06
      ],
      [
       597665.94,
       6615719.13
      ],
      [
       597669.78,
       6615716.97
      ],
      [
       597670.59,
       6615716.13
      ],
      [
       597673.03,
       6615715
      ],
      [
       597673.59,
       6615714.5
      ],
      [
       597675.38,
       6615712
      ],
      [
       597675.94,
       6615711.63
      ],
      [
       597677.25,
       6615711.19
      ],
      [
       597679.69,
       6615711
      ],
      [
       597680.44,
       6615711.28
      ],
      [
       597681.06,
       6615711.84
      ],
      [
       597682.47,
       6615714.66
      ],
      [
       597683.16,
       6615715.22
      ],
      [
       597684,
       6615715.5
      ],
      [
       597685.78,
       6615715.31
      ],
      [
       597686.34,
       6615714.94
      ],
      [
       597686.69,
       6615714.38
      ],
      [
       597687.25,
       6615712.31
      ],
      [
       597688.22,
       6615710.66
      ],
      [
       597688.5,
       6615709.19
      ],
      [
       597688.5,
       6615708.31
      ],
      [
       597688.22,
       6615707.22
      ],
      [
       597687.25,
       6615706.88
      ],
      [
       597686.69,
       6615705.75
      ],
      [
       597686.81,
       6615701.88
      ],
      [
       597687.53,
       6615700.03
      ],
      [
       597688.13,
       6615699.44
      ],
      [
       597689.88,
       6615698.78
      ],
      [
       597694.38,
       6615698.5
      ],
      [
       597695.69,
       6615698.22
      ],
      [
       597696.56,
       6615697.66
      ],
      [
       597697,
       6615696.81
      ],
      [
       597696.72,
       6615693.72
      ],
      [
       597696.06,
       6615692.13
      ],
      [
       597695.59,
       6615690.16
      ],
      [
       597695.5,
       6615687.56
      ],
      [
       597695.97,
       6615684.91
      ],
      [
       597697.06,
       6615682.38
      ],
      [
       597698.22,
       6615678.75
      ],
      [
       597699.25,
       6615673.63
      ],
      [
       597699.97,
       6615666.25
      ],
      [
       597700.5,
       6615652.34
      ],
      [
       597701.06,
       6615647.94
      ],
      [
       597702,
       6615646.72
      ],
      [
       597702.5,
       6615645.34
      ],
      [
       597703.75,
       6615644.44
      ],
      [
       597704,
       6615644.06
      ],
      [
       597704.31,
       6615642.94
      ],
      [
       597704.94,
       6615642.06
      ],
      [
       597706.72,
       6615641.34
      ],
      [
       597709.88,
       6615638.13
      ],
      [
       597711.13,
       6615637.38
      ],
      [
       597714.38,
       6615636.25
      ],
      [
       597715.72,
       6615635.53
      ],
      [
       597716.66,
       6615634.59
      ],
      [
       597717.19,
       6615633.44
      ],
      [
       597717.31,
       6615632.06
      ],
      [
       597717.19,
       6615631.03
      ],
      [
       597716.81,
       6615630.34
      ],
      [
       597716.19,
       6615630
      ],
      [
       597715.31,
       6615630
      ],
      [
       597714.59,
       6615629.78
      ],
      [
       597714.03,
       6615629.34
      ],
      [
       597713.38,
       6615627.81
      ],
      [
       597713.06,
       6615625.59
      ],
      [
       597713,
       6615622.75
      ],
      [
       597713.66,
       6615619.56
      ],
      [
       597714.31,
       6615617.88
      ],
      [
       597715.91,
       6615614.81
      ],
      [
       597716.47,
       6615613.94
      ],
      [
       597717.53,
       6615613.03
      ],
      [
       597718.09,
       6615611.31
      ],
      [
       597720.5,
       6615608.69
      ],
      [
       597721,
       6615607.81
      ],
      [
       597721.63,
       6615605.69
      ],
      [
       597722.28,
       6615604.72
      ],
      [
       597723.34,
       6615603.91
      ],
      [
       597724.81,
       6615603.25
      ],
      [
       597729.13,
       6615601.84
      ],
      [
       597729.69,
       6615601.44
      ],
      [
       597729.91,
       6615600.47
      ],
      [
       597730,
       6615597.38
      ],
      [
       597729.91,
       6615596.41
      ],
      [
       597729.44,
       6615595.31
      ],
      [
       597728.72,
       6615595
      ],
      [
       597727.44,
       6615593.78
      ],
      [
       597724.19,
       6615593.25
      ],
      [
       597723.56,
       6615592.75
      ],
      [
       597723.13,
       6615592
      ],
      [
       597722.28,
       6615589.75
      ],
      [
       597721.22,
       6615589.31
      ],
      [
       597720.63,
       6615588.38
      ],
      [
       597720.38,
       6615587.63
      ],
      [
       597720.06,
       6615584.53
      ],
      [
       597720,
       6615579.31
      ],
      [
       597719.72,
       6615575.06
      ],
      [
       597719.44,
       6615573.69
      ],
      [
       597718.78,
       6615571.91
      ],
      [
       597718.5,
       6615570
      ],
      [
       597718.5,
       6615569
      ],
      [
       597719.09,
       6615568.06
      ],
      [
       597720.28,
       6615567.19
      ],
      [
       597722.06,
       6615566.38
      ],
      [
       597724.44,
       6615565.63
      ],
      [
       597726.22,
       6615564.81
      ],
      [
       597727.41,
       6615563.94
      ],
      [
       597728,
       6615563
      ],
      [
       597727.84,
       6615561.19
      ],
      [
       597727.53,
       6615560.56
      ],
      [
       597727.06,
       6615560.13
      ],
      [
       597726.44,
       6615559.88
      ],
      [
       597724.91,
       6615559.56
      ],
      [
       597722.25,
       6615559.56
      ],
      [
       597721.5,
       6615559.88
      ],
      [
       597721.34,
       6615560.44
      ],
      [
       597719.94,
       6615561.75
      ],
      [
       597718.88,
       6615562.38
      ],
      [
       597718.06,
       6615562.5
      ],
      [
       597717.59,
       6615562.22
      ],
      [
       597717.31,
       6615561.28
      ],
      [
       597714.97,
       6615560.84
      ],
      [
       597714.41,
       6615560.53
      ],
      [
       597713.94,
       6615560.06
      ],
      [
       597713.13,
       6615558.47
      ],
      [
       597711.44,
       6615553.5
      ],
      [
       597711,
       6615551.63
      ],
      [
       597710.69,
       6615548.25
      ],
      [
       597711.31,
       6615543.25
      ],
      [
       597712.41,
       6615541.59
      ],
      [
       597715.66,
       6615538.03
      ],
      [
       597717.06,
       6615537
      ],
      [
       597717.88,
       6615536.91
      ],
      [
       597720.47,
       6615535.75
      ],
      [
       597724.88,
       6615535.19
      ],
      [
       597726.22,
       6615534.56
      ],
      [
       597727.16,
       6615533.44
      ],
      [
       597727.69,
       6615531.81
      ],
      [
       597727.84,
       6615528.03
      ],
      [
       597727.63,
       6615526.13
      ],
      [
       597727.16,
       6615525.53
      ],
      [
       597726.41,
       6615523.47
      ],
      [
       597725.38,
       6615523
      ],
      [
       597723.69,
       6615522.81
      ],
      [
       597723.31,
       6615521.97
      ],
      [
       597722.88,
       6615521.69
      ],
      [
       597716.34,
       6615521.03
      ],
      [
       597715.28,
       6615520.84
      ],
      [
       597713.56,
       6615520.16
      ],
      [
       597712.19,
       6615519.97
      ],
      [
       597705.81,
       6615519.66
      ],
      [
       597703.63,
       6615519.88
      ],
      [
       597702.78,
       6615520.44
      ],
      [
       597701.75,
       6615520.59
      ],
      [
       597700.84,
       6615521.91
      ],
      [
       597700.19,
       6615522.09
      ],
      [
       597699.72,
       6615523.5
      ],
      [
       597698.59,
       6615524.16
      ],
      [
       597698.31,
       6615524.94
      ],
      [
       597697.69,
       6615525.09
      ],
      [
       597697.38,
       6615526.28
      ],
      [
       597696.25,
       6615527.13
      ],
      [
       597695.84,
       6615527.69
      ],
      [
       597695.31,
       6615529.75
      ],
      [
       597694.84,
       6615533.22
      ],
      [
       597694.19,
       6615534.06
      ],
      [
       597693.91,
       6615536.16
      ],
      [
       597692.78,
       6615538.34
      ],
      [
       597692.41,
       6615541.47
      ],
      [
       597691.19,
       6615544.22
      ],
      [
       597690.06,
       6615549.94
      ],
      [
       597689.5,
       6615555.16
      ],
      [
       597689.03,
       6615563.28
      ],
      [
       597688.63,
       6615565.69
      ],
      [
       597688.38,
       6615565.81
      ],
      [
       597688.06,
       6615566.91
      ],
      [
       597687.94,
       6615570.28
      ],
      [
       597687.38,
       6615573.19
      ],
      [
       597687.16,
       6615575.66
      ],
      [
       597686.47,
       6615598.69
      ],
      [
       597686.16,
       6615603.56
      ],
      [
       597685.75,
       6615607.25
      ],
      [
       597685.25,
       6615609.75
      ],
      [
       597684.16,
       6615613.72
      ],
      [
       597682.47,
       6615617.28
      ],
      [
       597681.56,
       6615620.44
      ],
      [
       597675.44,
       6615632.56
      ],
      [
       597675,
       6615633.75
      ],
      [
       597674.81,
       6615634.97
      ],
      [
       597674.19,
       6615635.56
      ],
      [
       597673.91,
       6615637.69
      ],
      [
       597672.59,
       6615640.91
      ],
      [
       597672.31,
       6615643.5
      ],
      [
       597671.88,
       6615644.13
      ],
      [
       597671.47,
       6615645.38
      ],
      [
       597670.84,
       6615649.28
      ],
      [
       597670.13,
       6615650.22
      ],
      [
       597669.88,
       6615650.91
      ],
      [
       597668.78,
       6615654.97
      ],
      [
       597667.75,
       6615656.47
      ],
      [
       597666.75,
       6615660.44
      ],
      [
       597665.78,
       6615661.47
      ],
      [
       597665.59,
       6615661.91
      ],
      [
       597665.19,
       6615665.25
      ],
      [
       597663.59,
       6615667.88
      ],
      [
       597663.31,
       6615670.38
      ],
      [
       597662.66,
       6615670.94
      ],
      [
       597657.31,
       6615672.84
      ],
      [
       597656.44,
       6615673.53
      ],
      [
       597656,
       6615674.31
      ],
      [
       597656,
       6615675.19
      ],
      [
       597656.38,
       6615676.28
      ],
      [
       597657.69,
       6615676.69
      ],
      [
       597658.38,
       6615677.63
      ],
      [
       597658.94,
       6615679.97
      ],
      [
       597658.91,
       6615682.47
      ],
      [
       597657.5,
       6615685.53
      ],
      [
       597656.84,
       6615688.38
      ],
      [
       597656.03,
       6615689.28
      ],
      [
       597653.91,
       6615693.91
      ],
      [
       597653.47,
       6615694.72
      ],
      [
       597652.53,
       6615695.78
      ],
      [
       597650.41,
       6615700.41
      ],
      [
       597649.97,
       6615701.22
      ],
      [
       597649.38,
       6615701.81
      ],
      [
       597649.16,
       6615702.44
      ],
      [
       597648.81,
       6615705.19
      ],
      [
       597648.66,
       6615709
      ],
      [
       597648.88,
       6615711.06
      ],
      [
       597649.44,
       6615712.56
      ],
      [
       597649.5,
       6615714.19
      ],
      [
       597649.25,
       6615714.91
      ],
      [
       597648.75,
       6615715.47
      ],
      [
       597646.25,
       6615716.44
      ],
      [
       597645.5,
       6615717.25
      ],
      [
       597645.78,
       6615718.47
      ],
      [
       597646.44,
       6615718.81
      ],
      [
       597646.69,
       6615719.16
      ],
      [
       597646.81,
       6615722.25
      ],
      [
       597647.19,
       6615722.75
      ],
      [
       597647.81,
       6615723
      ]
     ]
    ]
   }
  },
  {
   "type": "Feature",
   "id": "tortuna-h12-fairway-plan-2026-2",
   "properties": {
    "kind": "fairway",
    "hole": 12,
    "sourceId": "caddee-hole-12",
    "sourceUrl": "https://caddee-prod-media.s3.amazonaws.com/hole-images/f28f3a13-31bf-42f7-9454-6d944bb95309/hole-normal_web_NzyUj56.png",
    "sourceSha256": "bfa2fd57927e98386133b76001c67594c586654fb42c14cb43463876e3323140",
    "sourceKind": "club-published hole plan (Caddee), a stylised illustration",
    "method": "the plan fairway colour carrying its mowing stripes (structure-tensor orientation within 12 degrees of the plan stripe angle), grown 10 px into connected fairway colour, placed by a least-squares similarity on the model green, bunkers and tee platforms, and kept clear of greens, bunkers, water, tees, buildings, practice features and every published tree",
    "registration": {
     "metresPerPixel": 0.4301,
     "rotationDegrees": 17.64,
     "greenResidualMetres": 1.45,
     "bunkerResidualsMetres": [
      {
       "hole": 12,
       "id": "tortuna-h12-bunker-03",
       "metres": 0.75
      },
      {
       "hole": 12,
       "id": "tortuna-h12-bunker-review2-02",
       "metres": 1.22
      },
      {
       "hole": 12,
       "id": "tortuna-h12-bunker-04",
       "metres": 5.34
      }
     ],
     "teeResidualsMetres": [
      {
       "anchor": "orange->Gul",
       "metres": 9.68
      },
      {
       "anchor": "red->Röd",
       "metres": 3.2
      }
     ]
    },
    "reviewStatus": "agent-rule-based-registration; human-review-pending",
    "accuracyStatus": "plan-derived shape on measured anchors; not surveyed",
    "stages": {
     "planSquareMetres": 10241,
     "afterSharedCorridorSquareMetres": 10241,
     "afterHardClearancesSquareMetres": 10160,
     "afterCorridorSquareMetres": 10160,
     "finishedSquareMetres": 10042
    },
    "publishedTreesInsidePlanShape": 5,
    "keyholeCells": 0,
    "horizontalUncertaintyMetres": 5.3,
    "areaSquareMetres": 2988.5,
    "mownFraction2026": 0.718,
    "notSurveyed": true,
    "terrainModified": false
   },
   "geometry": {
    "type": "Polygon",
    "coordinates": [
     [
      [
       597710.56,
       6615512
      ],
      [
       597711.94,
       6615512
      ],
      [
       597713.84,
       6615511.53
      ],
      [
       597714.38,
       6615511.06
      ],
      [
       597715.03,
       6615509.91
      ],
      [
       597715.59,
       6615509.47
      ],
      [
       597717.19,
       6615508.88
      ],
      [
       597718.25,
       6615508.72
      ],
      [
       597720.94,
       6615508.69
      ],
      [
       597724,
       6615509.03
      ],
      [
       597725.25,
       6615509.34
      ],
      [
       597728.25,
       6615510.63
      ],
      [
       597730.94,
       6615511
      ],
      [
       597732.56,
       6615511
      ],
      [
       597733.88,
       6615510.78
      ],
      [
       597734.88,
       6615510.34
      ],
      [
       597735.56,
       6615509.69
      ],
      [
       597735.94,
       6615508.81
      ],
      [
       597736.5,
       6615505.66
      ],
      [
       597736.81,
       6615500.63
      ],
      [
       597737.25,
       6615497.09
      ],
      [
       597737.56,
       6615496.31
      ],
      [
       597737.94,
       6615496.19
      ],
      [
       597738.41,
       6615495.66
      ],
      [
       597738.56,
       6615494.31
      ],
      [
       597739.31,
       6615492.84
      ],
      [
       597739.5,
       6615490.94
      ],
      [
       597739.31,
       6615486.91
      ],
      [
       597738.63,
       6615483.41
      ],
      [
       597738.38,
       6615482.72
      ],
      [
       597737.38,
       6615481.56
      ],
      [
       597736.56,
       6615479.97
      ],
      [
       597736.19,
       6615479.66
      ],
      [
       597734.81,
       6615479.28
      ],
      [
       597734.44,
       6615478.84
      ],
      [
       597733.56,
       6615476.63
      ],
      [
       597733.19,
       6615476.13
      ],
      [
       597731.53,
       6615475.34
      ],
      [
       597730.91,
       6615474.59
      ],
      [
       597729.13,
       6615473.56
      ],
      [
       597724.34,
       6615473.09
      ],
      [
       597711.03,
       6615472.94
      ],
      [
       597705.63,
       6615472.63
      ],
      [
       597702.53,
       6615471.78
      ],
      [
       597701.09,
       6615470.78
      ],
      [
       597700.53,
       6615470.59
      ],
      [
       597698.41,
       6615470.41
      ],
      [
       597695.72,
       6615469.25
      ],
      [
       597693,
       6615468.69
      ],
      [
       597691.56,
       6615468.16
      ],
      [
       597691.13,
       6615467.75
      ],
      [
       597690.69,
       6615466.63
      ],
      [
       597690.5,
       6615464
      ],
      [
       597690.78,
       6615462.66
      ],
      [
       597691.44,
       6615462.19
      ],
      [
       597691.91,
       6615461
      ],
      [
       597692,
       6615458.56
      ],
      [
       597691.72,
       6615456
      ],
      [
       597691.06,
       6615453.69
      ],
      [
       597690.5,
       6615452.84
      ],
      [
       597689.75,
       6615452.28
      ],
      [
       597688.81,
       6615452
      ],
      [
       597687.69,
       6615452
      ],
      [
       597686.75,
       6615452.25
      ],
      [
       597686,
       6615452.75
      ],
      [
       597684.5,
       6615455.38
      ],
      [
       597683.75,
       6615456.13
      ],
      [
       597681.69,
       6615457.25
      ],
      [
       597678.88,
       6615457.78
      ],
      [
       597673.78,
       6615457.81
      ],
      [
       597672.59,
       6615458.19
      ],
      [
       597671.75,
       6615458.81
      ],
      [
       597671.25,
       6615459.69
      ],
      [
       597670.63,
       6615461.16
      ],
      [
       597670.34,
       6615462.69
      ],
      [
       597670.03,
       6615463.06
      ],
      [
       597668.94,
       6615463.63
      ],
      [
       597665.19,
       6615463.81
      ],
      [
       597663.31,
       6615463.69
      ],
      [
       597660.78,
       6615463.16
      ],
      [
       597660.13,
       6615462.75
      ],
      [
       597659.88,
       6615462.25
      ],
      [
       597659.5,
       6615459.81
      ],
      [
       597659.69,
       6615456.91
      ],
      [
       597660.44,
       6615454.38
      ],
      [
       597660.5,
       6615452.5
      ],
      [
       597660.31,
       6615451.25
      ],
      [
       597660.13,
       6615451
      ],
      [
       597659.66,
       6615450.88
      ],
      [
       597659.19,
       6615449.75
      ],
      [
       597658.63,
       6615449.38
      ],
      [
       597656.19,
       6615449
      ],
      [
       597652.72,
       6615448.84
      ],
      [
       597650.38,
       6615448.06
      ],
      [
       597649.13,
       6615446.78
      ],
      [
       597648.88,
       6615446.09
      ],
      [
       597649.09,
       6615444.06
      ],
      [
       597648.78,
       6615443.69
      ],
      [
       597647.31,
       6615443.5
      ],
      [
       597646.22,
       6615443.97
      ],
      [
       597645.63,
       6615446.38
      ],
      [
       597645.09,
       6615446.78
      ],
      [
       597643.78,
       6615446.78
      ],
      [
       597643.59,
       6615447.09
      ],
      [
       597643.5,
       6615448.38
      ],
      [
       597644.06,
       6615449.5
      ],
      [
       597646,
       6615450.47
      ],
      [
       597646.88,
       6615451.44
      ],
      [
       597647.44,
       6615453.5
      ],
      [
       597647.5,
       6615455.19
      ],
      [
       597647.31,
       6615455.91
      ],
      [
       597646.94,
       6615456.47
      ],
      [
       597645.63,
       6615457.13
      ],
      [
       597643.66,
       6615457.44
      ],
      [
       597639.75,
       6615457.59
      ],
      [
       597637.31,
       6615458.06
      ],
      [
       597635.16,
       6615458.97
      ],
      [
       597633.38,
       6615460.5
      ],
      [
       597632.06,
       6615462.5
      ],
      [
       597631.69,
       6615463.5
      ],
      [
       597631.5,
       6615465.5
      ],
      [
       597632.06,
       6615468.13
      ],
      [
       597632.88,
       6615469.59
      ],
      [
       597633.94,
       6615470.94
      ],
      [
       597634.56,
       6615471.56
      ],
      [
       597636.66,
       6615472.81
      ],
      [
       597639.88,
       6615474.06
      ],
      [
       597642.31,
       6615474.56
      ],
      [
       597649.25,
       6615475.19
      ],
      [
       597659.84,
       6615475.66
      ],
      [
       597663.78,
       6615476.44
      ],
      [
       597667.88,
       6615476.69
      ],
      [
       597669,
       6615477.31
      ],
      [
       597671.63,
       6615477.59
      ],
      [
       597673.88,
       6615478.44
      ],
      [
       597674.91,
       6615479.19
      ],
      [
       597675.56,
       6615480.25
      ],
      [
       597677.75,
       6615481.16
      ],
      [
       597681.47,
       6615484.75
      ],
      [
       597683.06,
       6615485.56
      ],
      [
       597683.91,
       6615486.59
      ],
      [
       597684.28,
       6615487.63
      ],
      [
       597685.41,
       6615488.63
      ],
      [
       597685.69,
       6615489.53
      ],
      [
       597686.63,
       6615490.81
      ],
      [
       597688.03,
       6615492.34
      ],
      [
       597688.59,
       6615492.78
      ],
      [
       597689.44,
       6615493
      ],
      [
       597690.19,
       6615494.5
      ],
      [
       597691.34,
       6615499.5
      ],
      [
       597691.78,
       6615500.5
      ],
      [
       597692.25,
       6615501
      ],
      [
       597693.47,
       6615501.19
      ],
      [
       597694.06,
       6615501.84
      ],
      [
       597694.94,
       6615502.19
      ],
      [
       597699,
       6615502.56
      ],
      [
       597699.88,
       6615502.88
      ],
      [
       597700.72,
       6615504.66
      ],
      [
       597701.84,
       6615508.84
      ],
      [
       597702.75,
       6615510.38
      ],
      [
       597704.72,
       6615510.94
      ],
      [
       597707.66,
       6615511.06
      ],
      [
       597708.22,
       6615511.19
      ],
      [
       597708.84,
       6615511.81
      ],
      [
       597710.56,
       6615512
      ]
     ]
    ]
   }
  },
  {
   "type": "Feature",
   "id": "tortuna-h13-fairway-plan-2026-1",
   "properties": {
    "kind": "fairway",
    "hole": 13,
    "sourceId": "caddee-hole-13",
    "sourceUrl": "https://caddee-prod-media.s3.amazonaws.com/hole-images/cef22182-b6e5-4746-abae-ab3b65575d00/hole-normal_web_gkbE0cv.png",
    "sourceSha256": "e1d1088edfaaccfb8ba9eed48351663bdfe08beabeedf4002d138fa7b0192200",
    "sourceKind": "club-published hole plan (Caddee), a stylised illustration",
    "method": "the plan fairway colour carrying its mowing stripes (structure-tensor orientation within 12 degrees of the plan stripe angle), grown 10 px into connected fairway colour, placed by a least-squares similarity on the model green, bunkers and tee platforms, and kept clear of greens, bunkers, water, tees, buildings, practice features and every published tree",
    "registration": {
     "metresPerPixel": 0.5224,
     "rotationDegrees": -70.85,
     "greenResidualMetres": 0.52,
     "bunkerResidualsMetres": [
      {
       "hole": 13,
       "id": "tortuna-h13-bunker-02",
       "metres": 0.2
      },
      {
       "hole": 13,
       "id": "tortuna-h13-bunker-04",
       "metres": 0.3
      },
      {
       "hole": 13,
       "id": "tortuna-h13-bunker-review2-01",
       "metres": 0.39
      },
      {
       "hole": 13,
       "id": "tortuna-h13-bunker-05",
       "metres": 5.47
      }
     ],
     "teeResidualsMetres": [
      {
       "anchor": "orange->Gul",
       "metres": 10.88
      },
      {
       "anchor": "red->Röd",
       "metres": 24.94
      }
     ]
    },
    "reviewStatus": "agent-rule-based-registration; human-review-pending",
    "accuracyStatus": "plan-derived shape on measured anchors; not surveyed",
    "stages": {
     "planSquareMetres": 7678,
     "afterSharedCorridorSquareMetres": 7678,
     "afterHardClearancesSquareMetres": 7678,
     "afterCorridorSquareMetres": 7678,
     "finishedSquareMetres": 7596
    },
    "publishedTreesInsidePlanShape": 0,
    "keyholeCells": 0,
    "horizontalUncertaintyMetres": 5.5,
    "areaSquareMetres": 7592.4,
    "mownFraction2026": 0.94,
    "notSurveyed": true,
    "terrainModified": false
   },
   "geometry": {
    "type": "Polygon",
    "coordinates": [
     [
      [
       597155,
       6615875.5
      ],
      [
       597157.44,
       6615875.31
      ],
      [
       597158.63,
       6615874.59
      ],
      [
       597161.63,
       6615873.56
      ],
      [
       597162.59,
       6615872.81
      ],
      [
       597163.28,
       6615871.69
      ],
      [
       597163.69,
       6615870.19
      ],
      [
       597164.13,
       6615866.84
      ],
      [
       597164.63,
       6615865.78
      ],
      [
       597165.31,
       6615865.13
      ],
      [
       597166.91,
       6615864.63
      ],
      [
       597168.13,
       6615863.88
      ],
      [
       597173.5,
       6615863.66
      ],
      [
       597191,
       6615863.75
      ],
      [
       597195.5,
       6615863.5
      ],
      [
       597198.88,
       6615863.06
      ],
      [
       597204.13,
       6615861.38
      ],
      [
       597205.75,
       6615860.28
      ],
      [
       597208.13,
       6615860
      ],
      [
       597211.44,
       6615860.13
      ],
      [
       597212.81,
       6615860.38
      ],
      [
       597216.56,
       6615861.75
      ],
      [
       597218.69,
       6615862.25
      ],
      [
       597224.63,
       6615863.25
      ],
      [
       597228.5,
       6615863.63
      ],
      [
       597238.13,
       6615864
      ],
      [
       597251.81,
       6615864.19
      ],
      [
       597255,
       6615864.63
      ],
      [
       597260.84,
       6615864.94
      ],
      [
       597277.59,
       6615864.88
      ],
      [
       597283.03,
       6615864.63
      ],
      [
       597302.09,
       6615863.13
      ],
      [
       597310.94,
       6615863
      ],
      [
       597316.78,
       6615863.19
      ],
      [
       597318.25,
       6615863.38
      ],
      [
       597320.03,
       6615863.94
      ],
      [
       597322.5,
       6615864.13
      ],
      [
       597323.25,
       6615864.38
      ],
      [
       597325.72,
       6615865.88
      ],
      [
       597327.19,
       6615866.09
      ],
      [
       597328.91,
       6615867.5
      ],
      [
       597337.5,
       6615872
      ],
      [
       597338.19,
       6615872.56
      ],
      [
       597338.56,
       6615873.22
      ],
      [
       597339.44,
       6615873.5
      ],
      [
       597340.63,
       6615873.59
      ],
      [
       597341.94,
       6615874.44
      ],
      [
       597342.91,
       6615874.72
      ],
      [
       597346.63,
       6615875
      ],
      [
       597351.56,
       6615874.91
      ],
      [
       597354.25,
       6615874.44
      ],
      [
       597355.22,
       6615873.78
      ],
      [
       597356.91,
       6615873.38
      ],
      [
       597359.72,
       6615871.78
      ],
      [
       597363.97,
       6615869.94
      ],
      [
       597366.38,
       6615867.94
      ],
      [
       597369.47,
       6615864.84
      ],
      [
       597370.06,
       6615864.5
      ],
      [
       597370.88,
       6615864.34
      ],
      [
       597371.94,
       6615863.56
      ],
      [
       597373.03,
       6615862.38
      ],
      [
       597373.34,
       6615861.88
      ],
      [
       597373.5,
       6615861.06
      ],
      [
       597374.06,
       6615860.41
      ],
      [
       597376.25,
       6615859.41
      ],
      [
       597381.06,
       6615855.59
      ],
      [
       597382.69,
       6615854.53
      ],
      [
       597388.56,
       6615851.56
      ],
      [
       597398.03,
       6615848
      ],
      [
       597399.34,
       6615846.97
      ],
      [
       597400.25,
       6615846.69
      ],
      [
       597402,
       6615845.69
      ],
      [
       597405.88,
       6615842.78
      ],
      [
       597407,
       6615841.63
      ],
      [
       597407.56,
       6615840.59
      ],
      [
       597409.44,
       6615838.88
      ],
      [
       597410,
       6615837.94
      ],
      [
       597410.47,
       6615836.34
      ],
      [
       597412.06,
       6615833.44
      ],
      [
       597412.44,
       6615832.31
      ],
      [
       597413.25,
       6615828.13
      ],
      [
       597414.25,
       6615827.03
      ],
      [
       597415.34,
       6615824.47
      ],
      [
       597416.94,
       6615823.34
      ],
      [
       597421.44,
       6615818.88
      ],
      [
       597422.81,
       6615817.88
      ],
      [
       597426.88,
       6615815.91
      ],
      [
       597428,
       6615815.13
      ],
      [
       597428.13,
       6615814.56
      ],
      [
       597429.63,
       6615812.63
      ],
      [
       597430,
       6615811
      ],
      [
       597429.81,
       6615808.56
      ],
      [
       597429.19,
       6615807.59
      ],
      [
       597428.81,
       6615806.09
      ],
      [
       597427.13,
       6615804.13
      ],
      [
       597425.25,
       6615803.19
      ],
      [
       597422.88,
       6615803
      ],
      [
       597420,
       6615803.66
      ],
      [
       597414.16,
       6615806.28
      ],
      [
       597412.66,
       6615806.63
      ],
      [
       597411.75,
       6615807.25
      ],
      [
       597408.72,
       6615810.16
      ],
      [
       597406.22,
       6615811.19
      ],
      [
       597402.25,
       6615814.91
      ],
      [
       597400.75,
       6615815.97
      ],
      [
       597394.31,
       6615819.63
      ],
      [
       597392.69,
       6615821.34
      ],
      [
       597385.22,
       6615825.06
      ],
      [
       597383.31,
       6615826.41
      ],
      [
       597382.22,
       6615826.56
      ],
      [
       597381,
       6615827.34
      ],
      [
       597378,
       6615828.16
      ],
      [
       597376.5,
       6615829.03
      ],
      [
       597374,
       6615829.66
      ],
      [
       597372.72,
       6615830.47
      ],
      [
       597365.78,
       6615833.13
      ],
      [
       597364.47,
       6615834.31
      ],
      [
       597361.66,
       6615835.78
      ],
      [
       597361,
       6615836.38
      ],
      [
       597361.06,
       6615836.84
      ],
      [
       597361.94,
       6615837.84
      ],
      [
       597362,
       6615838.75
      ],
      [
       597361.63,
       6615839.28
      ],
      [
       597359.75,
       6615840.44
      ],
      [
       597355.63,
       6615842.41
      ],
      [
       597353.5,
       6615843.88
      ],
      [
       597352.28,
       6615844.38
      ],
      [
       597350.84,
       6615844.63
      ],
      [
       597349.19,
       6615844.63
      ],
      [
       597345.88,
       6615844.13
      ],
      [
       597344.88,
       6615843.88
      ],
      [
       597343.78,
       6615843.22
      ],
      [
       597339.88,
       6615843.19
      ],
      [
       597339.13,
       6615842.81
      ],
      [
       597338.63,
       6615842.19
      ],
      [
       597337.97,
       6615840.63
      ],
      [
       597337.41,
       6615840.13
      ],
      [
       597334.44,
       6615839.25
      ],
      [
       597332.63,
       6615838.09
      ],
      [
       597330.56,
       6615837.81
      ],
      [
       597329.91,
       6615837.19
      ],
      [
       597327.28,
       6615836.88
      ],
      [
       597322.88,
       6615835.31
      ],
      [
       597317.81,
       6615834.38
      ],
      [
       597309,
       6615834.06
      ],
      [
       597293.44,
       6615834
      ],
      [
       597285.44,
       6615834.16
      ],
      [
       597278.06,
       6615834.47
      ],
      [
       597259.09,
       6615836.03
      ],
      [
       597253.03,
       6615836.34
      ],
      [
       597232.09,
       6615836.78
      ],
      [
       597229.19,
       6615837.06
      ],
      [
       597224.69,
       6615838.13
      ],
      [
       597212.31,
       6615842.06
      ],
      [
       597207.78,
       6615843.28
      ],
      [
       597203.59,
       6615844.09
      ],
      [
       597199.75,
       6615844.5
      ],
      [
       597191.22,
       6615844.31
      ],
      [
       597187.34,
       6615843.66
      ],
      [
       597185.88,
       6615843.84
      ],
      [
       597185.63,
       6615843.78
      ],
      [
       597185.5,
       6615843.38
      ],
      [
       597185.03,
       6615843.06
      ],
      [
       597183.31,
       6615842.91
      ],
      [
       597180.31,
       6615841.75
      ],
      [
       597176.56,
       6615841.31
      ],
      [
       597173.94,
       6615841.19
      ],
      [
       597171.25,
       6615841.41
      ],
      [
       597168.5,
       6615841.97
      ],
      [
       597165.69,
       6615842.88
      ],
      [
       597162.81,
       6615844.13
      ],
      [
       597160.16,
       6615845.53
      ],
      [
       597157.72,
       6615847.09
      ],
      [
       597155.5,
       6615848.81
      ],
      [
       597151.97,
       6615852.19
      ],
      [
       597150.91,
       6615853.31
      ],
      [
       597149.91,
       6615854.78
      ],
      [
       597148.88,
       6615855.38
      ],
      [
       597147.31,
       6615855.81
      ],
      [
       597144.5,
       6615856
      ],
      [
       597143.06,
       6615855.81
      ],
      [
       597142.09,
       6615855.19
      ],
      [
       597141.06,
       6615855
      ],
      [
       597140.31,
       6615855.38
      ],
      [
       597139.56,
       6615856.25
      ],
      [
       597138.72,
       6615856.56
      ],
      [
       597135.63,
       6615856.63
      ],
      [
       597131.69,
       6615856.25
      ],
      [
       597130,
       6615856.38
      ],
      [
       597130,
       6615856.63
      ],
      [
       597131.22,
       6615857.13
      ],
      [
       597134.06,
       6615857.63
      ],
      [
       597136.94,
       6615858.5
      ],
      [
       597138.19,
       6615859.13
      ],
      [
       597140.28,
       6615860.72
      ],
      [
       597141.09,
       6615861.66
      ],
      [
       597142.25,
       6615863.81
      ],
      [
       597142.78,
       6615866.63
      ],
      [
       597142.69,
       6615870.19
      ],
      [
       597143.19,
       6615871.53
      ],
      [
       597144.31,
       6615872.34
      ],
      [
       597146.06,
       6615872.63
      ],
      [
       597148.44,
       6615872.38
      ],
      [
       597150.31,
       6615872.41
      ],
      [
       597151.69,
       6615872.72
      ],
      [
       597152.56,
       6615873.31
      ],
      [
       597152.94,
       6615874.19
      ],
      [
       597153.47,
       6615874.84
      ],
      [
       597154.16,
       6615875.28
      ],
      [
       597155,
       6615875.5
      ]
     ]
    ]
   }
  },
  {
   "type": "Feature",
   "id": "tortuna-h14-fairway-plan-2026-1",
   "properties": {
    "kind": "fairway",
    "hole": 14,
    "sourceId": "caddee-hole-14",
    "sourceUrl": "https://caddee-prod-media.s3.amazonaws.com/hole-images/772faa93-0fe7-47b7-a3de-b4c633b82630/hole-normal_web_YC9zP23.png",
    "sourceSha256": "d498033a03cdfb31f4e99cb1a3b66deba186b0c88fcb2cc91e4c6886ee097801",
    "sourceKind": "club-published hole plan (Caddee), a stylised illustration",
    "method": "the plan fairway colour carrying its mowing stripes (structure-tensor orientation within 12 degrees of the plan stripe angle), grown 10 px into connected fairway colour, placed by a least-squares similarity on the model green, bunkers and tee platforms, and kept clear of greens, bunkers, water, tees, buildings, practice features and every published tree",
    "registration": {
     "metresPerPixel": 0.2167,
     "rotationDegrees": 163.06,
     "greenResidualMetres": 0.61,
     "bunkerResidualsMetres": [
      {
       "hole": 14,
       "id": "tortuna-h14-bunker-review2-01",
       "metres": 1.24
      },
      {
       "hole": 14,
       "id": "tortuna-h14-bunker-review2-02",
       "metres": 1.25
      }
     ],
     "teeResidualsMetres": [
      {
       "anchor": "orange->Gul",
       "metres": 0.83
      },
      {
       "anchor": "red->Röd",
       "metres": 0.22
      }
     ]
    },
    "reviewStatus": "agent-rule-based-registration; human-review-pending",
    "accuracyStatus": "plan-derived shape on measured anchors; not surveyed",
    "stages": {
     "planSquareMetres": 337,
     "afterSharedCorridorSquareMetres": 337,
     "afterHardClearancesSquareMetres": 337,
     "afterCorridorSquareMetres": 337,
     "finishedSquareMetres": 280
    },
    "publishedTreesInsidePlanShape": 0,
    "keyholeCells": 0,
    "horizontalUncertaintyMetres": 2,
    "areaSquareMetres": 270.9,
    "mownFraction2026": 0.751,
    "notSurveyed": true,
    "terrainModified": false
   },
   "geometry": {
    "type": "Polygon",
    "coordinates": [
     [
      [
       597121.25,
       6615699.81
      ],
      [
       597124,
       6615699.47
      ],
      [
       597125,
       6615699.16
      ],
      [
       597126.25,
       6615698.25
      ],
      [
       597127.16,
       6615696.69
      ],
      [
       597129.06,
       6615691.38
      ],
      [
       597129.78,
       6615690.03
      ],
      [
       597130.63,
       6615689.19
      ],
      [
       597130.94,
       6615688.38
      ],
      [
       597131,
       6615686.81
      ],
      [
       597130.84,
       6615686.16
      ],
      [
       597130.53,
       6615685.72
      ],
      [
       597130.06,
       6615685.5
      ],
      [
       597128.88,
       6615685.59
      ],
      [
       597127.06,
       6615686.75
      ],
      [
       597124.81,
       6615687.31
      ],
      [
       597124,
       6615687.25
      ],
      [
       597122.56,
       6615686.56
      ],
      [
       597120.97,
       6615684.59
      ],
      [
       597120.06,
       6615682.44
      ],
      [
       597118.34,
       6615680.25
      ],
      [
       597117.38,
       6615678.38
      ],
      [
       597116.88,
       6615678.13
      ],
      [
       597115.31,
       6615678
      ],
      [
       597114.56,
       6615678.44
      ],
      [
       597113.94,
       6615679.31
      ],
      [
       597113.44,
       6615680.63
      ],
      [
       597112.63,
       6615683.97
      ],
      [
       597112.13,
       6615685.41
      ],
      [
       597110.94,
       6615687.81
      ],
      [
       597110.25,
       6615690.25
      ],
      [
       597110.31,
       6615692.94
      ],
      [
       597110.94,
       6615694.28
      ],
      [
       597112.06,
       6615695.59
      ],
      [
       597113.69,
       6615696.88
      ],
      [
       597117.78,
       6615699.03
      ],
      [
       597119.59,
       6615699.59
      ],
      [
       597121.25,
       6615699.81
      ]
     ]
    ]
   }
  },
  {
   "type": "Feature",
   "id": "tortuna-h15-fairway-plan-2026-1",
   "properties": {
    "kind": "fairway",
    "hole": 15,
    "sourceId": "caddee-hole-15",
    "sourceUrl": "https://caddee-prod-media.s3.amazonaws.com/hole-images/60f3ca14-6834-4cca-baf2-d5430b01f137/hole-normal_web_TSAarHJ.png",
    "sourceSha256": "fa996a9bd1d39a19f6f16311587be0ad9cb291768ab4fa42038984aa27ab4076",
    "sourceKind": "club-published hole plan (Caddee), a stylised illustration",
    "method": "the plan fairway colour carrying its mowing stripes (structure-tensor orientation within 12 degrees of the plan stripe angle), grown 10 px into connected fairway colour, placed by a least-squares similarity on the model green, bunkers and tee platforms, and kept clear of greens, bunkers, water, tees, buildings, practice features and every published tree",
    "registration": {
     "metresPerPixel": 0.3826,
     "rotationDegrees": 67.92,
     "greenResidualMetres": 0.34,
     "bunkerResidualsMetres": [
      {
       "hole": 15,
       "id": "tortuna-h15-bunker-review2-01",
       "metres": 0.55
      },
      {
       "hole": 15,
       "id": "tortuna-h15-bunker-03",
       "metres": 1.37
      }
     ],
     "teeResidualsMetres": [
      {
       "anchor": "orange->Gul",
       "metres": 0.72
      },
      {
       "anchor": "red->Röd",
       "metres": 2.43
      }
     ]
    },
    "reviewStatus": "agent-rule-based-registration; human-review-pending",
    "accuracyStatus": "plan-derived shape on measured anchors; not surveyed",
    "stages": {
     "planSquareMetres": 7429,
     "afterSharedCorridorSquareMetres": 7429,
     "afterHardClearancesSquareMetres": 7429,
     "afterCorridorSquareMetres": 7429,
     "finishedSquareMetres": 7388
    },
    "publishedTreesInsidePlanShape": 0,
    "keyholeCells": 0,
    "horizontalUncertaintyMetres": 2,
    "areaSquareMetres": 7385.5,
    "mownFraction2026": 0.883,
    "notSurveyed": true,
    "terrainModified": false
   },
   "geometry": {
    "type": "Polygon",
    "coordinates": [
     [
      [
       597251.5,
       6615793.5
      ],
      [
       597252.5,
       6615793.5
      ],
      [
       597253.38,
       6615793.19
      ],
      [
       597254.13,
       6615792.56
      ],
      [
       597254.75,
       6615791.63
      ],
      [
       597255.25,
       6615790.38
      ],
      [
       597256.22,
       6615789.47
      ],
      [
       597257.66,
       6615788.91
      ],
      [
       597259.56,
       6615788.69
      ],
      [
       597261.94,
       6615788.81
      ],
      [
       597265.09,
       6615789.16
      ],
      [
       597266.72,
       6615789.81
      ],
      [
       597270.56,
       6615790
      ],
      [
       597274.09,
       6615789.72
      ],
      [
       597280,
       6615788.81
      ],
      [
       597288.59,
       6615788.69
      ],
      [
       597289.19,
       6615788.44
      ],
      [
       597289.31,
       6615788.06
      ],
      [
       597289.69,
       6615787.78
      ],
      [
       597291.19,
       6615787.5
      ],
      [
       597292.31,
       6615787.5
      ],
      [
       597294.47,
       6615787.97
      ],
      [
       597298.88,
       6615790.22
      ],
      [
       597303.16,
       6615791.63
      ],
      [
       597305.69,
       6615792
      ],
      [
       597307.81,
       6615791.91
      ],
      [
       597308.69,
       6615791.72
      ],
      [
       597310.06,
       6615791.06
      ],
      [
       597310.94,
       6615790.22
      ],
      [
       597311.31,
       6615789.25
      ],
      [
       597311.94,
       6615788.88
      ],
      [
       597313.06,
       6615788.63
      ],
      [
       597320.13,
       6615788.22
      ],
      [
       597322.19,
       6615787.56
      ],
      [
       597323.47,
       6615786.81
      ],
      [
       597324.5,
       6615785.72
      ],
      [
       597326.97,
       6615784.53
      ],
      [
       597327.69,
       6615783.56
      ],
      [
       597328,
       6615782.34
      ],
      [
       597328.56,
       6615781.25
      ],
      [
       597329.56,
       6615780.25
      ],
      [
       597334.66,
       6615777.94
      ],
      [
       597335.16,
       6615777.19
      ],
      [
       597337.81,
       6615776.72
      ],
      [
       597340.03,
       6615775.72
      ],
      [
       597345,
       6615774.88
      ],
      [
       597351.38,
       6615774.5
      ],
      [
       597357.09,
       6615774.69
      ],
      [
       597361.03,
       6615775.44
      ],
      [
       597365.28,
       6615775.41
      ],
      [
       597369.06,
       6615775.03
      ],
      [
       597370.56,
       6615774.63
      ],
      [
       597371.41,
       6615774.19
      ],
      [
       597374.5,
       6615773.81
      ],
      [
       597375.41,
       6615773.19
      ],
      [
       597376.94,
       6615772.78
      ],
      [
       597379.91,
       6615770.16
      ],
      [
       597381.13,
       6615769.5
      ],
      [
       597381.59,
       6615768.94
      ],
      [
       597385.91,
       6615760.97
      ],
      [
       597386.94,
       6615759.78
      ],
      [
       597389.44,
       6615754.75
      ],
      [
       597390.88,
       6615753.13
      ],
      [
       597392.38,
       6615751.91
      ],
      [
       597394.69,
       6615750.75
      ],
      [
       597397.5,
       6615750.19
      ],
      [
       597400.53,
       6615750.22
      ],
      [
       597406.72,
       6615750.75
      ],
      [
       597408.5,
       6615750.63
      ],
      [
       597408.28,
       6615749.97
      ],
      [
       597406.31,
       6615747.81
      ],
      [
       597404.94,
       6615745.97
      ],
      [
       597403.78,
       6615743.09
      ],
      [
       597403.5,
       6615741.56
      ],
      [
       597403.59,
       6615740.31
      ],
      [
       597405,
       6615736.94
      ],
      [
       597405,
       6615736.56
      ],
      [
       597404.34,
       6615736.09
      ],
      [
       597402.81,
       6615736
      ],
      [
       597401.63,
       6615736.19
      ],
      [
       597400.84,
       6615736.94
      ],
      [
       597400.19,
       6615737.06
      ],
      [
       597399.84,
       6615737.81
      ],
      [
       597397.84,
       6615738.09
      ],
      [
       597395.72,
       6615739.22
      ],
      [
       597392.97,
       6615739.69
      ],
      [
       597392.03,
       6615740.34
      ],
      [
       597390.44,
       6615740.81
      ],
      [
       597384.84,
       6615741.06
      ],
      [
       597381.25,
       6615741.81
      ],
      [
       597376.91,
       6615742.06
      ],
      [
       597376.22,
       6615742.19
      ],
      [
       597375.19,
       6615742.84
      ],
      [
       597371.44,
       6615743.31
      ],
      [
       597363.94,
       6615743.5
      ],
      [
       597356.16,
       6615743.31
      ],
      [
       597355.13,
       6615743.13
      ],
      [
       597354.28,
       6615742.56
      ],
      [
       597353.56,
       6615742.5
      ],
      [
       597353.09,
       6615741.84
      ],
      [
       597353,
       6615740.31
      ],
      [
       597353.16,
       6615739.34
      ],
      [
       597355.03,
       6615734.69
      ],
      [
       597355.5,
       6615732.5
      ],
      [
       597355.5,
       6615731.5
      ],
      [
       597355.28,
       6615730.75
      ],
      [
       597354.84,
       6615730.25
      ],
      [
       597354.19,
       6615730
      ],
      [
       597353.31,
       6615730
      ],
      [
       597352.03,
       6615730.19
      ],
      [
       597350.59,
       6615730.94
      ],
      [
       597348.81,
       6615731.13
      ],
      [
       597345.59,
       6615732.88
      ],
      [
       597343.34,
       6615733.09
      ],
      [
       597340.81,
       6615733.94
      ],
      [
       597340.19,
       6615734.78
      ],
      [
       597339.81,
       6615736.09
      ],
      [
       597339.69,
       6615737.88
      ],
      [
       597339.81,
       6615742
      ],
      [
       597339.69,
       6615743.5
      ],
      [
       597339.06,
       6615745.38
      ],
      [
       597338.44,
       6615746
      ],
      [
       597337.56,
       6615746.5
      ],
      [
       597333.06,
       6615747.81
      ],
      [
       597331.41,
       6615749.22
      ],
      [
       597330.47,
       6615749.66
      ],
      [
       597325.78,
       6615751.09
      ],
      [
       597324.56,
       6615751.94
      ],
      [
       597322.91,
       6615752.13
      ],
      [
       597322.47,
       6615752.38
      ],
      [
       597321.88,
       6615753.25
      ],
      [
       597320.66,
       6615753.63
      ],
      [
       597315.31,
       6615754
      ],
      [
       597307.75,
       6615754.03
      ],
      [
       597301.56,
       6615754.31
      ],
      [
       597299.84,
       6615754.66
      ],
      [
       597299.5,
       6615754.88
      ],
      [
       597299.31,
       6615755.44
      ],
      [
       597298.47,
       6615755.78
      ],
      [
       597298.19,
       6615756.44
      ],
      [
       597297.84,
       6615756.72
      ],
      [
       597296.5,
       6615757
      ],
      [
       597294.5,
       6615756.88
      ],
      [
       597292.5,
       6615756.25
      ],
      [
       597290.75,
       6615755.16
      ],
      [
       597290.25,
       6615754.47
      ],
      [
       597290,
       6615753.69
      ],
      [
       597290,
       6615752.81
      ],
      [
       597290.19,
       6615751.53
      ],
      [
       597290.81,
       6615750.59
      ],
      [
       597291.13,
       6615749.19
      ],
      [
       597292.25,
       6615748.06
      ],
      [
       597292.88,
       6615746.84
      ],
      [
       597293.09,
       6615744.09
      ],
      [
       597294.22,
       6615741.06
      ],
      [
       597294.41,
       6615739.94
      ],
      [
       597294.5,
       6615736.94
      ],
      [
       597294.22,
       6615734.44
      ],
      [
       597293.56,
       6615732.94
      ],
      [
       597292.88,
       6615732.47
      ],
      [
       597290.56,
       6615732
      ],
      [
       597285.56,
       6615732.19
      ],
      [
       597284.06,
       6615732.66
      ],
      [
       597283.47,
       6615733.31
      ],
      [
       597282.25,
       6615733.5
      ],
      [
       597281.16,
       6615733.97
      ],
      [
       597279.44,
       6615735.66
      ],
      [
       597278.44,
       6615737.72
      ],
      [
       597276.94,
       6615738.94
      ],
      [
       597276.47,
       6615739.59
      ],
      [
       597276,
       6615741.75
      ],
      [
       597275.72,
       6615745.78
      ],
      [
       597275.06,
       6615747.69
      ],
      [
       597274.44,
       6615748.44
      ],
      [
       597272.44,
       6615749.56
      ],
      [
       597269.34,
       6615750.69
      ],
      [
       597269,
       6615751.06
      ],
      [
       597268.81,
       6615751.78
      ],
      [
       597266.47,
       6615753
      ],
      [
       597265.91,
       6615753.5
      ],
      [
       597265.06,
       6615754.88
      ],
      [
       597264.5,
       6615755.44
      ],
      [
       597262.81,
       6615756
      ],
      [
       597260.09,
       6615755.81
      ],
      [
       597259.38,
       6615755.38
      ],
      [
       597258.38,
       6615752.81
      ],
      [
       597257.59,
       6615751.94
      ],
      [
       597256.28,
       6615751.06
      ],
      [
       597254.44,
       6615750.19
      ],
      [
       597250.25,
       6615748.53
      ],
      [
       597248.31,
       6615747.25
      ],
      [
       597247.84,
       6615746.03
      ],
      [
       597247.06,
       6615745.25
      ],
      [
       597246.81,
       6615744.09
      ],
      [
       597246.13,
       6615743.88
      ],
      [
       597245.63,
       6615743.25
      ],
      [
       597244.31,
       6615739.66
      ],
      [
       597240.88,
       6615735.13
      ],
      [
       597240.38,
       6615733.88
      ],
      [
       597240.19,
       6615732.63
      ],
      [
       597240.31,
       6615731.38
      ],
      [
       597241.03,
       6615729.16
      ],
      [
       597242.38,
       6615727.31
      ],
      [
       597243.69,
       6615726.03
      ],
      [
       597244.75,
       6615725.38
      ],
      [
       597245.38,
       6615724.41
      ],
      [
       597245.5,
       6615722.81
      ],
      [
       597245.31,
       6615722.06
      ],
      [
       597244.38,
       6615720.94
      ],
      [
       597241.84,
       6615720.09
      ],
      [
       597237.44,
       6615720.09
      ],
      [
       597234.22,
       6615720.53
      ],
      [
       597233.41,
       6615720.84
      ],
      [
       597231.63,
       6615722.13
      ],
      [
       597230.88,
       6615722.38
      ],
      [
       597229,
       6615722.5
      ],
      [
       597227.94,
       6615722.25
      ],
      [
       597225.63,
       6615721
      ],
      [
       597222.81,
       6615718.56
      ],
      [
       597222.19,
       6615717.34
      ],
      [
       597219.38,
       6615714.06
      ],
      [
       597217.44,
       6615711.41
      ],
      [
       597216.25,
       6615708.88
      ],
      [
       597214.78,
       6615706.47
      ],
      [
       597212.69,
       6615704.19
      ],
      [
       597211,
       6615702.78
      ],
      [
       597209.41,
       6615702.31
      ],
      [
       597208.44,
       6615701.69
      ],
      [
       597206,
       6615701.5
      ],
      [
       597203.56,
       6615701.88
      ],
      [
       597202.31,
       6615702.47
      ],
      [
       597201.06,
       6615703.44
      ],
      [
       597200.44,
       6615704.06
      ],
      [
       597199.56,
       6615706.06
      ],
      [
       597199.19,
       6615709.06
      ],
      [
       597199.41,
       6615710.88
      ],
      [
       597199.97,
       6615712.88
      ],
      [
       597203.09,
       6615719.56
      ],
      [
       597203.78,
       6615721.44
      ],
      [
       597204.66,
       6615726.34
      ],
      [
       597205.53,
       6615728.19
      ],
      [
       597205.97,
       6615730.78
      ],
      [
       597206.38,
       6615731.69
      ],
      [
       597207.03,
       6615732.44
      ],
      [
       597207.84,
       6615734.72
      ],
      [
       597209.16,
       6615736.25
      ],
      [
       597210.13,
       6615738.34
      ],
      [
       597210.63,
       6615739.03
      ],
      [
       597213.28,
       6615742.06
      ],
      [
       597213.56,
       6615743.25
      ],
      [
       597214.41,
       6615744.19
      ],
      [
       597215.78,
       6615747.66
      ],
      [
       597216.09,
       6615748.22
      ],
      [
       597216.88,
       6615748.75
      ],
      [
       597217.13,
       6615749.25
      ],
      [
       597218.13,
       6615752.25
      ],
      [
       597218.84,
       6615752.69
      ],
      [
       597219.03,
       6615753.06
      ],
      [
       597219.66,
       6615755.31
      ],
      [
       597220.44,
       6615755.78
      ],
      [
       597220.56,
       6615756.75
      ],
      [
       597221.53,
       6615757.84
      ],
      [
       597221.97,
       6615759.13
      ],
      [
       597222.91,
       6615759.75
      ],
      [
       597223.94,
       6615762
      ],
      [
       597225.91,
       6615764.75
      ],
      [
       597229.5,
       6615768.5
      ],
      [
       597232.38,
       6615771.09
      ],
      [
       597233.25,
       6615771.69
      ],
      [
       597234.34,
       6615772.09
      ],
      [
       597236.69,
       6615773.88
      ],
      [
       597238.91,
       6615775.19
      ],
      [
       597243.72,
       6615777.06
      ],
      [
       597244.56,
       6615777.88
      ],
      [
       597246.06,
       6615778.63
      ],
      [
       597246.5,
       6615779.16
      ],
      [
       597246.81,
       6615781.06
      ],
      [
       597246.69,
       6615782.44
      ],
      [
       597246.28,
       6615783.47
      ],
      [
       597245.59,
       6615784.16
      ],
      [
       597244.63,
       6615784.5
      ],
      [
       597243.38,
       6615784.5
      ],
      [
       597242.44,
       6615784.75
      ],
      [
       597241.81,
       6615785.25
      ],
      [
       597241.5,
       6615786
      ],
      [
       597241.5,
       6615787
      ],
      [
       597241.88,
       6615788.34
      ],
      [
       597243.56,
       6615789.34
      ],
      [
       597244.13,
       6615790.25
      ],
      [
       597244.91,
       6615790.97
      ],
      [
       597246.72,
       6615791.53
      ],
      [
       597249.69,
       6615793.13
      ],
      [
       597251.5,
       6615793.5
      ]
     ]
    ]
   }
  },
  {
   "type": "Feature",
   "id": "tortuna-h16-fairway-plan-2026-1",
   "properties": {
    "kind": "fairway",
    "hole": 16,
    "sourceId": "caddee-hole-16",
    "sourceUrl": "https://caddee-prod-media.s3.amazonaws.com/hole-images/1a69983c-3ebe-4910-b573-8c0a59d1ed1e/hole-normal_web_pwygzb5.png",
    "sourceSha256": "c1eb668a0feeb5a823d981469ef198e5e6c0ae08e5ee66f15b4333aa209ea754",
    "sourceKind": "club-published hole plan (Caddee), a stylised illustration",
    "method": "the plan fairway colour carrying its mowing stripes (structure-tensor orientation within 12 degrees of the plan stripe angle), grown 10 px into connected fairway colour, placed by a least-squares similarity on the model green, bunkers and tee platforms, and kept clear of greens, bunkers, water, tees, buildings, practice features and every published tree",
    "registration": {
     "metresPerPixel": 0.4077,
     "rotationDegrees": -116.76,
     "greenResidualMetres": 0.84,
     "bunkerResidualsMetres": [
      {
       "hole": 16,
       "id": "tortuna-h16-bunker-review2-01",
       "metres": 1.19
      },
      {
       "hole": 16,
       "id": "tortuna-h16-bunker-review2-02",
       "metres": 1.3
      }
     ],
     "teeResidualsMetres": [
      {
       "anchor": "orange->Gul",
       "metres": 3.61
      },
      {
       "anchor": "red->Röd",
       "metres": 5.24
      }
     ]
    },
    "reviewStatus": "agent-rule-based-registration; human-review-pending",
    "accuracyStatus": "plan-derived shape on measured anchors; not surveyed",
    "stages": {
     "planSquareMetres": 6573,
     "afterSharedCorridorSquareMetres": 6573,
     "afterHardClearancesSquareMetres": 6573,
     "afterCorridorSquareMetres": 6573,
     "finishedSquareMetres": 6537
    },
    "publishedTreesInsidePlanShape": 0,
    "keyholeCells": 0,
    "horizontalUncertaintyMetres": 2,
    "areaSquareMetres": 6551.8,
    "mownFraction2026": 0.896,
    "notSurveyed": true,
    "terrainModified": false
   },
   "geometry": {
    "type": "Polygon",
    "coordinates": [
     [
      [
       597444.56,
       6615695.5
      ],
      [
       597447.09,
       6615695.44
      ],
      [
       597449.25,
       6615694.88
      ],
      [
       597452.81,
       6615691.69
      ],
      [
       597454.41,
       6615689.91
      ],
      [
       597455.13,
       6615688.75
      ],
      [
       597455.5,
       6615684.25
      ],
      [
       597455.5,
       6615681.75
      ],
      [
       597455.22,
       6615678.44
      ],
      [
       597454.94,
       6615677.63
      ],
      [
       597454.09,
       6615676.88
      ],
      [
       597453.53,
       6615675.5
      ],
      [
       597451.91,
       6615673.56
      ],
      [
       597450.28,
       6615672.59
      ],
      [
       597444.22,
       6615666.91
      ],
      [
       597442.97,
       6615666.31
      ],
      [
       597442.16,
       6615665.47
      ],
      [
       597440.53,
       6615664.84
      ],
      [
       597439.75,
       6615664
      ],
      [
       597434.66,
       6615660.91
      ],
      [
       597433.5,
       6615659.69
      ],
      [
       597430.13,
       6615657.44
      ],
      [
       597427.5,
       6615654.72
      ],
      [
       597426.66,
       6615654.44
      ],
      [
       597425.84,
       6615653.56
      ],
      [
       597422.06,
       6615651.34
      ],
      [
       597421.38,
       6615650.56
      ],
      [
       597419.75,
       6615649.34
      ],
      [
       597414.97,
       6615646.44
      ],
      [
       597408.66,
       6615641.31
      ],
      [
       597407.38,
       6615640.72
      ],
      [
       597406.63,
       6615639.78
      ],
      [
       597405.38,
       6615639.22
      ],
      [
       597404,
       6615637.81
      ],
      [
       597400.94,
       6615635.94
      ],
      [
       597400.09,
       6615634.63
      ],
      [
       597399.72,
       6615632.28
      ],
      [
       597399.06,
       6615631.25
      ],
      [
       597398.56,
       6615630.84
      ],
      [
       597395.16,
       6615629.81
      ],
      [
       597393.72,
       6615629.19
      ],
      [
       597390,
       6615627.19
      ],
      [
       597387.31,
       6615625.41
      ],
      [
       597385.41,
       6615623.16
      ],
      [
       597383.16,
       6615621.38
      ],
      [
       597382.72,
       6615620.88
      ],
      [
       597382.19,
       6615619.5
      ],
      [
       597380.63,
       6615617.81
      ],
      [
       597377.63,
       6615615.28
      ],
      [
       597376.28,
       6615614.63
      ],
      [
       597374.44,
       6615612.75
      ],
      [
       597372,
       6615611.38
      ],
      [
       597369.22,
       6615610.84
      ],
      [
       597365.5,
       6615608.94
      ],
      [
       597361.19,
       6615607.81
      ],
      [
       597355.38,
       6615605.19
      ],
      [
       597352.47,
       6615603.59
      ],
      [
       597350.88,
       6615602.28
      ],
      [
       597348.13,
       6615600.91
      ],
      [
       597347.53,
       6615600.19
      ],
      [
       597346.47,
       6615599.81
      ],
      [
       597342.84,
       6615597.09
      ],
      [
       597341.25,
       6615596.47
      ],
      [
       597338.69,
       6615594.56
      ],
      [
       597334.88,
       6615592.63
      ],
      [
       597332.13,
       6615591.38
      ],
      [
       597327.84,
       6615589.81
      ],
      [
       597326.31,
       6615589.5
      ],
      [
       597323.59,
       6615589.31
      ],
      [
       597322.47,
       6615588.69
      ],
      [
       597319.41,
       6615588.41
      ],
      [
       597315.25,
       6615587.28
      ],
      [
       597312,
       6615587
      ],
      [
       597305.44,
       6615586.81
      ],
      [
       597297.97,
       6615586.13
      ],
      [
       597295.44,
       6615585.63
      ],
      [
       597294.47,
       6615585.19
      ],
      [
       597289.25,
       6615584.72
      ],
      [
       597285.66,
       6615583.5
      ],
      [
       597281.97,
       6615583.03
      ],
      [
       597280.63,
       6615582.63
      ],
      [
       597279.97,
       6615582.19
      ],
      [
       597276.88,
       6615581.91
      ],
      [
       597272.28,
       6615580.78
      ],
      [
       597266.38,
       6615580.5
      ],
      [
       597260.94,
       6615581.06
      ],
      [
       597258.47,
       6615581.78
      ],
      [
       597256.25,
       6615582.84
      ],
      [
       597255.25,
       6615583.03
      ],
      [
       597250.69,
       6615583.47
      ],
      [
       597247.44,
       6615584.31
      ],
      [
       597244.88,
       6615584.5
      ],
      [
       597243.13,
       6615584.5
      ],
      [
       597239.63,
       6615583.84
      ],
      [
       597233.19,
       6615581.22
      ],
      [
       597232,
       6615581
      ],
      [
       597231,
       6615581
      ],
      [
       597230.25,
       6615581.22
      ],
      [
       597229.75,
       6615581.66
      ],
      [
       597229.5,
       6615582.31
      ],
      [
       597229.22,
       6615584.75
      ],
      [
       597228,
       6615587.69
      ],
      [
       597227.69,
       6615590.66
      ],
      [
       597228.06,
       6615591.5
      ],
      [
       597229.28,
       6615591.78
      ],
      [
       597230.84,
       6615592.72
      ],
      [
       597232.31,
       6615593
      ],
      [
       597234.09,
       6615593.13
      ],
      [
       597237,
       6615594.25
      ],
      [
       597239.56,
       6615596.28
      ],
      [
       597244.47,
       6615601.19
      ],
      [
       597247.19,
       6615603.06
      ],
      [
       597250.09,
       6615604.19
      ],
      [
       597251.72,
       6615605.22
      ],
      [
       597253.28,
       6615605.56
      ],
      [
       597254.41,
       6615606.31
      ],
      [
       597255.78,
       6615606.56
      ],
      [
       597257.16,
       6615607.34
      ],
      [
       597263.56,
       6615608.34
      ],
      [
       597268.97,
       6615609.63
      ],
      [
       597272.25,
       6615610
      ],
      [
       597276.56,
       6615610.19
      ],
      [
       597279.13,
       6615610.63
      ],
      [
       597285.09,
       6615610.84
      ],
      [
       597300.31,
       6615610.72
      ],
      [
       597303.69,
       6615610.91
      ],
      [
       597305.81,
       6615611.25
      ],
      [
       597306.69,
       6615611.75
      ],
      [
       597307.38,
       6615612.56
      ],
      [
       597307.88,
       6615613.69
      ],
      [
       597308.63,
       6615618.19
      ],
      [
       597309.13,
       6615619.06
      ],
      [
       597309.81,
       6615619.5
      ],
      [
       597311.41,
       6615619.41
      ],
      [
       597311.97,
       6615619.22
      ],
      [
       597313.03,
       6615618.28
      ],
      [
       597315.19,
       6615618
      ],
      [
       597317.69,
       6615618.84
      ],
      [
       597321.19,
       6615620.81
      ],
      [
       597324.38,
       6615622.22
      ],
      [
       597325.69,
       6615622.5
      ],
      [
       597327.81,
       6615622.59
      ],
      [
       597331,
       6615623.72
      ],
      [
       597332.25,
       6615623.91
      ],
      [
       597337.22,
       6615624.06
      ],
      [
       597339.25,
       6615624.38
      ],
      [
       597340.16,
       6615624.88
      ],
      [
       597341.41,
       6615626.06
      ],
      [
       597346,
       6615628.5
      ],
      [
       597349.44,
       6615630.59
      ],
      [
       597353.88,
       6615634.22
      ],
      [
       597355.22,
       6615634.84
      ],
      [
       597360.34,
       6615638.97
      ],
      [
       597361.88,
       6615640
      ],
      [
       597362.47,
       6615640.19
      ],
      [
       597365.03,
       6615642.81
      ],
      [
       597366.03,
       6615643.19
      ],
      [
       597366.84,
       6615644.03
      ],
      [
       597368.47,
       6615644.66
      ],
      [
       597369.19,
       6615645.47
      ],
      [
       597371.81,
       6615647.06
      ],
      [
       597372.66,
       6615647.78
      ],
      [
       597373.22,
       6615648.59
      ],
      [
       597373.5,
       6615649.5
      ],
      [
       597373.31,
       6615651.94
      ],
      [
       597372.69,
       6615652.91
      ],
      [
       597372.13,
       6615654.88
      ],
      [
       597370.84,
       6615656.66
      ],
      [
       597369.84,
       6615658.97
      ],
      [
       597368.97,
       6615659.84
      ],
      [
       597368.34,
       6615661.47
      ],
      [
       597367.72,
       6615662.16
      ],
      [
       597367.81,
       6615664.5
      ],
      [
       597368.16,
       6615665.25
      ],
      [
       597368.72,
       6615665.75
      ],
      [
       597369.5,
       6615666
      ],
      [
       597371.84,
       6615665.81
      ],
      [
       597372.56,
       6615665.16
      ],
      [
       597375.13,
       6615664.16
      ],
      [
       597376.78,
       6615662.63
      ],
      [
       597378.13,
       6615662.44
      ],
      [
       597378.38,
       6615662.31
      ],
      [
       597378.5,
       6615661.88
      ],
      [
       597379.72,
       6615661.38
      ],
      [
       597382.56,
       6615660.88
      ],
      [
       597384.78,
       6615660.19
      ],
      [
       597386.06,
       6615658.88
      ],
      [
       597386.69,
       6615658.63
      ],
      [
       597388.5,
       6615658.5
      ],
      [
       597391.13,
       6615659.06
      ],
      [
       597393,
       6615660.19
      ],
      [
       597394.13,
       6615661.41
      ],
      [
       597394.94,
       6615661.66
      ],
      [
       597397.06,
       6615663.84
      ],
      [
       597398.03,
       6615664.19
      ],
      [
       597398.66,
       6615664.94
      ],
      [
       597399.53,
       6615665.19
      ],
      [
       597400.16,
       6615665.94
      ],
      [
       597400.97,
       6615666.16
      ],
      [
       597403.22,
       6615668.13
      ],
      [
       597405.38,
       6615669.44
      ],
      [
       597405.94,
       6615670
      ],
      [
       597406.31,
       6615670.75
      ],
      [
       597406.5,
       6615672.81
      ],
      [
       597406.13,
       6615674.88
      ],
      [
       597404.88,
       6615677.59
      ],
      [
       597404.63,
       6615678.53
      ],
      [
       597404.5,
       6615680.5
      ],
      [
       597404.91,
       6615681.25
      ],
      [
       597405.72,
       6615681.75
      ],
      [
       597406.94,
       6615682
      ],
      [
       597409.97,
       6615681.84
      ],
      [
       597412.13,
       6615681.06
      ],
      [
       597413.5,
       6615679.81
      ],
      [
       597414.63,
       6615677.94
      ],
      [
       597415.09,
       6615677.47
      ],
      [
       597415.78,
       6615677.16
      ],
      [
       597417.81,
       6615677
      ],
      [
       597420.63,
       6615677.56
      ],
      [
       597422.5,
       6615678.69
      ],
      [
       597423.63,
       6615679.91
      ],
      [
       597424.13,
       6615680
      ],
      [
       597424.84,
       6615680.5
      ],
      [
       597431.47,
       6615686.5
      ],
      [
       597432.66,
       6615687.5
      ],
      [
       597434.16,
       6615688.38
      ],
      [
       597439.72,
       6615693.91
      ],
      [
       597441.38,
       6615694.94
      ],
      [
       597444.56,
       6615695.5
      ]
     ]
    ]
   }
  },
  {
   "type": "Feature",
   "id": "tortuna-h17-fairway-plan-2026-1",
   "properties": {
    "kind": "fairway",
    "hole": 17,
    "sourceId": "caddee-hole-17",
    "sourceUrl": "https://caddee-prod-media.s3.amazonaws.com/hole-images/d9a1075c-dff3-4009-9564-e7fb6d7539bb/hole-normal_web_6S96tg0.png",
    "sourceSha256": "54ee7ca1292a17d2cf1370d3f831d6d932b80a112be208f0f46c39e80c0cd943",
    "sourceKind": "club-published hole plan (Caddee), a stylised illustration",
    "method": "the plan fairway colour carrying its mowing stripes (structure-tensor orientation within 12 degrees of the plan stripe angle), grown 10 px into connected fairway colour, placed by a least-squares similarity on the model green, bunkers and tee platforms, and kept clear of greens, bunkers, water, tees, buildings, practice features and every published tree",
    "registration": {
     "metresPerPixel": 0.396,
     "rotationDegrees": 61.25,
     "greenResidualMetres": 0.47,
     "bunkerResidualsMetres": [
      {
       "hole": 17,
       "id": "tortuna-h17-bunker-02",
       "metres": 1.03
      },
      {
       "hole": 17,
       "id": "tortuna-h17-bunker-review2-01",
       "metres": 2.11
      }
     ],
     "teeResidualsMetres": [
      {
       "anchor": "orange->Gul",
       "metres": 0.56
      },
      {
       "anchor": "red->Röd",
       "metres": 2.67
      }
     ]
    },
    "reviewStatus": "agent-rule-based-registration; human-review-pending",
    "accuracyStatus": "plan-derived shape on measured anchors; not surveyed",
    "stages": {
     "planSquareMetres": 6545,
     "afterSharedCorridorSquareMetres": 6545,
     "afterHardClearancesSquareMetres": 6539,
     "afterCorridorSquareMetres": 6539,
     "finishedSquareMetres": 6487
    },
    "publishedTreesInsidePlanShape": 0,
    "keyholeCells": 0,
    "horizontalUncertaintyMetres": 2.1,
    "areaSquareMetres": 6456.5,
    "mownFraction2026": 0.824,
    "notSurveyed": true,
    "terrainModified": false
   },
   "geometry": {
    "type": "Polygon",
    "coordinates": [
     [
      [
       597470.69,
       6615640.13
      ],
      [
       597472.81,
       6615639.88
      ],
      [
       597474.5,
       6615639.44
      ],
      [
       597475.75,
       6615638.81
      ],
      [
       597476.56,
       6615638
      ],
      [
       597476.94,
       6615637
      ],
      [
       597477.47,
       6615636.25
      ],
      [
       597478.16,
       6615635.75
      ],
      [
       597479,
       6615635.5
      ],
      [
       597480,
       6615635.5
      ],
      [
       597481.72,
       6615635.88
      ],
      [
       597483.06,
       6615636.75
      ],
      [
       597484.59,
       6615637.38
      ],
      [
       597486.5,
       6615637.5
      ],
      [
       597487.75,
       6615637.31
      ],
      [
       597488,
       6615637.13
      ],
      [
       597488.38,
       6615636.19
      ],
      [
       597489.25,
       6615635.25
      ],
      [
       597490.16,
       6615634.63
      ],
      [
       597491.41,
       6615634.28
      ],
      [
       597494.5,
       6615631.22
      ],
      [
       597495.38,
       6615630.84
      ],
      [
       597496.13,
       6615629.44
      ],
      [
       597496.63,
       6615628.97
      ],
      [
       597498.38,
       6615628.5
      ],
      [
       597499.63,
       6615628.5
      ],
      [
       597501.84,
       6615628.88
      ],
      [
       597504.53,
       6615630.13
      ],
      [
       597506.13,
       6615630.5
      ],
      [
       597507.47,
       6615630.56
      ],
      [
       597509.06,
       6615631.38
      ],
      [
       597517.88,
       6615632.53
      ],
      [
       597527.44,
       6615634.69
      ],
      [
       597530.88,
       6615635.31
      ],
      [
       597534.38,
       6615635.69
      ],
      [
       597537.94,
       6615635.81
      ],
      [
       597547.22,
       6615635.25
      ],
      [
       597549.25,
       6615634.94
      ],
      [
       597552.06,
       6615634.16
      ],
      [
       597555.84,
       6615632.38
      ],
      [
       597558.44,
       6615632
      ],
      [
       597560.06,
       6615632
      ],
      [
       597562.56,
       6615632.38
      ],
      [
       597564.72,
       6615633.63
      ],
      [
       597565.41,
       6615633.88
      ],
      [
       597566.88,
       6615634
      ],
      [
       597567.34,
       6615633.75
      ],
      [
       597567.53,
       6615633.25
      ],
      [
       597566.59,
       6615629.78
      ],
      [
       597566.5,
       6615628.44
      ],
      [
       597566.88,
       6615626.81
      ],
      [
       597567.75,
       6615624.69
      ],
      [
       597567.53,
       6615623.59
      ],
      [
       597566.59,
       6615622.53
      ],
      [
       597564.94,
       6615621.5
      ],
      [
       597559.5,
       6615619.06
      ],
      [
       597557.59,
       6615617.69
      ],
      [
       597554.41,
       6615616.31
      ],
      [
       597553.72,
       6615615.94
      ],
      [
       597552.66,
       6615614.97
      ],
      [
       597548.63,
       6615612.81
      ],
      [
       597545.69,
       6615611.63
      ],
      [
       597542.66,
       6615611
      ],
      [
       597541.97,
       6615610.75
      ],
      [
       597541.06,
       6615610.06
      ],
      [
       597540.19,
       6615609.78
      ],
      [
       597531.41,
       6615609.31
      ],
      [
       597530.63,
       6615609.13
      ],
      [
       597530.19,
       6615608.59
      ],
      [
       597530,
       6615607.56
      ],
      [
       597529.16,
       6615607.28
      ],
      [
       597518.13,
       6615606.81
      ],
      [
       597514.63,
       6615606.44
      ],
      [
       597507.44,
       6615605.13
      ],
      [
       597501.81,
       6615603.63
      ],
      [
       597501,
       6615602.91
      ],
      [
       597492.5,
       6615598.5
      ],
      [
       597491.81,
       6615597.94
      ],
      [
       597491.5,
       6615597.19
      ],
      [
       597490.56,
       6615596.06
      ],
      [
       597489.91,
       6615595.59
      ],
      [
       597489.06,
       6615595.34
      ],
      [
       597487.03,
       6615593.31
      ],
      [
       597481.75,
       6615590.47
      ],
      [
       597480.78,
       6615589.53
      ],
      [
       597479.13,
       6615588.56
      ],
      [
       597475.66,
       6615587.06
      ],
      [
       597472.97,
       6615586.5
      ],
      [
       597469.63,
       6615585.22
      ],
      [
       597463.63,
       6615584.09
      ],
      [
       597461.38,
       6615583.44
      ],
      [
       597459.59,
       6615582.41
      ],
      [
       597458.84,
       6615581.59
      ],
      [
       597455.69,
       6615580.16
      ],
      [
       597454.63,
       6615579.25
      ],
      [
       597453.69,
       6615577.94
      ],
      [
       597452.75,
       6615577.38
      ],
      [
       597452.31,
       6615576.72
      ],
      [
       597451.63,
       6615574.19
      ],
      [
       597450.88,
       6615569.5
      ],
      [
       597450.38,
       6615567.94
      ],
      [
       597449.88,
       6615567.06
      ],
      [
       597449.19,
       6615566.5
      ],
      [
       597449,
       6615565.56
      ],
      [
       597448.34,
       6615564.44
      ],
      [
       597445.91,
       6615562.06
      ],
      [
       597444,
       6615560.94
      ],
      [
       597441.66,
       6615559.91
      ],
      [
       597440.28,
       6615558.78
      ],
      [
       597437.16,
       6615557.41
      ],
      [
       597436.69,
       6615556.88
      ],
      [
       597435.88,
       6615556.44
      ],
      [
       597423.13,
       6615551.56
      ],
      [
       597420.91,
       6615550.41
      ],
      [
       597418.59,
       6615548.69
      ],
      [
       597414.44,
       6615546.84
      ],
      [
       597412.88,
       6615545.63
      ],
      [
       597412.5,
       6615544.56
      ],
      [
       597412.44,
       6615543.44
      ],
      [
       597412.13,
       6615542.81
      ],
      [
       597411.38,
       6615542.59
      ],
      [
       597407.28,
       6615542.41
      ],
      [
       597405.56,
       6615541.94
      ],
      [
       597397.13,
       6615537.25
      ],
      [
       597395.03,
       6615535.91
      ],
      [
       597393.59,
       6615534.72
      ],
      [
       597392.81,
       6615533.69
      ],
      [
       597392.47,
       6615532.09
      ],
      [
       597391.75,
       6615531.13
      ],
      [
       597390.5,
       6615530.69
      ],
      [
       597386.75,
       6615530.5
      ],
      [
       597384.13,
       6615530.13
      ],
      [
       597380.47,
       6615528.63
      ],
      [
       597379.56,
       6615528.5
      ],
      [
       597379.09,
       6615528.69
      ],
      [
       597378.81,
       6615529.5
      ],
      [
       597377.88,
       6615530.63
      ],
      [
       597376.5,
       6615531.94
      ],
      [
       597375.63,
       6615532.5
      ],
      [
       597374.97,
       6615532.31
      ],
      [
       597373.69,
       6615531.38
      ],
      [
       597372.81,
       6615530.63
      ],
      [
       597371.94,
       6615530.28
      ],
      [
       597371.06,
       6615530.34
      ],
      [
       597370.19,
       6615530.81
      ],
      [
       597368.5,
       6615532.69
      ],
      [
       597366.44,
       6615536.44
      ],
      [
       597365.66,
       6615539.28
      ],
      [
       597365.5,
       6615542.25
      ],
      [
       597365.81,
       6615543.75
      ],
      [
       597366.44,
       6615545.25
      ],
      [
       597367.38,
       6615546.75
      ],
      [
       597370.38,
       6615550.13
      ],
      [
       597371.41,
       6615550.63
      ],
      [
       597373.09,
       6615552.38
      ],
      [
       597373.63,
       6615552.5
      ],
      [
       597374.69,
       6615553.16
      ],
      [
       597377.38,
       6615555.38
      ],
      [
       597378.75,
       6615556.19
      ],
      [
       597379.66,
       6615556.47
      ],
      [
       597380.53,
       6615557.34
      ],
      [
       597382.16,
       6615557.97
      ],
      [
       597383.5,
       6615559.13
      ],
      [
       597390.84,
       6615563.19
      ],
      [
       597393.25,
       6615564.75
      ],
      [
       597394.75,
       6615565.97
      ],
      [
       597396.16,
       6615566.47
      ],
      [
       597397.03,
       6615567.34
      ],
      [
       597398.66,
       6615567.97
      ],
      [
       597399.94,
       6615569.09
      ],
      [
       597404.81,
       6615571.81
      ],
      [
       597408.03,
       6615573.88
      ],
      [
       597411,
       6615576.78
      ],
      [
       597411.94,
       6615577.13
      ],
      [
       597413.25,
       6615578.25
      ],
      [
       597415.78,
       6615581.97
      ],
      [
       597417.56,
       6615583.75
      ],
      [
       597418.44,
       6615585.31
      ],
      [
       597418.81,
       6615587.63
      ],
      [
       597418.63,
       6615589.69
      ],
      [
       597418.13,
       6615590.06
      ],
      [
       597417.06,
       6615592.03
      ],
      [
       597416.25,
       6615592.5
      ],
      [
       597415.13,
       6615592.69
      ],
      [
       597414.75,
       6615593.31
      ],
      [
       597413.5,
       6615593.5
      ],
      [
       597411.63,
       6615593.41
      ],
      [
       597410.88,
       6615593.22
      ],
      [
       597409.09,
       6615592.28
      ],
      [
       597408.28,
       6615592.09
      ],
      [
       597405.31,
       6615592.06
      ],
      [
       597404.31,
       6615592.38
      ],
      [
       597404.19,
       6615592.63
      ],
      [
       597403.47,
       6615593.03
      ],
      [
       597401.5,
       6615593.5
      ],
      [
       597400.63,
       6615594.06
      ],
      [
       597400.06,
       6615594.72
      ],
      [
       597398.34,
       6615595.25
      ],
      [
       597397.81,
       6615596.5
      ],
      [
       597397.69,
       6615597.5
      ],
      [
       597397.91,
       6615598.5
      ],
      [
       597398.47,
       6615599.5
      ],
      [
       597399.38,
       6615600.5
      ],
      [
       597402.38,
       6615603.22
      ],
      [
       597403.63,
       6615605.34
      ],
      [
       597404.44,
       6615605.69
      ],
      [
       597405.75,
       6615607.38
      ],
      [
       597407.31,
       6615608.41
      ],
      [
       597409.63,
       6615608.81
      ],
      [
       597411.19,
       6615608.59
      ],
      [
       597411.5,
       6615608.25
      ],
      [
       597411.59,
       6615607.19
      ],
      [
       597412.44,
       6615605.13
      ],
      [
       597413.56,
       6615603.63
      ],
      [
       597415.97,
       6615601.25
      ],
      [
       597418.34,
       6615596.94
      ],
      [
       597419.03,
       6615596.31
      ],
      [
       597419.81,
       6615596
      ],
      [
       597420.69,
       6615596
      ],
      [
       597422.75,
       6615596.56
      ],
      [
       597423.66,
       6615597.47
      ],
      [
       597424.19,
       6615599
      ],
      [
       597424.88,
       6615602.25
      ],
      [
       597425.72,
       6615603.56
      ],
      [
       597426.91,
       6615604.63
      ],
      [
       597427.25,
       6615605.44
      ],
      [
       597430.84,
       6615607.56
      ],
      [
       597431.84,
       6615608.53
      ],
      [
       597433.47,
       6615609.16
      ],
      [
       597433.81,
       6615609.63
      ],
      [
       597437.19,
       6615610
      ],
      [
       597442.16,
       6615609.81
      ],
      [
       597444.47,
       6615608.88
      ],
      [
       597447.97,
       6615608.13
      ],
      [
       597448.66,
       6615607.88
      ],
      [
       597449,
       6615607.63
      ],
      [
       597449,
       6615607.38
      ],
      [
       597449.69,
       6615607.22
      ],
      [
       597453.13,
       6615607.19
      ],
      [
       597458.25,
       6615607.47
      ],
      [
       597461.88,
       6615607.88
      ],
      [
       597464.19,
       6615608.41
      ],
      [
       597467.19,
       6615609.88
      ],
      [
       597475.53,
       6615612.53
      ],
      [
       597477.22,
       6615613.72
      ],
      [
       597480.34,
       6615615.09
      ],
      [
       597480.81,
       6615615.63
      ],
      [
       597481.91,
       6615616.31
      ],
      [
       597486.38,
       6615618.38
      ],
      [
       597486.63,
       6615618.63
      ],
      [
       597486.94,
       6615619.59
      ],
      [
       597486.94,
       6615621.97
      ],
      [
       597486.63,
       6615623.25
      ],
      [
       597486.38,
       6615623.75
      ],
      [
       597485.84,
       6615624.16
      ],
      [
       597483.94,
       6615624.69
      ],
      [
       597480.75,
       6615625.16
      ],
      [
       597479.38,
       6615626.03
      ],
      [
       597476.63,
       6615626.66
      ],
      [
       597475.78,
       6615627.34
      ],
      [
       597471.72,
       6615628.13
      ],
      [
       597469.69,
       6615629.31
      ],
      [
       597468.06,
       6615630.88
      ],
      [
       597466.56,
       6615631.81
      ],
      [
       597466.25,
       6615632.19
      ],
      [
       597465.81,
       6615633.69
      ],
      [
       597465.69,
       6615634.81
      ],
      [
       597465.91,
       6615636.59
      ],
      [
       597467.13,
       6615638.25
      ],
      [
       597467.38,
       6615638.75
      ],
      [
       597467.5,
       6615639.75
      ],
      [
       597468.03,
       6615640.06
      ],
      [
       597470.69,
       6615640.13
      ]
     ]
    ]
   }
  },
  {
   "type": "Feature",
   "id": "tortuna-h18-fairway-plan-2026-1",
   "properties": {
    "kind": "fairway",
    "hole": 18,
    "sourceId": "caddee-hole-18",
    "sourceUrl": "https://caddee-prod-media.s3.amazonaws.com/hole-images/38a470e2-e208-4cb5-9251-042f1ada7be5/hole-normal_web_nn4WZuL.png",
    "sourceSha256": "d985dd408262c7399794bffafc2a36aa3cddef963ed8024d6360585765112091",
    "sourceKind": "club-published hole plan (Caddee), a stylised illustration",
    "method": "the plan fairway colour carrying its mowing stripes (structure-tensor orientation within 12 degrees of the plan stripe angle), grown 10 px into connected fairway colour, placed by a least-squares similarity on the model green, bunkers and tee platforms, and kept clear of greens, bunkers, water, tees, buildings, practice features and every published tree",
    "registration": {
     "metresPerPixel": 0.434,
     "rotationDegrees": -142.1,
     "greenResidualMetres": 0.12,
     "bunkerResidualsMetres": [
      {
       "hole": 18,
       "id": "tortuna-h18-bunker-review2-01",
       "metres": 1
      }
     ],
     "teeResidualsMetres": [
      {
       "anchor": "orange->Gul",
       "metres": 8.86
      },
      {
       "anchor": "red->Röd",
       "metres": 14.89
      }
     ]
    },
    "reviewStatus": "agent-rule-based-registration; human-review-pending",
    "accuracyStatus": "plan-derived shape on measured anchors; not surveyed",
    "stages": {
     "planSquareMetres": 6090,
     "afterSharedCorridorSquareMetres": 6090,
     "afterHardClearancesSquareMetres": 6090,
     "afterCorridorSquareMetres": 6090,
     "finishedSquareMetres": 6021
    },
    "publishedTreesInsidePlanShape": 0,
    "keyholeCells": 0,
    "horizontalUncertaintyMetres": 2,
    "areaSquareMetres": 6016.4,
    "mownFraction2026": 0.896,
    "notSurveyed": true,
    "terrainModified": false
   },
   "geometry": {
    "type": "Polygon",
    "coordinates": [
     [
      [
       597588.81,
       6615538
      ],
      [
       597590.53,
       6615537.94
      ],
      [
       597592.13,
       6615537.63
      ],
      [
       597594.28,
       6615536.59
      ],
      [
       597596.09,
       6615534.97
      ],
      [
       597597.47,
       6615534.34
      ],
      [
       597598.44,
       6615533.56
      ],
      [
       597599.84,
       6615531.97
      ],
      [
       597600.16,
       6615531.06
      ],
      [
       597602.63,
       6615528.47
      ],
      [
       597603.72,
       6615525.91
      ],
      [
       597604,
       6615524
      ],
      [
       597603.94,
       6615522.09
      ],
      [
       597603.63,
       6615520.56
      ],
      [
       597602.63,
       6615518.84
      ],
      [
       597599.63,
       6615515.25
      ],
      [
       597595.56,
       6615510.84
      ],
      [
       597593.25,
       6615508.81
      ],
      [
       597592.03,
       6615508.25
      ],
      [
       597591.69,
       6615507.56
      ],
      [
       597590.97,
       6615506.81
      ],
      [
       597589.63,
       6615506.06
      ],
      [
       597587.66,
       6615504.47
      ],
      [
       597583.16,
       6615499.88
      ],
      [
       597582.63,
       6615499.5
      ],
      [
       597582.13,
       6615499.41
      ],
      [
       597581.13,
       6615498.28
      ],
      [
       597580.03,
       6615497.84
      ],
      [
       597577.19,
       6615495.47
      ],
      [
       597574.97,
       6615494.28
      ],
      [
       597573.59,
       6615492.91
      ],
      [
       597571.09,
       6615491.5
      ],
      [
       597569.06,
       6615489.5
      ],
      [
       597568.5,
       6615488.63
      ],
      [
       597568.41,
       6615488.13
      ],
      [
       597567.16,
       6615486.94
      ],
      [
       597565.22,
       6615483.59
      ],
      [
       597563.44,
       6615481.44
      ],
      [
       597562.44,
       6615479.88
      ],
      [
       597553.97,
       6615463.53
      ],
      [
       597552.88,
       6615461.88
      ],
      [
       597551.19,
       6615460
      ],
      [
       597551,
       6615459.38
      ],
      [
       597549.97,
       6615457.84
      ],
      [
       597545.84,
       6615452.72
      ],
      [
       597545.5,
       6615451.88
      ],
      [
       597543.63,
       6615449.78
      ],
      [
       597537.19,
       6615443.72
      ],
      [
       597534.38,
       6615441.63
      ],
      [
       597533.63,
       6615441.38
      ],
      [
       597532.41,
       6615440.59
      ],
      [
       597530.91,
       6615438.66
      ],
      [
       597528.56,
       6615437.38
      ],
      [
       597522.13,
       6615432.78
      ],
      [
       597520.16,
       6615431.88
      ],
      [
       597516.97,
       6615429.06
      ],
      [
       597513.88,
       6615427.09
      ],
      [
       597512.38,
       6615425.88
      ],
      [
       597510.69,
       6615424
      ],
      [
       597510.22,
       6615422.94
      ],
      [
       597506.84,
       6615419.69
      ],
      [
       597506.28,
       6615419.06
      ],
      [
       597505.72,
       6615417.94
      ],
      [
       597502.34,
       6615414.69
      ],
      [
       597501.5,
       6615413.63
      ],
      [
       597501.25,
       6615412.97
      ],
      [
       597498.25,
       6615410.09
      ],
      [
       597496.94,
       6615408.09
      ],
      [
       597494.97,
       6615406.28
      ],
      [
       597493.16,
       6615403.47
      ],
      [
       597491.28,
       6615401.59
      ],
      [
       597489.47,
       6615398.72
      ],
      [
       597485.19,
       6615393.56
      ],
      [
       597483,
       6615390.19
      ],
      [
       597480.56,
       6615385.88
      ],
      [
       597479.09,
       6615384.09
      ],
      [
       597477.28,
       6615380.72
      ],
      [
       597474.41,
       6615376.75
      ],
      [
       597471.47,
       6615370.31
      ],
      [
       597470.66,
       6615369.47
      ],
      [
       597470.03,
       6615367.84
      ],
      [
       597469.16,
       6615366.97
      ],
      [
       597468.53,
       6615365.34
      ],
      [
       597467.56,
       6615364.34
      ],
      [
       597467.31,
       6615363.44
      ],
      [
       597464.69,
       6615359.47
      ],
      [
       597464.34,
       6615358
      ],
      [
       597462.47,
       6615354.25
      ],
      [
       597461.84,
       6615352
      ],
      [
       597459.88,
       6615348.03
      ],
      [
       597457.72,
       6615342.53
      ],
      [
       597456.38,
       6615341.22
      ],
      [
       597455.34,
       6615339.41
      ],
      [
       597452.72,
       6615336.53
      ],
      [
       597452.5,
       6615335.88
      ],
      [
       597451.94,
       6615335.09
      ],
      [
       597450,
       6615333.47
      ],
      [
       597448.63,
       6615332.91
      ],
      [
       597447.5,
       6615331.78
      ],
      [
       597445.63,
       6615331.5
      ],
      [
       597445.06,
       6615331.69
      ],
      [
       597444.69,
       6615332.06
      ],
      [
       597444.31,
       6615334.69
      ],
      [
       597443.88,
       6615335.75
      ],
      [
       597442.91,
       6615336.84
      ],
      [
       597440.66,
       6615338.69
      ],
      [
       597440,
       6615339.94
      ],
      [
       597440,
       6615340.56
      ],
      [
       597440.47,
       6615341.81
      ],
      [
       597443.13,
       6615344.94
      ],
      [
       597443.44,
       6615345.78
      ],
      [
       597443.66,
       6615347.38
      ],
      [
       597445.56,
       6615350.97
      ],
      [
       597446.56,
       6615354.63
      ],
      [
       597448.63,
       6615359.38
      ],
      [
       597449.56,
       6615363.81
      ],
      [
       597450.88,
       6615371.97
      ],
      [
       597452.06,
       6615376.63
      ],
      [
       597453.31,
       6615380.47
      ],
      [
       597455.19,
       6615384.66
      ],
      [
       597457.59,
       6615388.13
      ],
      [
       597458.94,
       6615391.03
      ],
      [
       597461.16,
       6615393.47
      ],
      [
       597462.78,
       6615396.09
      ],
      [
       597464.38,
       6615397.59
      ],
      [
       597464.88,
       6615398.72
      ],
      [
       597466.66,
       6615400.47
      ],
      [
       597468.28,
       6615403.09
      ],
      [
       597469.88,
       6615404.59
      ],
      [
       597470.19,
       6615405.5
      ],
      [
       597472.44,
       6615408
      ],
      [
       597473.66,
       6615410.19
      ],
      [
       597476.09,
       6615413.19
      ],
      [
       597480.63,
       6615420.34
      ],
      [
       597482.38,
       6615422.09
      ],
      [
       597482.72,
       6615423.03
      ],
      [
       597485.44,
       6615426.03
      ],
      [
       597487.34,
       6615429.03
      ],
      [
       597489.22,
       6615430.91
      ],
      [
       597490.84,
       6615433.53
      ],
      [
       597492.72,
       6615435.41
      ],
      [
       597494.34,
       6615438.03
      ],
      [
       597496.22,
       6615439.91
      ],
      [
       597498.16,
       6615442.88
      ],
      [
       597504.56,
       6615449.75
      ],
      [
       597505.31,
       6615451.13
      ],
      [
       597506.88,
       6615452.88
      ],
      [
       597509.97,
       6615455.78
      ],
      [
       597511.41,
       6615456.66
      ],
      [
       597511.63,
       6615457.41
      ],
      [
       597513.38,
       6615459.09
      ],
      [
       597513.88,
       6615460.25
      ],
      [
       597517.25,
       6615464.38
      ],
      [
       597519.13,
       6615467.22
      ],
      [
       597519.5,
       6615468.31
      ],
      [
       597519.22,
       6615470.56
      ],
      [
       597518.22,
       6615471.72
      ],
      [
       597517.09,
       6615472.13
      ],
      [
       597515.72,
       6615473.63
      ],
      [
       597514.88,
       6615474
      ],
      [
       597514.69,
       6615474.25
      ],
      [
       597514.5,
       6615475.5
      ],
      [
       597514.59,
       6615477.38
      ],
      [
       597514.78,
       6615478.13
      ],
      [
       597515.91,
       6615480.44
      ],
      [
       597516.09,
       6615482.78
      ],
      [
       597516.94,
       6615486.44
      ],
      [
       597517.34,
       6615487.56
      ],
      [
       597518.25,
       6615489.06
      ],
      [
       597519.38,
       6615490.09
      ],
      [
       597519.69,
       6615490.88
      ],
      [
       597522.09,
       6615492
      ],
      [
       597524.81,
       6615494.41
      ],
      [
       597525.69,
       6615494.72
      ],
      [
       597526.69,
       6615494.81
      ],
      [
       597527.81,
       6615494.69
      ],
      [
       597528.66,
       6615494.31
      ],
      [
       597529.22,
       6615493.69
      ],
      [
       597529.5,
       6615492.81
      ],
      [
       597529.63,
       6615490.75
      ],
      [
       597529.88,
       6615490
      ],
      [
       597530.75,
       6615489.06
      ],
      [
       597532.81,
       6615488.5
      ],
      [
       597534.44,
       6615488.59
      ],
      [
       597535.56,
       6615489.06
      ],
      [
       597536.41,
       6615490.09
      ],
      [
       597536.63,
       6615490.91
      ],
      [
       597538.13,
       6615492.28
      ],
      [
       597538.78,
       6615493.63
      ],
      [
       597539.91,
       6615494.63
      ],
      [
       597540.13,
       6615495.41
      ],
      [
       597541.88,
       6615497.09
      ],
      [
       597542.06,
       6615497.81
      ],
      [
       597543.16,
       6615498.38
      ],
      [
       597545.06,
       6615500.25
      ],
      [
       597548.16,
       6615503.81
      ],
      [
       597548.88,
       6615505.13
      ],
      [
       597550.72,
       6615506.41
      ],
      [
       597559.59,
       6615514.91
      ],
      [
       597561.41,
       6615515.97
      ],
      [
       597563.44,
       6615517.75
      ],
      [
       597563.81,
       6615517.69
      ],
      [
       597563.47,
       6615517.16
      ],
      [
       597558.31,
       6615511.72
      ],
      [
       597557,
       6615509.94
      ],
      [
       597557.09,
       6615509.22
      ],
      [
       597557.94,
       6615508.38
      ],
      [
       597558.5,
       6615508.47
      ],
      [
       597559.25,
       6615508.91
      ],
      [
       597562.91,
       6615512.22
      ],
      [
       597564.03,
       6615512.72
      ],
      [
       597567.03,
       6615515.44
      ],
      [
       597569.38,
       6615516.94
      ],
      [
       597569.75,
       6615517.44
      ],
      [
       597569.75,
       6615518.06
      ],
      [
       597568.19,
       6615520.41
      ],
      [
       597568.06,
       6615520.97
      ],
      [
       597568.25,
       6615521.38
      ],
      [
       597568.75,
       6615521.63
      ],
      [
       597571.63,
       6615524.28
      ],
      [
       597580.94,
       6615533.72
      ],
      [
       597581.88,
       6615534.5
      ],
      [
       597582.72,
       6615534.88
      ],
      [
       597583.94,
       6615536.22
      ],
      [
       597586.19,
       6615537.44
      ],
      [
       597588.81,
       6615538
      ]
     ]
    ]
   }
  }
 ]
}
